city,date,lat,lng,region,tmax,tmin,tmax_normal,tmin_normal,anomaly
Port Blair,2025-05-07,11.67,92.75,Andaman & Nicobar,33,26,32,25,1
Port Blair,2025-05-06,11.67,92.75,Andaman & Nicobar,33,25,32,25,1
Port Blair,2025-05-08,11.67,92.75,Andaman & Nicobar,32,26,32,25,0
Port Blair,2025-05-09,11.67,92.75,Andaman & Nicobar,32,24,32,25,0
Port Blair,2025-05-10,11.67,92.75,Andaman & Nicobar,32,26,32,25,0
Port Blair,2025-05-11,11.67,92.75,Andaman & Nicobar,33,26,32,25,1
Port Blair,2025-05-12,11.67,92.75,Andaman & Nicobar,32,27,32,25,0
Port Blair,2025-05-13,11.67,92.75,Andaman & Nicobar,31,26,32,25,-1
Port Blair,2025-05-14,11.67,92.75,Andaman & Nicobar,32,25,32,25,0
Port Blair,2025-05-15,11.67,92.75,Andaman & Nicobar,31,25,32,25,-1
Port Blair,2025-05-16,11.67,92.75,Andaman & Nicobar,31,25,31,25,0
Port Blair,2025-05-17,11.67,92.75,Andaman & Nicobar,31,25,31,25,0
Port Blair,2025-05-18,11.67,92.75,Andaman & Nicobar,31,26,31,25,0
Port Blair,2025-05-19,11.67,92.75,Andaman & Nicobar,31,27,31,25,0
Port Blair,2025-05-20,11.67,92.75,Andaman & Nicobar,32,26,31,25,1
Port Blair,2025-05-21,11.67,92.75,Andaman & Nicobar,32,26,31,25,1
Port Blair,2025-05-22,11.67,92.75,Andaman & Nicobar,32,24,31,25,1
Port Blair,2025-05-23,11.67,92.75,Andaman & Nicobar,32,26,31,25,1
Port Blair,2025-05-24,11.67,92.75,Andaman & Nicobar,28,23,31,25,-3
Port Blair,2025-05-25,11.67,92.75,Andaman & Nicobar,29,24,31,25,-2
Port Blair,2025-05-26,11.67,92.75,Andaman & Nicobar,31,24,31,25,0
Port Blair,2025-05-27,11.67,92.75,Andaman & Nicobar,32,24,31,25,1
Port Blair,2025-05-28,11.67,92.75,Andaman & Nicobar,31,28,31,25,0
Port Blair,2025-05-29,11.67,92.75,Andaman & Nicobar,32,26,31,25,1
Port Blair,2025-05-30,11.67,92.75,Andaman & Nicobar,32,27,31,25,1
Port Blair,2025-05-31,11.67,92.75,Andaman & Nicobar,33,27,30,25,3
Port Blair,2025-06-01,11.67,92.75,Andaman & Nicobar,30,26,30,25,0
Port Blair,2025-06-02,11.67,92.75,Andaman & Nicobar,32,28,30,25,2
Port Blair,2025-06-03,11.67,92.75,Andaman & Nicobar,32,28,30,25,2
Port Blair,2025-06-04,11.67,92.75,Andaman & Nicobar,32,27,30,25,2
Port Blair,2025-06-05,11.67,92.75,Andaman & Nicobar,32,26,30,24,2
Port Blair,2025-06-06,11.67,92.75,Andaman & Nicobar,31,26,30,24,1
Port Blair,2025-06-07,11.67,92.75,Andaman & Nicobar,31,25,30,24,1
Port Blair,2025-06-08,11.67,92.75,Andaman & Nicobar,26,24,30,24,-4
Port Blair,2025-06-09,11.67,92.75,Andaman & Nicobar,29,24,30,24,-1
Port Blair,2025-06-10,11.67,92.75,Andaman & Nicobar,30,24,30,24,0
Port Blair,2025-06-11,11.67,92.75,Andaman & Nicobar,31,26,30,24,1
Port Blair,2025-06-12,11.67,92.75,Andaman & Nicobar,28,24,30,24,-2
Port Blair,2025-06-13,11.67,92.75,Andaman & Nicobar,30,24,30,24,0
Port Blair,2025-06-14,11.67,92.75,Andaman & Nicobar,30,24,30,24,0
Port Blair,2025-06-15,11.67,92.75,Andaman & Nicobar,30,25,30,25,0
Port Blair,2025-06-16,11.67,92.75,Andaman & Nicobar,31,26,30,25,1
Port Blair,2025-06-17,11.67,92.75,Andaman & Nicobar,30,25,30,25,0
Port Blair,2025-06-18,11.67,92.75,Andaman & Nicobar,29,25,30,25,-1
Port Blair,2025-06-19,11.67,92.75,Andaman & Nicobar,27,24,30,25,-3
Port Blair,2025-06-20,11.67,92.75,Andaman & Nicobar,30,25,30,25,0
Port Blair,2025-06-21,11.67,92.75,Andaman & Nicobar,26,24,30,25,-4
Port Blair,2025-06-22,11.67,92.75,Andaman & Nicobar,30,24,30,25,0
Port Blair,2025-06-23,11.67,92.75,Andaman & Nicobar,30,24,30,25,0
Port Blair,2025-06-24,11.67,92.75,Andaman & Nicobar,30,23,30,25,0
Port Blair,2025-06-25,11.67,92.75,Andaman & Nicobar,30,27,30,25,0
Port Blair,2025-06-26,11.67,92.75,Andaman & Nicobar,31,26,30,25,1
Port Blair,2025-06-27,11.67,92.75,Andaman & Nicobar,30,27,30,25,0
Port Blair,2025-06-28,11.67,92.75,Andaman & Nicobar,28,26,30,25,-2
Port Blair,2025-06-29,11.67,92.75,Andaman & Nicobar,28,23,30,25,-2
Port Blair,2025-06-30,11.67,92.75,Andaman & Nicobar,30,24,30,24,0
Port Blair,2025-07-01,11.67,92.75,Andaman & Nicobar,29,24,30,24,-1
Port Blair,2025-07-02,11.67,92.75,Andaman & Nicobar,31,26,30,24,1
Port Blair,2025-07-03,11.67,92.75,Andaman & Nicobar,29,26,30,24,-1
Port Blair,2025-07-04,11.67,92.75,Andaman & Nicobar,30,27,30,24,0
Port Blair,2025-07-05,11.67,92.75,Andaman & Nicobar,30,26,30,24,0
Port Blair,2025-07-06,11.67,92.75,Andaman & Nicobar,30,25,30,25,0
Port Blair,2025-07-07,11.67,92.75,Andaman & Nicobar,31,27,30,24,1
Port Blair,2025-07-08,11.67,92.75,Andaman & Nicobar,31,27,30,24,1
Port Blair,2025-07-09,11.67,92.75,Andaman & Nicobar,31,24,30,24,1
Port Blair,2025-07-10,11.67,92.75,Andaman & Nicobar,31,26,30,24,1
Port Blair,2025-07-11,11.67,92.75,Andaman & Nicobar,31,26,30,24,1
Port Blair,2025-07-12,11.67,92.75,Andaman & Nicobar,32,27,30,24,2
Port Blair,2025-07-13,11.67,92.75,Andaman & Nicobar,31,26,30,24,1
Port Blair,2025-07-14,11.67,92.75,Andaman & Nicobar,31,25,30,24,1
Port Blair,2025-07-15,11.67,92.75,Andaman & Nicobar,29,24,30,24,-1
Port Blair,2025-07-16,11.67,92.75,Andaman & Nicobar,29,24,30,24,-1
Port Blair,2025-07-17,11.67,92.75,Andaman & Nicobar,30,24,30,24,0
Port Blair,2025-07-18,11.67,92.75,Andaman & Nicobar,31,25,30,24,1
Port Blair,2025-07-19,11.67,92.75,Andaman & Nicobar,30,24,30,24,0
Port Blair,2025-07-20,11.67,92.75,Andaman & Nicobar,27,24,30,24,-3
Port Blair,2025-07-21,11.67,92.75,Andaman & Nicobar,29,24,30,24,-1
Port Blair,2025-07-22,11.67,92.75,Andaman & Nicobar,30,25,30,24,0
Port Blair,2025-07-23,11.67,92.75,Andaman & Nicobar,30,26,30,24,0
Port Blair,2025-07-24,11.67,92.75,Andaman & Nicobar,30,28,30,24,0
Port Blair,2025-07-25,11.67,92.75,Andaman & Nicobar,31,27,30,24,1
Port Blair,2025-07-26,11.67,92.75,Andaman & Nicobar,30,25,30,24,0
Port Blair,2025-07-27,11.67,92.75,Andaman & Nicobar,31,28,30,24,1
Port Blair,2025-07-28,11.67,92.75,Andaman & Nicobar,29,25,30,24,-1
Port Blair,2025-07-29,11.67,92.75,Andaman & Nicobar,31,26,30,24,1
Port Blair,2025-07-30,11.67,92.75,Andaman & Nicobar,31,27,29,24,2
Port Blair,2025-07-31,11.67,92.75,Andaman & Nicobar,31,27,29,24,2
Port Blair,2025-08-01,11.67,92.75,Andaman & Nicobar,31,26,29,24,2
Port Blair,2025-08-02,11.67,92.75,Andaman & Nicobar,32,26,29,24,3
Port Blair,2025-08-03,11.67,92.75,Andaman & Nicobar,30,26,29,24,1
Port Blair,2025-08-04,11.67,92.75,Andaman & Nicobar,32,25,30,24,2
Port Blair,2025-08-05,11.67,92.75,Andaman & Nicobar,31,25,30,24,1
Port Blair,2025-08-06,11.67,92.75,Andaman & Nicobar,31,26,30,24,1
Port Blair,2025-08-07,11.67,92.75,Andaman & Nicobar,31,26,30,24,1
Port Blair,2025-08-08,11.67,92.75,Andaman & Nicobar,31,26,30,24,1
Port Blair,2025-08-09,11.67,92.75,Andaman & Nicobar,31,25,30,24,1
Port Blair,2025-08-10,11.67,92.75,Andaman & Nicobar,32,26,30,24,2
Port Blair,2025-08-11,11.67,92.75,Andaman & Nicobar,30,26,30,24,0
Port Blair,2025-08-12,11.67,92.75,Andaman & Nicobar,29,23,30,24,-1
Port Blair,2025-08-13,11.67,92.75,Andaman & Nicobar,31,23,30,24,1
Port Blair,2025-08-14,11.67,92.75,Andaman & Nicobar,29,24,30,24,-1
Port Blair,2025-08-15,11.67,92.75,Andaman & Nicobar,27,24,30,24,-3
Port Blair,2025-08-16,11.67,92.75,Andaman & Nicobar,27,22,30,24,-3
Port Blair,2025-08-17,11.67,92.75,Andaman & Nicobar,29,23,30,24,-1
Port Blair,2025-08-18,11.67,92.75,Andaman & Nicobar,27,22,30,24,-3
Port Blair,2025-08-19,11.67,92.75,Andaman & Nicobar,35,27,34,27,1
Port Blair,2025-08-20,11.67,92.75,Andaman & Nicobar,31,25,30,24,1
Port Blair,2025-08-21,11.67,92.75,Andaman & Nicobar,31,25,30,24,1
Port Blair,2025-08-22,11.67,92.75,Andaman & Nicobar,29,23,30,24,-1
Port Blair,2025-08-23,11.67,92.75,Andaman & Nicobar,30,25,30,24,0
Port Blair,2025-08-24,11.67,92.75,Andaman & Nicobar,31,23,29,24,2
Port Blair,2025-08-25,11.67,92.75,Andaman & Nicobar,30,23,29,24,1
Port Blair,2025-08-26,11.67,92.75,Andaman & Nicobar,30,24,29,24,1
Port Blair,2025-08-27,11.67,92.75,Andaman & Nicobar,30,25,29,24,1
Port Blair,2025-08-28,11.67,92.75,Andaman & Nicobar,31,26,29,24,2
Port Blair,2025-08-29,11.67,92.75,Andaman & Nicobar,30,26,35,27,-5
Port Blair,2025-08-30,11.67,92.75,Andaman & Nicobar,34,24,35,27,-1
Port Blair,2025-08-31,11.67,92.75,Andaman & Nicobar,32,25,35,27,-3
Port Blair,2025-09-01,11.67,92.75,Andaman & Nicobar,28,24,30,24,-2
Port Blair,2025-09-02,11.67,92.75,Andaman & Nicobar,29,23,30,24,-1
Port Blair,2025-09-03,11.67,92.75,Andaman & Nicobar,29,23,30,24,-1
Port Blair,2025-09-04,11.67,92.75,Andaman & Nicobar,31,26,30,24,1
Port Blair,2025-09-05,11.67,92.75,Andaman & Nicobar,31,24,30,24,1
Port Blair,2025-09-06,11.67,92.75,Andaman & Nicobar,30,25,30,24,0
Port Blair,2025-09-07,11.67,92.75,Andaman & Nicobar,31,24,30,24,1
Port Blair,2025-09-08,11.67,92.75,Andaman & Nicobar,29,25,29,24,0
Port Blair,2025-09-09,11.67,92.75,Andaman & Nicobar,30,25,29,24,1
Port Blair,2025-09-10,11.67,92.75,Andaman & Nicobar,27,23,29,24,-2
Port Blair,2025-09-11,11.67,92.75,Andaman & Nicobar,28,24,29,24,-1
Port Blair,2025-09-12,11.67,92.75,Andaman & Nicobar,30,25,29,24,1
Port Blair,2025-09-13,11.67,92.75,Andaman & Nicobar,30,25,29,24,1
Port Blair,2025-09-14,11.67,92.75,Andaman & Nicobar,31,25,29,24,2
Port Blair,2025-09-15,11.67,92.75,Andaman & Nicobar,31,25,29,24,2
Port Blair,2025-09-16,11.67,92.75,Andaman & Nicobar,29,25,29,24,0
Port Blair,2025-09-17,11.67,92.75,Andaman & Nicobar,30,25,29,24,1
Port Blair,2025-09-18,11.67,92.75,Andaman & Nicobar,28,25,30,24,-2
Port Blair,2025-09-19,11.67,92.75,Andaman & Nicobar,27,23,30,24,-3
Port Blair,2025-09-20,11.67,92.75,Andaman & Nicobar,30,24,30,24,0
Port Blair,2025-09-21,11.67,92.75,Andaman & Nicobar,35,24,34,25,1
Port Blair,2025-09-22,11.67,92.75,Andaman & Nicobar,29,24,30,24,-1
Port Blair,2025-09-23,11.67,92.75,Andaman & Nicobar,29,24,30,24,-1
Port Blair,2025-09-24,11.67,92.75,Andaman & Nicobar,30,27,30,24,0
Port Blair,2025-09-25,11.67,92.75,Andaman & Nicobar,29,25,30,24,-1
Port Blair,2025-09-26,11.67,92.75,Andaman & Nicobar,26,23,30,24,-4
Port Blair,2025-09-27,11.67,92.75,Andaman & Nicobar,29,24,30,24,-1
Port Blair,2025-09-28,11.67,92.75,Andaman & Nicobar,29,24,30,24,-1
Port Blair,2025-09-29,11.67,92.75,Andaman & Nicobar,28,24,30,24,-2
Port Blair,2025-09-30,11.67,92.75,Andaman & Nicobar,30,24,30,24,0
Port Blair,2025-10-01,11.67,92.75,Andaman & Nicobar,31,24,30,24,1
Port Blair,2025-10-02,11.67,92.75,Andaman & Nicobar,31,26,30,24,1
Port Blair,2025-10-03,11.67,92.75,Andaman & Nicobar,31,25,30,24,1
Port Blair,2025-10-04,11.67,92.75,Andaman & Nicobar,31,24,30,24,1
Port Blair,2025-10-05,11.67,92.75,Andaman & Nicobar,31,25,30,24,1
Port Blair,2025-10-06,11.67,92.75,Andaman & Nicobar,31,24,30,24,1
Port Blair,2025-10-07,11.67,92.75,Andaman & Nicobar,31,25,30,24,1
Port Blair,2025-10-08,11.67,92.75,Andaman & Nicobar,30,24,30,24,0
Port Blair,2025-10-09,11.67,92.75,Andaman & Nicobar,28,24,30,24,-2
Port Blair,2025-10-10,11.67,92.75,Andaman & Nicobar,29,24,30,24,-1
Port Blair,2025-10-11,11.67,92.75,Andaman & Nicobar,30,24,30,24,0
Port Blair,2025-10-12,11.67,92.75,Andaman & Nicobar,31,23,30,24,1
Port Blair,2025-10-13,11.67,92.75,Andaman & Nicobar,31,24,30,24,1
Port Blair,2025-10-14,11.67,92.75,Andaman & Nicobar,31,25,30,24,1
Port Blair,2025-10-15,11.67,92.75,Andaman & Nicobar,31,25,30,24,1
Port Blair,2025-10-16,11.67,92.75,Andaman & Nicobar,32,26,30,24,2
Port Blair,2025-10-17,11.67,92.75,Andaman & Nicobar,32,26,30,24,2
Port Blair,2025-10-18,11.67,92.75,Andaman & Nicobar,32,25,31,24,1
Port Blair,2025-10-19,11.67,92.75,Andaman & Nicobar,30,25,31,24,-1
Port Blair,2025-10-20,11.67,92.75,Andaman & Nicobar,31,25,31,24,0
Port Blair,2025-10-21,11.67,92.75,Andaman & Nicobar,31,25,31,24,0
Port Blair,2025-10-22,11.67,92.75,Andaman & Nicobar,29,25,31,24,-2
Port Blair,2025-10-23,11.67,92.75,Andaman & Nicobar,31,24,31,24,0
Port Blair,2025-10-24,11.67,92.75,Andaman & Nicobar,30,24,31,24,-1
Port Blair,2025-10-25,11.67,92.75,Andaman & Nicobar,29,26,31,24,-2
Port Blair,2025-10-26,11.67,92.75,Andaman & Nicobar,30,25,31,24,-1
Port Blair,2025-10-27,11.67,92.75,Andaman & Nicobar,30,25,31,24,-1
Port Blair,2025-10-28,11.67,92.75,Andaman & Nicobar,30,25,31,24,-1
Port Blair,2025-10-29,11.67,92.75,Andaman & Nicobar,31,25,31,24,0
Port Blair,2025-10-30,11.67,92.75,Andaman & Nicobar,29,25,31,24,-2
Port Blair,2025-10-31,11.67,92.75,Andaman & Nicobar,31,24,31,24,0
Port Blair,2025-11-01,11.67,92.75,Andaman & Nicobar,29,24,31,24,-2
Port Blair,2025-11-02,11.67,92.75,Andaman & Nicobar,31,25,31,24,0
Port Blair,2025-11-03,11.67,92.75,Andaman & Nicobar,31,26,31,24,0
Port Blair,2025-11-04,11.67,92.75,Andaman & Nicobar,31,26,31,24,0
Port Blair,2025-11-05,11.67,92.75,Andaman & Nicobar,31,25,31,24,0
Port Blair,2025-11-06,11.67,92.75,Andaman & Nicobar,31,24,31,24,0
Port Blair,2026-01-06,11.67,92.75,Andaman & Nicobar,29,25,30,23,-1
Port Blair,2026-01-07,11.67,92.75,Andaman & Nicobar,30,25,30,23,0
Port Blair,2026-01-08,11.67,92.75,Andaman & Nicobar,29,26,30,23,-1
Port Blair,2026-01-09,11.67,92.75,Andaman & Nicobar,29,24,30,23,-1
Port Blair,2026-01-10,11.67,92.75,Andaman & Nicobar,29,25,30,23,-1
Port Blair,2026-01-11,11.67,92.75,Andaman & Nicobar,29,24,29,22,0
Port Blair,2026-01-12,11.67,92.75,Andaman & Nicobar,29,24,29,22,0
Port Blair,2026-01-13,11.67,92.75,Andaman & Nicobar,29,21,29,22,0
Port Blair,2026-01-14,11.67,92.75,Andaman & Nicobar,29,21,29,22,0
Port Blair,2026-01-15,11.67,92.75,Andaman & Nicobar,29,22,29,22,0
Port Blair,2026-01-16,11.67,92.75,Andaman & Nicobar,30,24,29,22,1
Port Blair,2026-01-17,11.67,92.75,Andaman & Nicobar,30,23,29,22,1
Port Blair,2026-01-18,11.67,92.75,Andaman & Nicobar,29,21,29,22,0
Port Blair,2026-01-19,11.67,92.75,Andaman & Nicobar,29,22,29,22,0
Port Blair,2026-01-20,11.67,92.75,Andaman & Nicobar,29,23,29,22,0
Port Blair,2026-01-21,11.67,92.75,Andaman & Nicobar,30,25,30,22,0
Port Blair,2026-01-22,11.67,92.75,Andaman & Nicobar,30,25,30,22,0
Port Blair,2026-01-23,11.67,92.75,Andaman & Nicobar,30,26,30,22,0
Port Blair,2026-01-24,11.67,92.75,Andaman & Nicobar,30,26,30,22,0
Port Blair,2026-01-25,11.67,92.75,Andaman & Nicobar,30,25,30,22,0
Port Blair,2026-01-26,11.67,92.75,Andaman & Nicobar,31,25,29,22,2
Port Blair,2026-01-27,11.67,92.75,Andaman & Nicobar,30,23,29,22,1
Port Blair,2026-01-28,11.67,92.75,Andaman & Nicobar,30,25,29,22,1
Port Blair,2026-01-29,11.67,92.75,Andaman & Nicobar,30,25,29,22,1
Port Blair,2026-01-30,11.67,92.75,Andaman & Nicobar,30,25,29,22,1
Port Blair,2026-01-31,11.67,92.75,Andaman & Nicobar,30,25,,,
Port Blair,2026-02-01,11.67,92.75,Andaman & Nicobar,30,24,30,23,0
Port Blair,2026-02-02,11.67,92.75,Andaman & Nicobar,31,25,30,23,1
Port Blair,2026-02-03,11.67,92.75,Andaman & Nicobar,31,25,30,23,1
Port Blair,2026-02-04,11.67,92.75,Andaman & Nicobar,30,25,30,23,0
Port Blair,2026-02-05,11.67,92.75,Andaman & Nicobar,31,25,30,22,1
Port Blair,2026-02-06,11.67,92.75,Andaman & Nicobar,30,23,30,22,0
Port Blair,2026-02-07,11.67,92.75,Andaman & Nicobar,30,22,30,22,0
Port Blair,2026-02-08,11.67,92.75,Andaman & Nicobar,29,21,30,22,-1
Port Blair,2026-02-09,11.67,92.75,Andaman & Nicobar,29,21,30,22,-1
Port Blair,2026-02-10,11.67,92.75,Andaman & Nicobar,31,23,30,22,1
Port Blair,2026-02-11,11.67,92.75,Andaman & Nicobar,31,26,30,22,1
Port Blair,2026-02-12,11.67,92.75,Andaman & Nicobar,30,24,30,22,0
Port Blair,2026-02-13,11.67,92.75,Andaman & Nicobar,31,25,30,22,1
Port Blair,2026-02-14,11.67,92.75,Andaman & Nicobar,31,23,30,22,1
Port Blair,2026-02-15,11.67,92.75,Andaman & Nicobar,30,23,30,22,0
Port Blair,2026-02-16,11.67,92.75,Andaman & Nicobar,31,23,30,22,1
Port Blair,2026-02-17,11.67,92.75,Andaman & Nicobar,31,23,30,22,1
Port Blair,2026-02-18,11.67,92.75,Andaman & Nicobar,31,24,30,22,1
Port Blair,2026-02-19,11.67,92.75,Andaman & Nicobar,30,26,30,22,0
Port Blair,2026-02-20,11.67,92.75,Andaman & Nicobar,31,27,31,22,0
Port Blair,2026-02-21,11.67,92.75,Andaman & Nicobar,31,26,31,22,0
Port Blair,2026-02-25,11.67,92.75,Andaman & Nicobar,31,25,31,22,0
Port Blair,2026-02-26,11.67,92.75,Andaman & Nicobar,30,24,31,22,-1
Port Blair,2026-02-27,11.67,92.75,Andaman & Nicobar,30,24,31,22,-1
Port Blair,2026-02-28,11.67,92.75,Andaman & Nicobar,31,24,31,22,0
Port Blair,2026-03-01,11.67,92.75,Andaman & Nicobar,30,23,31,22,-1
Port Blair,2026-03-02,11.67,92.75,Andaman & Nicobar,30,23,31,22,-1
Port Blair,2026-03-03,11.67,92.75,Andaman & Nicobar,30,23,31,22,-1
Port Blair,2026-03-04,11.67,92.75,Andaman & Nicobar,31,22,31,22,0
Port Blair,2026-03-05,11.67,92.75,Andaman & Nicobar,32,23,31,22,1
Port Blair,2026-03-06,11.67,92.75,Andaman & Nicobar,29,22,31,22,-2
Port Blair,2026-03-07,11.67,92.75,Andaman & Nicobar,30,22,31,23,-1
Port Blair,2026-03-08,11.67,92.75,Andaman & Nicobar,31,23,31,23,0
Port Blair,2026-03-09,11.67,92.75,Andaman & Nicobar,32,25,31,23,1
Port Blair,2026-03-10,11.67,92.75,Andaman & Nicobar,32,26,31,23,1
Port Blair,2026-03-11,11.67,92.75,Andaman & Nicobar,31,25,31,23,0
Port Blair,2026-03-12,11.67,92.75,Andaman & Nicobar,31,25,31,23,0
Port Blair,2026-03-13,11.67,92.75,Andaman & Nicobar,31,25,31,23,0
Port Blair,2026-03-14,11.67,92.75,Andaman & Nicobar,31,27,31,23,0
Port Blair,2026-03-15,11.67,92.75,Andaman & Nicobar,31,26,31,23,0
Port Blair,2026-03-16,11.67,92.75,Andaman & Nicobar,31,26,31,23,0
Port Blair,2026-03-17,11.67,92.75,Andaman & Nicobar,32,26,32,23,0
Port Blair,2026-03-18,11.67,92.75,Andaman & Nicobar,31,27,32,23,-1
Port Blair,2026-03-19,11.67,92.75,Andaman & Nicobar,32,26,32,23,0
Port Blair,2026-03-20,11.67,92.75,Andaman & Nicobar,30,25,32,23,-2
Port Blair,2026-03-21,11.67,92.75,Andaman & Nicobar,31,24,32,23,-1
Port Blair,2026-03-22,11.67,92.75,Andaman & Nicobar,31,25,32,24,-1
Port Blair,2026-03-23,11.67,92.75,Andaman & Nicobar,32,25,32,24,0
Port Blair,2026-03-24,11.67,92.75,Andaman & Nicobar,31,24,32,24,-1
Port Blair,2026-03-25,11.67,92.75,Andaman & Nicobar,32,23,32,24,0
Port Blair,2026-03-26,11.67,92.75,Andaman & Nicobar,31,24,32,24,-1
Port Blair,2026-03-27,11.67,92.75,Andaman & Nicobar,32,24,32,24,0
Port Blair,2026-03-28,11.67,92.75,Andaman & Nicobar,32,24,32,24,0
Port Blair,2026-03-29,11.67,92.75,Andaman & Nicobar,32,24,32,24,0
Port Blair,2026-03-30,11.67,92.75,Andaman & Nicobar,32,25,32,24,0
Port Blair,2026-03-31,11.67,92.75,Andaman & Nicobar,32,26,32,24,0
Port Blair,2026-04-01,11.67,92.75,Andaman & Nicobar,32,25,32,24,0
Port Blair,2026-04-02,11.67,92.75,Andaman & Nicobar,32,24,32,24,0
Port Blair,2026-04-03,11.67,92.75,Andaman & Nicobar,33,25,32,24,1
Port Blair,2026-04-04,11.67,92.75,Andaman & Nicobar,32,25,32,24,0
Port Blair,2026-04-05,11.67,92.75,Andaman & Nicobar,31,25,32,24,-1
Port Blair,2026-04-06,11.67,92.75,Andaman & Nicobar,32,24,32,24,0
Port Blair,2026-04-07,11.67,92.75,Andaman & Nicobar,32,25,32,24,0
Port Blair,2026-04-08,11.67,92.75,Andaman & Nicobar,32,25,32,24,0
Port Blair,2026-04-09,11.67,92.75,Andaman & Nicobar,32,25,32,24,0
Port Blair,2026-04-10,11.67,92.75,Andaman & Nicobar,32,25,32,24,0
Port Blair,2026-04-11,11.67,92.75,Andaman & Nicobar,32,25,32,24,0
Port Blair,2026-04-12,11.67,92.75,Andaman & Nicobar,32,25,32,24,0
Port Blair,2026-04-13,11.67,92.75,Andaman & Nicobar,32,26,32,24,0
Port Blair,2026-04-14,11.67,92.75,Andaman & Nicobar,32,25,32,24,0
Port Blair,2026-04-16,11.67,92.75,Andaman & Nicobar,32,24,32,24,0
Port Blair,2026-04-17,11.67,92.75,Andaman & Nicobar,32,24,32,24,0
Port Blair,2026-04-18,11.67,92.75,Andaman & Nicobar,31,25,32,24,-1
Port Blair,2026-04-19,11.67,92.75,Andaman & Nicobar,33,25,32,24,1
Port Blair,2026-04-20,11.67,92.75,Andaman & Nicobar,33,25,32,24,1
Port Blair,2026-04-21,11.67,92.75,Andaman & Nicobar,33,25,32,25,1
Port Blair,2026-04-22,11.67,92.75,Andaman & Nicobar,33,25,32,25,1
Port Blair,2026-04-23,11.67,92.75,Andaman & Nicobar,33,26,32,25,1
Port Blair,2026-04-24,11.67,92.75,Andaman & Nicobar,32,25,32,25,0
Port Blair,2026-04-25,11.67,92.75,Andaman & Nicobar,32,26,32,25,0
Port Blair,2026-04-26,11.67,92.75,Andaman & Nicobar,32,27,32,25,0
Port Blair,2026-04-27,11.67,92.75,Andaman & Nicobar,33,26,32,25,1
Port Blair,2026-04-28,11.67,92.75,Andaman & Nicobar,33,26,32,25,1
Port Blair,2026-04-29,11.67,92.75,Andaman & Nicobar,33,26,32,25,1
Port Blair,2026-04-30,11.67,92.75,Andaman & Nicobar,33,26,32,25,1
Port Blair,2026-05-03,11.67,92.75,Andaman & Nicobar,33,26,32,25,1
Port Blair,2026-05-07,11.67,92.75,Andaman & Nicobar,32,26,32,25,0
Port Blair,2026-05-11,11.67,92.75,Andaman & Nicobar,33,26,32,24,1
Port Blair,2026-05-16,11.67,92.75,Andaman & Nicobar,30,26,31,24,-1
Port Blair,2026-05-19,11.67,92.75,Andaman & Nicobar,31,25,31,24,0
Port Blair,2026-05-20,11.67,92.75,Andaman & Nicobar,32,29,31,24,1
Port Blair,2026-05-21,11.67,92.75,Andaman & Nicobar,31,25,30,24,1
Port Blair,2026-05-22,11.67,92.75,Andaman & Nicobar,31,25,30,24,1
Port Blair,2026-05-23,11.67,92.75,Andaman & Nicobar,31,25,30,24,1
Port Blair,2026-05-24,11.67,92.75,Andaman & Nicobar,32,26,30,24,2
Port Blair,2026-05-25,11.67,92.75,Andaman & Nicobar,31,26,30,24,1
Port Blair,2026-05-26,11.67,92.75,Andaman & Nicobar,29,25,30,24,-1
Port Blair,2026-05-27,11.67,92.75,Andaman & Nicobar,31,25,30,24,1
Port Blair,2026-05-28,11.67,92.75,Andaman & Nicobar,31,24,30,24,1
Port Blair,2026-05-29,11.67,92.75,Andaman & Nicobar,31,24,30,24,1
Port Blair,2026-05-30,11.67,92.75,Andaman & Nicobar,31,25,30,24,1
Port Blair,2026-05-31,11.67,92.75,Andaman & Nicobar,31,26,30,24,1
Port Blair,2026-06-01,11.67,92.75,Andaman & Nicobar,28,24,30,24,-2
Port Blair,2026-06-02,11.67,92.75,Andaman & Nicobar,28,24,30,24,-2
Port Blair,2026-06-03,11.67,92.75,Andaman & Nicobar,27,23,30,24,-3
Port Blair,2026-06-04,11.67,92.75,Andaman & Nicobar,27,22,30,24,-3
Port Blair,2026-06-05,11.67,92.75,Andaman & Nicobar,28,24,30,24,-2
Port Blair,2026-06-06,11.67,92.75,Andaman & Nicobar,29,24,30,24,-1
Port Blair,2026-06-07,11.67,92.75,Andaman & Nicobar,29,25,30,24,-1
Port Blair,2026-06-08,11.67,92.75,Andaman & Nicobar,31,27,30,24,1
Port Blair,2026-06-09,11.67,92.75,Andaman & Nicobar,29,25,30,24,-1
Port Blair,2026-06-10,11.67,92.75,Andaman & Nicobar,30,26,30,24,0
Port Blair,2026-06-11,11.67,92.75,Andaman & Nicobar,29,23,30,24,-1
Port Blair,2026-06-15,11.67,92.75,Andaman & Nicobar,31,27,29,24,2
Port Blair,2026-06-16,11.67,92.75,Andaman & Nicobar,31,26,29,24,2
Port Blair,2026-06-18,11.67,92.75,Andaman & Nicobar,28,25,29,24,-1
Port Blair,2026-06-19,11.67,92.75,Andaman & Nicobar,31,24,29,24,2
Port Blair,2026-06-21,11.67,92.75,Andaman & Nicobar,31,26,29,24,2
Port Blair,2026-06-22,11.67,92.75,Andaman & Nicobar,30,24,29,24,1
Port Blair,2026-06-23,11.67,92.75,Andaman & Nicobar,30,26,29,24,1
Port Blair,2026-06-24,11.67,92.75,Andaman & Nicobar,31,26,29,24,2
Port Blair,2026-06-25,11.67,92.75,Andaman & Nicobar,31,26,29,24,2
Port Blair,2026-06-27,11.67,92.75,Andaman & Nicobar,30,24,29,24,1
Port Blair,2026-06-28,11.67,92.75,Andaman & Nicobar,28,25,29,24,-1
Port Blair,2026-06-30,11.67,92.75,Andaman & Nicobar,31,26,29,24,2
Port Blair,2026-07-01,11.67,92.75,Andaman & Nicobar,30,26,29,24,1
Port Blair,2026-07-02,11.67,92.75,Andaman & Nicobar,30,26,29,24,1
Port Blair,2026-07-03,11.67,92.75,Andaman & Nicobar,30,27,29,24,1
Port Blair,2026-07-04,11.67,92.75,Andaman & Nicobar,30,26,29,24,1
Port Blair,2026-07-05,11.67,92.75,Andaman & Nicobar,31,25,29,24,2
Port Blair,2026-07-06,11.67,92.75,Andaman & Nicobar,31,27,29,24,2
Port Blair,2026-07-08,11.67,92.75,Andaman & Nicobar,31,26,29,24,2
Port Blair,2026-07-09,11.67,92.75,Andaman & Nicobar,31,26,29,24,2
Port Blair,2026-07-10,11.67,92.75,Andaman & Nicobar,31,26,29,24,2
Port Blair,2026-07-11,11.67,92.75,Andaman & Nicobar,31,26,29,24,2
Port Blair,2026-07-12,11.67,92.75,Andaman & Nicobar,31,26,29,24,2
Port Blair,2026-07-13,11.67,92.75,Andaman & Nicobar,30,26,29,24,1
Port Blair,2026-07-14,11.67,92.75,Andaman & Nicobar,31,25,29,24,2
Port Blair,2026-07-15,11.67,92.75,Andaman & Nicobar,31,26,29,24,2
Port Blair,2026-07-16,11.67,92.75,Andaman & Nicobar,31,25,29,24,2
Port Blair,2026-07-19,11.67,92.75,Andaman & Nicobar,31,25,29,24,2
Port Blair,2026-07-20,11.67,92.75,Andaman & Nicobar,31,26,29,24,2
Port Blair,2026-07-21,11.67,92.75,Andaman & Nicobar,31,26,29,24,2
Port Blair,2026-07-22,11.67,92.75,Andaman & Nicobar,30,25,29,24,1
Port Blair,2026-07-23,11.67,92.75,Andaman & Nicobar,31,25,29,24,2
Port Blair,2026-07-24,11.67,92.75,Andaman & Nicobar,31,25,29,24,2
Port Blair,2026-07-25,11.67,92.75,Andaman & Nicobar,31,27,29,24,2
Port Blair,2026-07-26,11.67,92.75,Andaman & Nicobar,31,26,29,24,2
Port Blair,2026-07-27,11.67,92.75,Andaman & Nicobar,30,24,29,24,1
Amaravati,2025-05-07,16.58,80.65,Andhra Pradesh,37,25,40,27,-3
Amaravati,2025-05-06,16.58,80.65,Andhra Pradesh,38,27,40,27,-2
Amaravati,2025-05-08,16.58,80.65,Andhra Pradesh,38,28,40,27,-2
Amaravati,2025-05-09,16.58,80.65,Andhra Pradesh,38,26,40,27,-2
Amaravati,2025-05-10,16.58,80.65,Andhra Pradesh,39,27,40,27,-1
Amaravati,2025-05-11,16.58,80.65,Andhra Pradesh,40,27,40,27,0
Amaravati,2025-05-12,16.58,80.65,Andhra Pradesh,41,28,40,27,1
Amaravati,2025-05-13,16.58,80.65,Andhra Pradesh,42,28,40,27,2
Amaravati,2025-05-14,16.58,80.65,Andhra Pradesh,38,30,40,27,-2
Amaravati,2025-05-15,16.58,80.65,Andhra Pradesh,40,30,40,27,0
Amaravati,2025-05-16,16.58,80.65,Andhra Pradesh,34,24,40,28,-6
Amaravati,2025-05-17,16.58,80.65,Andhra Pradesh,38,28,40,28,-2
Amaravati,2025-05-18,16.58,80.65,Andhra Pradesh,38,26,40,28,-2
Amaravati,2025-05-19,16.58,80.65,Andhra Pradesh,35,27,40,28,-5
Amaravati,2025-05-20,16.58,80.65,Andhra Pradesh,31,24,40,28,-9
Amaravati,2025-05-21,16.58,80.65,Andhra Pradesh,33,25,41,28,-8
Amaravati,2025-05-22,16.58,80.65,Andhra Pradesh,35,24,41,28,-6
Amaravati,2025-05-23,16.58,80.65,Andhra Pradesh,36,28,41,28,-5
Amaravati,2025-05-24,16.58,80.65,Andhra Pradesh,35,23,41,28,-6
Amaravati,2025-05-25,16.58,80.65,Andhra Pradesh,38,25,41,28,-3
Amaravati,2025-05-26,16.58,80.65,Andhra Pradesh,35,27,41,28,-6
Amaravati,2025-05-27,16.58,80.65,Andhra Pradesh,36,26,41,28,-5
Amaravati,2025-05-28,16.58,80.65,Andhra Pradesh,33,27,41,28,-8
Amaravati,2025-05-29,16.58,80.65,Andhra Pradesh,35,27,41,28,-6
Amaravati,2025-05-30,16.58,80.65,Andhra Pradesh,37,27,41,28,-4
Amaravati,2025-05-31,16.58,80.65,Andhra Pradesh,36,27,40,28,-4
Amaravati,2025-06-01,16.58,80.65,Andhra Pradesh,39,27,40,28,-1
Amaravati,2025-06-02,16.58,80.65,Andhra Pradesh,39,28,40,28,-1
Amaravati,2025-06-04,16.58,80.65,Andhra Pradesh,39,28,40,28,-1
Amaravati,2025-06-06,16.58,80.65,Andhra Pradesh,41,29,38,27,3
Amaravati,2025-06-07,16.58,80.65,Andhra Pradesh,41,29,38,27,3
Amaravati,2025-06-08,16.58,80.65,Andhra Pradesh,39,25,38,27,1
Amaravati,2025-06-09,16.58,80.65,Andhra Pradesh,38,27,38,27,0
Amaravati,2025-06-10,16.58,80.65,Andhra Pradesh,36,28,37,27,-1
Amaravati,2025-06-11,16.58,80.65,Andhra Pradesh,33,24,37,27,-4
Amaravati,2025-06-12,16.58,80.65,Andhra Pradesh,35,27,37,27,-2
Amaravati,2025-06-13,16.58,80.65,Andhra Pradesh,35,27,37,27,-2
Amaravati,2025-06-14,16.58,80.65,Andhra Pradesh,33,28,37,27,-4
Amaravati,2025-06-15,16.58,80.65,Andhra Pradesh,35,27,37,27,-2
Amaravati,2025-06-16,16.58,80.65,Andhra Pradesh,36,26,37,27,-1
Amaravati,2025-06-17,16.58,80.65,Andhra Pradesh,36,26,37,27,-1
Amaravati,2025-06-18,16.58,80.65,Andhra Pradesh,37,27,37,27,0
Amaravati,2025-06-19,16.58,80.65,Andhra Pradesh,37,28,37,27,0
Amaravati,2025-06-20,16.58,80.65,Andhra Pradesh,38,28,36,27,2
Amaravati,2025-06-21,16.58,80.65,Andhra Pradesh,39,27,36,27,3
Amaravati,2025-06-22,16.58,80.65,Andhra Pradesh,37,25,36,27,1
Amaravati,2025-06-23,16.58,80.65,Andhra Pradesh,34,27,36,27,-2
Amaravati,2025-06-24,16.58,80.65,Andhra Pradesh,31,26,36,27,-5
Amaravati,2025-06-25,16.58,80.65,Andhra Pradesh,31,25,36,26,-5
Amaravati,2025-06-26,16.58,80.65,Andhra Pradesh,32,25,36,26,-4
Amaravati,2025-06-27,16.58,80.65,Andhra Pradesh,34,23,36,26,-2
Amaravati,2025-06-28,16.58,80.65,Andhra Pradesh,37,27,36,26,1
Amaravati,2025-06-29,16.58,80.65,Andhra Pradesh,35,28,36,26,-1
Amaravati,2025-06-30,16.58,80.65,Andhra Pradesh,31,25,35,26,-4
Amaravati,2025-07-01,16.58,80.65,Andhra Pradesh,30,24,35,26,-5
Amaravati,2025-07-02,16.58,80.65,Andhra Pradesh,30,24,35,26,-5
Amaravati,2025-07-03,16.58,80.65,Andhra Pradesh,33,25,35,26,-2
Amaravati,2025-07-04,16.58,80.65,Andhra Pradesh,37,26,35,26,2
Amaravati,2025-07-05,16.58,80.65,Andhra Pradesh,37,26,34,26,3
Amaravati,2025-07-06,16.58,80.65,Andhra Pradesh,36,28,34,26,2
Amaravati,2025-07-07,16.58,80.65,Andhra Pradesh,35,29,34,26,1
Amaravati,2025-07-08,16.58,80.65,Andhra Pradesh,37,25,34,26,3
Amaravati,2025-07-09,16.58,80.65,Andhra Pradesh,37,27,34,26,3
Amaravati,2025-07-10,16.58,80.65,Andhra Pradesh,37,27,34,26,3
Amaravati,2025-07-11,16.58,80.65,Andhra Pradesh,37,27,34,26,3
Amaravati,2025-07-12,16.58,80.65,Andhra Pradesh,37,26,34,26,3
Amaravati,2025-07-13,16.58,80.65,Andhra Pradesh,39,28,34,26,5
Amaravati,2025-07-14,16.58,80.65,Andhra Pradesh,39,30,34,26,5
Amaravati,2025-07-15,16.58,80.65,Andhra Pradesh,39,30,34,25,5
Amaravati,2025-07-16,16.58,80.65,Andhra Pradesh,40,29,34,25,6
Amaravati,2025-07-17,16.58,80.65,Andhra Pradesh,37,28,34,25,3
Amaravati,2025-07-18,16.58,80.65,Andhra Pradesh,35,25,34,25,1
Amaravati,2025-07-19,16.58,80.65,Andhra Pradesh,36,26,34,25,2
Amaravati,2025-07-20,16.58,80.65,Andhra Pradesh,36,26,34,25,2
Amaravati,2025-07-21,16.58,80.65,Andhra Pradesh,31,24,34,25,-3
Amaravati,2025-07-22,16.58,80.65,Andhra Pradesh,32,25,34,25,-2
Amaravati,2025-07-23,16.58,80.65,Andhra Pradesh,30,25,34,25,-4
Amaravati,2025-07-24,16.58,80.65,Andhra Pradesh,29,25,34,25,-5
Amaravati,2025-07-25,16.58,80.65,Andhra Pradesh,29,25,33,25,-4
Amaravati,2025-07-26,16.58,80.65,Andhra Pradesh,31,25,33,25,-2
Amaravati,2025-07-27,16.58,80.65,Andhra Pradesh,35,26,33,25,2
Amaravati,2025-07-28,16.58,80.65,Andhra Pradesh,35,26,33,25,2
Amaravati,2025-07-29,16.58,80.65,Andhra Pradesh,35,28,33,25,2
Amaravati,2025-07-30,16.58,80.65,Andhra Pradesh,36,26,33,25,3
Amaravati,2025-07-31,16.58,80.65,Andhra Pradesh,35,26,33,25,2
Amaravati,2025-08-01,16.58,80.65,Andhra Pradesh,37,28,33,25,4
Amaravati,2025-08-02,16.58,80.65,Andhra Pradesh,37,27,33,25,4
Amaravati,2025-08-03,16.58,80.65,Andhra Pradesh,37,28,33,25,4
Amaravati,2025-08-04,16.58,80.65,Andhra Pradesh,37,26,33,25,4
Amaravati,2025-08-05,16.58,80.65,Andhra Pradesh,35,28,33,25,2
Amaravati,2025-08-06,16.58,80.65,Andhra Pradesh,35,28,33,25,2
Amaravati,2025-08-07,16.58,80.65,Andhra Pradesh,36,28,33,25,3
Amaravati,2025-08-08,16.58,80.65,Andhra Pradesh,34,27,33,25,1
Amaravati,2025-08-09,16.58,80.65,Andhra Pradesh,36,27,33,25,3
Amaravati,2025-08-10,16.58,80.65,Andhra Pradesh,32,27,33,25,-1
Amaravati,2025-08-11,16.58,80.65,Andhra Pradesh,36,25,33,25,3
Amaravati,2025-08-12,16.58,80.65,Andhra Pradesh,35,25,33,25,2
Amaravati,2025-08-13,16.58,80.65,Andhra Pradesh,30,24,33,25,-3
Amaravati,2025-08-14,16.58,80.65,Andhra Pradesh,33,24,33,25,0
Amaravati,2025-08-15,16.58,80.65,Andhra Pradesh,33,25,33,25,0
Amaravati,2025-08-16,16.58,80.65,Andhra Pradesh,31,27,33,25,-2
Amaravati,2025-08-17,16.58,80.65,Andhra Pradesh,30,26,33,25,-3
Amaravati,2025-08-18,16.58,80.65,Andhra Pradesh,29,25,33,25,-4
Amaravati,2025-08-19,16.58,80.65,Andhra Pradesh,31,25,33,25,-2
Amaravati,2025-08-20,16.58,80.65,Andhra Pradesh,33,25,33,25,0
Amaravati,2025-08-21,16.58,80.65,Andhra Pradesh,35,26,33,25,2
Amaravati,2025-08-22,16.58,80.65,Andhra Pradesh,34,27,33,25,1
Amaravati,2025-08-23,16.58,80.65,Andhra Pradesh,35,26,33,25,2
Amaravati,2025-08-24,16.58,80.65,Andhra Pradesh,34,27,33,25,1
Amaravati,2025-08-25,16.58,80.65,Andhra Pradesh,36,27,33,25,3
Amaravati,2025-08-26,16.58,80.65,Andhra Pradesh,30,26,33,25,-3
Amaravati,2025-08-27,16.58,80.65,Andhra Pradesh,27,25,33,25,-6
Amaravati,2025-08-28,16.58,80.65,Andhra Pradesh,30,25,33,25,-3
Amaravati,2025-08-29,16.58,80.65,Andhra Pradesh,32,25,33,25,-1
Amaravati,2025-08-30,16.58,80.65,Andhra Pradesh,35,25,33,25,2
Amaravati,2025-08-31,16.58,80.65,Andhra Pradesh,34,26,33,25,1
Amaravati,2025-09-01,16.58,80.65,Andhra Pradesh,32,24,33,25,-1
Amaravati,2025-09-02,16.58,80.65,Andhra Pradesh,33,26,33,25,0
Amaravati,2025-09-03,16.58,80.65,Andhra Pradesh,34,27,33,25,1
Amaravati,2025-09-04,16.58,80.65,Andhra Pradesh,35,26,33,25,2
Amaravati,2025-09-05,16.58,80.65,Andhra Pradesh,36,29,33,25,3
Amaravati,2025-09-06,16.58,80.65,Andhra Pradesh,36,26,33,25,3
Amaravati,2025-09-07,16.58,80.65,Andhra Pradesh,35,27,33,25,2
Amaravati,2025-09-08,16.58,80.65,Andhra Pradesh,37,26,33,25,4
Amaravati,2025-09-09,16.58,80.65,Andhra Pradesh,35,29,33,25,2
Amaravati,2025-09-10,16.58,80.65,Andhra Pradesh,36,25,33,25,3
Amaravati,2025-09-11,16.58,80.65,Andhra Pradesh,36,26,33,25,3
Amaravati,2025-09-12,16.58,80.65,Andhra Pradesh,31,25,33,25,-2
Amaravati,2025-09-13,16.58,80.65,Andhra Pradesh,31,26,33,25,-2
Amaravati,2025-09-14,16.58,80.65,Andhra Pradesh,33,24,33,25,0
Amaravati,2025-09-15,16.58,80.65,Andhra Pradesh,32,25,33,25,-1
Amaravati,2025-09-16,16.58,80.65,Andhra Pradesh,34,26,33,25,1
Amaravati,2025-09-17,16.58,80.65,Andhra Pradesh,33,26,33,25,0
Amaravati,2025-09-18,16.58,80.65,Andhra Pradesh,34,26,33,25,1
Amaravati,2025-09-19,16.58,80.65,Andhra Pradesh,35,26,33,25,2
Amaravati,2025-09-20,16.58,80.65,Andhra Pradesh,37,27,33,25,4
Amaravati,2025-09-21,16.58,80.65,Andhra Pradesh,35,24,33,25,2
Amaravati,2025-09-22,16.58,80.65,Andhra Pradesh,34,25,33,25,1
Amaravati,2025-09-23,16.58,80.65,Andhra Pradesh,33,25,33,25,0
Amaravati,2025-09-24,16.58,80.65,Andhra Pradesh,34,25,33,25,1
Amaravati,2025-09-25,16.58,80.65,Andhra Pradesh,32,24,33,25,-1
Amaravati,2025-09-26,16.58,80.65,Andhra Pradesh,29,24,33,25,-4
Amaravati,2025-09-27,16.58,80.65,Andhra Pradesh,32,24,33,25,-1
Amaravati,2025-09-28,16.58,80.65,Andhra Pradesh,32,24,33,25,-1
Amaravati,2025-09-29,16.58,80.65,Andhra Pradesh,34,25,33,25,1
Amaravati,2025-09-30,16.58,80.65,Andhra Pradesh,34,25,33,25,1
Amaravati,2025-10-01,16.58,80.65,Andhra Pradesh,31,26,33,25,-2
Amaravati,2025-10-02,16.58,80.65,Andhra Pradesh,33,26,33,25,0
Amaravati,2025-10-03,16.58,80.65,Andhra Pradesh,36,26,33,25,3
Amaravati,2025-10-04,16.58,80.65,Andhra Pradesh,35,26,33,25,2
Amaravati,2025-10-05,16.58,80.65,Andhra Pradesh,35,24,33,23,2
Amaravati,2025-10-06,16.58,80.65,Andhra Pradesh,34,24,33,25,1
Amaravati,2025-10-07,16.58,80.65,Andhra Pradesh,35,25,33,25,2
Amaravati,2025-10-08,16.58,80.65,Andhra Pradesh,34,26,33,24,1
Amaravati,2025-10-09,16.58,80.65,Andhra Pradesh,34,25,33,24,1
Amaravati,2025-10-10,16.58,80.65,Andhra Pradesh,33,27,33,24,0
Amaravati,2025-10-11,16.58,80.65,Andhra Pradesh,32,25,33,24,-1
Amaravati,2025-10-12,16.58,80.65,Andhra Pradesh,33,25,33,24,0
Amaravati,2025-10-13,16.58,80.65,Andhra Pradesh,28,26,33,24,-5
Amaravati,2025-10-14,16.58,80.65,Andhra Pradesh,31,24,33,24,-2
Amaravati,2025-10-15,16.58,80.65,Andhra Pradesh,36,25,33,24,3
Amaravati,2025-10-16,16.58,80.65,Andhra Pradesh,33,24,33,24,0
Amaravati,2025-10-17,16.58,80.65,Andhra Pradesh,32,26,33,24,-1
Amaravati,2025-10-18,16.58,80.65,Andhra Pradesh,32,25,32,24,0
Amaravati,2025-10-19,16.58,80.65,Andhra Pradesh,30,24,32,24,-2
Amaravati,2025-10-20,16.58,80.65,Andhra Pradesh,32,24,32,24,0
Amaravati,2025-10-21,16.58,80.65,Andhra Pradesh,33,25,32,24,1
Amaravati,2025-10-22,16.58,80.65,Andhra Pradesh,34,25,32,24,2
Amaravati,2025-10-23,16.58,80.65,Andhra Pradesh,27,25,32,23,-5
Amaravati,2025-10-24,16.58,80.65,Andhra Pradesh,28,24,32,23,-4
Amaravati,2025-10-25,16.58,80.65,Andhra Pradesh,32,24,32,23,0
Amaravati,2025-10-26,16.58,80.65,Andhra Pradesh,32,25,32,23,0
Amaravati,2025-10-27,16.58,80.65,Andhra Pradesh,29,25,32,23,-3
Amaravati,2025-10-28,16.58,80.65,Andhra Pradesh,29,25,32,23,-3
Amaravati,2025-10-29,16.58,80.65,Andhra Pradesh,26,23,32,23,-6
Amaravati,2025-10-30,16.58,80.65,Andhra Pradesh,31,24,32,23,-1
Amaravati,2025-10-31,16.58,80.65,Andhra Pradesh,33,25,32,23,1
Amaravati,2025-11-01,16.58,80.65,Andhra Pradesh,34,24,32,23,2
Amaravati,2025-11-02,16.58,80.65,Andhra Pradesh,35,25,32,23,3
Amaravati,2025-11-03,16.58,80.65,Andhra Pradesh,36,25,32,23,4
Amaravati,2025-11-04,16.58,80.65,Andhra Pradesh,34,25,32,23,2
Amaravati,2025-11-05,16.58,80.65,Andhra Pradesh,32,25,32,23,0
Amaravati,2025-11-06,16.58,80.65,Andhra Pradesh,34,24,32,23,2
Amaravati,2026-01-06,16.58,80.65,Andhra Pradesh,29,20,29,18,0
Amaravati,2026-01-08,16.58,80.65,Andhra Pradesh,29,17,29,18,0
Amaravati,2026-01-09,16.58,80.65,Andhra Pradesh,28,16,29,18,-1
Amaravati,2026-01-10,16.58,80.65,Andhra Pradesh,27,20,29,18,-2
Amaravati,2026-01-11,16.58,80.65,Andhra Pradesh,28,21,30,18,-2
Amaravati,2026-01-12,16.58,80.65,Andhra Pradesh,29,20,30,18,-1
Amaravati,2026-01-13,16.58,80.65,Andhra Pradesh,30,21,30,18,0
Amaravati,2026-01-14,16.58,80.65,Andhra Pradesh,30,19,30,18,0
Amaravati,2026-01-15,16.58,80.65,Andhra Pradesh,30,21,30,18,0
Amaravati,2026-01-16,16.58,80.65,Andhra Pradesh,30,21,30,18,0
Amaravati,2026-01-17,16.58,80.65,Andhra Pradesh,30,19,30,18,0
Amaravati,2026-01-18,16.58,80.65,Andhra Pradesh,30,16,30,18,0
Amaravati,2026-01-20,16.58,80.65,Andhra Pradesh,29,18,30,18,-1
Amaravati,2026-01-21,16.58,80.65,Andhra Pradesh,30,18,30,18,0
Amaravati,2026-01-25,16.58,80.65,Andhra Pradesh,30,19,30,18,0
Amaravati,2026-01-26,16.58,80.65,Andhra Pradesh,30,20,31,18,-1
Amaravati,2026-01-27,16.58,80.65,Andhra Pradesh,30,20,31,18,-1
Amaravati,2026-01-28,16.58,80.65,Andhra Pradesh,29,19,31,18,-2
Amaravati,2026-01-29,16.58,80.65,Andhra Pradesh,30,19,31,18,-1
Amaravati,2026-01-30,16.58,80.65,Andhra Pradesh,29,20,31,18,-2
Amaravati,2026-01-31,16.58,80.65,Andhra Pradesh,29,20,,,
Amaravati,2026-02-01,16.58,80.65,Andhra Pradesh,29,20,31,19,-2
Amaravati,2026-02-02,16.58,80.65,Andhra Pradesh,29,20,31,19,-2
Amaravati,2026-02-03,16.58,80.65,Andhra Pradesh,29,20,31,19,-2
Amaravati,2026-02-04,16.58,80.65,Andhra Pradesh,30,21,31,19,-1
Amaravati,2026-02-05,16.58,80.65,Andhra Pradesh,30,19,31,19,-1
Amaravati,2026-02-06,16.58,80.65,Andhra Pradesh,31,19,31,19,0
Amaravati,2026-02-07,16.58,80.65,Andhra Pradesh,33,18,31,19,2
Amaravati,2026-02-08,16.58,80.65,Andhra Pradesh,31,18,31,19,0
Amaravati,2026-02-09,16.58,80.65,Andhra Pradesh,30,20,31,19,-1
Amaravati,2026-02-10,16.58,80.65,Andhra Pradesh,30,20,32,19,-2
Amaravati,2026-02-11,16.58,80.65,Andhra Pradesh,30,20,32,19,-2
Amaravati,2026-02-12,16.58,80.65,Andhra Pradesh,31,19,32,19,-1
Amaravati,2026-02-13,16.58,80.65,Andhra Pradesh,31,18,32,19,-1
Amaravati,2026-02-14,16.58,80.65,Andhra Pradesh,32,18,32,19,0
Amaravati,2026-02-15,16.58,80.65,Andhra Pradesh,33,19,33,20,0
Amaravati,2026-02-16,16.58,80.65,Andhra Pradesh,32,20,33,20,-1
Amaravati,2026-02-17,16.58,80.65,Andhra Pradesh,30,19,33,20,-3
Amaravati,2026-02-18,16.58,80.65,Andhra Pradesh,31,20,33,20,-2
Amaravati,2026-02-19,16.58,80.65,Andhra Pradesh,31,19,33,20,-2
Amaravati,2026-02-20,16.58,80.65,Andhra Pradesh,32,20,33,20,-1
Amaravati,2026-02-21,16.58,80.65,Andhra Pradesh,33,21,33,20,0
Amaravati,2026-02-26,16.58,80.65,Andhra Pradesh,34,22,34,20,0
Amaravati,2026-02-27,16.58,80.65,Andhra Pradesh,34,22,34,20,0
Amaravati,2026-02-28,16.58,80.65,Andhra Pradesh,33,23,34,20,-1
Amaravati,2026-03-01,16.58,80.65,Andhra Pradesh,34,22,34,20,0
Amaravati,2026-03-02,16.58,80.65,Andhra Pradesh,35,22,35,21,0
Amaravati,2026-03-03,16.58,80.65,Andhra Pradesh,36,22,35,21,1
Amaravati,2026-03-04,16.58,80.65,Andhra Pradesh,35,22,35,21,0
Amaravati,2026-03-05,16.58,80.65,Andhra Pradesh,37,21,35,21,2
Amaravati,2026-03-06,16.58,80.65,Andhra Pradesh,38,20,35,21,3
Amaravati,2026-03-07,16.58,80.65,Andhra Pradesh,35,23,35,22,0
Amaravati,2026-03-08,16.58,80.65,Andhra Pradesh,35,24,35,22,0
Amaravati,2026-03-09,16.58,80.65,Andhra Pradesh,32,24,35,22,-3
Amaravati,2026-03-10,16.58,80.65,Andhra Pradesh,34,21,35,22,-1
Amaravati,2026-03-11,16.58,80.65,Andhra Pradesh,36,20,35,22,1
Amaravati,2026-03-12,16.58,80.65,Andhra Pradesh,36,20,35,22,1
Amaravati,2026-03-13,16.58,80.65,Andhra Pradesh,35,23,35,22,0
Amaravati,2026-03-14,16.58,80.65,Andhra Pradesh,34,23,35,22,-1
Amaravati,2026-03-15,16.58,80.65,Andhra Pradesh,35,23,35,22,0
Amaravati,2026-03-16,16.58,80.65,Andhra Pradesh,33,22,35,22,-2
Amaravati,2026-03-17,16.58,80.65,Andhra Pradesh,34,23,36,22,-2
Amaravati,2026-03-19,16.58,80.65,Andhra Pradesh,33,22,36,22,-3
Amaravati,2026-03-20,16.58,80.65,Andhra Pradesh,34,26,36,22,-2
Amaravati,2026-03-21,16.58,80.65,Andhra Pradesh,37,23,36,22,1
Amaravati,2026-03-22,16.58,80.65,Andhra Pradesh,35,23,36,23,-1
Amaravati,2026-03-24,16.58,80.65,Andhra Pradesh,34,24,36,23,-2
Amaravati,2026-03-25,16.58,80.65,Andhra Pradesh,35,24,36,23,-1
Amaravati,2026-03-26,16.58,80.65,Andhra Pradesh,36,23,36,23,0
Amaravati,2026-03-27,16.58,80.65,Andhra Pradesh,37,23,36,24,1
Amaravati,2026-03-28,16.58,80.65,Andhra Pradesh,37,23,36,24,1
Amaravati,2026-03-29,16.58,80.65,Andhra Pradesh,38,25,36,24,2
Amaravati,2026-03-30,16.58,80.65,Andhra Pradesh,37,25,36,24,1
Amaravati,2026-03-31,16.58,80.65,Andhra Pradesh,36,24,36,24,0
Amaravati,2026-04-01,16.58,80.65,Andhra Pradesh,35,25,37,24,-2
Amaravati,2026-04-02,16.58,80.65,Andhra Pradesh,36,24,37,24,-1
Amaravati,2026-04-03,16.58,80.65,Andhra Pradesh,37,25,37,24,0
Amaravati,2026-04-04,16.58,80.65,Andhra Pradesh,37,24,37,24,0
Amaravati,2026-04-05,16.58,80.65,Andhra Pradesh,37,26,37,24,0
Amaravati,2026-04-06,16.58,80.65,Andhra Pradesh,37,27,37,24,0
Amaravati,2026-04-07,16.58,80.65,Andhra Pradesh,38,25,37,24,1
Amaravati,2026-04-08,16.58,80.65,Andhra Pradesh,38,26,37,24,1
Amaravati,2026-04-09,16.58,80.65,Andhra Pradesh,37,27,37,24,0
Amaravati,2026-04-10,16.58,80.65,Andhra Pradesh,39,27,37,24,2
Amaravati,2026-04-11,16.58,80.65,Andhra Pradesh,38,27,37,24,1
Amaravati,2026-04-12,16.58,80.65,Andhra Pradesh,38,27,37,24,1
Amaravati,2026-04-13,16.58,80.65,Andhra Pradesh,38,25,37,24,1
Amaravati,2026-04-14,16.58,80.65,Andhra Pradesh,39,22,37,24,2
Amaravati,2026-04-16,16.58,80.65,Andhra Pradesh,37,26,38,25,-1
Amaravati,2026-04-17,16.58,80.65,Andhra Pradesh,38,27,38,25,0
Amaravati,2026-04-18,16.58,80.65,Andhra Pradesh,39,27,38,25,1
Amaravati,2026-04-19,16.58,80.65,Andhra Pradesh,38,27,38,25,0
Amaravati,2026-04-20,16.58,80.65,Andhra Pradesh,39,27,38,25,1
Amaravati,2026-04-21,16.58,80.65,Andhra Pradesh,39,27,38,25,1
Amaravati,2026-04-22,16.58,80.65,Andhra Pradesh,39,26,38,25,1
Amaravati,2026-04-23,16.58,80.65,Andhra Pradesh,39,26,38,25,1
Amaravati,2026-04-24,16.58,80.65,Andhra Pradesh,38,27,38,25,0
Amaravati,2026-04-25,16.58,80.65,Andhra Pradesh,38,27,38,25,0
Amaravati,2026-04-26,16.58,80.65,Andhra Pradesh,38,27,38,26,0
Amaravati,2026-04-27,16.58,80.65,Andhra Pradesh,39,26,38,26,1
Amaravati,2026-04-28,16.58,80.65,Andhra Pradesh,38,27,38,26,0
Amaravati,2026-04-29,16.58,80.65,Andhra Pradesh,37,28,38,26,-1
Amaravati,2026-04-30,16.58,80.65,Andhra Pradesh,40,28,38,26,2
Amaravati,2026-05-09,16.58,80.65,Andhra Pradesh,36,26,39,26,-3
Amaravati,2026-05-20,16.58,80.65,Andhra Pradesh,44,29,40,27,4
Amaravati,2026-05-21,16.58,80.65,Andhra Pradesh,45,30,41,27,4
Amaravati,2026-05-22,16.58,80.65,Andhra Pradesh,42,31,41,27,1
Amaravati,2026-05-24,16.58,80.65,Andhra Pradesh,44,31,41,27,3
Amaravati,2026-05-25,16.58,80.65,Andhra Pradesh,45,31,41,27,4
Amaravati,2026-05-26,16.58,80.65,Andhra Pradesh,44,31,40,27,4
Amaravati,2026-05-27,16.58,80.65,Andhra Pradesh,38,27,40,27,-2
Amaravati,2026-05-28,16.58,80.65,Andhra Pradesh,42,28,40,27,2
Amaravati,2026-05-29,16.58,80.65,Andhra Pradesh,41,23,40,27,1
Amaravati,2026-05-31,16.58,80.65,Andhra Pradesh,40,27,40,27,0
Amaravati,2026-06-01,16.58,80.65,Andhra Pradesh,35,28,40,27,-5
Amaravati,2026-06-02,16.58,80.65,Andhra Pradesh,40,28,40,27,0
Amaravati,2026-06-03,16.58,80.65,Andhra Pradesh,40,28,40,27,0
Amaravati,2026-06-04,16.58,80.65,Andhra Pradesh,41,29,40,27,1
Amaravati,2026-06-06,16.58,80.65,Andhra Pradesh,41,28,38,27,3
Amaravati,2026-06-07,16.58,80.65,Andhra Pradesh,41,29,38,27,3
Amaravati,2026-06-08,16.58,80.65,Andhra Pradesh,37,25,38,27,-1
Amaravati,2026-06-10,16.58,80.65,Andhra Pradesh,41,30,37,26,4
Amaravati,2026-06-11,16.58,80.65,Andhra Pradesh,36,23,37,26,-1
Amaravati,2026-06-15,16.58,80.65,Andhra Pradesh,39,27,36,26,3
Amaravati,2026-06-16,16.58,80.65,Andhra Pradesh,39,28,36,26,3
Amaravati,2026-06-18,16.58,80.65,Andhra Pradesh,33,27,36,26,-3
Amaravati,2026-06-19,16.58,80.65,Andhra Pradesh,38,26,36,26,2
Amaravati,2026-06-22,16.58,80.65,Andhra Pradesh,38,27,36,26,2
Amaravati,2026-06-23,16.58,80.65,Andhra Pradesh,35,26,36,26,-1
Amaravati,2026-06-24,16.58,80.65,Andhra Pradesh,37,27,36,26,1
Amaravati,2026-06-25,16.58,80.65,Andhra Pradesh,36,26,35,26,1
Amaravati,2026-06-27,16.58,80.65,Andhra Pradesh,33,25,35,26,-2
Amaravati,2026-06-28,16.58,80.65,Andhra Pradesh,36,27,35,26,1
Amaravati,2026-06-30,16.58,80.65,Andhra Pradesh,36,25,35,26,1
Amaravati,2026-07-01,16.58,80.65,Andhra Pradesh,35,29,35,26,0
Amaravati,2026-07-02,16.58,80.65,Andhra Pradesh,34,27,35,26,-1
Amaravati,2026-07-03,16.58,80.65,Andhra Pradesh,32,25,35,26,-3
Amaravati,2026-07-04,16.58,80.65,Andhra Pradesh,32,26,35,26,-3
Amaravati,2026-07-06,16.58,80.65,Andhra Pradesh,36,27,34,25,2
Amaravati,2026-07-07,16.58,80.65,Andhra Pradesh,36,28,34,25,2
Amaravati,2026-07-08,16.58,80.65,Andhra Pradesh,37,27,34,25,3
Amaravati,2026-07-09,16.58,80.65,Andhra Pradesh,36,27,34,25,2
Amaravati,2026-07-10,16.58,80.65,Andhra Pradesh,38,28,34,25,4
Amaravati,2026-07-11,16.58,80.65,Andhra Pradesh,38,28,34,25,4
Amaravati,2026-07-13,16.58,80.65,Andhra Pradesh,38,28,34,25,4
Amaravati,2026-07-14,16.58,80.65,Andhra Pradesh,38,28,34,25,4
Amaravati,2026-07-15,16.58,80.65,Andhra Pradesh,40,28,33,25,7
Amaravati,2026-07-16,16.58,80.65,Andhra Pradesh,37,29,33,25,4
Amaravati,2026-07-19,16.58,80.65,Andhra Pradesh,37,25,33,25,4
Amaravati,2026-07-20,16.58,80.65,Andhra Pradesh,36,28,33,25,3
Amaravati,2026-07-21,16.58,80.65,Andhra Pradesh,33,28,33,25,0
Amaravati,2026-07-22,16.58,80.65,Andhra Pradesh,35,28,33,25,2
Amaravati,2026-07-23,16.58,80.65,Andhra Pradesh,36,26,33,25,3
Amaravati,2026-07-24,16.58,80.65,Andhra Pradesh,35,26,33,25,2
Amaravati,2026-07-25,16.58,80.65,Andhra Pradesh,38,26,32,25,6
Amaravati,2026-07-26,16.58,80.65,Andhra Pradesh,38,29,32,25,6
Amaravati,2026-07-27,16.58,80.65,Andhra Pradesh,35,24,32,25,3
Itanagar,2025-05-07,28.22,93.62,Arunachal Pradesh,30,22,31,21,-1
Itanagar,2025-05-06,28.22,93.62,Arunachal Pradesh,31,23,31,21,0
Itanagar,2025-05-08,28.22,93.62,Arunachal Pradesh,31,22,31,21,0
Itanagar,2025-05-09,28.22,93.62,Arunachal Pradesh,34,23,31,21,3
Itanagar,2025-05-10,28.22,93.62,Arunachal Pradesh,34,25,31,21,3
Itanagar,2025-05-11,28.22,93.62,Arunachal Pradesh,29,22,31,21,-2
Itanagar,2025-05-12,28.22,93.62,Arunachal Pradesh,32,23,31,21,1
Itanagar,2025-05-13,28.22,93.62,Arunachal Pradesh,28,23,31,21,-3
Itanagar,2025-05-14,28.22,93.62,Arunachal Pradesh,25,22,31,21,-6
Itanagar,2025-05-15,28.22,93.62,Arunachal Pradesh,24,21,31,21,-7
Itanagar,2025-05-16,28.22,93.62,Arunachal Pradesh,26,21,31,22,-5
Itanagar,2025-05-17,28.22,93.62,Arunachal Pradesh,26,21,31,22,-5
Itanagar,2025-05-18,28.22,93.62,Arunachal Pradesh,25,21,31,22,-6
Itanagar,2025-05-19,28.22,93.62,Arunachal Pradesh,29,21,31,22,-2
Itanagar,2025-05-20,28.22,93.62,Arunachal Pradesh,26,23,31,22,-5
Itanagar,2025-05-21,28.22,93.62,Arunachal Pradesh,27,22,30,22,-3
Itanagar,2025-05-22,28.22,93.62,Arunachal Pradesh,32,22,30,22,2
Itanagar,2025-05-23,28.22,93.62,Arunachal Pradesh,34,23,30,22,4
Itanagar,2025-05-24,28.22,93.62,Arunachal Pradesh,35,25,30,22,5
Itanagar,2025-05-25,28.22,93.62,Arunachal Pradesh,35,25,30,22,5
Itanagar,2025-05-26,28.22,93.62,Arunachal Pradesh,29,25,32,22,-3
Itanagar,2025-05-27,28.22,93.62,Arunachal Pradesh,34,24,32,22,2
Itanagar,2025-05-29,28.22,93.62,Arunachal Pradesh,30,24,32,22,-2
Itanagar,2025-05-30,28.22,93.62,Arunachal Pradesh,25,23,32,22,-7
Itanagar,2025-06-05,28.22,93.62,Arunachal Pradesh,30,23,32,23,-2
Itanagar,2025-06-06,28.22,93.62,Arunachal Pradesh,32,23,32,23,0
Itanagar,2025-06-07,28.22,93.62,Arunachal Pradesh,35,24,32,23,3
Itanagar,2025-06-08,28.22,93.62,Arunachal Pradesh,36,25,32,23,4
Itanagar,2025-06-10,28.22,93.62,Arunachal Pradesh,39,26,32,24,7
Itanagar,2025-06-11,28.22,93.62,Arunachal Pradesh,39,26,32,24,7
Itanagar,2025-06-12,28.22,93.62,Arunachal Pradesh,40,27,32,24,8
Itanagar,2025-06-13,28.22,93.62,Arunachal Pradesh,39,27,32,24,7
Itanagar,2025-06-14,28.22,93.62,Arunachal Pradesh,34,27,32,24,2
Itanagar,2025-06-15,28.22,93.62,Arunachal Pradesh,38,25,32,24,6
Itanagar,2025-06-16,28.22,93.62,Arunachal Pradesh,29,23,32,24,-3
Itanagar,2025-06-17,28.22,93.62,Arunachal Pradesh,28,24,32,24,-4
Itanagar,2025-06-19,28.22,93.62,Arunachal Pradesh,31,25,32,24,-1
Itanagar,2025-06-21,28.22,93.62,Arunachal Pradesh,32,24,32,24,0
Itanagar,2025-06-22,28.22,93.62,Arunachal Pradesh,34,25,32,24,2
Itanagar,2025-06-23,28.22,93.62,Arunachal Pradesh,28,24,32,24,-4
Itanagar,2025-06-24,28.22,93.62,Arunachal Pradesh,28,24,32,24,-4
Itanagar,2025-06-25,28.22,93.62,Arunachal Pradesh,33,22,32,24,1
Itanagar,2025-06-26,28.22,93.62,Arunachal Pradesh,36,25,32,24,4
Itanagar,2025-06-27,28.22,93.62,Arunachal Pradesh,32,25,32,24,0
Itanagar,2025-06-28,28.22,93.62,Arunachal Pradesh,33,25,32,24,1
Itanagar,2025-06-29,28.22,93.62,Arunachal Pradesh,32,24,32,24,0
Itanagar,2025-06-30,28.22,93.62,Arunachal Pradesh,37,25,32,24,5
Itanagar,2025-07-02,28.22,93.62,Arunachal Pradesh,33,24,32,24,1
Itanagar,2025-07-03,28.22,93.62,Arunachal Pradesh,34,25,32,24,2
Itanagar,2025-07-04,28.22,93.62,Arunachal Pradesh,31,24,32,24,-1
Itanagar,2025-07-05,28.22,93.62,Arunachal Pradesh,32,24,32,24,0
Itanagar,2025-07-06,28.22,93.62,Arunachal Pradesh,31,24,32,24,-1
Itanagar,2025-07-07,28.22,93.62,Arunachal Pradesh,36,25,32,24,4
Itanagar,2025-07-09,28.22,93.62,Arunachal Pradesh,36,26,32,24,4
Itanagar,2025-07-10,28.22,93.62,Arunachal Pradesh,37,24,32,24,5
Itanagar,2025-07-11,28.22,93.62,Arunachal Pradesh,36,25,32,24,4
Itanagar,2025-07-12,28.22,93.62,Arunachal Pradesh,37,27,32,24,5
Itanagar,2025-07-13,28.22,93.62,Arunachal Pradesh,39,26,32,24,7
Itanagar,2025-07-14,28.22,93.62,Arunachal Pradesh,38,28,32,24,6
Itanagar,2025-07-16,28.22,93.62,Arunachal Pradesh,34,23,32,24,2
Itanagar,2025-07-17,28.22,93.62,Arunachal Pradesh,37,26,32,24,5
Itanagar,2025-07-18,28.22,93.62,Arunachal Pradesh,34,26,32,24,2
Itanagar,2025-07-20,28.22,93.62,Arunachal Pradesh,37,26,32,24,5
Itanagar,2025-07-21,28.22,93.62,Arunachal Pradesh,34,26,32,24,2
Itanagar,2025-07-22,28.22,93.62,Arunachal Pradesh,37,25,32,24,5
Itanagar,2025-07-23,28.22,93.62,Arunachal Pradesh,38,26,32,24,6
Itanagar,2025-07-26,28.22,93.62,Arunachal Pradesh,34,24,32,24,2
Itanagar,2025-07-28,28.22,93.62,Arunachal Pradesh,35,25,32,24,3
Itanagar,2025-07-30,28.22,93.62,Arunachal Pradesh,35,24,33,24,2
Itanagar,2025-07-31,28.22,93.62,Arunachal Pradesh,33,24,,,
Itanagar,2025-08-01,28.22,93.62,Arunachal Pradesh,33,24,33,24,0
Itanagar,2025-08-02,28.22,93.62,Arunachal Pradesh,28,23,33,24,-5
Itanagar,2025-08-03,28.22,93.62,Arunachal Pradesh,32,25,33,24,-1
Itanagar,2025-08-05,28.22,93.62,Arunachal Pradesh,34,25,33,25,1
Itanagar,2025-08-06,28.22,93.62,Arunachal Pradesh,34,26,33,25,1
Itanagar,2025-08-07,28.22,93.62,Arunachal Pradesh,38,26,33,25,5
Itanagar,2025-08-09,28.22,93.62,Arunachal Pradesh,31,25,33,25,-2
Itanagar,2025-08-10,28.22,93.62,Arunachal Pradesh,31,25,33,25,-2
Itanagar,2025-08-11,28.22,93.62,Arunachal Pradesh,28,24,33,25,-5
Itanagar,2025-08-12,28.22,93.62,Arunachal Pradesh,27,24,33,25,-6
Itanagar,2025-08-14,28.22,93.62,Arunachal Pradesh,30,23,32,25,-2
Itanagar,2025-08-16,28.22,93.62,Arunachal Pradesh,35,25,32,25,3
Itanagar,2025-08-18,28.22,93.62,Arunachal Pradesh,36,25,32,25,4
Itanagar,2025-08-19,28.22,93.62,Arunachal Pradesh,32,25,33,25,-1
Itanagar,2025-08-21,28.22,93.62,Arunachal Pradesh,33,24,33,25,0
Itanagar,2025-08-24,28.22,93.62,Arunachal Pradesh,31,25,33,25,-2
Itanagar,2025-08-25,28.22,93.62,Arunachal Pradesh,30,24,33,25,-3
Itanagar,2025-08-27,28.22,93.62,Arunachal Pradesh,34,24,33,25,1
Itanagar,2025-08-29,28.22,93.62,Arunachal Pradesh,28,24,32,24,-4
Itanagar,2025-08-30,28.22,93.62,Arunachal Pradesh,28,23,32,24,-4
Itanagar,2025-08-31,28.22,93.62,Arunachal Pradesh,30,25,32,24,-2
Itanagar,2025-09-01,28.22,93.62,Arunachal Pradesh,35,24,32,24,3
Itanagar,2025-09-02,28.22,93.62,Arunachal Pradesh,36,26,32,24,4
Itanagar,2025-09-03,28.22,93.62,Arunachal Pradesh,35,25,32,24,3
Itanagar,2025-09-04,28.22,93.62,Arunachal Pradesh,33,25,32,24,1
Itanagar,2025-09-05,28.22,93.62,Arunachal Pradesh,31,25,32,24,-1
Itanagar,2025-09-06,28.22,93.62,Arunachal Pradesh,32,23,32,24,0
Itanagar,2025-09-07,28.22,93.62,Arunachal Pradesh,31,25,32,24,-1
Itanagar,2025-09-08,28.22,93.62,Arunachal Pradesh,31,25,32,24,-1
Itanagar,2025-09-10,28.22,93.62,Arunachal Pradesh,31,25,32,24,-1
Itanagar,2025-09-11,28.22,93.62,Arunachal Pradesh,30,24,32,24,-2
Itanagar,2025-09-12,28.22,93.62,Arunachal Pradesh,31,25,32,24,-1
Itanagar,2025-09-13,28.22,93.62,Arunachal Pradesh,33,25,33,24,0
Itanagar,2025-09-14,28.22,93.62,Arunachal Pradesh,31,24,33,24,-2
Itanagar,2025-09-16,28.22,93.62,Arunachal Pradesh,29,23,33,24,-4
Itanagar,2025-09-17,28.22,93.62,Arunachal Pradesh,30,23,33,24,-3
Itanagar,2025-09-18,28.22,93.62,Arunachal Pradesh,30,23,32,24,-2
Itanagar,2025-09-19,28.22,93.62,Arunachal Pradesh,30,24,32,24,-2
Itanagar,2025-09-20,28.22,93.62,Arunachal Pradesh,31,24,32,24,-1
Itanagar,2025-09-21,28.22,93.62,Arunachal Pradesh,32,24,32,24,0
Itanagar,2025-09-22,28.22,93.62,Arunachal Pradesh,33,25,32,24,1
Itanagar,2025-09-23,28.22,93.62,Arunachal Pradesh,32,25,31,23,1
Itanagar,2025-09-24,28.22,93.62,Arunachal Pradesh,32,25,31,23,1
Itanagar,2025-09-25,28.22,93.62,Arunachal Pradesh,31,24,31,23,0
Itanagar,2025-09-26,28.22,93.62,Arunachal Pradesh,32,24,31,23,1
Itanagar,2025-09-27,28.22,93.62,Arunachal Pradesh,30,23,31,23,-1
Itanagar,2025-09-28,28.22,93.62,Arunachal Pradesh,31,24,32,23,-1
Itanagar,2025-09-29,28.22,93.62,Arunachal Pradesh,32,25,32,23,0
Itanagar,2025-09-30,28.22,93.62,Arunachal Pradesh,32,24,32,23,0
Itanagar,2025-10-02,28.22,93.62,Arunachal Pradesh,30,22,32,23,-2
Itanagar,2025-10-03,28.22,93.62,Arunachal Pradesh,28,23,33,23,-5
Itanagar,2025-10-04,28.22,93.62,Arunachal Pradesh,27,23,33,23,-6
Itanagar,2025-10-05,28.22,93.62,Arunachal Pradesh,29,23,33,23,-4
Itanagar,2025-10-06,28.22,93.62,Arunachal Pradesh,29,23,33,23,-4
Itanagar,2025-10-07,28.22,93.62,Arunachal Pradesh,30,23,33,23,-3
Itanagar,2025-10-08,28.22,93.62,Arunachal Pradesh,29,23,31,22,-2
Itanagar,2025-10-09,28.22,93.62,Arunachal Pradesh,29,23,31,22,-2
Itanagar,2025-10-10,28.22,93.62,Arunachal Pradesh,30,22,31,22,-1
Itanagar,2025-10-11,28.22,93.62,Arunachal Pradesh,27,23,31,22,-4
Itanagar,2025-10-12,28.22,93.62,Arunachal Pradesh,33,23,31,22,2
Itanagar,2025-10-13,28.22,93.62,Arunachal Pradesh,29,22,32,21,-3
Itanagar,2025-10-14,28.22,93.62,Arunachal Pradesh,30,22,32,21,-2
Itanagar,2025-10-15,28.22,93.62,Arunachal Pradesh,30,22,32,21,-2
Itanagar,2025-10-16,28.22,93.62,Arunachal Pradesh,29,22,32,21,-3
Itanagar,2025-10-17,28.22,93.62,Arunachal Pradesh,29,22,32,21,-3
Itanagar,2025-10-18,28.22,93.62,Arunachal Pradesh,30,22,31,20,-1
Itanagar,2025-10-19,28.22,93.62,Arunachal Pradesh,29,22,31,20,-2
Itanagar,2025-10-20,28.22,93.62,Arunachal Pradesh,29,21,31,20,-2
Itanagar,2025-10-21,28.22,93.62,Arunachal Pradesh,28,21,31,20,-3
Itanagar,2025-10-22,28.22,93.62,Arunachal Pradesh,29,20,31,20,-2
Itanagar,2025-10-23,28.22,93.62,Arunachal Pradesh,29,21,30,19,-1
Itanagar,2025-10-24,28.22,93.62,Arunachal Pradesh,30,21,30,19,0
Itanagar,2025-10-25,28.22,93.62,Arunachal Pradesh,29,20,30,19,-1
Itanagar,2025-10-26,28.22,93.62,Arunachal Pradesh,29,20,30,19,-1
Itanagar,2025-10-27,28.22,93.62,Arunachal Pradesh,28,26,30,19,-2
Itanagar,2025-10-28,28.22,93.62,Arunachal Pradesh,29,19,31,18,-2
Itanagar,2025-10-30,28.22,93.62,Arunachal Pradesh,27,23,31,18,-4
Itanagar,2025-10-31,28.22,93.62,Arunachal Pradesh,23,22,31,18,-8
Itanagar,2025-11-01,28.22,93.62,Arunachal Pradesh,24,22,31,18,-7
Itanagar,2025-11-03,28.22,93.62,Arunachal Pradesh,26,21,30,17,-4
Itanagar,2025-11-04,28.22,93.62,Arunachal Pradesh,27,21,30,17,-3
Itanagar,2025-11-05,28.22,93.62,Arunachal Pradesh,28,22,30,17,-2
Itanagar,2025-11-06,28.22,93.62,Arunachal Pradesh,28,22,30,17,-2
Itanagar,2026-01-06,28.22,93.62,Arunachal Pradesh,18,10,24,9,-6
Itanagar,2026-01-07,28.22,93.62,Arunachal Pradesh,19,10,24,9,-5
Itanagar,2026-01-08,28.22,93.62,Arunachal Pradesh,20,10,24,9,-4
Itanagar,2026-01-09,28.22,93.62,Arunachal Pradesh,26,10,24,9,2
Itanagar,2026-01-10,28.22,93.62,Arunachal Pradesh,20,12,24,9,-4
Itanagar,2026-01-11,28.22,93.62,Arunachal Pradesh,21,13,24,9,-3
Itanagar,2026-01-12,28.22,93.62,Arunachal Pradesh,18,11,24,9,-6
Itanagar,2026-01-13,28.22,93.62,Arunachal Pradesh,21,17,24,9,-3
Itanagar,2026-01-14,28.22,93.62,Arunachal Pradesh,21,12,24,9,-3
Itanagar,2026-01-15,28.22,93.62,Arunachal Pradesh,27,13,24,9,3
Itanagar,2026-01-17,28.22,93.62,Arunachal Pradesh,21,12,24,10,-3
Itanagar,2026-01-18,28.22,93.62,Arunachal Pradesh,21,12,24,10,-3
Itanagar,2026-01-19,28.22,93.62,Arunachal Pradesh,21,12,24,10,-3
Itanagar,2026-01-21,28.22,93.62,Arunachal Pradesh,22,13,25,10,-3
Itanagar,2026-01-22,28.22,93.62,Arunachal Pradesh,22,13,25,10,-3
Itanagar,2026-01-23,28.22,93.62,Arunachal Pradesh,22,14,25,10,-3
Itanagar,2026-01-24,28.22,93.62,Arunachal Pradesh,22,13,25,10,-3
Itanagar,2026-01-25,28.22,93.62,Arunachal Pradesh,24,14,25,10,-1
Itanagar,2026-01-26,28.22,93.62,Arunachal Pradesh,22,13,24,11,-2
Itanagar,2026-01-27,28.22,93.62,Arunachal Pradesh,28,12,24,11,4
Itanagar,2026-01-28,28.22,93.62,Arunachal Pradesh,22,12,24,11,-2
Itanagar,2026-01-29,28.22,93.62,Arunachal Pradesh,23,14,24,11,-1
Itanagar,2026-01-30,28.22,93.62,Arunachal Pradesh,24,15,24,11,0
Itanagar,2026-01-31,28.22,93.62,Arunachal Pradesh,22,13,25,10,-3
Itanagar,2026-02-01,28.22,93.62,Arunachal Pradesh,22,13,25,10,-3
Itanagar,2026-02-02,28.22,93.62,Arunachal Pradesh,23,13,25,10,-2
Itanagar,2026-02-03,28.22,93.62,Arunachal Pradesh,24,13,25,10,-1
Itanagar,2026-02-04,28.22,93.62,Arunachal Pradesh,23,13,25,10,-2
Itanagar,2026-02-05,28.22,93.62,Arunachal Pradesh,24,14,26,12,-2
Itanagar,2026-02-06,28.22,93.62,Arunachal Pradesh,23,13,26,12,-3
Itanagar,2026-02-08,28.22,93.62,Arunachal Pradesh,23,15,26,12,-3
Itanagar,2026-02-09,28.22,93.62,Arunachal Pradesh,23,14,26,12,-3
Itanagar,2026-02-10,28.22,93.62,Arunachal Pradesh,24,13,26,12,-2
Itanagar,2026-02-11,28.22,93.62,Arunachal Pradesh,24,13,26,12,-2
Itanagar,2026-02-12,28.22,93.62,Arunachal Pradesh,24,14,26,12,-2
Itanagar,2026-02-13,28.22,93.62,Arunachal Pradesh,24,14,26,12,-2
Itanagar,2026-02-14,28.22,93.62,Arunachal Pradesh,24,14,26,12,-2
Itanagar,2026-02-15,28.22,93.62,Arunachal Pradesh,24,17,26,13,-2
Itanagar,2026-02-16,28.22,93.62,Arunachal Pradesh,25,14,26,13,-1
Itanagar,2026-02-17,28.22,93.62,Arunachal Pradesh,24,13,26,13,-2
Itanagar,2026-02-18,28.22,93.62,Arunachal Pradesh,26,14,26,13,0
Itanagar,2026-02-19,28.22,93.62,Arunachal Pradesh,26,15,26,13,0
Itanagar,2026-02-20,28.22,93.62,Arunachal Pradesh,26,16,26,13,0
Itanagar,2026-02-21,28.22,93.62,Arunachal Pradesh,25,16,26,13,-1
Itanagar,2026-02-25,28.22,93.62,Arunachal Pradesh,25,16,27,14,-2
Itanagar,2026-02-26,28.22,93.62,Arunachal Pradesh,24,16,27,14,-3
Itanagar,2026-02-27,28.22,93.62,Arunachal Pradesh,21,17,27,14,-6
Itanagar,2026-02-28,28.22,93.62,Arunachal Pradesh,22,17,27,14,-5
Itanagar,2026-03-01,28.22,93.62,Arunachal Pradesh,18,16,27,14,-9
Itanagar,2026-03-02,28.22,93.62,Arunachal Pradesh,21,16,26,14,-5
Itanagar,2026-03-03,28.22,93.62,Arunachal Pradesh,24,16,26,14,-2
Itanagar,2026-03-04,28.22,93.62,Arunachal Pradesh,31,16,26,14,5
Itanagar,2026-03-05,28.22,93.62,Arunachal Pradesh,32,16,26,14,6
Itanagar,2026-03-06,28.22,93.62,Arunachal Pradesh,28,17,26,14,2
Itanagar,2026-03-07,28.22,93.62,Arunachal Pradesh,28,20,28,15,0
Itanagar,2026-03-08,28.22,93.62,Arunachal Pradesh,29,21,28,15,1
Itanagar,2026-03-09,28.22,93.62,Arunachal Pradesh,28,20,28,15,0
Itanagar,2026-03-10,28.22,93.62,Arunachal Pradesh,28,19,28,15,0
Itanagar,2026-03-11,28.22,93.62,Arunachal Pradesh,28,19,28,15,0
Itanagar,2026-03-12,28.22,93.62,Arunachal Pradesh,23,21,29,16,-6
Itanagar,2026-03-13,28.22,93.62,Arunachal Pradesh,21,19,29,16,-8
Itanagar,2026-03-14,28.22,93.62,Arunachal Pradesh,20,17,29,16,-9
Itanagar,2026-03-15,28.22,93.62,Arunachal Pradesh,19,16,29,16,-10
Itanagar,2026-03-16,28.22,93.62,Arunachal Pradesh,21,16,29,16,-8
Itanagar,2026-03-17,28.22,93.62,Arunachal Pradesh,22,16,28,15,-6
Itanagar,2026-03-18,28.22,93.62,Arunachal Pradesh,22,17,28,15,-6
Itanagar,2026-03-19,28.22,93.62,Arunachal Pradesh,24,17,28,15,-4
Itanagar,2026-03-20,28.22,93.62,Arunachal Pradesh,22,18,28,15,-6
Itanagar,2026-03-21,28.22,93.62,Arunachal Pradesh,26,18,28,15,-2
Itanagar,2026-03-22,28.22,93.62,Arunachal Pradesh,24,18,28,17,-4
Itanagar,2026-03-23,28.22,93.62,Arunachal Pradesh,24,18,28,17,-4
Itanagar,2026-03-24,28.22,93.62,Arunachal Pradesh,25,18,28,17,-3
Itanagar,2026-03-25,28.22,93.62,Arunachal Pradesh,22,18,28,17,-6
Itanagar,2026-03-26,28.22,93.62,Arunachal Pradesh,26,17,28,17,-2
Itanagar,2026-03-27,28.22,93.62,Arunachal Pradesh,25,20,27,18,-2
Itanagar,2026-03-28,28.22,93.62,Arunachal Pradesh,21,19,27,18,-6
Itanagar,2026-03-29,28.22,93.62,Arunachal Pradesh,24,18,27,18,-3
Itanagar,2026-03-30,28.22,93.62,Arunachal Pradesh,24,18,27,18,-3
Itanagar,2026-03-31,28.22,93.62,Arunachal Pradesh,27,19,27,18,0
Itanagar,2026-04-01,28.22,93.62,Arunachal Pradesh,27,21,27,17,0
Itanagar,2026-04-02,28.22,93.62,Arunachal Pradesh,22,19,27,17,-5
Itanagar,2026-04-03,28.22,93.62,Arunachal Pradesh,25,19,27,17,-2
Itanagar,2026-04-04,28.22,93.62,Arunachal Pradesh,25,20,27,17,-2
Itanagar,2026-04-05,28.22,93.62,Arunachal Pradesh,24,21,27,17,-3
Itanagar,2026-04-06,28.22,93.62,Arunachal Pradesh,29,20,28,18,1
Itanagar,2026-04-07,28.22,93.62,Arunachal Pradesh,24,21,28,18,-4
Itanagar,2026-04-08,28.22,93.62,Arunachal Pradesh,26,18,28,18,-2
Itanagar,2026-04-09,28.22,93.62,Arunachal Pradesh,23,18,28,18,-5
Itanagar,2026-04-10,28.22,93.62,Arunachal Pradesh,22,17,28,18,-6
Itanagar,2026-04-11,28.22,93.62,Arunachal Pradesh,25,17,29,19,-4
Itanagar,2026-04-12,28.22,93.62,Arunachal Pradesh,22,19,29,19,-7
Itanagar,2026-04-13,28.22,93.62,Arunachal Pradesh,21,18,29,19,-8
Itanagar,2026-04-14,28.22,93.62,Arunachal Pradesh,28,17,29,19,-1
Itanagar,2026-04-16,28.22,93.62,Arunachal Pradesh,28,18,28,19,0
Itanagar,2026-04-17,28.22,93.62,Arunachal Pradesh,31,20,28,19,3
Itanagar,2026-04-18,28.22,93.62,Arunachal Pradesh,30,23,28,19,2
Itanagar,2026-04-19,28.22,93.62,Arunachal Pradesh,31,21,28,19,3
Itanagar,2026-04-20,28.22,93.62,Arunachal Pradesh,25,23,28,19,-3
Itanagar,2026-04-21,28.22,93.62,Arunachal Pradesh,25,21,28,19,-3
Itanagar,2026-04-22,28.22,93.62,Arunachal Pradesh,23,18,28,19,-5
Itanagar,2026-04-23,28.22,93.62,Arunachal Pradesh,33,19,28,19,5
Itanagar,2026-04-24,28.22,93.62,Arunachal Pradesh,33,23,28,19,5
Itanagar,2026-04-25,28.22,93.62,Arunachal Pradesh,27,20,28,19,-1
Itanagar,2026-04-26,28.22,93.62,Arunachal Pradesh,26,20,29,20,-3
Itanagar,2026-04-27,28.22,93.62,Arunachal Pradesh,25,21,29,20,-4
Itanagar,2026-04-28,28.22,93.62,Arunachal Pradesh,29,21,29,20,0
Itanagar,2026-04-29,28.22,93.62,Arunachal Pradesh,24,21,29,20,-5
Itanagar,2026-04-30,28.22,93.62,Arunachal Pradesh,26,21,29,20,-3
Itanagar,2026-05-20,28.22,93.62,Arunachal Pradesh,34,24,30,21,4
Itanagar,2026-05-21,28.22,93.62,Arunachal Pradesh,34,25,30,22,4
Itanagar,2026-05-22,28.22,93.62,Arunachal Pradesh,32,25,30,22,2
Itanagar,2026-05-23,28.22,93.62,Arunachal Pradesh,29,23,30,22,-1
Itanagar,2026-05-24,28.22,93.62,Arunachal Pradesh,30,23,30,22,0
Itanagar,2026-05-25,28.22,93.62,Arunachal Pradesh,29,24,30,22,-1
Itanagar,2026-05-26,28.22,93.62,Arunachal Pradesh,30,23,31,22,-1
Itanagar,2026-05-27,28.22,93.62,Arunachal Pradesh,33,23,31,22,2
Itanagar,2026-05-28,28.22,93.62,Arunachal Pradesh,30,23,31,22,-1
Itanagar,2026-05-29,28.22,93.62,Arunachal Pradesh,34,23,31,22,3
Itanagar,2026-05-31,28.22,93.62,Arunachal Pradesh,34,25,31,22,3
Itanagar,2026-06-02,28.22,93.62,Arunachal Pradesh,34,25,31,22,3
Itanagar,2026-06-03,28.22,93.62,Arunachal Pradesh,33,25,31,22,2
Itanagar,2026-06-04,28.22,93.62,Arunachal Pradesh,29,23,31,22,-2
Itanagar,2026-06-05,28.22,93.62,Arunachal Pradesh,32,23,31,22,1
Itanagar,2026-06-06,28.22,93.62,Arunachal Pradesh,34,24,31,22,3
Itanagar,2026-06-07,28.22,93.62,Arunachal Pradesh,33,25,31,22,2
Itanagar,2026-06-08,28.22,93.62,Arunachal Pradesh,31,24,31,22,0
Itanagar,2026-06-09,28.22,93.62,Arunachal Pradesh,30,24,31,23,-1
Itanagar,2026-06-10,28.22,93.62,Arunachal Pradesh,34,25,31,23,3
Itanagar,2026-06-11,28.22,93.62,Arunachal Pradesh,31,24,31,23,0
Itanagar,2026-06-15,28.22,93.62,Arunachal Pradesh,31,25,31,23,0
Itanagar,2026-06-16,28.22,93.62,Arunachal Pradesh,35,25,31,23,4
Itanagar,2026-06-18,28.22,93.62,Arunachal Pradesh,29,25,31,23,-2
Itanagar,2026-06-19,28.22,93.62,Arunachal Pradesh,32,25,31,23,1
Itanagar,2026-06-21,28.22,93.62,Arunachal Pradesh,31,25,32,24,-1
Itanagar,2026-06-22,28.22,93.62,Arunachal Pradesh,30,24,32,24,-2
Itanagar,2026-06-23,28.22,93.62,Arunachal Pradesh,33,25,32,24,1
Itanagar,2026-06-24,28.22,93.62,Arunachal Pradesh,32,25,32,24,0
Itanagar,2026-06-25,28.22,93.62,Arunachal Pradesh,35,25,31,24,4
Itanagar,2026-06-27,28.22,93.62,Arunachal Pradesh,33,26,31,24,2
Itanagar,2026-06-28,28.22,93.62,Arunachal Pradesh,31,25,31,24,0
Itanagar,2026-07-01,28.22,93.62,Arunachal Pradesh,33,26,32,24,1
Itanagar,2026-07-02,28.22,93.62,Arunachal Pradesh,36,26,32,24,4
Itanagar,2026-07-03,28.22,93.62,Arunachal Pradesh,37,26,32,24,5
Itanagar,2026-07-04,28.22,93.62,Arunachal Pradesh,36,28,32,24,4
Itanagar,2026-07-05,28.22,93.62,Arunachal Pradesh,36,27,32,24,4
Itanagar,2026-07-06,28.22,93.62,Arunachal Pradesh,36,25,32,24,4
Itanagar,2026-07-07,28.22,93.62,Arunachal Pradesh,30,25,32,24,-2
Itanagar,2026-07-08,28.22,93.62,Arunachal Pradesh,34,25,32,24,2
Itanagar,2026-07-09,28.22,93.62,Arunachal Pradesh,32,26,32,24,0
Itanagar,2026-07-10,28.22,93.62,Arunachal Pradesh,34,25,31,24,3
Itanagar,2026-07-11,28.22,93.62,Arunachal Pradesh,35,26,31,24,4
Itanagar,2026-07-12,28.22,93.62,Arunachal Pradesh,32,26,31,24,1
Itanagar,2026-07-13,28.22,93.62,Arunachal Pradesh,31,25,31,24,0
Itanagar,2026-07-14,28.22,93.62,Arunachal Pradesh,36,27,31,24,5
Itanagar,2026-07-15,28.22,93.62,Arunachal Pradesh,35,26,32,24,3
Itanagar,2026-07-16,28.22,93.62,Arunachal Pradesh,32,26,32,24,0
Itanagar,2026-07-19,28.22,93.62,Arunachal Pradesh,26,24,32,24,-6
Itanagar,2026-07-20,28.22,93.62,Arunachal Pradesh,32,24,31,24,1
Itanagar,2026-07-21,28.22,93.62,Arunachal Pradesh,34,25,31,24,3
Itanagar,2026-07-22,28.22,93.62,Arunachal Pradesh,33,24,31,24,2
Itanagar,2026-07-23,28.22,93.62,Arunachal Pradesh,32,25,31,24,1
Itanagar,2026-07-24,28.22,93.62,Arunachal Pradesh,35,25,31,24,4
Itanagar,2026-07-25,28.22,93.62,Arunachal Pradesh,36,26,32,24,4
Itanagar,2026-07-26,28.22,93.62,Arunachal Pradesh,33,25,32,24,1
Itanagar,2026-07-27,28.22,93.62,Arunachal Pradesh,35,25,32,24,3
Guwahati,2025-05-06,26.14,91.74,Assam,30,22,32,22,-2
Guwahati,2025-05-07,26.14,91.74,Assam,34,22,32,22,2
Guwahati,2025-05-08,26.14,91.74,Assam,31,22,32,22,-1
Guwahati,2025-05-09,26.14,91.74,Assam,35,23,32,22,3
Guwahati,2025-05-10,26.14,91.74,Assam,36,25,32,22,4
Guwahati,2025-05-11,26.14,91.74,Assam,31,21,32,23,-1
Guwahati,2025-05-12,26.14,91.74,Assam,31,24,32,23,-1
Guwahati,2025-05-13,26.14,91.74,Assam,30,24,32,23,-2
Guwahati,2025-05-14,26.14,91.74,Assam,32,24,32,23,0
Guwahati,2025-05-15,26.14,91.74,Assam,29,22,32,23,-3
Guwahati,2025-05-16,26.14,91.74,Assam,30,23,32,23,-2
Guwahati,2025-05-17,26.14,91.74,Assam,30,23,32,23,-2
Guwahati,2025-05-18,26.14,91.74,Assam,28,23,32,23,-4
Guwahati,2025-05-19,26.14,91.74,Assam,29,22,32,23,-3
Guwahati,2025-05-20,26.14,91.74,Assam,28,22,32,23,-4
Guwahati,2025-05-21,26.14,91.74,Assam,30,23,32,24,-2
Guwahati,2025-05-22,26.14,91.74,Assam,32,24,32,24,0
Guwahati,2025-05-23,26.14,91.74,Assam,34,25,32,24,2
Guwahati,2025-05-24,26.14,91.74,Assam,35,26,32,24,3
Guwahati,2025-05-25,26.14,91.74,Assam,35,26,32,24,3
Guwahati,2025-05-26,26.14,91.74,Assam,31,25,32,24,-1
Guwahati,2025-05-27,26.14,91.74,Assam,34,25,32,24,2
Guwahati,2025-05-28,26.14,91.74,Assam,36,26,32,24,4
Guwahati,2025-05-29,26.14,91.74,Assam,29,25,32,24,-3
Guwahati,2025-05-30,26.14,91.74,Assam,26,24,32,24,-6
Guwahati,2025-05-31,26.14,91.74,Assam,28,23,32,24,-4
Guwahati,2025-06-01,26.14,91.74,Assam,31,24,32,24,-1
Guwahati,2025-06-02,26.14,91.74,Assam,32,25,32,24,0
Guwahati,2025-06-03,26.14,91.74,Assam,32,23,32,24,0
Guwahati,2025-06-04,26.14,91.74,Assam,28,25,32,24,-4
Guwahati,2025-06-05,26.14,91.74,Assam,31,23,33,25,-2
Guwahati,2025-06-06,26.14,91.74,Assam,34,24,33,25,1
Guwahati,2025-06-07,26.14,91.74,Assam,35,26,33,25,2
Guwahati,2025-06-08,26.14,91.74,Assam,36,26,33,25,3
Guwahati,2025-06-09,26.14,91.74,Assam,37,26,33,25,4
Guwahati,2025-06-10,26.14,91.74,Assam,37,27,33,25,4
Guwahati,2025-06-11,26.14,91.74,Assam,37,28,33,25,4
Guwahati,2025-06-12,26.14,91.74,Assam,38,26,33,25,5
Guwahati,2025-06-13,26.14,91.74,Assam,37,27,33,25,4
Guwahati,2025-06-14,26.14,91.74,Assam,38,27,33,25,5
Guwahati,2025-06-15,26.14,91.74,Assam,35,26,33,25,2
Guwahati,2025-06-16,26.14,91.74,Assam,31,26,33,25,-2
Guwahati,2025-06-17,26.14,91.74,Assam,33,27,33,25,0
Guwahati,2025-06-18,26.14,91.74,Assam,34,27,33,25,1
Guwahati,2025-06-19,26.14,91.74,Assam,33,26,33,25,0
Guwahati,2025-06-20,26.14,91.74,Assam,33,27,33,26,0
Guwahati,2025-06-21,26.14,91.74,Assam,36,27,33,26,3
Guwahati,2025-06-22,26.14,91.74,Assam,34,26,33,26,1
Guwahati,2025-06-23,26.14,91.74,Assam,35,27,33,26,2
Guwahati,2025-06-24,26.14,91.74,Assam,34,26,33,26,1
Guwahati,2025-06-25,26.14,91.74,Assam,35,26,33,26,2
Guwahati,2025-06-26,26.14,91.74,Assam,36,28,33,26,3
Guwahati,2025-06-27,26.14,91.74,Assam,37,26,33,26,4
Guwahati,2025-06-28,26.14,91.74,Assam,36,26,33,26,3
Guwahati,2025-06-29,26.14,91.74,Assam,36,28,33,26,3
Guwahati,2025-06-30,26.14,91.74,Assam,35,26,33,26,2
Guwahati,2025-07-01,26.14,91.74,Assam,33,27,33,26,0
Guwahati,2025-07-02,26.14,91.74,Assam,33,27,33,26,0
Guwahati,2025-07-03,26.14,91.74,Assam,34,26,33,26,1
Guwahati,2025-07-04,26.14,91.74,Assam,34,27,33,26,1
Guwahati,2025-07-05,26.14,91.74,Assam,32,26,33,26,-1
Guwahati,2025-07-06,26.14,91.74,Assam,34,26,33,26,1
Guwahati,2025-07-07,26.14,91.74,Assam,35,27,33,26,2
Guwahati,2025-07-08,26.14,91.74,Assam,36,27,33,26,3
Guwahati,2025-07-09,26.14,91.74,Assam,33,27,33,26,0
Guwahati,2025-07-10,26.14,91.74,Assam,35,27,32,26,3
Guwahati,2025-07-11,26.14,91.74,Assam,36,26,32,26,4
Guwahati,2025-07-12,26.14,91.74,Assam,37,28,32,26,5
Guwahati,2025-07-13,26.14,91.74,Assam,38,28,32,26,6
Guwahati,2025-07-14,26.14,91.74,Assam,34,27,32,26,2
Guwahati,2025-07-16,26.14,91.74,Assam,36,27,33,26,3
Guwahati,2025-07-17,26.14,91.74,Assam,35,27,33,26,2
Guwahati,2025-07-18,26.14,91.74,Assam,35,26,33,26,2
Guwahati,2025-07-20,26.14,91.74,Assam,29,27,33,26,-4
Guwahati,2025-07-21,26.14,91.74,Assam,36,26,33,26,3
Guwahati,2025-07-22,26.14,91.74,Assam,35,26,33,26,2
Guwahati,2025-07-23,26.14,91.74,Assam,38,28,33,26,5
Guwahati,2025-07-24,26.14,91.74,Assam,38,29,33,26,5
Guwahati,2025-07-25,26.14,91.74,Assam,36,28,33,26,3
Guwahati,2025-07-26,26.14,91.74,Assam,37,27,33,26,4
Guwahati,2025-07-28,26.14,91.74,Assam,33,27,33,26,0
Guwahati,2025-07-29,26.14,91.74,Assam,36,27,33,26,3
Guwahati,2025-07-30,26.14,91.74,Assam,34,27,34,26,0
Guwahati,2025-07-31,26.14,91.74,Assam,34,27,34,26,0
Guwahati,2025-08-01,26.14,91.74,Assam,36,27,34,26,2
Guwahati,2025-08-02,26.14,91.74,Assam,31,26,34,26,-3
Guwahati,2025-08-03,26.14,91.74,Assam,31,27,34,26,-3
Guwahati,2025-08-04,26.14,91.74,Assam,32,26,34,26,-2
Guwahati,2025-08-05,26.14,91.74,Assam,31,26,34,26,-3
Guwahati,2025-08-06,26.14,91.74,Assam,34,27,34,26,0
Guwahati,2025-08-07,26.14,91.74,Assam,33,27,34,26,-1
Guwahati,2025-08-08,26.14,91.74,Assam,32,26,34,26,-2
Guwahati,2025-08-09,26.14,91.74,Assam,32,25,33,26,-1
Guwahati,2025-08-10,26.14,91.74,Assam,31,26,33,26,-2
Guwahati,2025-08-11,26.14,91.74,Assam,32,27,33,26,-1
Guwahati,2025-08-12,26.14,91.74,Assam,33,27,33,26,0
Guwahati,2025-08-13,26.14,91.74,Assam,28,25,33,26,-5
Guwahati,2025-08-14,26.14,91.74,Assam,33,25,33,26,0
Guwahati,2025-08-15,26.14,91.74,Assam,35,26,33,26,2
Guwahati,2025-08-16,26.14,91.74,Assam,37,26,33,26,4
Guwahati,2025-08-17,26.14,91.74,Assam,34,24,33,26,1
Guwahati,2025-08-18,26.14,91.74,Assam,36,28,33,26,3
Guwahati,2025-08-19,26.14,91.74,Assam,32,25,33,26,-1
Guwahati,2025-08-20,26.14,91.74,Assam,34,26,33,26,1
Guwahati,2025-08-21,26.14,91.74,Assam,34,25,33,26,1
Guwahati,2025-08-22,26.14,91.74,Assam,34,25,33,26,1
Guwahati,2025-08-23,26.14,91.74,Assam,34,25,33,26,1
Guwahati,2025-08-24,26.14,91.74,Assam,35,27,33,26,2
Guwahati,2025-08-25,26.14,91.74,Assam,33,25,33,26,0
Guwahati,2025-08-26,26.14,91.74,Assam,35,26,33,26,2
Guwahati,2025-08-27,26.14,91.74,Assam,35,26,33,26,2
Guwahati,2025-08-28,26.14,91.74,Assam,34,26,33,26,1
Guwahati,2025-08-29,26.14,91.74,Assam,34,26,33,26,1
Guwahati,2025-08-30,26.14,91.74,Assam,34,26,33,26,1
Guwahati,2025-08-31,26.14,91.74,Assam,35,26,33,26,2
Guwahati,2025-09-01,26.14,91.74,Assam,36,27,33,26,3
Guwahati,2025-09-02,26.14,91.74,Assam,35,28,33,26,2
Guwahati,2025-09-03,26.14,91.74,Assam,36,27,33,25,3
Guwahati,2025-09-04,26.14,91.74,Assam,34,26,33,25,1
Guwahati,2025-09-05,26.14,91.74,Assam,35,27,33,25,2
Guwahati,2025-09-06,26.14,91.74,Assam,36,26,33,25,3
Guwahati,2025-09-07,26.14,91.74,Assam,35,26,33,25,2
Guwahati,2025-09-08,26.14,91.74,Assam,34,26,33,25,1
Guwahati,2025-09-09,26.14,91.74,Assam,34,27,33,25,1
Guwahati,2025-09-10,26.14,91.74,Assam,35,27,33,25,2
Guwahati,2025-09-11,26.14,91.74,Assam,34,27,33,25,1
Guwahati,2025-09-12,26.14,91.74,Assam,32,27,33,25,-1
Guwahati,2025-09-13,26.14,91.74,Assam,33,26,33,25,0
Guwahati,2025-09-14,26.14,91.74,Assam,32,24,33,25,-1
Guwahati,2025-09-15,26.14,91.74,Assam,31,25,33,25,-2
Guwahati,2025-09-16,26.14,91.74,Assam,27,25,33,25,-6
Guwahati,2025-09-17,26.14,91.74,Assam,31,25,33,25,-2
Guwahati,2025-09-18,26.14,91.74,Assam,31,26,32,25,-1
Guwahati,2025-09-19,26.14,91.74,Assam,34,26,32,25,2
Guwahati,2025-09-20,26.14,91.74,Assam,34,26,32,25,2
Guwahati,2025-09-21,26.14,91.74,Assam,35,26,32,25,3
Guwahati,2025-09-22,26.14,91.74,Assam,36,26,32,25,4
Guwahati,2025-09-23,26.14,91.74,Assam,35,26,32,24,3
Guwahati,2025-09-24,26.14,91.74,Assam,36,27,32,24,4
Guwahati,2025-09-25,26.14,91.74,Assam,36,27,32,24,4
Guwahati,2025-09-26,26.14,91.74,Assam,27,27,32,24,-5
Guwahati,2025-09-27,26.14,91.74,Assam,31,28,32,24,-1
Guwahati,2025-09-28,26.14,91.74,Assam,34,24,32,24,2
Guwahati,2025-09-29,26.14,91.74,Assam,36,27,32,24,4
Guwahati,2025-09-30,26.14,91.74,Assam,36,26,32,24,4
Guwahati,2025-10-01,26.14,91.74,Assam,29,26,32,24,-3
Guwahati,2025-10-02,26.14,91.74,Assam,32,25,32,24,0
Guwahati,2025-10-03,26.14,91.74,Assam,33,25,32,24,1
Guwahati,2025-10-04,26.14,91.74,Assam,33,25,32,24,1
Guwahati,2025-10-05,26.14,91.74,Assam,31,26,32,24,-1
Guwahati,2025-10-06,26.14,91.74,Assam,30,23,32,24,-2
Guwahati,2025-10-07,26.14,91.74,Assam,32,24,32,24,0
Guwahati,2025-10-08,26.14,91.74,Assam,33,25,32,23,1
Guwahati,2025-10-09,26.14,91.74,Assam,35,24,32,23,3
Guwahati,2025-10-10,26.14,91.74,Assam,32,25,32,23,0
Guwahati,2025-10-11,26.14,91.74,Assam,30,23,32,23,-2
Guwahati,2025-10-12,26.14,91.74,Assam,32,24,32,23,0
Guwahati,2025-10-13,26.14,91.74,Assam,33,25,32,23,1
Guwahati,2025-10-14,26.14,91.74,Assam,34,24,32,23,2
Guwahati,2025-10-15,26.14,91.74,Assam,34,25,32,23,2
Guwahati,2025-10-16,26.14,91.74,Assam,34,25,32,23,2
Guwahati,2025-10-17,26.14,91.74,Assam,33,24,32,23,1
Guwahati,2025-10-18,26.14,91.74,Assam,34,23,31,22,3
Guwahati,2025-10-19,26.14,91.74,Assam,34,23,31,22,3
Guwahati,2025-10-20,26.14,91.74,Assam,34,23,31,22,3
Guwahati,2025-10-21,26.14,91.74,Assam,33,23,31,22,2
Guwahati,2025-10-22,26.14,91.74,Assam,34,23,31,22,3
Guwahati,2025-10-23,26.14,91.74,Assam,33,24,30,21,3
Guwahati,2025-10-24,26.14,91.74,Assam,33,23,30,21,3
Guwahati,2025-10-25,26.14,91.74,Assam,31,22,30,21,1
Guwahati,2025-10-26,26.14,91.74,Assam,32,23,30,21,2
Guwahati,2025-10-27,26.14,91.74,Assam,31,24,30,21,1
Guwahati,2025-10-28,26.14,91.74,Assam,32,23,30,20,2
Guwahati,2025-10-29,26.14,91.74,Assam,29,23,30,20,-1
Guwahati,2025-10-30,26.14,91.74,Assam,29,23,30,20,-1
Guwahati,2025-10-31,26.14,91.74,Assam,26,22,30,20,-4
Guwahati,2025-11-01,26.14,91.74,Assam,25,22,30,20,-5
Guwahati,2025-11-02,26.14,91.74,Assam,24,22,30,19,-6
Guwahati,2025-11-03,26.14,91.74,Assam,30,22,30,19,0
Guwahati,2025-11-04,26.14,91.74,Assam,31,22,30,19,1
Guwahati,2025-11-05,26.14,91.74,Assam,31,23,30,19,1
Guwahati,2025-11-06,26.14,91.74,Assam,30,23,30,19,0
Guwahati,2026-01-06,26.14,91.74,Assam,21,14,23,10,-2
Guwahati,2026-01-07,26.14,91.74,Assam,23,12,23,10,0
Guwahati,2026-01-08,26.14,91.74,Assam,24,11,23,10,1
Guwahati,2026-01-09,26.14,91.74,Assam,25,10,23,10,2
Guwahati,2026-01-10,26.14,91.74,Assam,26,12,23,10,3
Guwahati,2026-01-11,26.14,91.74,Assam,25,12,23,10,2
Guwahati,2026-01-12,26.14,91.74,Assam,26,12,23,10,3
Guwahati,2026-01-13,26.14,91.74,Assam,27,11,23,10,4
Guwahati,2026-01-14,26.14,91.74,Assam,26,12,23,10,3
Guwahati,2026-01-15,26.14,91.74,Assam,26,13,23,10,3
Guwahati,2026-01-16,26.14,91.74,Assam,26,13,23,10,3
Guwahati,2026-01-17,26.14,91.74,Assam,26,13,23,10,3
Guwahati,2026-01-18,26.14,91.74,Assam,27,13,23,10,4
Guwahati,2026-01-19,26.14,91.74,Assam,27,14,23,10,4
Guwahati,2026-01-20,26.14,91.74,Assam,26,14,23,10,3
Guwahati,2026-01-21,26.14,91.74,Assam,26,13,23,10,3
Guwahati,2026-01-22,26.14,91.74,Assam,27,14,23,10,4
Guwahati,2026-01-23,26.14,91.74,Assam,27,13,23,10,4
Guwahati,2026-01-24,26.14,91.74,Assam,28,13,23,10,5
Guwahati,2026-01-25,26.14,91.74,Assam,27,13,23,10,4
Guwahati,2026-01-26,26.14,91.74,Assam,27,13,24,11,3
Guwahati,2026-01-27,26.14,91.74,Assam,27,13,24,11,3
Guwahati,2026-01-28,26.14,91.74,Assam,28,13,24,11,4
Guwahati,2026-01-29,26.14,91.74,Assam,28,14,24,11,4
Guwahati,2026-01-30,26.14,91.74,Assam,27,14,24,11,3
Guwahati,2026-01-31,26.14,91.74,Assam,25,12,,,
Guwahati,2026-02-01,26.14,91.74,Assam,25,14,25,11,0
Guwahati,2026-02-02,26.14,91.74,Assam,26,13,25,11,1
Guwahati,2026-02-03,26.14,91.74,Assam,28,14,25,11,3
Guwahati,2026-02-04,26.14,91.74,Assam,28,13,25,11,3
Guwahati,2026-02-05,26.14,91.74,Assam,28,14,26,12,2
Guwahati,2026-02-06,26.14,91.74,Assam,28,12,26,12,2
Guwahati,2026-02-07,26.14,91.74,Assam,27,13,26,12,1
Guwahati,2026-02-08,26.14,91.74,Assam,27,14,26,12,1
Guwahati,2026-02-09,26.14,91.74,Assam,28,14,26,12,2
Guwahati,2026-02-10,26.14,91.74,Assam,28,13,27,12,1
Guwahati,2026-02-11,26.14,91.74,Assam,29,13,27,12,2
Guwahati,2026-02-12,26.14,91.74,Assam,29,14,27,12,2
Guwahati,2026-02-13,26.14,91.74,Assam,28,15,27,12,1
Guwahati,2026-02-14,26.14,91.74,Assam,28,15,27,12,1
Guwahati,2026-02-15,26.14,91.74,Assam,28,15,27,13,1
Guwahati,2026-02-16,26.14,91.74,Assam,28,15,27,13,1
Guwahati,2026-02-17,26.14,91.74,Assam,30,13,27,13,3
Guwahati,2026-02-18,26.14,91.74,Assam,31,14,27,13,4
Guwahati,2026-02-19,26.14,91.74,Assam,32,14,27,13,5
Guwahati,2026-02-20,26.14,91.74,Assam,31,15,27,13,4
Guwahati,2026-02-21,26.14,91.74,Assam,31,16,27,13,4
Guwahati,2026-02-25,26.14,91.74,Assam,31,15,28,14,3
Guwahati,2026-02-26,26.14,91.74,Assam,30,16,28,14,2
Guwahati,2026-02-27,26.14,91.74,Assam,30,17,28,14,2
Guwahati,2026-02-28,26.14,91.74,Assam,29,16,28,14,1
Guwahati,2026-03-01,26.14,91.74,Assam,26,18,28,14,-2
Guwahati,2026-03-02,26.14,91.74,Assam,28,17,29,14,-1
Guwahati,2026-03-03,26.14,91.74,Assam,30,17,29,14,1
Guwahati,2026-03-04,26.14,91.74,Assam,32,16,29,14,3
Guwahati,2026-03-05,26.14,91.74,Assam,32,16,29,14,3
Guwahati,2026-03-06,26.14,91.74,Assam,33,17,29,14,4
Guwahati,2026-03-07,26.14,91.74,Assam,34,18,30,15,4
Guwahati,2026-03-08,26.14,91.74,Assam,33,20,30,15,3
Guwahati,2026-03-09,26.14,91.74,Assam,31,23,30,15,1
Guwahati,2026-03-10,26.14,91.74,Assam,33,19,30,15,3
Guwahati,2026-03-11,26.14,91.74,Assam,33,21,30,15,3
Guwahati,2026-03-12,26.14,91.74,Assam,26,21,30,16,-4
Guwahati,2026-03-13,26.14,91.74,Assam,24,20,30,16,-6
Guwahati,2026-03-14,26.14,91.74,Assam,24,19,30,16,-6
Guwahati,2026-03-15,26.14,91.74,Assam,23,19,30,16,-7
Guwahati,2026-03-16,26.14,91.74,Assam,28,16,30,16,-2
Guwahati,2026-03-17,26.14,91.74,Assam,29,16,31,16,-2
Guwahati,2026-03-18,26.14,91.74,Assam,30,19,31,16,-1
Guwahati,2026-03-19,26.14,91.74,Assam,28,17,31,16,-3
Guwahati,2026-03-20,26.14,91.74,Assam,24,19,31,16,-7
Guwahati,2026-03-21,26.14,91.74,Assam,25,19,31,16,-6
Guwahati,2026-03-22,26.14,91.74,Assam,27,18,30,17,-3
Guwahati,2026-03-23,26.14,91.74,Assam,29,19,30,17,-1
Guwahati,2026-03-24,26.14,91.74,Assam,29,18,30,17,-1
Guwahati,2026-03-25,26.14,91.74,Assam,29,18,30,17,-1
Guwahati,2026-03-26,26.14,91.74,Assam,30,20,30,17,0
Guwahati,2026-03-27,26.14,91.74,Assam,30,18,30,18,0
Guwahati,2026-03-28,26.14,91.74,Assam,24,19,30,18,-6
Guwahati,2026-03-29,26.14,91.74,Assam,23,18,30,18,-7
Guwahati,2026-03-30,26.14,91.74,Assam,23,19,30,18,-7
Guwahati,2026-03-31,26.14,91.74,Assam,27,19,30,18,-3
Guwahati,2026-04-01,26.14,91.74,Assam,29,20,30,18,-1
Guwahati,2026-04-02,26.14,91.74,Assam,33,20,30,18,3
Guwahati,2026-04-03,26.14,91.74,Assam,31,21,30,18,1
Guwahati,2026-04-04,26.14,91.74,Assam,31,22,30,18,1
Guwahati,2026-04-05,26.14,91.74,Assam,34,22,30,18,4
Guwahati,2026-04-06,26.14,91.74,Assam,34,19,31,19,3
Guwahati,2026-04-07,26.14,91.74,Assam,31,19,31,19,0
Guwahati,2026-04-08,26.14,91.74,Assam,30,17,31,19,-1
Guwahati,2026-04-09,26.14,91.74,Assam,27,20,31,19,-4
Guwahati,2026-04-10,26.14,91.74,Assam,28,19,31,19,-3
Guwahati,2026-04-11,26.14,91.74,Assam,29,20,31,20,-2
Guwahati,2026-04-12,26.14,91.74,Assam,30,20,31,20,-1
Guwahati,2026-04-13,26.14,91.74,Assam,29,19,31,20,-2
Guwahati,2026-04-14,26.14,91.74,Assam,31,19,31,20,0
Guwahati,2026-04-16,26.14,91.74,Assam,30,20,31,20,-1
Guwahati,2026-04-17,26.14,91.74,Assam,33,22,31,20,2
Guwahati,2026-04-18,26.14,91.74,Assam,31,23,31,20,0
Guwahati,2026-04-19,26.14,91.74,Assam,28,20,31,20,-3
Guwahati,2026-04-20,26.14,91.74,Assam,31,21,31,20,0
Guwahati,2026-04-21,26.14,91.74,Assam,33,19,31,21,2
Guwahati,2026-04-22,26.14,91.74,Assam,32,21,31,21,1
Guwahati,2026-04-23,26.14,91.74,Assam,32,21,31,21,1
Guwahati,2026-04-24,26.14,91.74,Assam,34,24,31,21,3
Guwahati,2026-04-25,26.14,91.74,Assam,30,25,31,21,-1
Guwahati,2026-04-26,26.14,91.74,Assam,28,22,31,21,-3
Guwahati,2026-04-27,26.14,91.74,Assam,26,20,31,21,-5
Guwahati,2026-04-28,26.14,91.74,Assam,29,21,31,21,-2
Guwahati,2026-04-29,26.14,91.74,Assam,25,22,31,21,-6
Guwahati,2026-04-30,26.14,91.74,Assam,27,20,31,21,-4
Guwahati,2026-05-20,26.14,91.74,Assam,35,26,31,23,4
Guwahati,2026-05-21,26.14,91.74,Assam,32,26,32,23,0
Guwahati,2026-05-22,26.14,91.74,Assam,34,26,32,23,2
Guwahati,2026-05-23,26.14,91.74,Assam,31,25,32,23,-1
Guwahati,2026-05-24,26.14,91.74,Assam,31,22,32,23,-1
Guwahati,2026-05-25,26.14,91.74,Assam,29,22,32,23,-3
Guwahati,2026-05-26,26.14,91.74,Assam,31,23,32,23,-1
Guwahati,2026-05-27,26.14,91.74,Assam,30,25,32,23,-2
Guwahati,2026-05-28,26.14,91.74,Assam,30,23,32,23,-2
Guwahati,2026-05-29,26.14,91.74,Assam,35,23,32,23,3
Guwahati,2026-05-31,26.14,91.74,Assam,35,25,32,24,3
Guwahati,2026-06-01,26.14,91.74,Assam,36,25,32,24,4
Guwahati,2026-06-02,26.14,91.74,Assam,35,26,32,24,3
Guwahati,2026-06-03,26.14,91.74,Assam,35,26,32,24,3
Guwahati,2026-06-04,26.14,91.74,Assam,34,26,32,24,2
Guwahati,2026-06-05,26.14,91.74,Assam,32,23,32,24,0
Guwahati,2026-06-06,26.14,91.74,Assam,33,26,32,24,1
Guwahati,2026-06-07,26.14,91.74,Assam,35,26,32,24,3
Guwahati,2026-06-08,26.14,91.74,Assam,34,27,32,24,2
Guwahati,2026-06-09,26.14,91.74,Assam,32,26,32,24,0
Guwahati,2026-06-10,26.14,91.74,Assam,32,25,32,25,0
Guwahati,2026-06-11,26.14,91.74,Assam,32,26,32,25,0
Guwahati,2026-06-15,26.14,91.74,Assam,34,26,32,25,2
Guwahati,2026-06-16,26.14,91.74,Assam,34,26,32,25,2
Guwahati,2026-06-18,26.14,91.74,Assam,34,25,32,25,2
Guwahati,2026-06-19,26.14,91.74,Assam,32,26,32,25,0
Guwahati,2026-06-21,26.14,91.74,Assam,28,25,32,25,-4
Guwahati,2026-06-22,26.14,91.74,Assam,32,24,32,25,0
Guwahati,2026-06-23,26.14,91.74,Assam,31,25,32,25,-1
Guwahati,2026-06-24,26.14,91.74,Assam,34,26,32,25,2
Guwahati,2026-06-25,26.14,91.74,Assam,34,24,32,25,2
Guwahati,2026-06-27,26.14,91.74,Assam,34,27,32,25,2
Guwahati,2026-06-28,26.14,91.74,Assam,32,27,32,25,0
Guwahati,2026-06-30,26.14,91.74,Assam,35,27,32,25,3
Guwahati,2026-07-01,26.14,91.74,Assam,34,27,32,25,2
Guwahati,2026-07-02,26.14,91.74,Assam,35,26,32,25,3
Guwahati,2026-07-03,26.14,91.74,Assam,34,27,32,25,2
Guwahati,2026-07-04,26.14,91.74,Assam,37,27,32,25,5
Guwahati,2026-07-05,26.14,91.74,Assam,35,25,32,26,3
Guwahati,2026-07-06,26.14,91.74,Assam,34,26,32,26,2
Guwahati,2026-07-07,26.14,91.74,Assam,32,27,32,26,0
Guwahati,2026-07-08,26.14,91.74,Assam,33,26,32,26,1
Guwahati,2026-07-09,26.14,91.74,Assam,32,26,32,26,0
Guwahati,2026-07-10,26.14,91.74,Assam,33,25,32,25,1
Guwahati,2026-07-11,26.14,91.74,Assam,33,27,32,25,1
Guwahati,2026-07-12,26.14,91.74,Assam,33,26,32,25,1
Guwahati,2026-07-13,26.14,91.74,Assam,32,26,32,25,0
Guwahati,2026-07-14,26.14,91.74,Assam,35,26,32,25,3
Guwahati,2026-07-15,26.14,91.74,Assam,33,27,32,25,1
Guwahati,2026-07-16,26.14,91.74,Assam,35,26,32,25,3
Guwahati,2026-07-19,26.14,91.74,Assam,30,26,32,25,-2
Guwahati,2026-07-20,26.14,91.74,Assam,28,25,32,25,-4
Guwahati,2026-07-21,26.14,91.74,Assam,34,25,32,25,2
Guwahati,2026-07-22,26.14,91.74,Assam,32,26,32,25,0
Guwahati,2026-07-24,26.14,91.74,Assam,34,26,32,25,2
Guwahati,2026-07-25,26.14,91.74,Assam,36,26,33,25,3
Guwahati,2026-07-26,26.14,91.74,Assam,34,27,33,25,1
Guwahati,2026-07-27,26.14,91.74,Assam,34,26,33,25,1
Patna,2025-05-06,25.59,85.14,Bihar,31,22,38,25,-7
Patna,2025-05-07,25.59,85.14,Bihar,36,25,38,25,-2
Patna,2025-05-08,25.59,85.14,Bihar,38,25,38,25,0
Patna,2025-05-09,25.59,85.14,Bihar,39,28,38,25,1
Patna,2025-05-10,25.59,85.14,Bihar,42,29,38,25,4
Patna,2025-05-11,25.59,85.14,Bihar,41,29,38,25,3
Patna,2025-05-12,25.59,85.14,Bihar,39,30,38,25,1
Patna,2025-05-13,25.59,85.14,Bihar,38,26,38,25,0
Patna,2025-05-14,25.59,85.14,Bihar,41,28,38,25,3
Patna,2025-05-15,25.59,85.14,Bihar,41,28,38,25,3
Patna,2025-05-16,25.59,85.14,Bihar,38,27,38,26,0
Patna,2025-05-17,25.59,85.14,Bihar,36,26,38,26,-2
Patna,2025-05-18,25.59,85.14,Bihar,34,26,38,26,-4
Patna,2025-05-19,25.59,85.14,Bihar,33,26,38,26,-5
Patna,2025-05-20,25.59,85.14,Bihar,37,26,38,26,-1
Patna,2025-05-21,25.59,85.14,Bihar,35,27,38,26,-3
Patna,2025-05-22,25.59,85.14,Bihar,35,26,38,26,-3
Patna,2025-05-23,25.59,85.14,Bihar,36,28,38,26,-2
Patna,2025-05-24,25.59,85.14,Bihar,32,27,38,26,-6
Patna,2025-05-25,25.59,85.14,Bihar,35,28,38,26,-3
Patna,2025-05-26,25.59,85.14,Bihar,35,28,38,26,-3
Patna,2025-05-27,25.59,85.14,Bihar,35,28,38,26,-3
Patna,2025-05-28,25.59,85.14,Bihar,37,29,38,26,-1
Patna,2025-05-29,25.59,85.14,Bihar,38,31,38,26,0
Patna,2025-05-30,25.59,85.14,Bihar,39,28,38,26,1
Patna,2025-05-31,25.59,85.14,Bihar,39,31,39,26,0
Patna,2025-06-01,25.59,85.14,Bihar,41,30,39,26,2
Patna,2025-06-02,25.59,85.14,Bihar,40,29,39,26,1
Patna,2025-06-03,25.59,85.14,Bihar,36,28,39,26,-3
Patna,2025-06-04,25.59,85.14,Bihar,34,28,39,26,-5
Patna,2025-06-05,25.59,85.14,Bihar,36,26,37,26,-1
Patna,2025-06-06,25.59,85.14,Bihar,35,26,37,26,-2
Patna,2025-06-07,25.59,85.14,Bihar,39,27,37,26,2
Patna,2025-06-08,25.59,85.14,Bihar,40,30,37,26,3
Patna,2025-06-09,25.59,85.14,Bihar,40,31,37,26,3
Patna,2025-06-10,25.59,85.14,Bihar,40,31,37,27,3
Patna,2025-06-11,25.59,85.14,Bihar,41,31,37,27,4
Patna,2025-06-12,25.59,85.14,Bihar,40,32,37,27,3
Patna,2025-06-13,25.59,85.14,Bihar,40,32,37,27,3
Patna,2025-06-14,25.59,85.14,Bihar,42,32,37,27,5
Patna,2025-06-15,25.59,85.14,Bihar,39,32,37,27,2
Patna,2025-06-16,25.59,85.14,Bihar,39,31,37,27,2
Patna,2025-06-17,25.59,85.14,Bihar,38,29,37,27,1
Patna,2025-06-18,25.59,85.14,Bihar,36,29,37,27,-1
Patna,2025-06-19,25.59,85.14,Bihar,34,28,37,27,-3
Patna,2025-06-20,25.59,85.14,Bihar,31,26,35,27,-4
Patna,2025-06-21,25.59,85.14,Bihar,32,27,35,27,-3
Patna,2025-06-22,25.59,85.14,Bihar,35,27,35,27,0
Patna,2025-06-23,25.59,85.14,Bihar,33,28,35,27,-2
Patna,2025-06-24,25.59,85.14,Bihar,34,28,35,27,-1
Patna,2025-06-25,25.59,85.14,Bihar,34,28,35,27,-1
Patna,2025-06-26,25.59,85.14,Bihar,35,28,35,27,0
Patna,2025-06-27,25.59,85.14,Bihar,34,28,35,27,-1
Patna,2025-06-28,25.59,85.14,Bihar,36,28,35,27,1
Patna,2025-06-29,25.59,85.14,Bihar,35,29,35,27,0
Patna,2025-06-30,25.59,85.14,Bihar,35,28,34,27,1
Patna,2025-07-01,25.59,85.14,Bihar,34,26,34,27,0
Patna,2025-07-02,25.59,85.14,Bihar,34,27,34,27,0
Patna,2025-07-03,25.59,85.14,Bihar,34,28,34,27,0
Patna,2025-07-04,25.59,85.14,Bihar,36,28,34,27,2
Patna,2025-07-05,25.59,85.14,Bihar,34,28,34,27,0
Patna,2025-07-06,25.59,85.14,Bihar,35,28,34,27,1
Patna,2025-07-07,25.59,85.14,Bihar,36,29,34,27,2
Patna,2025-07-08,25.59,85.14,Bihar,36,29,34,27,2
Patna,2025-07-09,25.59,85.14,Bihar,34,28,34,27,0
Patna,2025-07-10,25.59,85.14,Bihar,31,26,33,26,-2
Patna,2025-07-11,25.59,85.14,Bihar,35,27,33,26,2
Patna,2025-07-12,25.59,85.14,Bihar,37,29,33,26,4
Patna,2025-07-13,25.59,85.14,Bihar,38,29,33,26,5
Patna,2025-07-14,25.59,85.14,Bihar,35,29,33,26,2
Patna,2025-07-15,25.59,85.14,Bihar,32,26,33,27,-1
Patna,2025-07-16,25.59,85.14,Bihar,29,26,33,27,-4
Patna,2025-07-17,25.59,85.14,Bihar,34,26,33,27,1
Patna,2025-07-18,25.59,85.14,Bihar,36,27,33,27,3
Patna,2025-07-19,25.59,85.14,Bihar,36,28,33,27,3
Patna,2025-07-20,25.59,85.14,Bihar,32,29,33,27,-1
Patna,2025-07-21,25.59,85.14,Bihar,35,28,33,27,2
Patna,2025-07-22,25.59,85.14,Bihar,36,29,33,27,3
Patna,2025-07-23,25.59,85.14,Bihar,37,30,33,27,4
Patna,2025-07-24,25.59,85.14,Bihar,37,29,33,27,4
Patna,2025-07-25,25.59,85.14,Bihar,33,27,34,27,-1
Patna,2025-07-26,25.59,85.14,Bihar,33,28,34,27,-1
Patna,2025-07-27,25.59,85.14,Bihar,33,27,34,27,-1
Patna,2025-07-28,25.59,85.14,Bihar,29,27,34,27,-5
Patna,2025-07-29,25.59,85.14,Bihar,30,26,34,27,-4
Patna,2025-07-30,25.59,85.14,Bihar,34,27,34,27,0
Patna,2025-07-31,25.59,85.14,Bihar,34,27,34,27,0
Patna,2025-08-01,25.59,85.14,Bihar,33,26,34,27,-1
Patna,2025-08-02,25.59,85.14,Bihar,30,27,34,27,-4
Patna,2025-08-03,25.59,85.14,Bihar,28,26,34,27,-6
Patna,2025-08-05,25.59,85.14,Bihar,33,25,34,27,-1
Patna,2025-08-06,25.59,85.14,Bihar,33,27,34,27,-1
Patna,2025-08-07,25.59,85.14,Bihar,33,28,34,27,-1
Patna,2025-08-08,25.59,85.14,Bihar,32,27,34,27,-2
Patna,2025-08-09,25.59,85.14,Bihar,32,26,33,27,-1
Patna,2025-08-10,25.59,85.14,Bihar,33,26,33,27,0
Patna,2025-08-11,25.59,85.14,Bihar,33,28,33,27,0
Patna,2025-08-12,25.59,85.14,Bihar,34,28,33,27,1
Patna,2025-08-13,25.59,85.14,Bihar,28,26,33,27,-5
Patna,2025-08-14,25.59,85.14,Bihar,33,26,32,26,1
Patna,2025-08-15,25.59,85.14,Bihar,35,28,32,26,3
Patna,2025-08-16,25.59,85.14,Bihar,35,29,32,26,3
Patna,2025-08-17,25.59,85.14,Bihar,36,30,32,26,4
Patna,2025-08-18,25.59,85.14,Bihar,35,27,32,26,3
Patna,2025-08-19,25.59,85.14,Bihar,34,28,33,26,1
Patna,2025-08-20,25.59,85.14,Bihar,35,27,33,26,2
Patna,2025-08-21,25.59,85.14,Bihar,34,27,33,26,1
Patna,2025-08-22,25.59,85.14,Bihar,33,29,33,26,0
Patna,2025-08-23,25.59,85.14,Bihar,31,26,33,26,-2
Patna,2025-08-24,25.59,85.14,Bihar,32,27,33,27,-1
Patna,2025-08-25,25.59,85.14,Bihar,32,26,33,27,-1
Patna,2025-08-26,25.59,85.14,Bihar,34,28,33,27,1
Patna,2025-08-27,25.59,85.14,Bihar,35,29,33,27,2
Patna,2025-08-28,25.59,85.14,Bihar,34,28,33,27,1
Patna,2025-08-29,25.59,85.14,Bihar,34,29,33,26,1
Patna,2025-08-30,25.59,85.14,Bihar,35,29,33,26,2
Patna,2025-08-31,25.59,85.14,Bihar,34,29,33,26,1
Patna,2025-09-01,25.59,85.14,Bihar,36,29,33,26,3
Patna,2025-09-02,25.59,85.14,Bihar,34,30,33,26,1
Patna,2025-09-03,25.59,85.14,Bihar,34,27,33,26,1
Patna,2025-09-04,25.59,85.14,Bihar,34,28,33,26,1
Patna,2025-09-05,25.59,85.14,Bihar,37,28,33,26,4
Patna,2025-09-06,25.59,85.14,Bihar,37,29,33,26,4
Patna,2025-09-07,25.59,85.14,Bihar,36,28,33,26,3
Patna,2025-09-08,25.59,85.14,Bihar,35,28,33,26,2
Patna,2025-09-09,25.59,85.14,Bihar,32,27,33,26,-1
Patna,2025-09-10,25.59,85.14,Bihar,33,29,33,26,0
Patna,2025-09-11,25.59,85.14,Bihar,29,27,33,26,-4
Patna,2025-09-12,25.59,85.14,Bihar,34,27,33,26,1
Patna,2025-09-13,25.59,85.14,Bihar,35,28,33,26,2
Patna,2025-09-14,25.59,85.14,Bihar,32,27,33,26,-1
Patna,2025-09-15,25.59,85.14,Bihar,31,26,33,26,-2
Patna,2025-09-16,25.59,85.14,Bihar,28,26,33,26,-5
Patna,2025-09-17,25.59,85.14,Bihar,31,27,33,26,-2
Patna,2025-09-18,25.59,85.14,Bihar,32,27,33,26,-1
Patna,2025-09-19,25.59,85.14,Bihar,33,28,33,26,0
Patna,2025-09-20,25.59,85.14,Bihar,32,26,33,26,-1
Patna,2025-09-21,25.59,85.14,Bihar,33,26,33,26,0
Patna,2025-09-22,25.59,85.14,Bihar,34,28,33,26,1
Patna,2025-09-23,25.59,85.14,Bihar,34,29,32,25,2
Patna,2025-09-24,25.59,85.14,Bihar,35,28,32,25,3
Patna,2025-09-25,25.59,85.14,Bihar,35,28,32,25,3
Patna,2025-09-26,25.59,85.14,Bihar,35,29,32,25,3
Patna,2025-09-27,25.59,85.14,Bihar,34,27,32,25,2
Patna,2025-09-28,25.59,85.14,Bihar,35,28,32,25,3
Patna,2025-09-29,25.59,85.14,Bihar,36,29,32,25,4
Patna,2025-09-30,25.59,85.14,Bihar,35,29,32,25,3
Patna,2025-10-01,25.59,85.14,Bihar,33,28,32,25,1
Patna,2025-10-02,25.59,85.14,Bihar,30,26,32,25,-2
Patna,2025-10-03,25.59,85.14,Bihar,29,24,33,24,-4
Patna,2025-10-04,25.59,85.14,Bihar,28,26,33,24,-5
Patna,2025-10-05,25.59,85.14,Bihar,29,23,33,24,-4
Patna,2025-10-06,25.59,85.14,Bihar,30,24,33,24,-3
Patna,2025-10-07,25.59,85.14,Bihar,32,25,33,24,-1
Patna,2025-10-08,25.59,85.14,Bihar,33,26,33,24,0
Patna,2025-10-09,25.59,85.14,Bihar,33,27,33,24,0
Patna,2025-10-10,25.59,85.14,Bihar,32,25,33,24,-1
Patna,2025-10-11,25.59,85.14,Bihar,32,24,33,24,-1
Patna,2025-10-12,25.59,85.14,Bihar,32,23,33,24,-1
Patna,2025-10-13,25.59,85.14,Bihar,31,24,33,23,-2
Patna,2025-10-14,25.59,85.14,Bihar,32,24,33,23,-1
Patna,2025-10-15,25.59,85.14,Bihar,32,23,33,23,-1
Patna,2025-10-16,25.59,85.14,Bihar,32,22,33,23,-1
Patna,2025-10-17,25.59,85.14,Bihar,32,24,33,23,-1
Patna,2025-10-18,25.59,85.14,Bihar,33,23,31,21,2
Patna,2025-10-19,25.59,85.14,Bihar,33,23,31,21,2
Patna,2025-10-20,25.59,85.14,Bihar,34,25,31,21,3
Patna,2025-10-21,25.59,85.14,Bihar,34,25,31,21,3
Patna,2025-10-22,25.59,85.14,Bihar,33,25,31,21,2
Patna,2025-10-23,25.59,85.14,Bihar,32,26,31,20,1
Patna,2025-10-24,25.59,85.14,Bihar,34,24,31,20,3
Patna,2025-10-25,25.59,85.14,Bihar,34,25,31,20,3
Patna,2025-10-26,25.59,85.14,Bihar,34,26,31,20,3
Patna,2025-10-27,25.59,85.14,Bihar,33,26,31,20,2
Patna,2025-10-28,25.59,85.14,Bihar,32,26,31,19,1
Patna,2025-10-29,25.59,85.14,Bihar,29,26,31,19,-2
Patna,2025-10-30,25.59,85.14,Bihar,25,23,31,19,-6
Patna,2025-10-31,25.59,85.14,Bihar,24,22,31,19,-7
Patna,2025-11-01,25.59,85.14,Bihar,24,22,31,19,-7
Patna,2025-11-02,25.59,85.14,Bihar,29,23,31,18,-2
Patna,2025-11-03,25.59,85.14,Bihar,29,22,31,18,-2
Patna,2025-11-04,25.59,85.14,Bihar,30,21,31,18,-1
Patna,2025-11-05,25.59,85.14,Bihar,31,21,31,18,0
Patna,2025-11-06,25.59,85.14,Bihar,31,21,31,18,0
Patna,2026-01-06,25.59,85.14,Bihar,19,8,21,8,-2
Patna,2026-01-07,25.59,85.14,Bihar,16,9,21,8,-5
Patna,2026-01-08,25.59,85.14,Bihar,22,9,21,8,1
Patna,2026-01-09,25.59,85.14,Bihar,15,9,21,8,-6
Patna,2026-01-10,25.59,85.14,Bihar,17,8,21,8,-4
Patna,2026-01-11,25.59,85.14,Bihar,22,7,21,8,1
Patna,2026-01-12,25.59,85.14,Bihar,22,10,21,8,1
Patna,2026-01-13,25.59,85.14,Bihar,21,10,21,8,0
Patna,2026-01-14,25.59,85.14,Bihar,21,10,21,8,0
Patna,2026-01-15,25.59,85.14,Bihar,22,10,21,8,1
Patna,2026-01-16,25.59,85.14,Bihar,22,10,22,8,0
Patna,2026-01-17,25.59,85.14,Bihar,22,10,22,8,0
Patna,2026-01-18,25.59,85.14,Bihar,23,9,22,8,1
Patna,2026-01-19,25.59,85.14,Bihar,24,11,22,8,2
Patna,2026-01-20,25.59,85.14,Bihar,24,13,22,8,2
Patna,2026-01-21,25.59,85.14,Bihar,25,13,22,9,3
Patna,2026-01-22,25.59,85.14,Bihar,24,13,22,9,2
Patna,2026-01-23,25.59,85.14,Bihar,25,12,22,9,3
Patna,2026-01-24,25.59,85.14,Bihar,25,13,22,9,3
Patna,2026-01-25,25.59,85.14,Bihar,24,15,22,9,2
Patna,2026-01-26,25.59,85.14,Bihar,24,14,23,10,1
Patna,2026-01-27,25.59,85.14,Bihar,23,13,23,10,0
Patna,2026-01-28,25.59,85.14,Bihar,22,14,23,10,-1
Patna,2026-01-29,25.59,85.14,Bihar,24,14,23,10,1
Patna,2026-01-30,25.59,85.14,Bihar,21,14,23,10,-2
Patna,2026-01-31,25.59,85.14,Bihar,22,12,,,
Patna,2026-02-01,25.59,85.14,Bihar,21,13,23,10,-2
Patna,2026-02-02,25.59,85.14,Bihar,23,12,23,10,0
Patna,2026-02-03,25.59,85.14,Bihar,26,15,23,10,3
Patna,2026-02-04,25.59,85.14,Bihar,24,14,23,10,1
Patna,2026-02-05,25.59,85.14,Bihar,24,14,24,11,0
Patna,2026-02-06,25.59,85.14,Bihar,23,12,24,11,-1
Patna,2026-02-07,25.59,85.14,Bihar,25,13,24,11,1
Patna,2026-02-08,25.59,85.14,Bihar,25,13,24,11,1
Patna,2026-02-09,25.59,85.14,Bihar,25,14,24,11,1
Patna,2026-02-10,25.59,85.14,Bihar,25,13,25,12,0
Patna,2026-02-11,25.59,85.14,Bihar,26,13,25,12,1
Patna,2026-02-12,25.59,85.14,Bihar,27,14,25,12,2
Patna,2026-02-13,25.59,85.14,Bihar,26,15,25,12,1
Patna,2026-02-14,25.59,85.14,Bihar,25,14,25,12,0
Patna,2026-02-15,25.59,85.14,Bihar,26,14,27,12,-1
Patna,2026-02-16,25.59,85.14,Bihar,27,15,27,12,0
Patna,2026-02-17,25.59,85.14,Bihar,28,16,27,12,1
Patna,2026-02-18,25.59,85.14,Bihar,29,16,27,12,2
Patna,2026-02-19,25.59,85.14,Bihar,29,16,27,12,2
Patna,2026-02-20,25.59,85.14,Bihar,29,17,27,13,2
Patna,2026-02-21,25.59,85.14,Bihar,29,18,27,13,2
Patna,2026-02-25,25.59,85.14,Bihar,29,18,28,14,1
Patna,2026-02-26,25.59,85.14,Bihar,29,17,28,14,1
Patna,2026-02-27,25.59,85.14,Bihar,30,16,28,14,2
Patna,2026-02-28,25.59,85.14,Bihar,32,17,28,14,4
Patna,2026-03-01,25.59,85.14,Bihar,31,19,28,14,3
Patna,2026-03-02,25.59,85.14,Bihar,31,18,29,14,2
Patna,2026-03-03,25.59,85.14,Bihar,31,18,29,14,2
Patna,2026-03-04,25.59,85.14,Bihar,31,18,29,14,2
Patna,2026-03-05,25.59,85.14,Bihar,31,20,29,14,2
Patna,2026-03-06,25.59,85.14,Bihar,32,20,29,14,3
Patna,2026-03-07,25.59,85.14,Bihar,33,20,30,15,3
Patna,2026-03-08,25.59,85.14,Bihar,32,23,30,15,2
Patna,2026-03-09,25.59,85.14,Bihar,31,23,30,15,1
Patna,2026-03-10,25.59,85.14,Bihar,32,24,30,15,2
Patna,2026-03-11,25.59,85.14,Bihar,32,24,30,15,2
Patna,2026-03-12,25.59,85.14,Bihar,34,24,31,16,3
Patna,2026-03-13,25.59,85.14,Bihar,34,22,31,16,3
Patna,2026-03-14,25.59,85.14,Bihar,34,22,31,16,3
Patna,2026-03-15,25.59,85.14,Bihar,33,22,31,16,2
Patna,2026-03-16,25.59,85.14,Bihar,35,22,31,16,4
Patna,2026-03-17,25.59,85.14,Bihar,35,22,33,17,2
Patna,2026-03-18,25.59,85.14,Bihar,33,23,33,17,0
Patna,2026-03-19,25.59,85.14,Bihar,34,23,33,17,1
Patna,2026-03-20,25.59,85.14,Bihar,33,24,33,17,0
Patna,2026-03-21,25.59,85.14,Bihar,24,18,33,17,-9
Patna,2026-03-22,25.59,85.14,Bihar,26,17,34,18,-8
Patna,2026-03-23,25.59,85.14,Bihar,32,20,34,18,-2
Patna,2026-03-24,25.59,85.14,Bihar,33,20,34,18,-1
Patna,2026-03-25,25.59,85.14,Bihar,34,21,34,18,0
Patna,2026-03-26,25.59,85.14,Bihar,35,21,34,18,1
Patna,2026-03-27,25.59,85.14,Bihar,36,20,34,19,2
Patna,2026-03-28,25.59,85.14,Bihar,30,20,34,19,-4
Patna,2026-03-29,25.59,85.14,Bihar,33,21,34,19,-1
Patna,2026-03-30,25.59,85.14,Bihar,33,22,34,19,-1
Patna,2026-03-31,25.59,85.14,Bihar,33,23,34,19,-1
Patna,2026-04-01,25.59,85.14,Bihar,33,24,36,19,-3
Patna,2026-04-02,25.59,85.14,Bihar,37,23,36,19,1
Patna,2026-04-03,25.59,85.14,Bihar,39,25,36,19,3
Patna,2026-04-04,25.59,85.14,Bihar,37,25,36,19,1
Patna,2026-04-05,25.59,85.14,Bihar,35,24,36,19,-1
Patna,2026-04-06,25.59,85.14,Bihar,34,23,37,21,-3
Patna,2026-04-07,25.59,85.14,Bihar,35,22,37,21,-2
Patna,2026-04-08,25.59,85.14,Bihar,29,24,37,21,-8
Patna,2026-04-09,25.59,85.14,Bihar,31,21,37,21,-6
Patna,2026-04-10,25.59,85.14,Bihar,33,21,37,21,-4
Patna,2026-04-11,25.59,85.14,Bihar,35,21,37,21,-2
Patna,2026-04-12,25.59,85.14,Bihar,37,23,37,21,0
Patna,2026-04-13,25.59,85.14,Bihar,37,24,37,21,0
Patna,2026-04-14,25.59,85.14,Bihar,37,23,37,21,0
Patna,2026-04-16,25.59,85.14,Bihar,36,25,37,22,-1
Patna,2026-04-17,25.59,85.14,Bihar,36,23,37,22,-1
Patna,2026-04-18,25.59,85.14,Bihar,39,27,37,22,2
Patna,2026-04-19,25.59,85.14,Bihar,39,25,37,22,2
Patna,2026-04-20,25.59,85.14,Bihar,40,26,37,22,3
Patna,2026-04-21,25.59,85.14,Bihar,41,27,37,23,4
Patna,2026-04-22,25.59,85.14,Bihar,41,27,37,23,4
Patna,2026-04-23,25.59,85.14,Bihar,41,27,37,23,4
Patna,2026-04-24,25.59,85.14,Bihar,40,27,37,23,3
Patna,2026-04-25,25.59,85.14,Bihar,40,27,37,23,3
Patna,2026-04-26,25.59,85.14,Bihar,34,27,37,23,-3
Patna,2026-04-27,25.59,85.14,Bihar,33,24,37,23,-4
Patna,2026-04-28,25.59,85.14,Bihar,35,23,37,23,-2
Patna,2026-04-29,25.59,85.14,Bihar,36,24,37,23,-1
Patna,2026-04-30,25.59,85.14,Bihar,29,19,37,23,-8
Patna,2026-05-01,25.59,85.14,Bihar,28,22,36,24,-8
Patna,2026-05-03,25.59,85.14,Bihar,29,23,36,24,-7
Patna,2026-05-04,25.59,85.14,Bihar,33,24,36,24,-3
Patna,2026-05-05,25.59,85.14,Bihar,30,19,36,24,-6
Patna,2026-05-06,25.59,85.14,Bihar,30,24,37,24,-7
Patna,2026-05-07,25.59,85.14,Bihar,32,19,37,24,-5
Patna,2026-05-08,25.59,85.14,Bihar,33,23,37,24,-4
Patna,2026-05-09,25.59,85.14,Bihar,32,21,37,24,-5
Patna,2026-05-10,25.59,85.14,Bihar,33,23,37,24,-4
Patna,2026-05-12,25.59,85.14,Bihar,34,27,37,25,-3
Patna,2026-05-13,25.59,85.14,Bihar,35,25,37,25,-2
Patna,2026-05-14,25.59,85.14,Bihar,33,23,37,25,-4
Patna,2026-05-16,25.59,85.14,Bihar,39,26,37,25,2
Patna,2026-05-20,25.59,85.14,Bihar,38,28,37,25,1
Patna,2026-05-21,25.59,85.14,Bihar,40,29,37,25,3
Patna,2026-05-22,25.59,85.14,Bihar,38,28,37,25,1
Patna,2026-05-23,25.59,85.14,Bihar,41,28,37,25,4
Patna,2026-05-24,25.59,85.14,Bihar,41,28,37,25,4
Patna,2026-05-25,25.59,85.14,Bihar,38,28,37,25,1
Patna,2026-05-26,25.59,85.14,Bihar,38,25,37,25,1
Patna,2026-05-27,25.59,85.14,Bihar,35,25,37,25,-2
Patna,2026-05-28,25.59,85.14,Bihar,34,26,37,25,-3
Patna,2026-05-29,25.59,85.14,Bihar,26,21,37,25,-11
Patna,2026-05-31,25.59,85.14,Bihar,36,27,38,26,-2
Patna,2026-06-01,25.59,85.14,Bihar,37,27,38,26,-1
Patna,2026-06-02,25.59,85.14,Bihar,39,28,38,26,1
Patna,2026-06-03,25.59,85.14,Bihar,39,29,38,26,1
Patna,2026-06-04,25.59,85.14,Bihar,40,29,38,26,2
Patna,2026-06-05,25.59,85.14,Bihar,38,30,36,26,2
Patna,2026-06-06,25.59,85.14,Bihar,37,26,36,26,1
Patna,2026-06-07,25.59,85.14,Bihar,38,27,36,26,2
Patna,2026-06-08,25.59,85.14,Bihar,41,30,36,26,5
Patna,2026-06-09,25.59,85.14,Bihar,41,29,36,26,5
Patna,2026-06-10,25.59,85.14,Bihar,38,28,37,27,1
Patna,2026-06-11,25.59,85.14,Bihar,29,22,37,27,-8
Patna,2026-06-15,25.59,85.14,Bihar,40,29,36,27,4
Patna,2026-06-16,25.59,85.14,Bihar,40,30,36,27,4
Patna,2026-06-18,25.59,85.14,Bihar,40,30,36,27,4
Patna,2026-06-19,25.59,85.14,Bihar,40,30,36,27,4
Patna,2026-06-21,25.59,85.14,Bihar,40,30,35,26,5
Patna,2026-06-22,25.59,85.14,Bihar,36,26,35,26,1
Patna,2026-06-23,25.59,85.14,Bihar,39,27,35,26,4
Patna,2026-06-24,25.59,85.14,Bihar,40,27,35,26,5
Patna,2026-06-25,25.59,85.14,Bihar,40,30,34,26,6
Patna,2026-06-27,25.59,85.14,Bihar,39,30,34,26,5
Patna,2026-06-28,25.59,85.14,Bihar,39,28,34,26,5
Patna,2026-06-30,25.59,85.14,Bihar,32,28,33,26,-1
Patna,2026-07-01,25.59,85.14,Bihar,36,28,33,26,3
Patna,2026-07-02,25.59,85.14,Bihar,35,28,33,26,2
Patna,2026-07-03,25.59,85.14,Bihar,37,29,33,26,4
Patna,2026-07-04,25.59,85.14,Bihar,38,30,33,26,5
Patna,2026-07-05,25.59,85.14,Bihar,35,30,33,26,2
Patna,2026-07-06,25.59,85.14,Bihar,34,28,33,26,1
Patna,2026-07-07,25.59,85.14,Bihar,31,27,33,26,-2
Patna,2026-07-08,25.59,85.14,Bihar,35,27,33,26,2
Patna,2026-07-10,25.59,85.14,Bihar,33,27,33,26,0
Patna,2026-07-11,25.59,85.14,Bihar,33,27,33,26,0
Patna,2026-07-12,25.59,85.14,Bihar,34,27,33,26,1
Patna,2026-07-14,25.59,85.14,Bihar,35,25,33,26,2
Patna,2026-07-15,25.59,85.14,Bihar,35,28,33,26,2
Patna,2026-07-16,25.59,85.14,Bihar,37,29,33,26,4
Patna,2026-07-19,25.59,85.14,Bihar,32,26,33,26,-1
Patna,2026-07-20,25.59,85.14,Bihar,29,26,32,26,-3
Patna,2026-07-22,25.59,85.14,Bihar,33,26,32,26,1
Patna,2026-07-23,25.59,85.14,Bihar,32,26,32,26,0
Patna,2026-07-24,25.59,85.14,Bihar,31,26,32,26,-1
Patna,2026-07-25,25.59,85.14,Bihar,35,26,33,26,2
Patna,2026-07-26,25.59,85.14,Bihar,36,28,33,26,3
Patna,2026-07-27,25.59,85.14,Bihar,36,28,33,26,3
Raipur,2025-05-07,21.25,81.64,Chhattisgarh,39,26,41,27,-2
Raipur,2025-05-06,21.25,81.64,Chhattisgarh,39,25,41,27,-2
Raipur,2025-05-08,21.25,81.64,Chhattisgarh,39,26,41,27,-2
Raipur,2025-05-09,21.25,81.64,Chhattisgarh,39,26,41,27,-2
Raipur,2025-05-10,21.25,81.64,Chhattisgarh,41,27,41,27,0
Raipur,2025-05-11,21.25,81.64,Chhattisgarh,41,29,42,28,-1
Raipur,2025-05-12,21.25,81.64,Chhattisgarh,41,29,42,28,-1
Raipur,2025-05-13,21.25,81.64,Chhattisgarh,42,31,42,28,0
Raipur,2025-05-14,21.25,81.64,Chhattisgarh,41,29,42,28,-1
Raipur,2025-05-15,21.25,81.64,Chhattisgarh,41,30,42,28,-1
Raipur,2025-05-16,21.25,81.64,Chhattisgarh,41,28,42,28,-1
Raipur,2025-05-17,21.25,81.64,Chhattisgarh,39,27,42,28,-3
Raipur,2025-05-18,21.25,81.64,Chhattisgarh,37,25,42,28,-5
Raipur,2025-05-19,21.25,81.64,Chhattisgarh,41,28,42,28,-1
Raipur,2025-05-20,21.25,81.64,Chhattisgarh,41,29,42,28,-1
Raipur,2025-05-21,21.25,81.64,Chhattisgarh,41,30,43,29,-2
Raipur,2025-05-22,21.25,81.64,Chhattisgarh,33,23,43,29,-10
Raipur,2025-05-23,21.25,81.64,Chhattisgarh,35,26,43,29,-8
Raipur,2025-05-24,21.25,81.64,Chhattisgarh,32,27,43,29,-11
Raipur,2025-05-25,21.25,81.64,Chhattisgarh,35,26,43,29,-8
Raipur,2025-05-26,21.25,81.64,Chhattisgarh,34,26,42,28,-8
Raipur,2025-05-27,21.25,81.64,Chhattisgarh,36,27,42,28,-6
Raipur,2025-05-28,21.25,81.64,Chhattisgarh,36,25,42,28,-6
Raipur,2025-05-29,21.25,81.64,Chhattisgarh,38,26,42,28,-4
Raipur,2025-05-30,21.25,81.64,Chhattisgarh,38,26,42,28,-4
Raipur,2025-05-31,21.25,81.64,Chhattisgarh,31,25,42,29,-11
Raipur,2025-06-01,21.25,81.64,Chhattisgarh,37,26,42,29,-5
Raipur,2025-06-02,21.25,81.64,Chhattisgarh,38,25,42,29,-4
Raipur,2025-06-03,21.25,81.64,Chhattisgarh,28,27,42,29,-14
Raipur,2025-06-04,21.25,81.64,Chhattisgarh,38,27,42,29,-4
Raipur,2025-06-05,21.25,81.64,Chhattisgarh,38,28,41,28,-3
Raipur,2025-06-06,21.25,81.64,Chhattisgarh,40,28,41,28,-1
Raipur,2025-06-07,21.25,81.64,Chhattisgarh,41,28,41,28,0
Raipur,2025-06-08,21.25,81.64,Chhattisgarh,42,29,41,28,1
Raipur,2025-06-09,21.25,81.64,Chhattisgarh,41,28,41,28,0
Raipur,2025-06-10,21.25,81.64,Chhattisgarh,39,28,39,27,0
Raipur,2025-06-11,21.25,81.64,Chhattisgarh,36,23,39,27,-3
Raipur,2025-06-12,21.25,81.64,Chhattisgarh,38,28,39,27,-1
Raipur,2025-06-13,21.25,81.64,Chhattisgarh,40,28,39,27,1
Raipur,2025-06-14,21.25,81.64,Chhattisgarh,38,28,39,27,-1
Raipur,2025-06-15,21.25,81.64,Chhattisgarh,38,28,35,26,3
Raipur,2025-06-16,21.25,81.64,Chhattisgarh,35,27,35,26,0
Raipur,2025-06-17,21.25,81.64,Chhattisgarh,34,27,35,26,-1
Raipur,2025-06-18,21.25,81.64,Chhattisgarh,32,27,35,26,-3
Raipur,2025-06-19,21.25,81.64,Chhattisgarh,31,27,35,26,-4
Raipur,2025-06-20,21.25,81.64,Chhattisgarh,30,25,34,26,-4
Raipur,2025-06-21,21.25,81.64,Chhattisgarh,37,26,34,26,3
Raipur,2025-06-22,21.25,81.64,Chhattisgarh,32,27,34,26,-2
Raipur,2025-06-23,21.25,81.64,Chhattisgarh,33,26,34,26,-1
Raipur,2025-06-24,21.25,81.64,Chhattisgarh,30,25,34,26,-4
Raipur,2025-06-25,21.25,81.64,Chhattisgarh,32,26,33,25,-1
Raipur,2025-06-26,21.25,81.64,Chhattisgarh,30,24,33,25,-3
Raipur,2025-06-27,21.25,81.64,Chhattisgarh,30,25,33,25,-3
Raipur,2025-06-28,21.25,81.64,Chhattisgarh,30,23,33,25,-3
Raipur,2025-06-29,21.25,81.64,Chhattisgarh,28,24,33,25,-5
Raipur,2025-06-30,21.25,81.64,Chhattisgarh,27,23,33,25,-6
Raipur,2025-07-01,21.25,81.64,Chhattisgarh,29,24,33,25,-4
Raipur,2025-07-02,21.25,81.64,Chhattisgarh,28,25,33,25,-5
Raipur,2025-07-03,21.25,81.64,Chhattisgarh,28,25,33,25,-5
Raipur,2025-07-04,21.25,81.64,Chhattisgarh,29,25,33,25,-4
Raipur,2025-07-05,21.25,81.64,Chhattisgarh,28,23,32,25,-4
Raipur,2025-07-06,21.25,81.64,Chhattisgarh,27,24,32,25,-5
Raipur,2025-07-07,21.25,81.64,Chhattisgarh,25,24,32,25,-7
Raipur,2025-07-08,21.25,81.64,Chhattisgarh,25,23,32,25,-7
Raipur,2025-07-09,21.25,81.64,Chhattisgarh,26,23,32,25,-6
Raipur,2025-07-10,21.25,81.64,Chhattisgarh,29,24,32,25,-3
Raipur,2025-07-11,21.25,81.64,Chhattisgarh,32,24,32,25,0
Raipur,2025-07-12,21.25,81.64,Chhattisgarh,34,26,32,25,2
Raipur,2025-07-13,21.25,81.64,Chhattisgarh,34,26,32,25,2
Raipur,2025-07-14,21.25,81.64,Chhattisgarh,34,27,32,25,2
Raipur,2025-07-15,21.25,81.64,Chhattisgarh,34,27,31,25,3
Raipur,2025-07-16,21.25,81.64,Chhattisgarh,32,23,31,25,1
Raipur,2025-07-17,21.25,81.64,Chhattisgarh,35,26,31,25,4
Raipur,2025-07-18,21.25,81.64,Chhattisgarh,34,26,31,25,3
Raipur,2025-07-19,21.25,81.64,Chhattisgarh,34,27,31,25,3
Raipur,2025-07-20,21.25,81.64,Chhattisgarh,31,22,30,24,1
Raipur,2025-07-21,21.25,81.64,Chhattisgarh,33,26,30,24,3
Raipur,2025-07-22,21.25,81.64,Chhattisgarh,33,26,30,24,3
Raipur,2025-07-23,21.25,81.64,Chhattisgarh,33,26,30,24,3
Raipur,2025-07-24,21.25,81.64,Chhattisgarh,31,25,30,24,1
Raipur,2025-07-25,21.25,81.64,Chhattisgarh,28,25,30,24,-2
Raipur,2025-07-26,21.25,81.64,Chhattisgarh,27,24,30,24,-3
Raipur,2025-07-27,21.25,81.64,Chhattisgarh,29,24,30,24,-1
Raipur,2025-07-28,21.25,81.64,Chhattisgarh,29,24,30,24,-1
Raipur,2025-07-29,21.25,81.64,Chhattisgarh,26,24,30,24,-4
Raipur,2025-07-30,21.25,81.64,Chhattisgarh,29,24,30,25,-1
Raipur,2025-07-31,21.25,81.64,Chhattisgarh,33,25,30,25,3
Raipur,2025-08-01,21.25,81.64,Chhattisgarh,33,25,30,25,3
Raipur,2025-08-02,21.25,81.64,Chhattisgarh,32,25,30,25,2
Raipur,2025-08-03,21.25,81.64,Chhattisgarh,35,26,30,25,5
Raipur,2025-08-04,21.25,81.64,Chhattisgarh,34,27,30,24,4
Raipur,2025-08-05,21.25,81.64,Chhattisgarh,34,26,30,24,4
Raipur,2025-08-06,21.25,81.64,Chhattisgarh,35,27,30,24,5
Raipur,2025-08-07,21.25,81.64,Chhattisgarh,33,23,30,24,3
Raipur,2025-08-08,21.25,81.64,Chhattisgarh,30,23,30,24,0
Raipur,2025-08-09,21.25,81.64,Chhattisgarh,33,24,30,25,3
Raipur,2025-08-10,21.25,81.64,Chhattisgarh,34,26,30,25,4
Raipur,2025-08-11,21.25,81.64,Chhattisgarh,34,26,30,25,4
Raipur,2025-08-12,21.25,81.64,Chhattisgarh,34,26,30,25,4
Raipur,2025-08-13,21.25,81.64,Chhattisgarh,34,26,30,25,4
Raipur,2025-08-14,21.25,81.64,Chhattisgarh,33,25,31,25,2
Raipur,2025-08-15,21.25,81.64,Chhattisgarh,33,26,31,25,2
Raipur,2025-08-16,21.25,81.64,Chhattisgarh,32,25,31,25,1
Raipur,2025-08-17,21.25,81.64,Chhattisgarh,33,24,31,25,2
Raipur,2025-08-18,21.25,81.64,Chhattisgarh,32,25,31,25,1
Raipur,2025-08-19,21.25,81.64,Chhattisgarh,31,25,30,24,1
Raipur,2025-08-20,21.25,81.64,Chhattisgarh,30,24,30,24,0
Raipur,2025-08-21,21.25,81.64,Chhattisgarh,32,25,30,24,2
Raipur,2025-08-22,21.25,81.64,Chhattisgarh,30,25,30,24,0
Raipur,2025-08-23,21.25,81.64,Chhattisgarh,27,24,30,24,-3
Raipur,2025-08-24,21.25,81.64,Chhattisgarh,28,24,31,25,-3
Raipur,2025-08-25,21.25,81.64,Chhattisgarh,29,24,31,25,-2
Raipur,2025-08-26,21.25,81.64,Chhattisgarh,32,24,31,25,1
Raipur,2025-08-27,21.25,81.64,Chhattisgarh,33,23,31,25,2
Raipur,2025-08-28,21.25,81.64,Chhattisgarh,32,23,31,25,1
Raipur,2025-08-29,21.25,81.64,Chhattisgarh,33,25,31,25,2
Raipur,2025-08-30,21.25,81.64,Chhattisgarh,34,25,31,25,3
Raipur,2025-08-31,21.25,81.64,Chhattisgarh,32,26,31,25,1
Raipur,2025-09-01,21.25,81.64,Chhattisgarh,32,25,31,25,1
Raipur,2025-09-02,21.25,81.64,Chhattisgarh,32,24,31,25,1
Raipur,2025-09-03,21.25,81.64,Chhattisgarh,31,23,31,25,0
Raipur,2025-09-04,21.25,81.64,Chhattisgarh,29,24,31,25,-2
Raipur,2025-09-05,21.25,81.64,Chhattisgarh,33,24,31,25,2
Raipur,2025-09-06,21.25,81.64,Chhattisgarh,35,25,31,25,4
Raipur,2025-09-07,21.25,81.64,Chhattisgarh,34,25,31,25,3
Raipur,2025-09-08,21.25,81.64,Chhattisgarh,32,23,31,25,1
Raipur,2025-09-09,21.25,81.64,Chhattisgarh,34,25,31,25,3
Raipur,2025-09-10,21.25,81.64,Chhattisgarh,33,26,31,25,2
Raipur,2025-09-11,21.25,81.64,Chhattisgarh,31,24,31,25,0
Raipur,2025-09-12,21.25,81.64,Chhattisgarh,33,24,31,25,2
Raipur,2025-09-13,21.25,81.64,Chhattisgarh,35,25,32,25,3
Raipur,2025-09-14,21.25,81.64,Chhattisgarh,35,25,32,25,3
Raipur,2025-09-15,21.25,81.64,Chhattisgarh,29,26,32,25,-3
Raipur,2025-09-16,21.25,81.64,Chhattisgarh,30,24,32,25,-2
Raipur,2025-09-17,21.25,81.64,Chhattisgarh,32,24,32,25,0
Raipur,2025-09-18,21.25,81.64,Chhattisgarh,34,25,32,24,2
Raipur,2025-09-19,21.25,81.64,Chhattisgarh,34,26,32,24,2
Raipur,2025-09-20,21.25,81.64,Chhattisgarh,35,26,32,24,3
Raipur,2025-09-21,21.25,81.64,Chhattisgarh,34,25,32,24,2
Raipur,2025-09-22,21.25,81.64,Chhattisgarh,34,24,32,24,2
Raipur,2025-09-23,21.25,81.64,Chhattisgarh,34,25,32,24,2
Raipur,2025-09-24,21.25,81.64,Chhattisgarh,26,25,32,24,-6
Raipur,2025-09-25,21.25,81.64,Chhattisgarh,32,23,32,24,0
Raipur,2025-09-26,21.25,81.64,Chhattisgarh,33,25,32,24,1
Raipur,2025-09-27,21.25,81.64,Chhattisgarh,31,24,32,24,-1
Raipur,2025-09-28,21.25,81.64,Chhattisgarh,32,25,32,24,0
Raipur,2025-09-29,21.25,81.64,Chhattisgarh,31,24,32,24,-1
Raipur,2025-09-30,21.25,81.64,Chhattisgarh,34,25,32,24,2
Raipur,2025-10-01,21.25,81.64,Chhattisgarh,32,25,32,24,0
Raipur,2025-10-02,21.25,81.64,Chhattisgarh,32,24,32,24,0
Raipur,2025-10-03,21.25,81.64,Chhattisgarh,29,23,32,24,-3
Raipur,2025-10-04,21.25,81.64,Chhattisgarh,31,24,32,24,-1
Raipur,2025-10-05,21.25,81.64,Chhattisgarh,32,24,32,24,0
Raipur,2025-10-06,21.25,81.64,Chhattisgarh,31,23,32,24,-1
Raipur,2025-10-07,21.25,81.64,Chhattisgarh,31,23,32,24,-1
Raipur,2025-10-08,21.25,81.64,Chhattisgarh,31,24,33,23,-2
Raipur,2025-10-09,21.25,81.64,Chhattisgarh,32,24,33,23,-1
Raipur,2025-10-10,21.25,81.64,Chhattisgarh,31,23,33,23,-2
Raipur,2025-10-11,21.25,81.64,Chhattisgarh,30,22,33,23,-3
Raipur,2025-10-12,21.25,81.64,Chhattisgarh,31,22,33,23,-2
Raipur,2025-10-13,21.25,81.64,Chhattisgarh,32,23,32,22,0
Raipur,2025-10-14,21.25,81.64,Chhattisgarh,32,23,32,22,0
Raipur,2025-10-15,21.25,81.64,Chhattisgarh,32,23,32,22,0
Raipur,2025-10-16,21.25,81.64,Chhattisgarh,32,23,32,22,0
Raipur,2025-10-17,21.25,81.64,Chhattisgarh,32,23,32,22,0
Raipur,2025-10-18,21.25,81.64,Chhattisgarh,32,22,32,22,0
Raipur,2025-10-19,21.25,81.64,Chhattisgarh,32,21,32,22,0
Raipur,2025-10-20,21.25,81.64,Chhattisgarh,33,24,32,22,1
Raipur,2025-10-21,21.25,81.64,Chhattisgarh,32,23,32,22,0
Raipur,2025-10-22,21.25,81.64,Chhattisgarh,33,23,32,22,1
Raipur,2025-10-23,21.25,81.64,Chhattisgarh,33,23,31,20,2
Raipur,2025-10-24,21.25,81.64,Chhattisgarh,33,23,31,20,2
Raipur,2025-10-25,21.25,81.64,Chhattisgarh,33,25,31,20,2
Raipur,2025-10-26,21.25,81.64,Chhattisgarh,33,25,31,20,2
Raipur,2025-10-27,21.25,81.64,Chhattisgarh,33,23,31,20,2
Raipur,2025-10-28,21.25,81.64,Chhattisgarh,29,24,31,20,-2
Raipur,2025-10-29,21.25,81.64,Chhattisgarh,28,23,31,20,-3
Raipur,2025-10-30,21.25,81.64,Chhattisgarh,28,23,31,20,-3
Raipur,2025-10-31,21.25,81.64,Chhattisgarh,29,24,31,20,-2
Raipur,2025-11-01,21.25,81.64,Chhattisgarh,31,23,31,20,0
Raipur,2025-11-02,21.25,81.64,Chhattisgarh,31,23,31,19,0
Raipur,2025-11-03,21.25,81.64,Chhattisgarh,32,22,31,19,1
Raipur,2025-11-04,21.25,81.64,Chhattisgarh,31,21,31,19,0
Raipur,2025-11-05,21.25,81.64,Chhattisgarh,32,19,31,19,1
Raipur,2025-11-06,21.25,81.64,Chhattisgarh,31,21,31,19,0
Raipur,2026-01-06,21.25,81.64,Chhattisgarh,26,11,27,13,-1
Raipur,2026-01-07,21.25,81.64,Chhattisgarh,27,10,27,13,0
Raipur,2026-01-08,21.25,81.64,Chhattisgarh,27,12,27,13,0
Raipur,2026-01-09,21.25,81.64,Chhattisgarh,27,11,27,13,0
Raipur,2026-01-10,21.25,81.64,Chhattisgarh,25,11,27,13,-2
Raipur,2026-01-11,21.25,81.64,Chhattisgarh,28,13,27,13,1
Raipur,2026-01-12,21.25,81.64,Chhattisgarh,28,13,27,13,1
Raipur,2026-01-13,21.25,81.64,Chhattisgarh,28,14,27,13,1
Raipur,2026-01-14,21.25,81.64,Chhattisgarh,28,13,27,13,1
Raipur,2026-01-15,21.25,81.64,Chhattisgarh,27,15,27,13,0
Raipur,2026-01-16,21.25,81.64,Chhattisgarh,28,12,28,14,0
Raipur,2026-01-17,21.25,81.64,Chhattisgarh,30,12,28,14,2
Raipur,2026-01-18,21.25,81.64,Chhattisgarh,31,12,28,14,3
Raipur,2026-01-19,21.25,81.64,Chhattisgarh,31,14,28,14,3
Raipur,2026-01-20,21.25,81.64,Chhattisgarh,31,14,28,14,3
Raipur,2026-01-21,21.25,81.64,Chhattisgarh,29,16,28,14,1
Raipur,2026-01-22,21.25,81.64,Chhattisgarh,30,16,28,14,2
Raipur,2026-01-23,21.25,81.64,Chhattisgarh,29,15,28,14,1
Raipur,2026-01-24,21.25,81.64,Chhattisgarh,30,15,28,14,2
Raipur,2026-01-25,21.25,81.64,Chhattisgarh,30,14,28,14,2
Raipur,2026-01-26,21.25,81.64,Chhattisgarh,31,15,28,14,3
Raipur,2026-01-27,21.25,81.64,Chhattisgarh,31,15,28,14,3
Raipur,2026-01-28,21.25,81.64,Chhattisgarh,30,16,28,14,2
Raipur,2026-01-29,21.25,81.64,Chhattisgarh,30,18,28,14,2
Raipur,2026-01-30,21.25,81.64,Chhattisgarh,30,17,28,14,2
Raipur,2026-01-31,21.25,81.64,Chhattisgarh,31,17,,,
Raipur,2026-02-01,21.25,81.64,Chhattisgarh,31,17,29,15,2
Raipur,2026-02-02,21.25,81.64,Chhattisgarh,30,16,29,15,1
Raipur,2026-02-03,21.25,81.64,Chhattisgarh,32,17,29,15,3
Raipur,2026-02-04,21.25,81.64,Chhattisgarh,31,18,29,15,2
Raipur,2026-02-05,21.25,81.64,Chhattisgarh,30,18,30,16,0
Raipur,2026-02-06,21.25,81.64,Chhattisgarh,31,17,30,16,1
Raipur,2026-02-07,21.25,81.64,Chhattisgarh,30,15,30,16,0
Raipur,2026-02-08,21.25,81.64,Chhattisgarh,30,14,30,16,0
Raipur,2026-02-09,21.25,81.64,Chhattisgarh,30,15,30,16,0
Raipur,2026-02-10,21.25,81.64,Chhattisgarh,31,15,30,16,1
Raipur,2026-02-11,21.25,81.64,Chhattisgarh,32,16,30,16,2
Raipur,2026-02-12,21.25,81.64,Chhattisgarh,32,18,30,16,2
Raipur,2026-02-13,21.25,81.64,Chhattisgarh,32,18,30,16,2
Raipur,2026-02-14,21.25,81.64,Chhattisgarh,32,18,30,16,2
Raipur,2026-02-15,21.25,81.64,Chhattisgarh,32,19,31,17,1
Raipur,2026-02-16,21.25,81.64,Chhattisgarh,32,17,31,17,1
Raipur,2026-02-17,21.25,81.64,Chhattisgarh,33,16,31,17,2
Raipur,2026-02-18,21.25,81.64,Chhattisgarh,33,17,31,17,2
Raipur,2026-02-19,21.25,81.64,Chhattisgarh,33,19,31,17,2
Raipur,2026-02-20,21.25,81.64,Chhattisgarh,34,19,32,17,2
Raipur,2026-02-21,21.25,81.64,Chhattisgarh,34,19,32,17,2
Raipur,2026-02-25,21.25,81.64,Chhattisgarh,33,19,33,18,0
Raipur,2026-02-26,21.25,81.64,Chhattisgarh,33,18,33,18,0
Raipur,2026-02-27,21.25,81.64,Chhattisgarh,34,19,33,18,1
Raipur,2026-02-28,21.25,81.64,Chhattisgarh,35,20,33,18,2
Raipur,2026-03-01,21.25,81.64,Chhattisgarh,35,22,33,18,2
Raipur,2026-03-02,21.25,81.64,Chhattisgarh,35,21,33,18,2
Raipur,2026-03-03,21.25,81.64,Chhattisgarh,35,20,33,18,2
Raipur,2026-03-04,21.25,81.64,Chhattisgarh,37,20,33,18,4
Raipur,2026-03-05,21.25,81.64,Chhattisgarh,37,20,33,18,4
Raipur,2026-03-06,21.25,81.64,Chhattisgarh,36,21,33,18,3
Raipur,2026-03-07,21.25,81.64,Chhattisgarh,36,22,33,19,3
Raipur,2026-03-08,21.25,81.64,Chhattisgarh,37,23,33,19,4
Raipur,2026-03-09,21.25,81.64,Chhattisgarh,37,23,33,19,4
Raipur,2026-03-10,21.25,81.64,Chhattisgarh,38,23,33,19,5
Raipur,2026-03-11,21.25,81.64,Chhattisgarh,38,23,33,19,5
Raipur,2026-03-12,21.25,81.64,Chhattisgarh,38,21,34,20,4
Raipur,2026-03-13,21.25,81.64,Chhattisgarh,39,21,34,20,5
Raipur,2026-03-14,21.25,81.64,Chhattisgarh,39,22,34,20,5
Raipur,2026-03-15,21.25,81.64,Chhattisgarh,37,24,34,20,3
Raipur,2026-03-16,21.25,81.64,Chhattisgarh,37,25,34,20,3
Raipur,2026-03-17,21.25,81.64,Chhattisgarh,36,18,35,21,1
Raipur,2026-03-18,21.25,81.64,Chhattisgarh,33,24,35,21,-2
Raipur,2026-03-19,21.25,81.64,Chhattisgarh,33,21,35,21,-2
Raipur,2026-03-20,21.25,81.64,Chhattisgarh,32,21,35,21,-3
Raipur,2026-03-21,21.25,81.64,Chhattisgarh,31,19,35,21,-4
Raipur,2026-03-22,21.25,81.64,Chhattisgarh,33,18,37,22,-4
Raipur,2026-03-23,21.25,81.64,Chhattisgarh,35,20,37,22,-2
Raipur,2026-03-24,21.25,81.64,Chhattisgarh,37,21,37,22,0
Raipur,2026-03-25,21.25,81.64,Chhattisgarh,37,24,37,22,0
Raipur,2026-03-26,21.25,81.64,Chhattisgarh,38,25,37,22,1
Raipur,2026-03-27,21.25,81.64,Chhattisgarh,38,24,37,22,1
Raipur,2026-03-28,21.25,81.64,Chhattisgarh,38,23,37,22,1
Raipur,2026-03-29,21.25,81.64,Chhattisgarh,39,24,37,22,2
Raipur,2026-03-30,21.25,81.64,Chhattisgarh,40,25,37,22,3
Raipur,2026-03-31,21.25,81.64,Chhattisgarh,36,25,37,22,-1
Raipur,2026-04-01,21.25,81.64,Chhattisgarh,39,23,38,23,1
Raipur,2026-04-02,21.25,81.64,Chhattisgarh,37,25,38,23,-1
Raipur,2026-04-03,21.25,81.64,Chhattisgarh,38,25,38,23,0
Raipur,2026-04-04,21.25,81.64,Chhattisgarh,38,26,38,23,0
Raipur,2026-04-05,21.25,81.64,Chhattisgarh,35,26,38,23,-3
Raipur,2026-04-06,21.25,81.64,Chhattisgarh,36,25,38,24,-2
Raipur,2026-04-07,21.25,81.64,Chhattisgarh,37,23,38,24,-1
Raipur,2026-04-08,21.25,81.64,Chhattisgarh,38,24,38,24,0
Raipur,2026-04-09,21.25,81.64,Chhattisgarh,36,25,38,24,-2
Raipur,2026-04-10,21.25,81.64,Chhattisgarh,37,24,38,24,-1
Raipur,2026-04-11,21.25,81.64,Chhattisgarh,38,23,39,24,-1
Raipur,2026-04-12,21.25,81.64,Chhattisgarh,41,23,39,24,2
Raipur,2026-04-13,21.25,81.64,Chhattisgarh,40,25,39,24,1
Raipur,2026-04-14,21.25,81.64,Chhattisgarh,41,26,39,24,2
Raipur,2026-04-16,21.25,81.64,Chhattisgarh,43,27,39,25,4
Raipur,2026-04-17,21.25,81.64,Chhattisgarh,42,29,39,25,3
Raipur,2026-04-18,21.25,81.64,Chhattisgarh,43,29,39,25,4
Raipur,2026-04-19,21.25,81.64,Chhattisgarh,44,29,39,25,5
Raipur,2026-04-20,21.25,81.64,Chhattisgarh,42,30,39,25,3
Raipur,2026-04-21,21.25,81.64,Chhattisgarh,41,30,40,25,1
Raipur,2026-04-22,21.25,81.64,Chhattisgarh,42,28,40,25,2
Raipur,2026-04-23,21.25,81.64,Chhattisgarh,42,27,40,25,2
Raipur,2026-04-24,21.25,81.64,Chhattisgarh,43,25,40,25,3
Raipur,2026-04-25,21.25,81.64,Chhattisgarh,44,27,40,25,4
Raipur,2026-04-26,21.25,81.64,Chhattisgarh,44,28,41,26,3
Raipur,2026-04-27,21.25,81.64,Chhattisgarh,42,30,41,26,1
Raipur,2026-04-28,21.25,81.64,Chhattisgarh,42,28,41,26,1
Raipur,2026-04-29,21.25,81.64,Chhattisgarh,43,29,41,26,2
Raipur,2026-04-30,21.25,81.64,Chhattisgarh,41,31,41,26,0
Raipur,2026-05-02,21.25,81.64,Chhattisgarh,41,27,41,26,0
Raipur,2026-05-03,21.25,81.64,Chhattisgarh,41,27,41,26,0
Raipur,2026-05-04,21.25,81.64,Chhattisgarh,41,28,41,26,0
Raipur,2026-05-06,21.25,81.64,Chhattisgarh,37,22,41,26,-4
Raipur,2026-05-07,21.25,81.64,Chhattisgarh,39,24,41,26,-2
Raipur,2026-05-08,21.25,81.64,Chhattisgarh,39,27,41,26,-2
Raipur,2026-05-10,21.25,81.64,Chhattisgarh,37,21,41,26,-4
Raipur,2026-05-12,21.25,81.64,Chhattisgarh,41,28,41,27,0
Raipur,2026-05-14,21.25,81.64,Chhattisgarh,41,25,41,27,0
Raipur,2026-05-19,21.25,81.64,Chhattisgarh,41,29,42,28,-1
Raipur,2026-05-20,21.25,81.64,Chhattisgarh,43,29,42,28,1
Raipur,2026-05-21,21.25,81.64,Chhattisgarh,44,29,42,28,2
Raipur,2026-05-22,21.25,81.64,Chhattisgarh,44,30,42,28,2
Raipur,2026-05-23,21.25,81.64,Chhattisgarh,44,28,42,28,2
Raipur,2026-05-24,21.25,81.64,Chhattisgarh,44,28,42,28,2
Raipur,2026-05-25,21.25,81.64,Chhattisgarh,45,30,42,28,3
Raipur,2026-05-26,21.25,81.64,Chhattisgarh,44,31,42,28,2
Raipur,2026-05-27,21.25,81.64,Chhattisgarh,43,29,42,28,1
Raipur,2026-05-28,21.25,81.64,Chhattisgarh,43,28,42,28,1
Raipur,2026-05-29,21.25,81.64,Chhattisgarh,42,29,42,28,0
Raipur,2026-05-31,21.25,81.64,Chhattisgarh,40,24,42,28,-2
Raipur,2026-06-01,21.25,81.64,Chhattisgarh,38,27,42,28,-4
Raipur,2026-06-02,21.25,81.64,Chhattisgarh,40,28,42,28,-2
Raipur,2026-06-03,21.25,81.64,Chhattisgarh,40,28,42,28,-2
Raipur,2026-06-04,21.25,81.64,Chhattisgarh,42,30,42,28,0
Raipur,2026-06-05,21.25,81.64,Chhattisgarh,41,29,40,28,1
Raipur,2026-06-06,21.25,81.64,Chhattisgarh,41,30,40,28,1
Raipur,2026-06-07,21.25,81.64,Chhattisgarh,42,30,40,28,2
Raipur,2026-06-08,21.25,81.64,Chhattisgarh,42,32,40,28,2
Raipur,2026-06-09,21.25,81.64,Chhattisgarh,41,27,40,28,1
Raipur,2026-06-10,21.25,81.64,Chhattisgarh,42,29,39,27,3
Raipur,2026-06-11,21.25,81.64,Chhattisgarh,40,26,39,27,1
Raipur,2026-06-15,21.25,81.64,Chhattisgarh,39,28,35,25,4
Raipur,2026-06-16,21.25,81.64,Chhattisgarh,40,28,35,25,5
Raipur,2026-06-18,21.25,81.64,Chhattisgarh,39,27,35,25,4
Raipur,2026-06-19,21.25,81.64,Chhattisgarh,37,36,35,25,2
Raipur,2026-06-21,21.25,81.64,Chhattisgarh,40,29,33,25,7
Raipur,2026-06-22,21.25,81.64,Chhattisgarh,38,30,33,25,5
Raipur,2026-06-23,21.25,81.64,Chhattisgarh,37,25,33,25,4
Raipur,2026-06-24,21.25,81.64,Chhattisgarh,37,25,33,25,4
Raipur,2026-06-25,21.25,81.64,Chhattisgarh,38,27,33,25,5
Raipur,2026-06-27,21.25,81.64,Chhattisgarh,38,26,33,25,5
Raipur,2026-06-28,21.25,81.64,Chhattisgarh,38,26,33,25,5
Raipur,2026-07-01,21.25,81.64,Chhattisgarh,31,26,33,25,-2
Raipur,2026-07-02,21.25,81.64,Chhattisgarh,33,26,33,25,0
Raipur,2026-07-03,21.25,81.64,Chhattisgarh,28,24,33,25,-5
Raipur,2026-07-04,21.25,81.64,Chhattisgarh,34,25,33,25,1
Raipur,2026-07-05,21.25,81.64,Chhattisgarh,26,24,32,24,-6
Raipur,2026-07-06,21.25,81.64,Chhattisgarh,26,24,32,24,-6
Raipur,2026-07-07,21.25,81.64,Chhattisgarh,30,25,32,24,-2
Raipur,2026-07-08,21.25,81.64,Chhattisgarh,32,25,32,24,0
Raipur,2026-07-09,21.25,81.64,Chhattisgarh,33,25,32,24,1
Raipur,2026-07-10,21.25,81.64,Chhattisgarh,34,25,31,24,3
Raipur,2026-07-11,21.25,81.64,Chhattisgarh,33,27,31,24,2
Raipur,2026-07-12,21.25,81.64,Chhattisgarh,34,27,31,24,3
Raipur,2026-07-13,21.25,81.64,Chhattisgarh,35,26,31,24,4
Raipur,2026-07-14,21.25,81.64,Chhattisgarh,34,27,31,24,3
Raipur,2026-07-15,21.25,81.64,Chhattisgarh,34,26,30,24,4
Raipur,2026-07-16,21.25,81.64,Chhattisgarh,32,26,30,24,2
Raipur,2026-07-19,21.25,81.64,Chhattisgarh,30,23,30,24,0
Raipur,2026-07-20,21.25,81.64,Chhattisgarh,30,25,30,24,0
Raipur,2026-07-21,21.25,81.64,Chhattisgarh,28,25,30,24,-2
Raipur,2026-07-22,21.25,81.64,Chhattisgarh,25,22,30,24,-5
Raipur,2026-07-23,21.25,81.64,Chhattisgarh,26,23,30,24,-4
Raipur,2026-07-24,21.25,81.64,Chhattisgarh,30,24,30,24,0
Raipur,2026-07-25,21.25,81.64,Chhattisgarh,33,25,30,24,3
Raipur,2026-07-26,21.25,81.64,Chhattisgarh,30,25,30,24,0
Raipur,2026-07-27,21.25,81.64,Chhattisgarh,31,26,30,24,1
New Delhi,2025-05-07,28.61,77.23,Delhi,37,25,39,25,-2
New Delhi,2025-05-06,28.61,77.23,Delhi,36,23,39,25,-3
New Delhi,2025-05-08,28.61,77.23,Delhi,37,25,39,25,-2
New Delhi,2025-05-09,28.61,77.23,Delhi,37,26,39,25,-2
New Delhi,2025-05-10,28.61,77.23,Delhi,36,26,39,25,-3
New Delhi,2025-05-11,28.61,77.23,Delhi,38,24,40,25,-2
New Delhi,2025-05-12,28.61,77.23,Delhi,38,24,40,25,-2
New Delhi,2025-05-13,28.61,77.23,Delhi,40,28,40,25,0
New Delhi,2025-05-14,28.61,77.23,Delhi,40,23,40,25,0
New Delhi,2025-05-15,28.61,77.23,Delhi,41,25,40,25,1
New Delhi,2025-05-16,28.61,77.23,Delhi,42,26,40,27,2
New Delhi,2025-05-17,28.61,77.23,Delhi,41,24,40,27,1
New Delhi,2025-05-18,28.61,77.23,Delhi,41,27,40,27,1
New Delhi,2025-05-19,28.61,77.23,Delhi,41,29,40,27,1
New Delhi,2025-05-20,28.61,77.23,Delhi,42,29,40,27,2
New Delhi,2025-05-21,28.61,77.23,Delhi,41,30,40,27,1
New Delhi,2025-05-22,28.61,77.23,Delhi,35,21,40,27,-5
New Delhi,2025-05-23,28.61,77.23,Delhi,37,26,40,27,-3
New Delhi,2025-05-24,28.61,77.23,Delhi,38,28,40,27,-2
New Delhi,2025-05-25,28.61,77.23,Delhi,32,20,40,27,-8
New Delhi,2025-05-26,28.61,77.23,Delhi,35,25,40,27,-5
New Delhi,2025-05-27,28.61,77.23,Delhi,37,26,40,27,-3
New Delhi,2025-05-28,28.61,77.23,Delhi,39,28,40,27,-1
New Delhi,2025-05-29,28.61,77.23,Delhi,39,29,40,27,-1
New Delhi,2025-05-30,28.61,77.23,Delhi,35,27,40,27,-5
New Delhi,2025-05-31,28.61,77.23,Delhi,40,26,40,27,0
New Delhi,2025-06-01,28.61,77.23,Delhi,38,27,40,27,-2
New Delhi,2025-06-02,28.61,77.23,Delhi,36,23,40,27,-4
New Delhi,2025-06-03,28.61,77.23,Delhi,33,25,40,27,-7
New Delhi,2025-06-04,28.61,77.23,Delhi,35,25,40,27,-5
New Delhi,2025-06-05,28.61,77.23,Delhi,37,25,40,28,-3
New Delhi,2025-06-06,28.61,77.23,Delhi,38,26,40,28,-2
New Delhi,2025-06-07,28.61,77.23,Delhi,40,26,40,28,0
New Delhi,2025-06-08,28.61,77.23,Delhi,42,28,40,28,2
New Delhi,2025-06-09,28.61,77.23,Delhi,43,28,40,28,3
New Delhi,2025-06-10,28.61,77.23,Delhi,44,28,40,28,4
New Delhi,2025-06-11,28.61,77.23,Delhi,43,27,40,28,3
New Delhi,2025-06-12,28.61,77.23,Delhi,44,31,40,28,4
New Delhi,2025-06-13,28.61,77.23,Delhi,41,31,40,28,1
New Delhi,2025-06-14,28.61,77.23,Delhi,42,30,40,28,2
New Delhi,2025-06-15,28.61,77.23,Delhi,36,20,39,28,-3
New Delhi,2025-06-16,28.61,77.23,Delhi,35,29,39,28,-4
New Delhi,2025-06-17,28.61,77.23,Delhi,36,28,39,28,-3
New Delhi,2025-06-18,28.61,77.23,Delhi,34,24,39,28,-5
New Delhi,2025-06-19,28.61,77.23,Delhi,36,27,39,28,-3
New Delhi,2025-06-20,28.61,77.23,Delhi,35,27,39,28,-4
New Delhi,2025-06-21,28.61,77.23,Delhi,37,28,39,28,-2
New Delhi,2025-06-22,28.61,77.23,Delhi,36,28,39,28,-3
New Delhi,2025-06-23,28.61,77.23,Delhi,36,28,39,28,-3
New Delhi,2025-06-24,28.61,77.23,Delhi,36,28,39,28,-3
New Delhi,2025-06-25,28.61,77.23,Delhi,35,30,37,28,-2
New Delhi,2025-06-26,28.61,77.23,Delhi,38,29,37,28,1
New Delhi,2025-06-27,28.61,77.23,Delhi,39,29,37,28,2
New Delhi,2025-06-28,28.61,77.23,Delhi,36,29,37,28,-1
New Delhi,2025-06-29,28.61,77.23,Delhi,33,27,37,28,-4
New Delhi,2025-06-30,28.61,77.23,Delhi,31,24,37,28,-6
New Delhi,2025-07-01,28.61,77.23,Delhi,35,25,37,28,-2
New Delhi,2025-07-02,28.61,77.23,Delhi,37,28,37,28,0
New Delhi,2025-07-03,28.61,77.23,Delhi,37,28,37,28,0
New Delhi,2025-07-04,28.61,77.23,Delhi,36,28,37,28,-1
New Delhi,2025-07-05,28.61,77.23,Delhi,37,28,37,28,0
New Delhi,2025-07-06,28.61,77.23,Delhi,35,29,37,28,-2
New Delhi,2025-07-07,28.61,77.23,Delhi,35,23,37,28,-2
New Delhi,2025-07-08,28.61,77.23,Delhi,37,27,37,28,0
New Delhi,2025-07-09,28.61,77.23,Delhi,36,26,37,28,-1
New Delhi,2025-07-10,28.61,77.23,Delhi,31,23,36,27,-5
New Delhi,2025-07-11,28.61,77.23,Delhi,33,26,36,27,-3
New Delhi,2025-07-12,28.61,77.23,Delhi,35,26,36,27,-1
New Delhi,2025-07-13,28.61,77.23,Delhi,35,25,36,27,-1
New Delhi,2025-07-14,28.61,77.23,Delhi,34,24,36,27,-2
New Delhi,2025-07-15,28.61,77.23,Delhi,34,25,35,27,-1
New Delhi,2025-07-16,28.61,77.23,Delhi,34,26,35,27,-1
New Delhi,2025-07-17,28.61,77.23,Delhi,35,25,35,27,0
New Delhi,2025-07-18,28.61,77.23,Delhi,34,24,35,27,-1
New Delhi,2025-07-19,28.61,77.23,Delhi,35,25,35,27,0
New Delhi,2025-07-20,28.61,77.23,Delhi,36,26,35,27,1
New Delhi,2025-07-21,28.61,77.23,Delhi,34,27,35,27,-1
New Delhi,2025-07-22,28.61,77.23,Delhi,33,26,35,27,-2
New Delhi,2025-07-23,28.61,77.23,Delhi,31,26,35,27,-4
New Delhi,2025-07-24,28.61,77.23,Delhi,36,25,35,27,1
New Delhi,2025-07-25,28.61,77.23,Delhi,37,28,35,27,2
New Delhi,2025-07-26,28.61,77.23,Delhi,37,27,35,27,2
New Delhi,2025-07-27,28.61,77.23,Delhi,38,29,35,27,3
New Delhi,2025-07-28,28.61,77.23,Delhi,36,28,35,27,1
New Delhi,2025-07-29,28.61,77.23,Delhi,29,27,35,27,-6
New Delhi,2025-07-30,28.61,77.23,Delhi,33,26,34,27,-1
New Delhi,2025-07-31,28.61,77.23,Delhi,30,25,34,27,-4
New Delhi,2025-08-01,28.61,77.23,Delhi,33,24,34,27,-1
New Delhi,2025-08-02,28.61,77.23,Delhi,34,26,34,27,0
New Delhi,2025-08-03,28.61,77.23,Delhi,34,24,34,27,0
New Delhi,2025-08-04,28.61,77.23,Delhi,33,27,34,27,-1
New Delhi,2025-08-05,28.61,77.23,Delhi,33,26,34,27,-1
New Delhi,2025-08-06,28.61,77.23,Delhi,35,26,34,27,1
New Delhi,2025-08-07,28.61,77.23,Delhi,36,26,34,27,2
New Delhi,2025-08-08,28.61,77.23,Delhi,36,27,34,27,2
New Delhi,2025-08-09,28.61,77.23,Delhi,26,24,34,27,-8
New Delhi,2025-08-10,28.61,77.23,Delhi,34,24,34,27,0
New Delhi,2025-08-11,28.61,77.23,Delhi,34,26,34,27,0
New Delhi,2025-08-12,28.61,77.23,Delhi,34,23,34,27,0
New Delhi,2025-08-13,28.61,77.23,Delhi,35,27,34,27,1
New Delhi,2025-08-14,28.61,77.23,Delhi,28,24,34,27,-6
New Delhi,2025-08-15,28.61,77.23,Delhi,30,24,34,27,-4
New Delhi,2025-08-16,28.61,77.23,Delhi,35,25,34,27,1
New Delhi,2025-08-17,28.61,77.23,Delhi,34,26,34,27,0
New Delhi,2025-08-18,28.61,77.23,Delhi,35,25,34,27,1
New Delhi,2025-08-19,28.61,77.23,Delhi,35,27,34,27,1
New Delhi,2025-08-20,28.61,77.23,Delhi,36,26,34,27,2
New Delhi,2025-08-21,28.61,77.23,Delhi,35,26,34,27,1
New Delhi,2025-08-22,28.61,77.23,Delhi,35,26,34,27,1
New Delhi,2025-08-23,28.61,77.23,Delhi,35,26,34,27,1
New Delhi,2025-08-24,28.61,77.23,Delhi,33,23,34,26,-1
New Delhi,2025-08-25,28.61,77.23,Delhi,29,24,34,26,-5
New Delhi,2025-08-26,28.61,77.23,Delhi,32,24,34,26,-2
New Delhi,2025-08-27,28.61,77.23,Delhi,31,25,34,26,-3
New Delhi,2025-08-28,28.61,77.23,Delhi,35,25,34,26,1
New Delhi,2025-08-29,28.61,77.23,Delhi,30,26,35,27,-5
New Delhi,2025-08-30,28.61,77.23,Delhi,34,24,35,27,-1
New Delhi,2025-08-31,28.61,77.23,Delhi,32,25,35,27,-3
New Delhi,2025-09-01,28.61,77.23,Delhi,29,22,35,27,-6
New Delhi,2025-09-02,28.61,77.23,Delhi,31,24,35,27,-4
New Delhi,2025-09-03,28.61,77.23,Delhi,32,23,34,26,-2
New Delhi,2025-09-04,28.61,77.23,Delhi,34,21,34,26,0
New Delhi,2025-09-05,28.61,77.23,Delhi,33,24,34,26,-1
New Delhi,2025-09-06,28.61,77.23,Delhi,34,25,34,26,0
New Delhi,2025-09-07,28.61,77.23,Delhi,34,25,34,26,0
New Delhi,2025-09-08,28.61,77.23,Delhi,36,24,34,26,2
New Delhi,2025-09-09,28.61,77.23,Delhi,35,25,34,26,1
New Delhi,2025-09-10,28.61,77.23,Delhi,34,26,34,26,0
New Delhi,2025-09-11,28.61,77.23,Delhi,34,25,34,26,0
New Delhi,2025-09-12,28.61,77.23,Delhi,35,24,34,26,1
New Delhi,2025-09-13,28.61,77.23,Delhi,36,25,34,25,2
New Delhi,2025-09-14,28.61,77.23,Delhi,34,26,34,25,0
New Delhi,2025-09-15,28.61,77.23,Delhi,36,26,34,25,2
New Delhi,2025-09-16,28.61,77.23,Delhi,36,24,34,25,2
New Delhi,2025-09-17,28.61,77.23,Delhi,35,26,34,25,1
New Delhi,2025-09-18,28.61,77.23,Delhi,35,25,34,25,1
New Delhi,2025-09-19,28.61,77.23,Delhi,35,25,34,25,1
New Delhi,2025-09-20,28.61,77.23,Delhi,35,24,34,25,1
New Delhi,2025-09-21,28.61,77.23,Delhi,35,24,34,25,1
New Delhi,2025-09-22,28.61,77.23,Delhi,35,24,34,25,1
New Delhi,2025-09-23,28.61,77.23,Delhi,36,24,34,24,2
New Delhi,2025-09-24,28.61,77.23,Delhi,35,24,34,24,1
New Delhi,2025-09-25,28.61,77.23,Delhi,35,25,34,24,1
New Delhi,2025-09-26,28.61,77.23,Delhi,36,25,34,24,2
New Delhi,2025-09-27,28.61,77.23,Delhi,37,26,34,24,3
New Delhi,2025-09-28,28.61,77.23,Delhi,38,28,35,23,3
New Delhi,2025-09-29,28.61,77.23,Delhi,38,28,35,23,3
New Delhi,2025-09-30,28.61,77.23,Delhi,34,29,35,23,-1
New Delhi,2025-10-01,28.61,77.23,Delhi,33,23,35,23,-2
New Delhi,2025-10-02,28.61,77.23,Delhi,36,26,35,23,1
New Delhi,2025-10-03,28.61,77.23,Delhi,34,24,34,22,0
New Delhi,2025-10-04,28.61,77.23,Delhi,34,25,34,22,0
New Delhi,2025-10-05,28.61,77.23,Delhi,34,24,34,22,0
New Delhi,2025-10-06,28.61,77.23,Delhi,27,21,34,22,-7
New Delhi,2025-10-07,28.61,77.23,Delhi,30,21,34,22,-4
New Delhi,2025-10-08,28.61,77.23,Delhi,27,20,34,21,-7
New Delhi,2025-10-09,28.61,77.23,Delhi,30,21,34,21,-4
New Delhi,2025-10-10,28.61,77.23,Delhi,30,19,34,21,-4
New Delhi,2025-10-11,28.61,77.23,Delhi,30,19,34,21,-4
New Delhi,2025-10-13,28.61,77.23,Delhi,33,19,33,20,0
New Delhi,2025-10-14,28.61,77.23,Delhi,33,19,33,20,0
New Delhi,2025-10-15,28.61,77.23,Delhi,33,18,33,20,0
New Delhi,2025-10-16,28.61,77.23,Delhi,33,18,33,20,0
New Delhi,2025-10-17,28.61,77.23,Delhi,33,18,33,20,0
New Delhi,2025-10-18,28.61,77.23,Delhi,34,20,33,18,1
New Delhi,2025-10-19,28.61,77.23,Delhi,33,21,33,18,0
New Delhi,2025-10-20,28.61,77.23,Delhi,34,20,33,18,1
New Delhi,2025-10-21,28.61,77.23,Delhi,33,22,33,18,0
New Delhi,2025-10-22,28.61,77.23,Delhi,32,22,33,18,-1
New Delhi,2025-10-23,28.61,77.23,Delhi,32,18,32,17,0
New Delhi,2025-10-24,28.61,77.23,Delhi,32,17,32,17,0
New Delhi,2025-10-25,28.61,77.23,Delhi,32,17,32,17,0
New Delhi,2025-10-26,28.61,77.23,Delhi,33,16,32,17,1
New Delhi,2025-10-27,28.61,77.23,Delhi,30,17,32,17,-2
New Delhi,2025-10-28,28.61,77.23,Delhi,26,20,31,16,-5
New Delhi,2025-10-29,28.61,77.23,Delhi,29,18,31,16,-2
New Delhi,2025-10-30,28.61,77.23,Delhi,27,20,31,16,-4
New Delhi,2025-10-31,28.61,77.23,Delhi,31,22,31,16,0
New Delhi,2025-11-01,28.61,77.23,Delhi,31,19,31,16,0
New Delhi,2025-11-02,28.61,77.23,Delhi,31,17,31,15,0
New Delhi,2025-11-03,28.61,77.23,Delhi,32,17,31,15,1
New Delhi,2025-11-04,28.61,77.23,Delhi,32,17,31,15,1
New Delhi,2025-11-05,28.61,77.23,Delhi,30,18,31,15,-1
New Delhi,2025-11-06,28.61,77.23,Delhi,27,13,31,15,-4
New Delhi,2026-01-06,28.61,77.23,Delhi,15,7,19,6,-4
New Delhi,2026-01-07,28.61,77.23,Delhi,16,8,19,6,-3
New Delhi,2026-01-08,28.61,77.23,Delhi,17,5,19,6,-2
New Delhi,2026-01-09,28.61,77.23,Delhi,19,4,19,6,0
New Delhi,2026-01-10,28.61,77.23,Delhi,20,4,19,6,1
New Delhi,2026-01-11,28.61,77.23,Delhi,18,4,19,7,-1
New Delhi,2026-01-12,28.61,77.23,Delhi,20,3,19,7,1
New Delhi,2026-01-13,28.61,77.23,Delhi,21,3,19,7,2
New Delhi,2026-01-14,28.61,77.23,Delhi,20,3,19,7,1
New Delhi,2026-01-15,28.61,77.23,Delhi,19,2,19,7,0
New Delhi,2026-01-16,28.61,77.23,Delhi,22,4,19,7,3
New Delhi,2026-01-17,28.61,77.23,Delhi,24,4,19,7,5
New Delhi,2026-01-19,28.61,77.23,Delhi,26,7,19,7,7
New Delhi,2026-01-20,28.61,77.23,Delhi,25,7,19,7,6
New Delhi,2026-01-21,28.61,77.23,Delhi,24,7,20,7,4
New Delhi,2026-01-22,28.61,77.23,Delhi,27,6,20,7,7
New Delhi,2026-01-23,28.61,77.23,Delhi,16,13,20,7,-4
New Delhi,2026-01-24,28.61,77.23,Delhi,18,7,20,7,-2
New Delhi,2026-01-25,28.61,77.23,Delhi,18,6,20,7,-2
New Delhi,2026-01-26,28.61,77.23,Delhi,23,4,22,8,1
New Delhi,2026-01-27,28.61,77.23,Delhi,16,8,22,8,-6
New Delhi,2026-01-28,28.61,77.23,Delhi,18,12,22,8,-4
New Delhi,2026-01-29,28.61,77.23,Delhi,17,11,22,8,-5
New Delhi,2026-01-30,28.61,77.23,Delhi,22,7,22,8,0
New Delhi,2026-01-31,28.61,77.23,Delhi,21,6,,,
New Delhi,2026-02-01,28.61,77.23,Delhi,24,12,22,8,2
New Delhi,2026-02-02,28.61,77.23,Delhi,17,10,22,8,-5
New Delhi,2026-02-03,28.61,77.23,Delhi,22,9,22,8,0
New Delhi,2026-02-04,28.61,77.23,Delhi,22,8,22,8,0
New Delhi,2026-02-05,28.61,77.23,Delhi,23,10,23,9,0
New Delhi,2026-02-06,28.61,77.23,Delhi,24,9,23,9,1
New Delhi,2026-02-07,28.61,77.23,Delhi,25,11,23,9,2
New Delhi,2026-02-08,28.61,77.23,Delhi,24,10,23,9,1
New Delhi,2026-02-10,28.61,77.23,Delhi,28,9,23,10,5
New Delhi,2026-02-11,28.61,77.23,Delhi,27,13,23,10,4
New Delhi,2026-02-12,28.61,77.23,Delhi,25,11,23,10,2
New Delhi,2026-02-13,28.61,77.23,Delhi,26,9,23,10,3
New Delhi,2026-02-14,28.61,77.23,Delhi,27,9,23,10,4
New Delhi,2026-02-15,28.61,77.23,Delhi,28,11,24,11,4
New Delhi,2026-02-16,28.61,77.23,Delhi,31,10,24,11,7
New Delhi,2026-02-17,28.61,77.23,Delhi,30,12,24,11,6
New Delhi,2026-02-18,28.61,77.23,Delhi,21,15,24,11,-3
New Delhi,2026-02-19,28.61,77.23,Delhi,28,11,24,11,4
New Delhi,2026-02-20,28.61,77.23,Delhi,28,12,25,11,3
New Delhi,2026-02-21,28.61,77.23,Delhi,28,14,25,11,3
New Delhi,2026-02-25,28.61,77.23,Delhi,30,12,26,12,4
New Delhi,2026-02-26,28.61,77.23,Delhi,30,12,26,12,4
New Delhi,2026-02-27,28.61,77.23,Delhi,31,13,26,12,5
New Delhi,2026-02-28,28.61,77.23,Delhi,32,16,26,12,6
New Delhi,2026-03-01,28.61,77.23,Delhi,30,15,26,12,4
New Delhi,2026-03-02,28.61,77.23,Delhi,30,15,27,13,3
New Delhi,2026-03-03,28.61,77.23,Delhi,31,15,27,13,4
New Delhi,2026-03-04,28.61,77.23,Delhi,33,15,27,13,6
New Delhi,2026-03-05,28.61,77.23,Delhi,34,18,27,13,7
New Delhi,2026-03-06,28.61,77.23,Delhi,34,17,27,13,7
New Delhi,2026-03-07,28.61,77.23,Delhi,35,17,28,14,7
New Delhi,2026-03-08,28.61,77.23,Delhi,35,16,28,14,7
New Delhi,2026-03-09,28.61,77.23,Delhi,35,19,28,14,7
New Delhi,2026-03-10,28.61,77.23,Delhi,35,18,28,14,7
New Delhi,2026-03-11,28.61,77.23,Delhi,36,17,28,14,8
New Delhi,2026-03-12,28.61,77.23,Delhi,35,18,28,15,7
New Delhi,2026-03-13,28.61,77.23,Delhi,32,20,28,15,4
New Delhi,2026-03-14,28.61,77.23,Delhi,33,18,28,15,5
New Delhi,2026-03-15,28.61,77.23,Delhi,30,18,28,15,2
New Delhi,2026-03-16,28.61,77.23,Delhi,32,17,28,15,4
New Delhi,2026-03-17,28.61,77.23,Delhi,31,15,31,16,0
New Delhi,2026-03-18,28.61,77.23,Delhi,33,18,31,16,2
New Delhi,2026-03-19,28.61,77.23,Delhi,26,17,31,16,-5
New Delhi,2026-03-20,28.61,77.23,Delhi,21,16,31,16,-10
New Delhi,2026-03-21,28.61,77.23,Delhi,27,13,31,16,-4
New Delhi,2026-03-22,28.61,77.23,Delhi,29,15,31,17,-2
New Delhi,2026-03-23,28.61,77.23,Delhi,29,17,31,17,-2
New Delhi,2026-03-24,28.61,77.23,Delhi,31,16,31,17,0
New Delhi,2026-03-25,28.61,77.23,Delhi,33,16,31,17,2
New Delhi,2026-03-26,28.61,77.23,Delhi,34,19,31,17,3
New Delhi,2026-03-27,28.61,77.23,Delhi,32,20,32,18,0
New Delhi,2026-03-28,28.61,77.23,Delhi,33,18,32,18,1
New Delhi,2026-03-29,28.61,77.23,Delhi,36,19,32,18,4
New Delhi,2026-03-30,28.61,77.23,Delhi,35,20,32,18,3
New Delhi,2026-03-31,28.61,77.23,Delhi,33,19,32,18,1
New Delhi,2026-04-01,28.61,77.23,Delhi,33,16,34,18,-1
New Delhi,2026-04-02,28.61,77.23,Delhi,36,18,34,18,2
New Delhi,2026-04-03,28.61,77.23,Delhi,33,22,34,18,-1
New Delhi,2026-04-04,28.61,77.23,Delhi,32,20,34,18,-2
New Delhi,2026-04-05,28.61,77.23,Delhi,32,20,34,18,-2
New Delhi,2026-04-06,28.61,77.23,Delhi,33,17,35,20,-2
New Delhi,2026-04-07,28.61,77.23,Delhi,28,20,35,20,-7
New Delhi,2026-04-08,28.61,77.23,Delhi,28,16,35,20,-7
New Delhi,2026-04-09,28.61,77.23,Delhi,30,16,35,20,-5
New Delhi,2026-04-10,28.61,77.23,Delhi,32,16,35,20,-3
New Delhi,2026-04-11,28.61,77.23,Delhi,34,18,36,21,-2
New Delhi,2026-04-12,28.61,77.23,Delhi,34,20,36,21,-2
New Delhi,2026-04-13,28.61,77.23,Delhi,36,17,36,21,0
New Delhi,2026-04-14,28.61,77.23,Delhi,38,18,36,21,2
New Delhi,2026-04-16,28.61,77.23,Delhi,40,20,36,21,4
New Delhi,2026-04-17,28.61,77.23,Delhi,41,24,36,21,5
New Delhi,2026-04-18,28.61,77.23,Delhi,39,19,36,21,3
New Delhi,2026-04-19,28.61,77.23,Delhi,40,21,36,21,4
New Delhi,2026-04-20,28.61,77.23,Delhi,39,22,36,21,3
New Delhi,2026-04-21,28.61,77.23,Delhi,38,20,37,22,1
New Delhi,2026-04-22,28.61,77.23,Delhi,40,21,37,22,3
New Delhi,2026-04-23,28.61,77.23,Delhi,41,25,37,22,4
New Delhi,2026-04-24,28.61,77.23,Delhi,41,24,37,22,4
New Delhi,2026-04-25,28.61,77.23,Delhi,42,25,37,22,5
New Delhi,2026-04-26,28.61,77.23,Delhi,42,26,39,23,3
New Delhi,2026-04-27,28.61,77.23,Delhi,42,25,39,23,3
New Delhi,2026-04-28,28.61,77.23,Delhi,39,28,39,23,0
New Delhi,2026-04-29,28.61,77.23,Delhi,37,20,39,23,-2
New Delhi,2026-04-30,28.61,77.23,Delhi,39,25,39,23,0
New Delhi,2026-05-01,28.61,77.23,Delhi,36,22,39,24,-3
New Delhi,2026-05-02,28.61,77.23,Delhi,38,25,39,24,-1
New Delhi,2026-05-03,28.61,77.23,Delhi,36,24,39,24,-3
New Delhi,2026-05-04,28.61,77.23,Delhi,32,18,39,24,-7
New Delhi,2026-05-05,28.61,77.23,Delhi,33,19,39,24,-6
New Delhi,2026-05-07,28.61,77.23,Delhi,33,23,39,25,-6
New Delhi,2026-05-08,28.61,77.23,Delhi,36,22,39,25,-3
New Delhi,2026-05-09,28.61,77.23,Delhi,36,23,39,25,-3
New Delhi,2026-05-11,28.61,77.23,Delhi,37,27,39,25,-2
New Delhi,2026-05-12,28.61,77.23,Delhi,39,27,39,25,0
New Delhi,2026-05-13,28.61,77.23,Delhi,39,26,39,25,0
New Delhi,2026-05-15,28.61,77.23,Delhi,39,26,39,25,0
New Delhi,2026-05-16,28.61,77.23,Delhi,40,24,40,26,0
New Delhi,2026-05-19,28.61,77.23,Delhi,45,28,40,26,5
New Delhi,2026-05-20,28.61,77.23,Delhi,44,28,40,26,4
New Delhi,2026-05-22,28.61,77.23,Delhi,43,29,40,26,3
New Delhi,2026-05-23,28.61,77.23,Delhi,41,28,40,26,1
New Delhi,2026-05-24,28.61,77.23,Delhi,43,28,40,26,3
New Delhi,2026-05-25,28.61,77.23,Delhi,43,32,40,26,3
New Delhi,2026-05-26,28.61,77.23,Delhi,43,26,40,26,3
New Delhi,2026-05-27,28.61,77.23,Delhi,44,26,40,26,4
New Delhi,2026-05-28,28.61,77.23,Delhi,41,28,40,26,1
New Delhi,2026-05-29,28.61,77.23,Delhi,36,25,40,26,-4
New Delhi,2026-05-31,28.61,77.23,Delhi,35,23,40,26,-5
New Delhi,2026-06-01,28.61,77.23,Delhi,36,24,40,26,-4
New Delhi,2026-06-02,28.61,77.23,Delhi,37,26,40,26,-3
New Delhi,2026-06-03,28.61,77.23,Delhi,39,27,40,26,-1
New Delhi,2026-06-04,28.61,77.23,Delhi,40,29,40,26,0
New Delhi,2026-06-05,28.61,77.23,Delhi,35,26,40,27,-5
New Delhi,2026-06-06,28.61,77.23,Delhi,40,26,40,27,0
New Delhi,2026-06-07,28.61,77.23,Delhi,41,27,40,27,1
New Delhi,2026-06-08,28.61,77.23,Delhi,42,29,40,27,2
New Delhi,2026-06-09,28.61,77.23,Delhi,43,29,40,27,3
New Delhi,2026-06-10,28.61,77.23,Delhi,42,22,39,28,3
New Delhi,2026-06-11,28.61,77.23,Delhi,38,30,39,28,-1
New Delhi,2026-06-15,28.61,77.23,Delhi,37,28,38,27,-1
New Delhi,2026-06-16,28.61,77.23,Delhi,33,25,38,27,-5
New Delhi,2026-06-18,28.61,77.23,Delhi,39,27,38,27,1
New Delhi,2026-06-19,28.61,77.23,Delhi,39,27,38,27,1
New Delhi,2026-06-21,28.61,77.23,Delhi,38,28,38,28,0
New Delhi,2026-06-23,28.61,77.23,Delhi,40,26,38,28,2
New Delhi,2026-06-24,28.61,77.23,Delhi,39,26,38,28,1
New Delhi,2026-06-25,28.61,77.23,Delhi,38,25,37,27,1
New Delhi,2026-06-27,28.61,77.23,Delhi,41,30,37,27,4
New Delhi,2026-06-28,28.61,77.23,Delhi,41,31,37,27,4
New Delhi,2026-06-30,28.61,77.23,Delhi,40,30,37,27,3
New Delhi,2026-07-01,28.61,77.23,Delhi,34,28,37,27,-3
New Delhi,2026-07-03,28.61,77.23,Delhi,35,28,37,27,-2
New Delhi,2026-07-05,28.61,77.23,Delhi,38,29,36,27,2
New Delhi,2026-07-07,28.61,77.23,Delhi,37,30,36,27,1
New Delhi,2026-07-08,28.61,77.23,Delhi,30,25,36,27,-6
New Delhi,2026-07-09,28.61,77.23,Delhi,29,24,36,27,-7
New Delhi,2026-07-11,28.61,77.23,Delhi,35,26,35,27,0
New Delhi,2026-07-12,28.61,77.23,Delhi,36,28,35,27,1
New Delhi,2026-07-13,28.61,77.23,Delhi,38,29,35,27,3
New Delhi,2026-07-15,28.61,77.23,Delhi,38,29,35,27,3
New Delhi,2026-07-19,28.61,77.23,Delhi,38,31,35,27,3
New Delhi,2026-07-20,28.61,77.23,Delhi,26,26,34,27,-8
New Delhi,2026-07-23,28.61,77.23,Delhi,34,27,34,27,0
New Delhi,2026-07-24,28.61,77.23,Delhi,34,27,34,27,0
New Delhi,2026-07-25,28.61,77.23,Delhi,36,27,34,27,2
New Delhi,2026-07-26,28.61,77.23,Delhi,36,27,34,27,2
New Delhi,2026-07-27,28.61,77.23,Delhi,38,28,34,27,4
Diu,2025-05-07,20.72,70.98,Daman & Diu,33,22,34,24,-1
Diu,2025-05-06,20.72,70.98,Daman & Diu,34,28,34,24,0
Diu,2025-05-08,20.72,70.98,Daman & Diu,32,22,34,24,-2
Diu,2025-05-09,20.72,70.98,Daman & Diu,33,25,34,24,-1
Diu,2025-05-10,20.72,70.98,Daman & Diu,33,25,34,24,-1
Diu,2025-05-11,20.72,70.98,Daman & Diu,33,25,34,24,-1
Diu,2025-05-12,20.72,70.98,Daman & Diu,33,25,34,24,-1
Diu,2025-05-13,20.72,70.98,Daman & Diu,34,26,34,24,0
Diu,2025-05-14,20.72,70.98,Daman & Diu,33,27,34,24,-1
Diu,2025-05-15,20.72,70.98,Daman & Diu,33,27,34,24,-1
Diu,2025-05-16,20.72,70.98,Daman & Diu,34,27,34,25,0
Diu,2025-05-17,20.72,70.98,Daman & Diu,35,29,34,25,1
Diu,2025-05-18,20.72,70.98,Daman & Diu,34,29,34,25,0
Diu,2025-05-19,20.72,70.98,Daman & Diu,33,26,34,25,-1
Diu,2025-05-20,20.72,70.98,Daman & Diu,35,28,34,25,1
Diu,2025-05-21,20.72,70.98,Daman & Diu,32,29,34,25,-2
Diu,2025-05-22,20.72,70.98,Daman & Diu,34,26,34,25,0
Diu,2025-05-23,20.72,70.98,Daman & Diu,36,27,34,25,2
Diu,2025-05-24,20.72,70.98,Daman & Diu,33,25,34,25,-1
Diu,2025-05-25,20.72,70.98,Daman & Diu,37,28,34,25,3
Diu,2025-05-26,20.72,70.98,Daman & Diu,35,29,34,26,1
Diu,2025-05-27,20.72,70.98,Daman & Diu,30,29,34,26,-4
Diu,2025-05-28,20.72,70.98,Daman & Diu,34,29,34,26,0
Diu,2025-05-29,20.72,70.98,Daman & Diu,34,28,34,26,0
Diu,2025-05-30,20.72,70.98,Daman & Diu,34,29,34,26,0
Diu,2025-05-31,20.72,70.98,Daman & Diu,33,29,34,26,-1
Diu,2025-06-01,20.72,70.98,Daman & Diu,34,29,34,26,0
Diu,2025-06-02,20.72,70.98,Daman & Diu,34,29,34,26,0
Diu,2025-06-03,20.72,70.98,Daman & Diu,34,29,34,26,0
Diu,2025-06-04,20.72,70.98,Daman & Diu,34,28,34,26,0
Diu,2025-06-05,20.72,70.98,Daman & Diu,34,28,34,26,0
Diu,2025-06-06,20.72,70.98,Daman & Diu,34,27,34,26,0
Diu,2025-06-07,20.72,70.98,Daman & Diu,35,28,34,26,1
Diu,2025-06-08,20.72,70.98,Daman & Diu,34,27,34,26,0
Diu,2025-06-09,20.72,70.98,Daman & Diu,34,28,34,26,0
Diu,2025-06-10,20.72,70.98,Daman & Diu,34,28,34,26,0
Diu,2025-06-11,20.72,70.98,Daman & Diu,35,28,34,26,1
Diu,2025-06-12,20.72,70.98,Daman & Diu,37,29,34,26,3
Diu,2025-06-13,20.72,70.98,Daman & Diu,32,28,34,26,-2
Diu,2025-06-14,20.72,70.98,Daman & Diu,35,28,34,26,1
Diu,2025-06-15,20.72,70.98,Daman & Diu,32,28,33,26,-1
Diu,2025-06-16,20.72,70.98,Daman & Diu,28,26,33,26,-5
Diu,2025-06-17,20.72,70.98,Daman & Diu,31,25,33,26,-2
Diu,2025-06-18,20.72,70.98,Daman & Diu,30,26,33,26,-3
Diu,2025-06-19,20.72,70.98,Daman & Diu,32,26,33,26,-1
Diu,2025-06-20,20.72,70.98,Daman & Diu,32,27,33,26,-1
Diu,2025-06-21,20.72,70.98,Daman & Diu,31,28,33,26,-2
Diu,2025-06-22,20.72,70.98,Daman & Diu,31,28,33,26,-2
Diu,2025-06-23,20.72,70.98,Daman & Diu,31,28,33,26,-2
Diu,2025-06-24,20.72,70.98,Daman & Diu,30,28,33,26,-3
Diu,2025-06-25,20.72,70.98,Daman & Diu,30,28,33,26,-3
Diu,2025-06-26,20.72,70.98,Daman & Diu,31,28,33,26,-2
Diu,2025-06-27,20.72,70.98,Daman & Diu,30,24,33,26,-3
Diu,2025-06-28,20.72,70.98,Daman & Diu,30,26,33,26,-3
Diu,2025-06-29,20.72,70.98,Daman & Diu,30,25,33,26,-3
Diu,2025-06-30,20.72,70.98,Daman & Diu,31,26,32,26,-1
Diu,2025-07-01,20.72,70.98,Daman & Diu,31,28,32,26,-1
Diu,2025-07-02,20.72,70.98,Daman & Diu,31,27,32,26,-1
Diu,2025-07-03,20.72,70.98,Daman & Diu,32,27,32,26,0
Diu,2025-07-04,20.72,70.98,Daman & Diu,30,26,32,26,-2
Diu,2025-07-05,20.72,70.98,Daman & Diu,30,26,32,25,-2
Diu,2025-07-06,20.72,70.98,Daman & Diu,30,27,32,25,-2
Diu,2025-07-07,20.72,70.98,Daman & Diu,31,28,32,25,-1
Diu,2025-07-08,20.72,70.98,Daman & Diu,31,28,32,25,-1
Diu,2025-07-09,20.72,70.98,Daman & Diu,32,28,32,25,0
Diu,2025-07-10,20.72,70.98,Daman & Diu,32,28,32,25,0
Diu,2025-07-11,20.72,70.98,Daman & Diu,32,27,32,25,0
Diu,2025-07-12,20.72,70.98,Daman & Diu,31,26,32,25,-1
Diu,2025-07-13,20.72,70.98,Daman & Diu,32,25,32,25,0
Diu,2025-07-14,20.72,70.98,Daman & Diu,32,26,32,25,0
Diu,2025-07-15,20.72,70.98,Daman & Diu,32,27,31,24,1
Diu,2025-07-16,20.72,70.98,Daman & Diu,32,27,31,24,1
Diu,2025-07-17,20.72,70.98,Daman & Diu,32,27,31,24,1
Diu,2025-07-18,20.72,70.98,Daman & Diu,33,27,31,24,2
Diu,2025-07-19,20.72,70.98,Daman & Diu,32,27,31,24,1
Diu,2025-07-20,20.72,70.98,Daman & Diu,30,26,31,24,-1
Diu,2025-07-21,20.72,70.98,Daman & Diu,32,26,31,24,1
Diu,2025-07-22,20.72,70.98,Daman & Diu,32,26,31,24,1
Diu,2025-07-23,20.72,70.98,Daman & Diu,32,26,31,24,1
Diu,2025-07-24,20.72,70.98,Daman & Diu,31,26,31,24,0
Diu,2025-07-25,20.72,70.98,Daman & Diu,32,27,31,24,1
Diu,2025-07-26,20.72,70.98,Daman & Diu,32,27,31,24,1
Diu,2025-07-27,20.72,70.98,Daman & Diu,30,27,31,24,-1
Diu,2025-07-28,20.72,70.98,Daman & Diu,30,26,31,24,-1
Diu,2025-07-29,20.72,70.98,Daman & Diu,30,27,31,24,-1
Diu,2025-07-30,20.72,70.98,Daman & Diu,30,26,30,24,0
Diu,2025-07-31,20.72,70.98,Daman & Diu,31,26,30,24,1
Diu,2025-08-01,20.72,70.98,Daman & Diu,32,27,30,24,2
Diu,2025-08-02,20.72,70.98,Daman & Diu,32,26,30,24,2
Diu,2025-08-03,20.72,70.98,Daman & Diu,32,27,30,24,2
Diu,2025-08-04,20.72,70.98,Daman & Diu,31,26,31,24,0
Diu,2025-08-05,20.72,70.98,Daman & Diu,32,26,31,24,1
Diu,2025-08-06,20.72,70.98,Daman & Diu,32,26,31,24,1
Diu,2025-08-07,20.72,70.98,Daman & Diu,32,25,31,24,1
Diu,2025-08-08,20.72,70.98,Daman & Diu,32,25,31,24,1
Diu,2025-08-09,20.72,70.98,Daman & Diu,31,25,31,24,0
Diu,2025-08-10,20.72,70.98,Daman & Diu,32,26,31,24,1
Diu,2025-08-11,20.72,70.98,Daman & Diu,32,25,31,24,1
Diu,2025-08-12,20.72,70.98,Daman & Diu,32,25,31,24,1
Diu,2025-08-13,20.72,70.98,Daman & Diu,32,27,31,24,1
Diu,2025-08-14,20.72,70.98,Daman & Diu,30,26,31,24,-1
Diu,2025-08-15,20.72,70.98,Daman & Diu,31,25,31,24,0
Diu,2025-08-16,20.72,70.98,Daman & Diu,32,27,31,24,1
Diu,2025-08-17,20.72,70.98,Daman & Diu,30,25,31,24,-1
Diu,2025-08-18,20.72,70.98,Daman & Diu,30,26,31,24,-1
Diu,2025-08-19,20.72,70.98,Daman & Diu,29,24,31,23,-2
Diu,2025-08-20,20.72,70.98,Daman & Diu,28,25,31,23,-3
Diu,2025-08-21,20.72,70.98,Daman & Diu,30,25,31,23,-1
Diu,2025-08-22,20.72,70.98,Daman & Diu,30,25,31,23,-1
Diu,2025-08-23,20.72,70.98,Daman & Diu,30,25,31,23,-1
Diu,2025-08-24,20.72,70.98,Daman & Diu,30,24,31,23,-1
Diu,2025-08-25,20.72,70.98,Daman & Diu,29,25,31,23,-2
Diu,2025-08-26,20.72,70.98,Daman & Diu,29,25,31,23,-2
Diu,2025-08-27,20.72,70.98,Daman & Diu,31,25,31,23,0
Diu,2025-08-28,20.72,70.98,Daman & Diu,32,26,31,23,1
Diu,2025-08-29,20.72,70.98,Daman & Diu,30,27,31,23,-1
Diu,2025-08-30,20.72,70.98,Daman & Diu,30,26,31,23,-1
Diu,2025-08-31,20.72,70.98,Daman & Diu,31,26,31,23,0
Diu,2025-09-01,20.72,70.98,Daman & Diu,30,26,31,23,-1
Diu,2025-09-02,20.72,70.98,Daman & Diu,32,27,31,23,1
Diu,2025-09-03,20.72,70.98,Daman & Diu,32,26,31,23,1
Diu,2025-09-04,20.72,70.98,Daman & Diu,30,26,31,23,-1
Diu,2025-09-05,20.72,70.98,Daman & Diu,29,25,31,23,-2
Diu,2025-09-06,20.72,70.98,Daman & Diu,29,26,31,23,-2
Diu,2025-09-07,20.72,70.98,Daman & Diu,29,25,31,23,-2
Diu,2025-09-08,20.72,70.98,Daman & Diu,29,25,31,23,-2
Diu,2025-09-09,20.72,70.98,Daman & Diu,30,24,31,23,-1
Diu,2025-09-10,20.72,70.98,Daman & Diu,31,24,31,23,0
Diu,2025-09-11,20.72,70.98,Daman & Diu,31,23,31,23,0
Diu,2025-09-12,20.72,70.98,Daman & Diu,32,24,31,23,1
Diu,2025-09-13,20.72,70.98,Daman & Diu,33,26,32,22,1
Diu,2025-09-14,20.72,70.98,Daman & Diu,32,26,32,22,0
Diu,2025-09-15,20.72,70.98,Daman & Diu,31,25,32,22,-1
Diu,2025-09-16,20.72,70.98,Daman & Diu,31,24,32,22,-1
Diu,2025-09-17,20.72,70.98,Daman & Diu,31,26,32,22,-1
Diu,2025-09-18,20.72,70.98,Daman & Diu,31,26,32,22,-1
Diu,2025-09-19,20.72,70.98,Daman & Diu,33,26,32,22,1
Diu,2025-09-20,20.72,70.98,Daman & Diu,33,26,32,22,1
Diu,2025-09-21,20.72,70.98,Daman & Diu,31,26,32,22,-1
Diu,2025-09-22,20.72,70.98,Daman & Diu,31,26,32,22,-1
Diu,2025-09-23,20.72,70.98,Daman & Diu,31,26,32,22,-1
Diu,2025-09-24,20.72,70.98,Daman & Diu,31,23,32,22,-1
Diu,2025-09-25,20.72,70.98,Daman & Diu,31,24,32,22,-1
Diu,2025-09-26,20.72,70.98,Daman & Diu,32,24,32,22,0
Diu,2025-09-27,20.72,70.98,Daman & Diu,35,26,32,22,3
Diu,2025-09-28,20.72,70.98,Daman & Diu,28,26,33,22,-5
Diu,2025-09-29,20.72,70.98,Daman & Diu,26,24,33,22,-7
Diu,2025-09-30,20.72,70.98,Daman & Diu,27,24,33,22,-6
Diu,2025-10-01,20.72,70.98,Daman & Diu,28,24,33,22,-5
Diu,2025-10-02,20.72,70.98,Daman & Diu,30,25,33,22,-3
Diu,2025-10-03,20.72,70.98,Daman & Diu,30,26,34,22,-4
Diu,2025-10-04,20.72,70.98,Daman & Diu,31,27,34,22,-3
Diu,2025-10-05,20.72,70.98,Daman & Diu,31,27,34,22,-3
Diu,2025-10-06,20.72,70.98,Daman & Diu,31,25,34,22,-3
Diu,2025-10-07,20.72,70.98,Daman & Diu,31,25,34,22,-3
Diu,2025-10-08,20.72,70.98,Daman & Diu,31,24,34,22,-3
Diu,2025-10-09,20.72,70.98,Daman & Diu,32,23,34,22,-2
Diu,2025-10-10,20.72,70.98,Daman & Diu,33,22,34,22,-1
Diu,2025-10-11,20.72,70.98,Daman & Diu,33,21,34,22,-1
Diu,2025-10-12,20.72,70.98,Daman & Diu,34,20,34,22,0
Diu,2025-10-13,20.72,70.98,Daman & Diu,34,19,34,21,0
Diu,2025-10-14,20.72,70.98,Daman & Diu,33,21,34,21,-1
Diu,2025-10-15,20.72,70.98,Daman & Diu,34,20,34,21,0
Diu,2025-10-16,20.72,70.98,Daman & Diu,36,25,34,21,2
Diu,2025-10-17,20.72,70.98,Daman & Diu,36,25,34,21,2
Diu,2025-10-18,20.72,70.98,Daman & Diu,37,24,34,20,3
Diu,2025-10-19,20.72,70.98,Daman & Diu,35,22,34,20,1
Diu,2025-10-20,20.72,70.98,Daman & Diu,36,22,34,20,2
Diu,2025-10-21,20.72,70.98,Daman & Diu,35,24,34,20,1
Diu,2025-10-22,20.72,70.98,Daman & Diu,35,22,34,20,1
Diu,2025-10-23,20.72,70.98,Daman & Diu,33,23,34,20,-1
Diu,2025-10-24,20.72,70.98,Daman & Diu,34,25,34,20,0
Diu,2025-10-25,20.72,70.98,Daman & Diu,33,26,34,20,-1
Diu,2025-10-26,20.72,70.98,Daman & Diu,26,24,34,20,-8
Diu,2025-10-27,20.72,70.98,Daman & Diu,25,24,34,20,-9
Diu,2025-10-28,20.72,70.98,Daman & Diu,29,25,34,19,-5
Diu,2025-10-29,20.72,70.98,Daman & Diu,30,23,34,19,-4
Diu,2025-10-30,20.72,70.98,Daman & Diu,28,24,34,19,-6
Diu,2025-10-31,20.72,70.98,Daman & Diu,26,24,34,19,-8
Diu,2025-11-01,20.72,70.98,Daman & Diu,30,25,34,19,-4
Diu,2025-11-02,20.72,70.98,Daman & Diu,31,27,34,18,-3
Diu,2025-11-03,20.72,70.98,Daman & Diu,31,27,34,18,-3
Diu,2025-11-04,20.72,70.98,Daman & Diu,30,22,34,18,-4
Diu,2025-11-05,20.72,70.98,Daman & Diu,30,20,34,18,-4
Diu,2025-11-06,20.72,70.98,Daman & Diu,31,19,34,18,-3
Diu,2026-01-06,20.72,70.98,Daman & Diu,28,16,28,11,0
Diu,2026-01-07,20.72,70.98,Daman & Diu,29,15,28,11,1
Diu,2026-01-08,20.72,70.98,Daman & Diu,29,13,28,11,1
Diu,2026-01-09,20.72,70.98,Daman & Diu,28,15,28,11,0
Diu,2026-01-10,20.72,70.98,Daman & Diu,29,14,28,11,1
Diu,2026-01-11,20.72,70.98,Daman & Diu,29,14,28,12,1
Diu,2026-01-12,20.72,70.98,Daman & Diu,29,16,28,12,1
Diu,2026-01-13,20.72,70.98,Daman & Diu,29,17,28,12,1
Diu,2026-01-14,20.72,70.98,Daman & Diu,26,12,28,12,-2
Diu,2026-01-15,20.72,70.98,Daman & Diu,28,10,28,12,0
Diu,2026-01-16,20.72,70.98,Daman & Diu,27,10,28,11,-1
Diu,2026-01-17,20.72,70.98,Daman & Diu,27,11,28,11,-1
Diu,2026-01-18,20.72,70.98,Daman & Diu,28,15,28,11,0
Diu,2026-01-19,20.72,70.98,Daman & Diu,28,12,28,11,0
Diu,2026-01-20,20.72,70.98,Daman & Diu,28,15,28,11,0
Diu,2026-01-21,20.72,70.98,Daman & Diu,29,15,28,12,1
Diu,2026-01-22,20.72,70.98,Daman & Diu,27,16,28,12,-1
Diu,2026-01-23,20.72,70.98,Daman & Diu,26,15,28,12,-2
Diu,2026-01-24,20.72,70.98,Daman & Diu,27,15,28,12,-1
Diu,2026-01-25,20.72,70.98,Daman & Diu,29,15,28,12,1
Diu,2026-01-26,20.72,70.98,Daman & Diu,26,14,29,12,-3
Diu,2026-01-27,20.72,70.98,Daman & Diu,26,15,29,12,-3
Diu,2026-01-28,20.72,70.98,Daman & Diu,28,15,29,12,-1
Diu,2026-01-29,20.72,70.98,Daman & Diu,29,11,29,12,0
Diu,2026-01-30,20.72,70.98,Daman & Diu,28,15,29,12,-1
Diu,2026-01-31,20.72,70.98,Daman & Diu,27,16,,,
Diu,2026-02-01,20.72,70.98,Daman & Diu,29,17,29,12,0
Diu,2026-02-02,20.72,70.98,Daman & Diu,32,20,29,12,3
Diu,2026-02-03,20.72,70.98,Daman & Diu,32,19,29,12,3
Diu,2026-02-04,20.72,70.98,Daman & Diu,31,19,29,12,2
Diu,2026-02-05,20.72,70.98,Daman & Diu,31,18,29,12,2
Diu,2026-02-06,20.72,70.98,Daman & Diu,31,17,29,12,2
Diu,2026-02-07,20.72,70.98,Daman & Diu,30,15,29,12,1
Diu,2026-02-08,20.72,70.98,Daman & Diu,31,16,29,12,2
Diu,2026-02-09,20.72,70.98,Daman & Diu,29,16,29,12,0
Diu,2026-02-10,20.72,70.98,Daman & Diu,27,13,29,12,-2
Diu,2026-02-11,20.72,70.98,Daman & Diu,31,16,29,12,2
Diu,2026-02-12,20.72,70.98,Daman & Diu,31,14,29,12,2
Diu,2026-02-13,20.72,70.98,Daman & Diu,29,15,29,12,0
Diu,2026-02-14,20.72,70.98,Daman & Diu,32,17,29,12,3
Diu,2026-02-15,20.72,70.98,Daman & Diu,32,16,29,13,3
Diu,2026-02-16,20.72,70.98,Daman & Diu,31,16,29,13,2
Diu,2026-02-17,20.72,70.98,Daman & Diu,29,15,29,13,0
Diu,2026-02-18,20.72,70.98,Daman & Diu,27,15,29,13,-2
Diu,2026-02-19,20.72,70.98,Daman & Diu,29,14,29,13,0
Diu,2026-02-20,20.72,70.98,Daman & Diu,32,16,30,14,2
Diu,2026-02-21,20.72,70.98,Daman & Diu,33,18,30,14,3
Diu,2026-02-25,20.72,70.98,Daman & Diu,30,17,30,14,0
Diu,2026-02-26,20.72,70.98,Daman & Diu,28,17,30,14,-2
Diu,2026-02-27,20.72,70.98,Daman & Diu,29,17,30,14,-1
Diu,2026-02-28,20.72,70.98,Daman & Diu,29,17,30,14,-1
Diu,2026-03-01,20.72,70.98,Daman & Diu,30,19,30,14,0
Diu,2026-03-02,20.72,70.98,Daman & Diu,29,19,31,14,-2
Diu,2026-03-03,20.72,70.98,Daman & Diu,31,17,31,14,0
Diu,2026-03-04,20.72,70.98,Daman & Diu,36,20,31,14,5
Diu,2026-03-05,20.72,70.98,Daman & Diu,37,18,31,14,6
Diu,2026-03-06,20.72,70.98,Daman & Diu,30,19,31,14,-1
Diu,2026-03-07,20.72,70.98,Daman & Diu,30,19,31,15,-1
Diu,2026-03-08,20.72,70.98,Daman & Diu,33,18,31,15,2
Diu,2026-03-09,20.72,70.98,Daman & Diu,38,18,31,15,7
Diu,2026-03-10,20.72,70.98,Daman & Diu,41,20,31,15,10
Diu,2026-03-11,20.72,70.98,Daman & Diu,40,19,31,15,9
Diu,2026-03-12,20.72,70.98,Daman & Diu,33,19,31,16,2
Diu,2026-03-13,20.72,70.98,Daman & Diu,34,18,31,16,3
Diu,2026-03-14,20.72,70.98,Daman & Diu,36,20,31,16,5
Diu,2026-03-15,20.72,70.98,Daman & Diu,32,19,31,16,1
Diu,2026-03-16,20.72,70.98,Daman & Diu,30,21,31,16,-1
Diu,2026-03-17,20.72,70.98,Daman & Diu,29,18,32,16,-3
Diu,2026-03-18,20.72,70.98,Daman & Diu,30,18,32,16,-2
Diu,2026-03-19,20.72,70.98,Daman & Diu,30,19,32,16,-2
Diu,2026-03-20,20.72,70.98,Daman & Diu,29,18,32,16,-3
Diu,2026-03-21,20.72,70.98,Daman & Diu,30,19,32,16,-2
Diu,2026-03-22,20.72,70.98,Daman & Diu,34,20,32,17,2
Diu,2026-03-23,20.72,70.98,Daman & Diu,36,22,32,17,4
Diu,2026-03-24,20.72,70.98,Daman & Diu,33,20,32,17,1
Diu,2026-03-25,20.72,70.98,Daman & Diu,34,21,32,17,2
Diu,2026-03-26,20.72,70.98,Daman & Diu,35,20,32,17,3
Diu,2026-03-27,20.72,70.98,Daman & Diu,33,21,33,18,0
Diu,2026-03-28,20.72,70.98,Daman & Diu,31,19,33,18,-2
Diu,2026-03-29,20.72,70.98,Daman & Diu,32,21,33,18,-1
Diu,2026-03-30,20.72,70.98,Daman & Diu,32,22,33,18,-1
Diu,2026-03-31,20.72,70.98,Daman & Diu,31,22,33,18,-2
Diu,2026-04-01,20.72,70.98,Daman & Diu,30,18,33,19,-3
Diu,2026-04-02,20.72,70.98,Daman & Diu,32,19,33,19,-1
Diu,2026-04-03,20.72,70.98,Daman & Diu,31,20,33,19,-2
Diu,2026-04-04,20.72,70.98,Daman & Diu,31,23,33,19,-2
Diu,2026-04-05,20.72,70.98,Daman & Diu,30,20,33,19,-3
Diu,2026-04-06,20.72,70.98,Daman & Diu,30,22,32,19,-2
Diu,2026-04-07,20.72,70.98,Daman & Diu,31,23,32,19,-1
Diu,2026-04-08,20.72,70.98,Daman & Diu,31,24,32,19,-1
Diu,2026-04-09,20.72,70.98,Daman & Diu,31,21,32,19,-1
Diu,2026-04-10,20.72,70.98,Daman & Diu,32,23,32,19,0
Diu,2026-04-11,20.72,70.98,Daman & Diu,38,24,33,19,5
Diu,2026-04-12,20.72,70.98,Daman & Diu,34,22,33,19,1
Diu,2026-04-13,20.72,70.98,Daman & Diu,36,24,33,19,3
Diu,2026-04-14,20.72,70.98,Daman & Diu,36,23,33,19,3
Diu,2026-04-16,20.72,70.98,Daman & Diu,32,21,33,20,-1
Diu,2026-04-17,20.72,70.98,Daman & Diu,38,22,33,20,5
Diu,2026-04-18,20.72,70.98,Daman & Diu,36,21,33,20,3
Diu,2026-04-19,20.72,70.98,Daman & Diu,36,23,33,20,3
Diu,2026-04-20,20.72,70.98,Daman & Diu,32,20,33,20,-1
Diu,2026-04-21,20.72,70.98,Daman & Diu,33,22,33,20,0
Diu,2026-04-22,20.72,70.98,Daman & Diu,37,23,33,20,4
Diu,2026-04-23,20.72,70.98,Daman & Diu,35,23,33,20,2
Diu,2026-04-24,20.72,70.98,Daman & Diu,36,24,33,20,3
Diu,2026-04-25,20.72,70.98,Daman & Diu,35,24,33,20,2
Diu,2026-04-26,20.72,70.98,Daman & Diu,34,25,33,22,1
Diu,2026-04-27,20.72,70.98,Daman & Diu,39,26,33,22,6
Diu,2026-04-28,20.72,70.98,Daman & Diu,32,25,33,22,-1
Diu,2026-04-29,20.72,70.98,Daman & Diu,32,24,33,22,-1
Diu,2026-04-30,20.72,70.98,Daman & Diu,32,26,33,22,-1
Diu,2026-05-01,20.72,70.98,Daman & Diu,32,28,33,23,-1
Diu,2026-05-05,20.72,70.98,Daman & Diu,33,27,33,23,0
Diu,2026-05-07,20.72,70.98,Daman & Diu,36,25,33,23,3
Diu,2026-05-11,20.72,70.98,Daman & Diu,38,26,33,24,5
Diu,2026-05-13,20.72,70.98,Daman & Diu,33,27,33,24,0
Diu,2026-05-14,20.72,70.98,Daman & Diu,36,26,33,24,3
Diu,2026-05-20,20.72,70.98,Daman & Diu,33,26,33,24,0
Diu,2026-05-21,20.72,70.98,Daman & Diu,33,26,33,25,0
Diu,2026-05-22,20.72,70.98,Daman & Diu,33,26,33,25,0
Diu,2026-05-23,20.72,70.98,Daman & Diu,33,27,33,25,0
Diu,2026-05-24,20.72,70.98,Daman & Diu,34,27,33,25,1
Diu,2026-05-25,20.72,70.98,Daman & Diu,34,27,33,25,1
Diu,2026-05-26,20.72,70.98,Daman & Diu,33,28,34,25,-1
Diu,2026-05-27,20.72,70.98,Daman & Diu,34,28,34,25,0
Diu,2026-05-28,20.72,70.98,Daman & Diu,33,28,34,25,-1
Diu,2026-05-29,20.72,70.98,Daman & Diu,34,28,34,25,0
Diu,2026-05-31,20.72,70.98,Daman & Diu,33,26,34,25,-1
Diu,2026-06-01,20.72,70.98,Daman & Diu,34,28,34,25,0
Diu,2026-06-02,20.72,70.98,Daman & Diu,33,28,34,25,-1
Diu,2026-06-03,20.72,70.98,Daman & Diu,33,27,34,25,-1
Diu,2026-06-04,20.72,70.98,Daman & Diu,34,29,34,25,0
Diu,2026-06-05,20.72,70.98,Daman & Diu,34,29,34,26,0
Diu,2026-06-06,20.72,70.98,Daman & Diu,35,28,34,26,1
Diu,2026-06-07,20.72,70.98,Daman & Diu,34,29,34,26,0
Diu,2026-06-08,20.72,70.98,Daman & Diu,34,29,34,26,0
Diu,2026-06-09,20.72,70.98,Daman & Diu,34,29,34,26,0
Diu,2026-06-10,20.72,70.98,Daman & Diu,34,28,33,25,1
Diu,2026-06-11,20.72,70.98,Daman & Diu,34,28,33,25,1
Diu,2026-06-15,20.72,70.98,Daman & Diu,34,28,32,25,2
Diu,2026-06-18,20.72,70.98,Daman & Diu,34,28,32,25,2
Diu,2026-06-19,20.72,70.98,Daman & Diu,33,27,32,25,1
Diu,2026-06-22,20.72,70.98,Daman & Diu,34,28,32,25,2
Diu,2026-06-23,20.72,70.98,Daman & Diu,34,28,32,25,2
Diu,2026-06-27,20.72,70.98,Daman & Diu,33,27,32,26,1
Diu,2026-06-28,20.72,70.98,Daman & Diu,34,27,32,26,2
Diu,2026-06-30,20.72,70.98,Daman & Diu,32,29,32,25,0
Diu,2026-07-01,20.72,70.98,Daman & Diu,31,26,32,25,-1
Diu,2026-07-02,20.72,70.98,Daman & Diu,28,24,32,25,-4
Diu,2026-07-04,20.72,70.98,Daman & Diu,27,26,32,25,-5
Diu,2026-07-07,20.72,70.98,Daman & Diu,29,25,32,25,-3
Diu,2026-07-10,20.72,70.98,Daman & Diu,32,28,31,24,1
Diu,2026-07-11,20.72,70.98,Daman & Diu,32,28,31,24,1
Diu,2026-07-12,20.72,70.98,Daman & Diu,33,28,31,24,2
Diu,2026-07-13,20.72,70.98,Daman & Diu,32,28,31,24,1
Diu,2026-07-14,20.72,70.98,Daman & Diu,32,28,31,24,1
Diu,2026-07-16,20.72,70.98,Daman & Diu,32,27,30,24,2
Diu,2026-07-19,20.72,70.98,Daman & Diu,32,27,30,24,2
Diu,2026-07-20,20.72,70.98,Daman & Diu,30,26,30,24,0
Diu,2026-07-21,20.72,70.98,Daman & Diu,30,26,30,24,0
Diu,2026-07-22,20.72,70.98,Daman & Diu,30,26,30,24,0
Diu,2026-07-25,20.72,70.98,Daman & Diu,31,27,30,24,1
Diu,2026-07-26,20.72,70.98,Daman & Diu,30,27,30,24,0
Diu,2026-07-27,20.72,70.98,Daman & Diu,31,27,30,24,1
Panjim,2025-05-30,15.3,73.83,Goa,32,26,34,26,-2
Panjim,2025-05-31,15.3,73.83,Goa,33,28,33,26,0
Panjim,2025-06-01,15.3,73.83,Goa,33,27,33,26,0
Panjim,2025-06-02,15.3,73.83,Goa,32,25,33,26,-1
Panjim,2025-06-03,15.3,73.83,Goa,33,25,33,26,0
Panjim,2025-06-04,15.3,73.83,Goa,32,25,33,26,-1
Panjim,2025-06-05,15.3,73.83,Goa,33,24,32,25,1
Panjim,2025-06-06,15.3,73.83,Goa,33,26,32,25,1
Panjim,2025-06-07,15.3,73.83,Goa,33,26,32,25,1
Panjim,2025-06-08,15.3,73.83,Goa,33,26,32,25,1
Panjim,2025-06-09,15.3,73.83,Goa,31,24,32,25,-1
Panjim,2025-06-10,15.3,73.83,Goa,33,26,31,25,2
Panjim,2025-06-11,15.3,73.83,Goa,33,27,31,25,2
Panjim,2025-06-12,15.3,73.83,Goa,28,26,31,25,-3
Panjim,2025-06-13,15.3,73.83,Goa,28,24,31,25,-3
Panjim,2025-06-14,15.3,73.83,Goa,29,26,31,25,-2
Panjim,2025-06-15,15.3,73.83,Goa,29,25,30,25,-1
Panjim,2025-06-16,15.3,73.83,Goa,32,25,30,25,2
Panjim,2025-06-17,15.3,73.83,Goa,32,26,30,25,2
Panjim,2025-06-18,15.3,73.83,Goa,32,26,30,25,2
Panjim,2025-06-19,15.3,73.83,Goa,32,27,30,25,2
Panjim,2025-06-20,15.3,73.83,Goa,32,26,30,25,2
Panjim,2025-06-21,15.3,73.83,Goa,32,27,30,25,2
Panjim,2025-06-22,15.3,73.83,Goa,32,26,30,25,2
Panjim,2025-06-23,15.3,73.83,Goa,29,23,30,25,-1
Panjim,2025-06-24,15.3,73.83,Goa,29,25,30,25,-1
Panjim,2025-06-25,15.3,73.83,Goa,30,26,30,25,0
Panjim,2025-06-26,15.3,73.83,Goa,31,25,30,25,1
Panjim,2025-06-27,15.3,73.83,Goa,30,25,30,25,0
Panjim,2025-06-28,15.3,73.83,Goa,32,26,30,25,2
Panjim,2025-06-29,15.3,73.83,Goa,32,26,30,25,2
Panjim,2025-06-30,15.3,73.83,Goa,32,25,30,24,2
Panjim,2025-07-01,15.3,73.83,Goa,32,25,30,24,2
Panjim,2025-07-02,15.3,73.83,Goa,28,25,30,24,-2
Panjim,2025-07-03,15.3,73.83,Goa,27,23,30,24,-3
Panjim,2025-07-04,15.3,73.83,Goa,30,24,30,24,0
Panjim,2025-07-05,15.3,73.83,Goa,31,25,30,24,1
Panjim,2025-07-06,15.3,73.83,Goa,30,24,30,24,0
Panjim,2025-07-07,15.3,73.83,Goa,31,25,30,24,1
Panjim,2025-07-08,15.3,73.83,Goa,31,26,30,24,1
Panjim,2025-07-09,15.3,73.83,Goa,32,26,30,24,2
Panjim,2025-07-10,15.3,73.83,Goa,32,25,29,24,3
Panjim,2025-07-11,15.3,73.83,Goa,32,25,29,24,3
Panjim,2025-07-12,15.3,73.83,Goa,32,26,29,24,3
Panjim,2025-07-13,15.3,73.83,Goa,31,25,29,24,2
Panjim,2025-07-14,15.3,73.83,Goa,30,26,29,24,1
Panjim,2025-07-15,15.3,73.83,Goa,29,24,29,24,0
Panjim,2025-07-16,15.3,73.83,Goa,30,25,29,24,1
Panjim,2025-07-17,15.3,73.83,Goa,30,26,29,24,1
Panjim,2025-07-18,15.3,73.83,Goa,30,26,29,24,1
Panjim,2025-07-20,15.3,73.83,Goa,27,25,29,24,-2
Panjim,2025-07-21,15.3,73.83,Goa,26,24,29,24,-3
Panjim,2025-07-22,15.3,73.83,Goa,29,24,29,24,0
Panjim,2025-07-23,15.3,73.83,Goa,27,23,29,24,-2
Panjim,2025-07-24,15.3,73.83,Goa,31,26,31,24,0
Panjim,2025-07-25,15.3,73.83,Goa,28,24,29,24,-1
Panjim,2025-07-26,15.3,73.83,Goa,29,24,29,24,0
Panjim,2025-07-28,15.3,73.83,Goa,31,26,29,24,2
Panjim,2025-07-29,15.3,73.83,Goa,30,24,29,24,1
Panjim,2025-07-30,15.3,73.83,Goa,30,26,29,24,1
Panjim,2025-07-31,15.3,73.83,Goa,32,26,29,24,3
Panjim,2025-08-01,15.3,73.83,Goa,31,26,29,24,2
Panjim,2025-08-02,15.3,73.83,Goa,31,25,29,24,2
Panjim,2025-08-03,15.3,73.83,Goa,31,25,29,24,2
Panjim,2025-08-04,15.3,73.83,Goa,31,25,29,24,2
Panjim,2025-08-05,15.3,73.83,Goa,30,25,29,24,1
Panjim,2025-08-06,15.3,73.83,Goa,27,23,29,24,-2
Panjim,2025-08-07,15.3,73.83,Goa,28,24,29,24,-1
Panjim,2025-08-08,15.3,73.83,Goa,30,25,29,24,1
Panjim,2025-08-09,15.3,73.83,Goa,30,24,29,24,1
Panjim,2025-08-10,15.3,73.83,Goa,30,25,29,24,1
Panjim,2025-08-11,15.3,73.83,Goa,30,25,29,24,1
Panjim,2025-08-12,15.3,73.83,Goa,29,24,29,24,0
Panjim,2025-08-13,15.3,73.83,Goa,27,24,29,24,-2
Panjim,2025-08-14,15.3,73.83,Goa,26,23,30,24,-4
Panjim,2025-08-15,15.3,73.83,Goa,29,25,30,24,-1
Panjim,2025-08-16,15.3,73.83,Goa,30,26,30,24,0
Panjim,2025-08-17,15.3,73.83,Goa,29,25,30,24,-1
Panjim,2025-08-18,15.3,73.83,Goa,27,23,30,24,-3
Panjim,2025-08-19,15.3,73.83,Goa,26,24,30,24,-4
Panjim,2025-08-20,15.3,73.83,Goa,29,24,30,24,-1
Panjim,2025-08-21,15.3,73.83,Goa,31,24,30,24,1
Panjim,2025-08-22,15.3,73.83,Goa,31,25,30,24,1
Panjim,2025-08-23,15.3,73.83,Goa,31,25,30,24,1
Panjim,2025-08-24,15.3,73.83,Goa,31,24,29,24,2
Panjim,2025-08-25,15.3,73.83,Goa,32,25,29,24,3
Panjim,2025-08-26,15.3,73.83,Goa,28,26,29,24,-1
Panjim,2025-08-27,15.3,73.83,Goa,28,24,29,24,-1
Panjim,2025-08-28,15.3,73.83,Goa,29,24,29,24,0
Panjim,2025-08-29,15.3,73.83,Goa,26,24,29,24,-3
Panjim,2025-08-30,15.3,73.83,Goa,30,25,29,24,1
Panjim,2025-08-31,15.3,73.83,Goa,30,25,29,24,1
Panjim,2025-09-01,15.3,73.83,Goa,30,25,29,24,1
Panjim,2025-09-02,15.3,73.83,Goa,30,25,29,24,1
Panjim,2025-09-03,15.3,73.83,Goa,31,26,30,24,1
Panjim,2025-09-04,15.3,73.83,Goa,29,24,30,24,-1
Panjim,2025-09-05,15.3,73.83,Goa,31,25,30,24,1
Panjim,2025-09-06,15.3,73.83,Goa,31,25,30,24,1
Panjim,2025-09-07,15.3,73.83,Goa,31,25,30,24,1
Panjim,2025-09-08,15.3,73.83,Goa,31,25,30,24,1
Panjim,2025-09-09,15.3,73.83,Goa,31,25,30,24,1
Panjim,2025-09-10,15.3,73.83,Goa,32,25,30,24,2
Panjim,2025-09-11,15.3,73.83,Goa,32,25,30,24,2
Panjim,2025-09-12,15.3,73.83,Goa,31,25,30,24,1
Panjim,2025-09-13,15.3,73.83,Goa,30,25,30,24,0
Panjim,2025-09-14,15.3,73.83,Goa,30,25,30,24,0
Panjim,2025-09-15,15.3,73.83,Goa,27,24,30,24,-3
Panjim,2025-09-16,15.3,73.83,Goa,29,24,30,24,-1
Panjim,2025-09-17,15.3,73.83,Goa,28,24,30,24,-2
Panjim,2025-09-18,15.3,73.83,Goa,29,24,30,24,-1
Panjim,2025-09-19,15.3,73.83,Goa,30,25,30,24,0
Panjim,2025-09-20,15.3,73.83,Goa,31,24,30,24,1
Panjim,2025-09-21,15.3,73.83,Goa,31,24,30,24,1
Panjim,2025-09-22,15.3,73.83,Goa,31,25,30,24,1
Panjim,2025-09-23,15.3,73.83,Goa,29,25,31,24,-2
Panjim,2025-09-24,15.3,73.83,Goa,31,25,31,24,0
Panjim,2025-09-25,15.3,73.83,Goa,31,25,31,24,0
Panjim,2025-09-26,15.3,73.83,Goa,28,24,31,24,-3
Panjim,2025-09-27,15.3,73.83,Goa,25,24,31,24,-6
Panjim,2025-09-28,15.3,73.83,Goa,26,23,31,24,-5
Panjim,2025-09-29,15.3,73.83,Goa,30,24,31,24,-1
Panjim,2025-09-30,15.3,73.83,Goa,31,25,31,24,0
Panjim,2025-10-01,15.3,73.83,Goa,30,24,31,24,-1
Panjim,2025-10-02,15.3,73.83,Goa,31,24,31,24,0
Panjim,2025-10-03,15.3,73.83,Goa,31,25,31,24,0
Panjim,2025-10-04,15.3,73.83,Goa,32,25,31,24,1
Panjim,2025-10-05,15.3,73.83,Goa,32,25,31,24,1
Panjim,2025-10-06,15.3,73.83,Goa,31,24,31,24,0
Panjim,2025-10-07,15.3,73.83,Goa,31,24,31,24,0
Panjim,2025-10-08,15.3,73.83,Goa,32,25,32,24,0
Panjim,2025-10-09,15.3,73.83,Goa,32,25,32,24,0
Panjim,2025-10-10,15.3,73.83,Goa,32,25,32,24,0
Panjim,2025-10-11,15.3,73.83,Goa,33,25,32,24,1
Panjim,2025-10-12,15.3,73.83,Goa,33,25,32,24,1
Panjim,2025-10-13,15.3,73.83,Goa,33,25,32,24,1
Panjim,2025-10-14,15.3,73.83,Goa,34,25,32,24,2
Panjim,2025-10-15,15.3,73.83,Goa,34,25,32,24,2
Panjim,2025-10-16,15.3,73.83,Goa,35,25,32,24,3
Panjim,2025-10-17,15.3,73.83,Goa,35,25,32,24,3
Panjim,2025-10-18,15.3,73.83,Goa,35,26,32,24,3
Panjim,2025-10-19,15.3,73.83,Goa,34,26,32,24,2
Panjim,2025-10-20,15.3,73.83,Goa,33,25,32,24,1
Panjim,2025-10-21,15.3,73.83,Goa,34,24,32,24,2
Panjim,2025-10-22,15.3,73.83,Goa,33,25,32,24,1
Panjim,2025-10-23,15.3,73.83,Goa,31,25,33,24,-2
Panjim,2025-10-24,15.3,73.83,Goa,28,25,33,24,-5
Panjim,2025-10-26,15.3,73.83,Goa,29,24,33,24,-4
Panjim,2025-10-27,15.3,73.83,Goa,29,24,33,24,-4
Panjim,2025-10-28,15.3,73.83,Goa,31,23,33,24,-2
Panjim,2025-10-29,15.3,73.83,Goa,26,25,33,24,-7
Panjim,2025-10-30,15.3,73.83,Goa,32,24,33,24,-1
Panjim,2025-10-31,15.3,73.83,Goa,29,24,33,24,-4
Panjim,2025-11-01,15.3,73.83,Goa,31,24,33,24,-2
Panjim,2025-11-02,15.3,73.83,Goa,32,25,33,24,-1
Panjim,2025-11-03,15.3,73.83,Goa,32,24,33,24,-1
Panjim,2025-11-05,15.3,73.83,Goa,31,23,33,24,-2
Panjim,2025-11-06,15.3,73.83,Goa,31,23,33,24,-2
Panjim,2026-01-06,15.3,73.83,Goa,32,18,32,20,0
Panjim,2026-01-07,15.3,73.83,Goa,33,19,32,20,1
Panjim,2026-01-08,15.3,73.83,Goa,33,20,32,20,1
Panjim,2026-01-09,15.3,73.83,Goa,32,20,32,20,0
Panjim,2026-01-10,15.3,73.83,Goa,33,19,32,20,1
Panjim,2026-01-11,15.3,73.83,Goa,32,20,32,20,0
Panjim,2026-01-12,15.3,73.83,Goa,34,23,32,20,2
Panjim,2026-01-14,15.3,73.83,Goa,32,23,32,20,0
Panjim,2026-01-15,15.3,73.83,Goa,32,22,32,20,0
Panjim,2026-01-16,15.3,73.83,Goa,32,22,32,19,0
Panjim,2026-01-17,15.3,73.83,Goa,32,21,32,19,0
Panjim,2026-01-18,15.3,73.83,Goa,31,19,32,19,-1
Panjim,2026-01-19,15.3,73.83,Goa,30,19,32,19,-2
Panjim,2026-01-20,15.3,73.83,Goa,30,18,32,19,-2
Panjim,2026-01-21,15.3,73.83,Goa,33,19,32,19,1
Panjim,2026-01-22,15.3,73.83,Goa,33,19,32,19,1
Panjim,2026-01-23,15.3,73.83,Goa,33,18,32,19,1
Panjim,2026-01-24,15.3,73.83,Goa,33,19,32,19,1
Panjim,2026-01-25,15.3,73.83,Goa,33,20,32,19,1
Panjim,2026-01-26,15.3,73.83,Goa,33,21,32,20,1
Panjim,2026-01-27,15.3,73.83,Goa,32,22,32,20,0
Panjim,2026-01-28,15.3,73.83,Goa,31,21,32,20,-1
Panjim,2026-01-29,15.3,73.83,Goa,35,20,32,20,3
Panjim,2026-01-30,15.3,73.83,Goa,32,21,32,20,0
Panjim,2026-01-31,15.3,73.83,Goa,32,21,,,
Panjim,2026-02-01,15.3,73.83,Goa,34,20,33,20,1
Panjim,2026-02-02,15.3,73.83,Goa,34,21,33,20,1
Panjim,2026-02-03,15.3,73.83,Goa,34,21,33,20,1
Panjim,2026-02-04,15.3,73.83,Goa,35,21,33,20,2
Panjim,2026-02-05,15.3,73.83,Goa,35,22,32,20,3
Panjim,2026-02-06,15.3,73.83,Goa,25,22,32,20,-7
Panjim,2026-02-07,15.3,73.83,Goa,35,21,32,20,3
Panjim,2026-02-08,15.3,73.83,Goa,34,21,32,20,2
Panjim,2026-02-09,15.3,73.83,Goa,32,21,32,20,0
Panjim,2026-02-10,15.3,73.83,Goa,32,21,32,20,0
Panjim,2026-02-12,15.3,73.83,Goa,33,21,32,20,1
Panjim,2026-02-13,15.3,73.83,Goa,35,19,32,20,3
Panjim,2026-02-14,15.3,73.83,Goa,34,19,32,20,2
Panjim,2026-02-15,15.3,73.83,Goa,34,20,32,20,2
Panjim,2026-02-16,15.3,73.83,Goa,34,21,32,20,2
Panjim,2026-02-17,15.3,73.83,Goa,33,21,32,20,1
Panjim,2026-02-18,15.3,73.83,Goa,33,21,32,20,1
Panjim,2026-02-19,15.3,73.83,Goa,31,22,32,20,-1
Panjim,2026-02-20,15.3,73.83,Goa,34,22,32,20,2
Panjim,2026-02-21,15.3,73.83,Goa,35,23,32,20,3
Panjim,2026-02-25,15.3,73.83,Goa,33,24,32,21,1
Panjim,2026-02-26,15.3,73.83,Goa,34,21,32,21,2
Panjim,2026-02-27,15.3,73.83,Goa,33,21,32,21,1
Panjim,2026-02-28,15.3,73.83,Goa,33,20,32,21,1
Panjim,2026-03-01,15.3,73.83,Goa,32,20,32,21,0
Panjim,2026-03-02,15.3,73.83,Goa,31,22,32,22,-1
Panjim,2026-03-03,15.3,73.83,Goa,31,23,32,22,-1
Panjim,2026-03-04,15.3,73.83,Goa,32,24,32,22,0
Panjim,2026-03-05,15.3,73.83,Goa,32,24,32,22,0
Panjim,2026-03-06,15.3,73.83,Goa,32,25,32,22,0
Panjim,2026-03-07,15.3,73.83,Goa,33,24,32,22,1
Panjim,2026-03-08,15.3,73.83,Goa,32,23,32,22,0
Panjim,2026-03-09,15.3,73.83,Goa,33,24,32,22,1
Panjim,2026-03-10,15.3,73.83,Goa,34,25,32,22,2
Panjim,2026-03-11,15.3,73.83,Goa,33,24,32,22,1
Panjim,2026-03-12,15.3,73.83,Goa,34,25,32,23,2
Panjim,2026-03-13,15.3,73.83,Goa,33,24,32,23,1
Panjim,2026-03-14,15.3,73.83,Goa,33,25,32,23,1
Panjim,2026-03-15,15.3,73.83,Goa,33,26,32,23,1
Panjim,2026-03-16,15.3,73.83,Goa,33,23,32,23,1
Panjim,2026-03-17,15.3,73.83,Goa,33,24,32,23,1
Panjim,2026-03-18,15.3,73.83,Goa,34,23,32,23,2
Panjim,2026-03-19,15.3,73.83,Goa,33,24,32,23,1
Panjim,2026-03-20,15.3,73.83,Goa,33,22,32,23,1
Panjim,2026-03-21,15.3,73.83,Goa,34,22,32,23,2
Panjim,2026-03-22,15.3,73.83,Goa,33,22,32,23,1
Panjim,2026-03-23,15.3,73.83,Goa,33,24,32,23,1
Panjim,2026-03-24,15.3,73.83,Goa,33,25,32,23,1
Panjim,2026-03-25,15.3,73.83,Goa,33,24,32,23,1
Panjim,2026-03-26,15.3,73.83,Goa,35,25,32,23,3
Panjim,2026-03-27,15.3,73.83,Goa,34,26,32,24,2
Panjim,2026-03-28,15.3,73.83,Goa,34,25,32,24,2
Panjim,2026-03-29,15.3,73.83,Goa,34,24,32,24,2
Panjim,2026-03-30,15.3,73.83,Goa,34,25,32,24,2
Panjim,2026-03-31,15.3,73.83,Goa,35,25,32,24,3
Panjim,2026-04-01,15.3,73.83,Goa,34,25,33,24,1
Panjim,2026-04-02,15.3,73.83,Goa,34,24,33,24,1
Panjim,2026-04-03,15.3,73.83,Goa,33,23,33,24,0
Panjim,2026-04-04,15.3,73.83,Goa,33,24,33,24,0
Panjim,2026-04-05,15.3,73.83,Goa,34,24,33,24,1
Panjim,2026-04-06,15.3,73.83,Goa,33,23,33,25,0
Panjim,2026-04-07,15.3,73.83,Goa,32,22,33,25,-1
Panjim,2026-04-08,15.3,73.83,Goa,34,24,33,25,1
Panjim,2026-04-09,15.3,73.83,Goa,34,24,33,25,1
Panjim,2026-04-10,15.3,73.83,Goa,35,24,33,25,2
Panjim,2026-04-11,15.3,73.83,Goa,33,25,33,25,0
Panjim,2026-04-12,15.3,73.83,Goa,33,25,33,25,0
Panjim,2026-04-13,15.3,73.83,Goa,34,26,33,25,1
Panjim,2026-04-14,15.3,73.83,Goa,34,25,33,25,1
Panjim,2026-04-17,15.3,73.83,Goa,33,25,33,25,0
Panjim,2026-04-18,15.3,73.83,Goa,34,25,33,25,1
Panjim,2026-04-19,15.3,73.83,Goa,34,26,33,25,1
Panjim,2026-04-20,15.3,73.83,Goa,35,27,33,25,2
Panjim,2026-04-21,15.3,73.83,Goa,34,27,33,25,1
Panjim,2026-04-22,15.3,73.83,Goa,35,26,33,25,2
Panjim,2026-04-23,15.3,73.83,Goa,35,26,33,25,2
Panjim,2026-04-24,15.3,73.83,Goa,35,26,33,25,2
Panjim,2026-04-26,15.3,73.83,Goa,35,26,33,26,2
Panjim,2026-04-27,15.3,73.83,Goa,34,28,33,26,1
Panjim,2026-04-28,15.3,73.83,Goa,35,28,33,26,2
Panjim,2026-04-29,15.3,73.83,Goa,35,28,33,26,2
Panjim,2026-04-30,15.3,73.83,Goa,35,28,33,26,2
Panjim,2026-05-01,15.3,73.83,Goa,34,27,33,26,1
Panjim,2026-05-02,15.3,73.83,Goa,34,25,33,26,1
Panjim,2026-05-03,15.3,73.83,Goa,35,26,33,26,2
Panjim,2026-05-04,15.3,73.83,Goa,35,26,33,26,2
Panjim,2026-05-05,15.3,73.83,Goa,35,26,33,26,2
Panjim,2026-05-06,15.3,73.83,Goa,36,27,34,26,2
Panjim,2026-05-07,15.3,73.83,Goa,36,26,34,26,2
Panjim,2026-05-08,15.3,73.83,Goa,36,26,34,26,2
Panjim,2026-05-09,15.3,73.83,Goa,36,27,34,26,2
Panjim,2026-05-10,15.3,73.83,Goa,36,26,34,26,2
Panjim,2026-05-11,15.3,73.83,Goa,35,29,33,26,2
Panjim,2026-05-12,15.3,73.83,Goa,36,28,33,26,3
Panjim,2026-05-13,15.3,73.83,Goa,36,28,33,26,3
Panjim,2026-05-14,15.3,73.83,Goa,36,28,33,26,3
Panjim,2026-05-15,15.3,73.83,Goa,35,26,33,26,2
Panjim,2026-05-16,15.3,73.83,Goa,34,28,33,26,1
Panjim,2026-05-20,15.3,73.83,Goa,34,27,33,26,1
Panjim,2026-05-21,15.3,73.83,Goa,34,27,33,26,1
Panjim,2026-05-22,15.3,73.83,Goa,34,27,33,26,1
Panjim,2026-05-23,15.3,73.83,Goa,34,27,33,26,1
Panjim,2026-05-24,15.3,73.83,Goa,31,24,33,26,-2
Panjim,2026-05-25,15.3,73.83,Goa,33,25,33,26,0
Panjim,2026-05-26,15.3,73.83,Goa,34,27,33,26,1
Panjim,2026-05-27,15.3,73.83,Goa,34,28,33,26,1
Panjim,2026-05-28,15.3,73.83,Goa,34,28,33,26,1
Panjim,2026-05-29,15.3,73.83,Goa,34,24,33,26,1
Panjim,2026-05-31,15.3,73.83,Goa,35,28,33,25,2
Panjim,2026-06-01,15.3,73.83,Goa,35,28,33,25,2
Panjim,2026-06-03,15.3,73.83,Goa,32,25,33,25,-1
Panjim,2026-06-04,15.3,73.83,Goa,33,25,33,25,0
Panjim,2026-06-05,15.3,73.83,Goa,31,25,32,25,-1
Panjim,2026-06-06,15.3,73.83,Goa,33,26,32,25,1
Panjim,2026-06-07,15.3,73.83,Goa,30,25,32,25,-2
Panjim,2026-06-08,15.3,73.83,Goa,31,24,32,25,-1
Panjim,2026-06-09,15.3,73.83,Goa,31,26,32,25,-1
Panjim,2026-06-10,15.3,73.83,Goa,31,24,30,24,1
Panjim,2026-06-11,15.3,73.83,Goa,33,25,30,24,3
Panjim,2026-06-15,15.3,73.83,Goa,34,27,29,24,5
Panjim,2026-06-16,15.3,73.83,Goa,33,27,29,24,4
Panjim,2026-06-18,15.3,73.83,Goa,34,26,29,24,5
Panjim,2026-06-19,15.3,73.83,Goa,34,27,29,24,5
Panjim,2026-06-21,15.3,73.83,Goa,31,26,30,24,1
Panjim,2026-06-22,15.3,73.83,Goa,30,25,30,24,0
Panjim,2026-06-23,15.3,73.83,Goa,30,24,30,24,0
Panjim,2026-06-24,15.3,73.83,Goa,28,23,30,24,-2
Panjim,2026-06-25,15.3,73.83,Goa,32,23,30,24,2
Panjim,2026-06-27,15.3,73.83,Goa,30,23,30,24,0
Panjim,2026-06-28,15.3,73.83,Goa,29,24,30,24,-1
Panjim,2026-06-30,15.3,73.83,Goa,31,23,29,24,2
Panjim,2026-07-01,15.3,73.83,Goa,28,23,29,24,-1
Panjim,2026-07-02,15.3,73.83,Goa,29,25,29,24,0
Panjim,2026-07-03,15.3,73.83,Goa,32,24,29,24,3
Panjim,2026-07-04,15.3,73.83,Goa,30,27,29,24,1
Panjim,2026-07-05,15.3,73.83,Goa,31,25,29,24,2
Panjim,2026-07-06,15.3,73.83,Goa,30,25,29,24,1
Panjim,2026-07-07,15.3,73.83,Goa,30,27,29,24,1
Panjim,2026-07-08,15.3,73.83,Goa,32,25,29,24,3
Panjim,2026-07-09,15.3,73.83,Goa,32,27,29,24,3
Panjim,2026-07-11,15.3,73.83,Goa,32,27,29,24,3
Panjim,2026-07-12,15.3,73.83,Goa,33,27,29,24,4
Panjim,2026-07-14,15.3,73.83,Goa,33,27,29,24,4
Panjim,2026-07-15,15.3,73.83,Goa,33,26,29,24,4
Panjim,2026-07-16,15.3,73.83,Goa,32,27,29,24,3
Panjim,2026-07-20,15.3,73.83,Goa,30,27,29,24,1
Panjim,2026-07-21,15.3,73.83,Goa,32,26,29,24,3
Panjim,2026-07-22,15.3,73.83,Goa,31,25,29,24,2
Panjim,2026-07-23,15.3,73.83,Goa,30,24,29,24,1
Panjim,2026-07-24,15.3,73.83,Goa,32,26,29,24,3
Panjim,2026-07-25,15.3,73.83,Goa,31,24,28,24,3
Panjim,2026-07-26,15.3,73.83,Goa,32,26,28,24,4
Panjim,2026-07-27,15.3,73.83,Goa,29,24,28,24,1
Gandhinagar,2025-05-07,23.21,72.63,Gujarat,28,22,41,27,-13
Gandhinagar,2025-05-06,23.21,72.63,Gujarat,33,21,41,27,-8
Gandhinagar,2025-05-08,23.21,72.63,Gujarat,34,24,41,27,-7
Gandhinagar,2025-05-09,23.21,72.63,Gujarat,34,21,41,27,-7
Gandhinagar,2025-05-10,23.21,72.63,Gujarat,36,26,41,27,-5
Gandhinagar,2025-05-11,23.21,72.63,Gujarat,37,27,42,27,-5
Gandhinagar,2025-05-12,23.21,72.63,Gujarat,37,28,42,27,-5
Gandhinagar,2025-05-13,23.21,72.63,Gujarat,38,29,42,27,-4
Gandhinagar,2025-05-14,23.21,72.63,Gujarat,39,28,42,27,-3
Gandhinagar,2025-05-15,23.21,72.63,Gujarat,39,28,42,27,-3
Gandhinagar,2025-05-16,23.21,72.63,Gujarat,38,29,43,28,-5
Gandhinagar,2025-05-17,23.21,72.63,Gujarat,39,28,43,28,-4
Gandhinagar,2025-05-18,23.21,72.63,Gujarat,39,28,43,28,-4
Gandhinagar,2025-05-19,23.21,72.63,Gujarat,39,29,43,28,-4
Gandhinagar,2025-05-21,23.21,72.63,Gujarat,40,28,42,29,-2
Gandhinagar,2025-05-22,23.21,72.63,Gujarat,41,30,42,29,-1
Gandhinagar,2025-05-23,23.21,72.63,Gujarat,41,29,42,29,-1
Gandhinagar,2025-05-24,23.21,72.63,Gujarat,43,30,42,29,1
Gandhinagar,2025-05-25,23.21,72.63,Gujarat,41,30,42,29,-1
Gandhinagar,2025-05-26,23.21,72.63,Gujarat,40,27,42,29,-2
Gandhinagar,2025-05-27,23.21,72.63,Gujarat,36,27,42,29,-6
Gandhinagar,2025-05-28,23.21,72.63,Gujarat,38,29,42,29,-4
Gandhinagar,2025-05-29,23.21,72.63,Gujarat,37,25,42,29,-5
Gandhinagar,2025-05-30,23.21,72.63,Gujarat,39,28,42,29,-3
Gandhinagar,2025-05-31,23.21,72.63,Gujarat,39,29,41,29,-2
Gandhinagar,2025-06-01,23.21,72.63,Gujarat,38,28,41,29,-3
Gandhinagar,2025-06-02,23.21,72.63,Gujarat,38,26,41,29,-3
Gandhinagar,2025-06-03,23.21,72.63,Gujarat,36,25,41,29,-5
Gandhinagar,2025-06-04,23.21,72.63,Gujarat,37,26,41,29,-4
Gandhinagar,2025-06-05,23.21,72.63,Gujarat,37,27,41,29,-4
Gandhinagar,2025-06-06,23.21,72.63,Gujarat,40,29,41,29,-1
Gandhinagar,2025-06-07,23.21,72.63,Gujarat,41,29,41,29,0
Gandhinagar,2025-06-08,23.21,72.63,Gujarat,40,28,41,29,-1
Gandhinagar,2025-06-09,23.21,72.63,Gujarat,41,29,41,29,0
Gandhinagar,2025-06-10,23.21,72.63,Gujarat,40,28,39,29,1
Gandhinagar,2025-06-11,23.21,72.63,Gujarat,41,28,39,29,2
Gandhinagar,2025-06-12,23.21,72.63,Gujarat,42,28,39,29,3
Gandhinagar,2025-06-13,23.21,72.63,Gujarat,41,29,39,29,2
Gandhinagar,2025-06-14,23.21,72.63,Gujarat,41,30,39,29,2
Gandhinagar,2025-06-15,23.21,72.63,Gujarat,37,27,38,28,-1
Gandhinagar,2025-06-16,23.21,72.63,Gujarat,38,11,38,28,0
Gandhinagar,2025-06-17,23.21,72.63,Gujarat,28,25,38,28,-10
Gandhinagar,2025-06-18,23.21,72.63,Gujarat,33,26,38,28,-5
Gandhinagar,2025-06-19,23.21,72.63,Gujarat,31,24,38,28,-7
Gandhinagar,2025-06-20,23.21,72.63,Gujarat,32,27,38,29,-6
Gandhinagar,2025-06-21,23.21,72.63,Gujarat,30,27,38,29,-8
Gandhinagar,2025-06-22,23.21,72.63,Gujarat,32,25,38,29,-6
Gandhinagar,2025-06-23,23.21,72.63,Gujarat,31,26,38,29,-7
Gandhinagar,2025-06-24,23.21,72.63,Gujarat,31,26,38,29,-7
Gandhinagar,2025-06-25,23.21,72.63,Gujarat,33,26,37,28,-4
Gandhinagar,2025-06-26,23.21,72.63,Gujarat,32,26,37,28,-5
Gandhinagar,2025-06-27,23.21,72.63,Gujarat,32,26,37,28,-5
Gandhinagar,2025-06-28,23.21,72.63,Gujarat,31,25,37,28,-6
Gandhinagar,2025-06-29,23.21,72.63,Gujarat,28,25,37,28,-9
Gandhinagar,2025-06-30,23.21,72.63,Gujarat,31,25,37,28,-6
Gandhinagar,2025-07-01,23.21,72.63,Gujarat,33,25,37,28,-4
Gandhinagar,2025-07-02,23.21,72.63,Gujarat,31,26,37,28,-6
Gandhinagar,2025-07-03,23.21,72.63,Gujarat,32,25,37,28,-5
Gandhinagar,2025-07-04,23.21,72.63,Gujarat,32,26,37,28,-5
Gandhinagar,2025-07-05,23.21,72.63,Gujarat,31,26,35,27,-4
Gandhinagar,2025-07-06,23.21,72.63,Gujarat,31,25,35,27,-4
Gandhinagar,2025-07-07,23.21,72.63,Gujarat,32,25,35,27,-3
Gandhinagar,2025-07-08,23.21,72.63,Gujarat,33,25,35,27,-2
Gandhinagar,2025-07-09,23.21,72.63,Gujarat,33,26,35,27,-2
Gandhinagar,2025-07-10,23.21,72.63,Gujarat,32,26,33,27,-1
Gandhinagar,2025-07-11,23.21,72.63,Gujarat,34,26,33,27,1
Gandhinagar,2025-07-12,23.21,72.63,Gujarat,32,24,33,27,-1
Gandhinagar,2025-07-13,23.21,72.63,Gujarat,33,26,33,27,0
Gandhinagar,2025-07-14,23.21,72.63,Gujarat,33,26,33,27,0
Gandhinagar,2025-07-15,23.21,72.63,Gujarat,34,26,33,27,1
Gandhinagar,2025-07-16,23.21,72.63,Gujarat,34,26,33,27,1
Gandhinagar,2025-07-17,23.21,72.63,Gujarat,34,27,33,27,1
Gandhinagar,2025-07-18,23.21,72.63,Gujarat,33,27,33,27,0
Gandhinagar,2025-07-19,23.21,72.63,Gujarat,31,26,33,27,-2
Gandhinagar,2025-07-20,23.21,72.63,Gujarat,32,26,33,27,-1
Gandhinagar,2025-07-21,23.21,72.63,Gujarat,29,26,33,27,-4
Gandhinagar,2025-07-22,23.21,72.63,Gujarat,33,26,33,27,0
Gandhinagar,2025-07-23,23.21,72.63,Gujarat,33,26,33,27,0
Gandhinagar,2025-07-24,23.21,72.63,Gujarat,33,26,33,27,0
Gandhinagar,2025-07-25,23.21,72.63,Gujarat,34,26,30,26,4
Gandhinagar,2025-07-26,23.21,72.63,Gujarat,33,27,30,26,3
Gandhinagar,2025-07-27,23.21,72.63,Gujarat,28,26,30,26,-2
Gandhinagar,2025-07-28,23.21,72.63,Gujarat,28,25,30,26,-2
Gandhinagar,2025-07-29,23.21,72.63,Gujarat,29,26,30,26,-1
Gandhinagar,2025-07-30,23.21,72.63,Gujarat,31,25,32,26,-1
Gandhinagar,2025-07-31,23.21,72.63,Gujarat,31,26,32,26,-1
Gandhinagar,2025-08-01,23.21,72.63,Gujarat,31,25,32,26,-1
Gandhinagar,2025-08-02,23.21,72.63,Gujarat,32,25,32,26,0
Gandhinagar,2025-08-03,23.21,72.63,Gujarat,32,25,32,26,0
Gandhinagar,2025-08-04,23.21,72.63,Gujarat,33,26,31,26,2
Gandhinagar,2025-08-05,23.21,72.63,Gujarat,32,26,31,26,1
Gandhinagar,2025-08-06,23.21,72.63,Gujarat,32,25,31,26,1
Gandhinagar,2025-08-07,23.21,72.63,Gujarat,34,26,31,26,3
Gandhinagar,2025-08-08,23.21,72.63,Gujarat,34,25,31,26,3
Gandhinagar,2025-08-09,23.21,72.63,Gujarat,34,26,31,26,3
Gandhinagar,2025-08-10,23.21,72.63,Gujarat,33,26,31,26,2
Gandhinagar,2025-08-11,23.21,72.63,Gujarat,34,26,31,26,3
Gandhinagar,2025-08-12,23.21,72.63,Gujarat,33,26,31,26,2
Gandhinagar,2025-08-13,23.21,72.63,Gujarat,34,26,31,26,3
Gandhinagar,2025-08-14,23.21,72.63,Gujarat,34,27,32,26,2
Gandhinagar,2025-08-15,23.21,72.63,Gujarat,33,26,32,26,1
Gandhinagar,2025-08-16,23.21,72.63,Gujarat,31,26,32,26,-1
Gandhinagar,2025-08-17,23.21,72.63,Gujarat,31,25,32,26,-1
Gandhinagar,2025-08-18,23.21,72.63,Gujarat,33,26,32,26,1
Gandhinagar,2025-08-19,23.21,72.63,Gujarat,34,25,33,26,1
Gandhinagar,2025-08-20,23.21,72.63,Gujarat,34,26,33,26,1
Gandhinagar,2025-08-21,23.21,72.63,Gujarat,33,25,33,26,0
Gandhinagar,2025-08-22,23.21,72.63,Gujarat,30,25,33,26,-3
Gandhinagar,2025-08-23,23.21,72.63,Gujarat,29,25,33,26,-4
Gandhinagar,2025-08-24,23.21,72.63,Gujarat,29,24,32,26,-3
Gandhinagar,2025-08-25,23.21,72.63,Gujarat,29,24,32,26,-3
Gandhinagar,2025-08-26,23.21,72.63,Gujarat,33,26,32,26,1
Gandhinagar,2025-08-27,23.21,72.63,Gujarat,33,25,32,26,1
Gandhinagar,2025-08-28,23.21,72.63,Gujarat,33,26,32,26,1
Gandhinagar,2025-08-29,23.21,72.63,Gujarat,31,25,32,25,-1
Gandhinagar,2025-08-30,23.21,72.63,Gujarat,32,26,32,25,0
Gandhinagar,2025-08-31,23.21,72.63,Gujarat,31,25,32,25,-1
Gandhinagar,2025-09-01,23.21,72.63,Gujarat,31,26,32,25,-1
Gandhinagar,2025-09-02,23.21,72.63,Gujarat,33,25,32,25,1
Gandhinagar,2025-09-03,23.21,72.63,Gujarat,33,25,33,25,0
Gandhinagar,2025-09-04,23.21,72.63,Gujarat,29,23,33,25,-4
Gandhinagar,2025-09-05,23.21,72.63,Gujarat,34,25,33,25,1
Gandhinagar,2025-09-06,23.21,72.63,Gujarat,27,24,33,25,-6
Gandhinagar,2025-09-07,23.21,72.63,Gujarat,27,24,33,25,-6
Gandhinagar,2025-09-08,23.21,72.63,Gujarat,31,23,32,25,-1
Gandhinagar,2025-09-09,23.21,72.63,Gujarat,33,24,32,25,1
Gandhinagar,2025-09-10,23.21,72.63,Gujarat,33,25,32,25,1
Gandhinagar,2025-09-11,23.21,72.63,Gujarat,34,25,32,25,2
Gandhinagar,2025-09-12,23.21,72.63,Gujarat,34,26,32,25,2
Gandhinagar,2025-09-13,23.21,72.63,Gujarat,34,25,34,26,0
Gandhinagar,2025-09-14,23.21,72.63,Gujarat,35,24,34,26,1
Gandhinagar,2025-09-15,23.21,72.63,Gujarat,34,25,34,26,0
Gandhinagar,2025-09-16,23.21,72.63,Gujarat,35,26,34,26,1
Gandhinagar,2025-09-17,23.21,72.63,Gujarat,36,26,34,26,2
Gandhinagar,2025-09-18,23.21,72.63,Gujarat,36,26,34,25,2
Gandhinagar,2025-09-19,23.21,72.63,Gujarat,36,26,34,25,2
Gandhinagar,2025-09-20,23.21,72.63,Gujarat,33,26,34,25,-1
Gandhinagar,2025-09-22,23.21,72.63,Gujarat,35,25,34,25,1
Gandhinagar,2025-09-23,23.21,72.63,Gujarat,34,25,33,25,1
Gandhinagar,2025-09-24,23.21,72.63,Gujarat,35,24,33,25,2
Gandhinagar,2025-09-25,23.21,72.63,Gujarat,34,24,33,25,1
Gandhinagar,2025-09-26,23.21,72.63,Gujarat,34,24,33,25,1
Gandhinagar,2025-09-27,23.21,72.63,Gujarat,35,26,33,25,2
Gandhinagar,2025-09-28,23.21,72.63,Gujarat,33,26,35,24,-2
Gandhinagar,2025-09-29,23.21,72.63,Gujarat,32,26,35,24,-3
Gandhinagar,2025-09-30,23.21,72.63,Gujarat,30,23,35,24,-5
Gandhinagar,2025-10-01,23.21,72.63,Gujarat,32,24,35,24,-3
Gandhinagar,2025-10-02,23.21,72.63,Gujarat,32,24,35,24,-3
Gandhinagar,2025-10-03,23.21,72.63,Gujarat,34,23,35,24,-1
Gandhinagar,2025-10-04,23.21,72.63,Gujarat,34,24,35,24,-1
Gandhinagar,2025-10-06,23.21,72.63,Gujarat,33,23,35,24,-2
Gandhinagar,2025-10-07,23.21,72.63,Gujarat,33,23,35,24,-2
Gandhinagar,2025-10-08,23.21,72.63,Gujarat,34,22,35,24,-1
Gandhinagar,2025-10-09,23.21,72.63,Gujarat,34,23,35,24,-1
Gandhinagar,2025-10-10,23.21,72.63,Gujarat,33,19,35,24,-2
Gandhinagar,2025-10-11,23.21,72.63,Gujarat,34,20,35,24,-1
Gandhinagar,2025-10-12,23.21,72.63,Gujarat,34,21,35,24,-1
Gandhinagar,2025-10-13,23.21,72.63,Gujarat,35,22,36,22,-1
Gandhinagar,2025-10-14,23.21,72.63,Gujarat,34,21,36,22,-2
Gandhinagar,2025-10-15,23.21,72.63,Gujarat,33,21,36,22,-3
Gandhinagar,2025-10-16,23.21,72.63,Gujarat,36,21,36,22,0
Gandhinagar,2025-10-17,23.21,72.63,Gujarat,35,22,36,22,-1
Gandhinagar,2025-10-18,23.21,72.63,Gujarat,36,22,36,21,0
Gandhinagar,2025-10-19,23.21,72.63,Gujarat,34,21,36,21,-2
Gandhinagar,2025-10-20,23.21,72.63,Gujarat,36,21,36,21,0
Gandhinagar,2025-10-21,23.21,72.63,Gujarat,35,21,36,21,-1
Gandhinagar,2025-10-22,23.21,72.63,Gujarat,35,22,36,21,-1
Gandhinagar,2025-10-23,23.21,72.63,Gujarat,35,22,35,19,0
Gandhinagar,2025-10-26,23.21,72.63,Gujarat,30,25,35,19,-5
Gandhinagar,2025-10-27,23.21,72.63,Gujarat,25,21,35,19,-10
Gandhinagar,2025-10-28,23.21,72.63,Gujarat,27,21,34,19,-7
Gandhinagar,2025-10-29,23.21,72.63,Gujarat,26,21,34,19,-8
Gandhinagar,2025-10-30,23.21,72.63,Gujarat,30,23,34,19,-4
Gandhinagar,2025-10-31,23.21,72.63,Gujarat,27,21,34,19,-7
Gandhinagar,2025-11-01,23.21,72.63,Gujarat,28,23,34,19,-6
Gandhinagar,2025-11-02,23.21,72.63,Gujarat,32,23,34,18,-2
Gandhinagar,2025-11-03,23.21,72.63,Gujarat,33,24,34,18,-1
Gandhinagar,2025-11-04,23.21,72.63,Gujarat,31,22,34,18,-3
Gandhinagar,2025-11-05,23.21,72.63,Gujarat,31,21,34,18,-3
Gandhinagar,2025-11-06,23.21,72.63,Gujarat,32,20,34,18,-2
Gandhinagar,2026-01-06,23.21,72.63,Gujarat,25,11,28,10,-3
Gandhinagar,2026-01-07,23.21,72.63,Gujarat,25,12,28,10,-3
Gandhinagar,2026-01-08,23.21,72.63,Gujarat,26,13,28,10,-2
Gandhinagar,2026-01-09,23.21,72.63,Gujarat,27,10,28,10,-1
Gandhinagar,2026-01-10,23.21,72.63,Gujarat,26,10,28,10,-2
Gandhinagar,2026-01-11,23.21,72.63,Gujarat,27,9,27,10,0
Gandhinagar,2026-01-12,23.21,72.63,Gujarat,28,13,27,10,1
Gandhinagar,2026-01-13,23.21,72.63,Gujarat,28,13,27,10,1
Gandhinagar,2026-01-14,23.21,72.63,Gujarat,27,11,27,10,0
Gandhinagar,2026-01-15,23.21,72.63,Gujarat,28,10,27,10,1
Gandhinagar,2026-01-16,23.21,72.63,Gujarat,30,13,26,11,4
Gandhinagar,2026-01-17,23.21,72.63,Gujarat,28,12,26,11,2
Gandhinagar,2026-01-18,23.21,72.63,Gujarat,27,12,26,11,1
Gandhinagar,2026-01-19,23.21,72.63,Gujarat,28,13,26,11,2
Gandhinagar,2026-01-20,23.21,72.63,Gujarat,29,13,26,11,3
Gandhinagar,2026-01-21,23.21,72.63,Gujarat,29,13,28,12,1
Gandhinagar,2026-01-22,23.21,72.63,Gujarat,30,16,28,12,2
Gandhinagar,2026-01-23,23.21,72.63,Gujarat,26,15,28,12,-2
Gandhinagar,2026-01-24,23.21,72.63,Gujarat,25,11,28,12,-3
Gandhinagar,2026-01-25,23.21,72.63,Gujarat,25,13,28,12,-3
Gandhinagar,2026-01-26,23.21,72.63,Gujarat,28,15,28,12,0
Gandhinagar,2026-01-27,23.21,72.63,Gujarat,28,15,28,12,0
Gandhinagar,2026-01-28,23.21,72.63,Gujarat,25,12,28,12,-3
Gandhinagar,2026-01-29,23.21,72.63,Gujarat,26,14,28,12,-2
Gandhinagar,2026-01-30,23.21,72.63,Gujarat,27,15,28,12,-1
Gandhinagar,2026-01-31,23.21,72.63,Gujarat,29,18,,,
Gandhinagar,2026-02-01,23.21,72.63,Gujarat,29,18,30,13,-1
Gandhinagar,2026-02-02,23.21,72.63,Gujarat,30,19,30,13,0
Gandhinagar,2026-02-03,23.21,72.63,Gujarat,29,18,30,13,-1
Gandhinagar,2026-02-05,23.21,72.63,Gujarat,29,17,29,13,0
Gandhinagar,2026-02-06,23.21,72.63,Gujarat,31,18,29,13,2
Gandhinagar,2026-02-07,23.21,72.63,Gujarat,31,18,29,13,2
Gandhinagar,2026-02-08,23.21,72.63,Gujarat,32,15,29,13,3
Gandhinagar,2026-02-09,23.21,72.63,Gujarat,32,15,29,13,3
Gandhinagar,2026-02-10,23.21,72.63,Gujarat,30,15,29,14,1
Gandhinagar,2026-02-11,23.21,72.63,Gujarat,31,15,29,14,2
Gandhinagar,2026-02-12,23.21,72.63,Gujarat,32,18,29,14,3
Gandhinagar,2026-02-13,23.21,72.63,Gujarat,32,18,29,14,3
Gandhinagar,2026-02-14,23.21,72.63,Gujarat,32,16,29,14,3
Gandhinagar,2026-02-15,23.21,72.63,Gujarat,33,15,30,15,3
Gandhinagar,2026-02-16,23.21,72.63,Gujarat,33,15,30,15,3
Gandhinagar,2026-02-17,23.21,72.63,Gujarat,31,18,30,15,1
Gandhinagar,2026-02-18,23.21,72.63,Gujarat,32,18,30,15,2
Gandhinagar,2026-02-19,23.21,72.63,Gujarat,33,17,30,15,3
Gandhinagar,2026-02-20,23.21,72.63,Gujarat,30,19,32,15,-2
Gandhinagar,2026-02-21,23.21,72.63,Gujarat,33,19,32,15,1
Gandhinagar,2026-02-25,23.21,72.63,Gujarat,35,21,32,15,3
Gandhinagar,2026-02-26,23.21,72.63,Gujarat,34,20,32,15,2
Gandhinagar,2026-02-27,23.21,72.63,Gujarat,32,18,32,15,0
Gandhinagar,2026-02-28,23.21,72.63,Gujarat,32,18,32,15,0
Gandhinagar,2026-03-01,23.21,72.63,Gujarat,33,20,32,15,1
Gandhinagar,2026-03-02,23.21,72.63,Gujarat,36,19,33,16,3
Gandhinagar,2026-03-03,23.21,72.63,Gujarat,37,20,33,16,4
Gandhinagar,2026-03-04,23.21,72.63,Gujarat,38,19,33,16,5
Gandhinagar,2026-03-05,23.21,72.63,Gujarat,37,21,33,16,4
Gandhinagar,2026-03-06,23.21,72.63,Gujarat,35,20,33,16,2
Gandhinagar,2026-03-07,23.21,72.63,Gujarat,38,19,34,18,4
Gandhinagar,2026-03-08,23.21,72.63,Gujarat,39,18,34,18,5
Gandhinagar,2026-03-09,23.21,72.63,Gujarat,40,20,34,18,6
Gandhinagar,2026-03-10,23.21,72.63,Gujarat,40,22,34,18,6
Gandhinagar,2026-03-11,23.21,72.63,Gujarat,40,22,34,18,6
Gandhinagar,2026-03-12,23.21,72.63,Gujarat,38,22,35,18,3
Gandhinagar,2026-03-13,23.21,72.63,Gujarat,38,21,35,18,3
Gandhinagar,2026-03-14,23.21,72.63,Gujarat,37,21,35,18,2
Gandhinagar,2026-03-15,23.21,72.63,Gujarat,37,22,35,18,2
Gandhinagar,2026-03-16,23.21,72.63,Gujarat,37,22,35,18,2
Gandhinagar,2026-03-17,23.21,72.63,Gujarat,36,22,36,20,0
Gandhinagar,2026-03-18,23.21,72.63,Gujarat,35,22,36,20,-1
Gandhinagar,2026-03-19,23.21,72.63,Gujarat,34,22,36,20,-2
Gandhinagar,2026-03-20,23.21,72.63,Gujarat,31,17,36,20,-5
Gandhinagar,2026-03-21,23.21,72.63,Gujarat,33,18,36,20,-3
Gandhinagar,2026-03-22,23.21,72.63,Gujarat,35,19,37,21,-2
Gandhinagar,2026-03-23,23.21,72.63,Gujarat,36,22,37,21,-1
Gandhinagar,2026-03-24,23.21,72.63,Gujarat,36,22,37,21,-1
Gandhinagar,2026-03-25,23.21,72.63,Gujarat,36,24,37,21,-1
Gandhinagar,2026-03-26,23.21,72.63,Gujarat,37,23,37,21,0
Gandhinagar,2026-03-27,23.21,72.63,Gujarat,37,24,38,22,-1
Gandhinagar,2026-03-28,23.21,72.63,Gujarat,36,24,38,22,-2
Gandhinagar,2026-03-29,23.21,72.63,Gujarat,35,24,38,22,-3
Gandhinagar,2026-03-30,23.21,72.63,Gujarat,36,25,38,22,-2
Gandhinagar,2026-03-31,23.21,72.63,Gujarat,36,26,38,22,-2
Gandhinagar,2026-04-01,23.21,72.63,Gujarat,36,24,37,22,-1
Gandhinagar,2026-04-02,23.21,72.63,Gujarat,35,23,37,22,-2
Gandhinagar,2026-04-03,23.21,72.63,Gujarat,33,24,37,22,-4
Gandhinagar,2026-04-04,23.21,72.63,Gujarat,33,22,37,22,-4
Gandhinagar,2026-04-05,23.21,72.63,Gujarat,34,21,37,22,-3
Gandhinagar,2026-04-06,23.21,72.63,Gujarat,36,21,38,22,-2
Gandhinagar,2026-04-07,23.21,72.63,Gujarat,35,23,38,22,-3
Gandhinagar,2026-04-08,23.21,72.63,Gujarat,35,23,38,22,-3
Gandhinagar,2026-04-09,23.21,72.63,Gujarat,35,22,38,22,-3
Gandhinagar,2026-04-10,23.21,72.63,Gujarat,37,24,38,22,-1
Gandhinagar,2026-04-11,23.21,72.63,Gujarat,39,22,39,23,0
Gandhinagar,2026-04-12,23.21,72.63,Gujarat,40,25,39,23,1
Gandhinagar,2026-04-13,23.21,72.63,Gujarat,40,23,39,23,1
Gandhinagar,2026-04-14,23.21,72.63,Gujarat,40,26,39,23,1
Gandhinagar,2026-04-16,23.21,72.63,Gujarat,39,25,40,24,-1
Gandhinagar,2026-04-17,23.21,72.63,Gujarat,40,26,40,24,0
Gandhinagar,2026-04-18,23.21,72.63,Gujarat,41,25,40,24,1
Gandhinagar,2026-04-19,23.21,72.63,Gujarat,39,25,40,24,-1
Gandhinagar,2026-04-20,23.21,72.63,Gujarat,39,24,40,24,-1
Gandhinagar,2026-04-21,23.21,72.63,Gujarat,40,24,39,24,1
Gandhinagar,2026-04-22,23.21,72.63,Gujarat,40,24,39,24,1
Gandhinagar,2026-04-23,23.21,72.63,Gujarat,40,24,39,24,1
Gandhinagar,2026-04-24,23.21,72.63,Gujarat,41,26,39,24,2
Gandhinagar,2026-04-25,23.21,72.63,Gujarat,43,26,39,24,4
Gandhinagar,2026-04-26,23.21,72.63,Gujarat,44,27,41,25,3
Gandhinagar,2026-04-27,23.21,72.63,Gujarat,43,28,41,25,2
Gandhinagar,2026-04-28,23.21,72.63,Gujarat,42,25,41,25,1
Gandhinagar,2026-04-29,23.21,72.63,Gujarat,42,26,41,25,1
Gandhinagar,2026-04-30,23.21,72.63,Gujarat,41,27,41,25,0
Gandhinagar,2026-05-01,23.21,72.63,Gujarat,42,26,41,26,1
Gandhinagar,2026-05-02,23.21,72.63,Gujarat,42,27,41,26,1
Gandhinagar,2026-05-05,23.21,72.63,Gujarat,38,27,41,26,-3
Gandhinagar,2026-05-06,23.21,72.63,Gujarat,40,27,41,27,-1
Gandhinagar,2026-05-07,23.21,72.63,Gujarat,43,27,41,27,2
Gandhinagar,2026-05-14,23.21,72.63,Gujarat,43,28,41,27,2
Gandhinagar,2026-05-17,23.21,72.63,Gujarat,43,29,42,28,1
Gandhinagar,2026-05-19,23.21,72.63,Gujarat,43,28,42,28,1
Gandhinagar,2026-05-20,23.21,72.63,Gujarat,42,27,42,28,0
Gandhinagar,2026-05-21,23.21,72.63,Gujarat,41,28,42,28,-1
Gandhinagar,2026-05-22,23.21,72.63,Gujarat,43,29,42,28,1
Gandhinagar,2026-05-23,23.21,72.63,Gujarat,42,28,42,28,0
Gandhinagar,2026-05-24,23.21,72.63,Gujarat,42,28,42,28,0
Gandhinagar,2026-05-25,23.21,72.63,Gujarat,42,28,42,28,0
Gandhinagar,2026-05-26,23.21,72.63,Gujarat,42,27,41,28,1
Gandhinagar,2026-05-27,23.21,72.63,Gujarat,42,28,41,28,1
Gandhinagar,2026-05-28,23.21,72.63,Gujarat,43,27,41,28,2
Gandhinagar,2026-05-29,23.21,72.63,Gujarat,42,28,41,28,1
Gandhinagar,2026-05-31,23.21,72.63,Gujarat,41,23,40,29,1
Gandhinagar,2026-06-02,23.21,72.63,Gujarat,36,22,40,29,-4
Gandhinagar,2026-06-03,23.21,72.63,Gujarat,39,28,40,29,-1
Gandhinagar,2026-06-05,23.21,72.63,Gujarat,40,28,40,28,0
Gandhinagar,2026-06-06,23.21,72.63,Gujarat,41,29,40,28,1
Gandhinagar,2026-06-10,23.21,72.63,Gujarat,42,29,39,28,3
Gandhinagar,2026-06-11,23.21,72.63,Gujarat,42,29,39,28,3
Gandhinagar,2026-06-16,23.21,72.63,Gujarat,39,28,38,28,1
Gandhinagar,2026-06-18,23.21,72.63,Gujarat,37,25,38,28,-1
Gandhinagar,2026-06-19,23.21,72.63,Gujarat,38,25,38,28,0
Gandhinagar,2026-06-21,23.21,72.63,Gujarat,40,28,38,28,2
Gandhinagar,2026-06-25,23.21,72.63,Gujarat,39,28,37,28,2
Gandhinagar,2026-07-01,23.21,72.63,Gujarat,38,29,37,28,1
Gandhinagar,2026-07-02,23.21,72.63,Gujarat,35,28,37,28,-2
Gandhinagar,2026-07-03,23.21,72.63,Gujarat,34,27,37,28,-3
Gandhinagar,2026-07-04,23.21,72.63,Gujarat,27,25,37,28,-10
Gandhinagar,2026-07-10,23.21,72.63,Gujarat,35,26,33,26,2
Gandhinagar,2026-07-11,23.21,72.63,Gujarat,35,27,33,26,2
Gandhinagar,2026-07-12,23.21,72.63,Gujarat,36,27,33,26,3
Gandhinagar,2026-07-13,23.21,72.63,Gujarat,37,27,33,26,4
Gandhinagar,2026-07-14,23.21,72.63,Gujarat,36,27,33,26,3
Gandhinagar,2026-07-16,23.21,72.63,Gujarat,34,27,33,26,1
Gandhinagar,2026-07-19,23.21,72.63,Gujarat,34,27,33,26,1
Gandhinagar,2026-07-20,23.21,72.63,Gujarat,34,26,32,26,2
Gandhinagar,2026-07-21,23.21,72.63,Gujarat,32,26,32,26,0
Gandhinagar,2026-07-23,23.21,72.63,Gujarat,27,25,32,26,-5
Gandhinagar,2026-07-25,23.21,72.63,Gujarat,25,24,30,25,-5
Gandhinagar,2026-07-26,23.21,72.63,Gujarat,28,24,30,25,-2
Gandhinagar,2026-07-27,23.21,72.63,Gujarat,29,25,30,25,-1
Hisar,2025-05-07,29.15,75.72,Haryana,36,23,41,24,-5
Hisar,2025-05-06,29.15,75.72,Haryana,35,22,41,24,-6
Hisar,2025-05-08,29.15,75.72,Haryana,37,22,41,24,-4
Hisar,2025-05-09,29.15,75.72,Haryana,37,24,41,24,-4
Hisar,2025-05-10,29.15,75.72,Haryana,38,25,41,24,-3
Hisar,2025-05-11,29.15,75.72,Haryana,40,24,41,25,-1
Hisar,2025-05-12,29.15,75.72,Haryana,40,22,41,25,-1
Hisar,2025-05-13,29.15,75.72,Haryana,41,26,41,25,0
Hisar,2025-05-14,29.15,75.72,Haryana,41,23,41,25,0
Hisar,2025-05-15,29.15,75.72,Haryana,43,24,41,25,2
Hisar,2025-05-16,29.15,75.72,Haryana,44,26,42,26,2
Hisar,2025-05-17,29.15,75.72,Haryana,44,27,42,26,2
Hisar,2025-05-18,29.15,75.72,Haryana,45,29,42,26,3
Hisar,2025-05-19,29.15,75.72,Haryana,45,31,42,26,3
Hisar,2025-05-20,29.15,75.72,Haryana,44,31,42,26,2
Hisar,2025-05-21,29.15,75.72,Haryana,45,31,42,26,3
Hisar,2025-05-22,29.15,75.72,Haryana,41,26,42,26,-1
Hisar,2025-05-23,29.15,75.72,Haryana,41,28,42,26,-1
Hisar,2025-05-24,29.15,75.72,Haryana,41,30,42,26,-1
Hisar,2025-05-25,29.15,75.72,Haryana,31,21,42,26,-11
Hisar,2025-05-26,29.15,75.72,Haryana,35,24,43,26,-8
Hisar,2025-05-27,29.15,75.72,Haryana,38,27,43,26,-5
Hisar,2025-05-28,29.15,75.72,Haryana,40,28,43,26,-3
Hisar,2025-05-29,29.15,75.72,Haryana,41,29,43,26,-2
Hisar,2025-05-30,29.15,75.72,Haryana,36,28,43,26,-7
Hisar,2025-05-31,29.15,75.72,Haryana,40,25,42,27,-2
Hisar,2025-06-01,29.15,75.72,Haryana,36,24,42,27,-6
Hisar,2025-06-02,29.15,75.72,Haryana,36,24,42,27,-6
Hisar,2025-06-03,29.15,75.72,Haryana,34,23,42,27,-8
Hisar,2025-06-04,29.15,75.72,Haryana,36,23,42,27,-6
Hisar,2025-06-05,29.15,75.72,Haryana,37,22,42,28,-5
Hisar,2025-06-06,29.15,75.72,Haryana,39,25,42,28,-3
Hisar,2025-06-07,29.15,75.72,Haryana,42,26,42,28,0
Hisar,2025-06-08,29.15,75.72,Haryana,44,27,42,28,2
Hisar,2025-06-09,29.15,75.72,Haryana,44,28,42,28,2
Hisar,2025-06-10,29.15,75.72,Haryana,45,28,41,27,4
Hisar,2025-06-11,29.15,75.72,Haryana,44,29,41,27,3
Hisar,2025-06-12,29.15,75.72,Haryana,46,28,41,27,5
Hisar,2025-06-13,29.15,75.72,Haryana,45,32,41,27,4
Hisar,2025-06-14,29.15,75.72,Haryana,44,29,41,27,3
Hisar,2025-06-15,29.15,75.72,Haryana,39,29,40,27,-1
Hisar,2025-06-16,29.15,75.72,Haryana,35,29,40,27,-5
Hisar,2025-06-17,29.15,75.72,Haryana,32,23,40,27,-8
Hisar,2025-06-18,29.15,75.72,Haryana,35,25,40,27,-5
Hisar,2025-06-19,29.15,75.72,Haryana,37,27,40,27,-3
Hisar,2025-06-20,29.15,75.72,Haryana,36,26,40,26,-4
Hisar,2025-06-21,29.15,75.72,Haryana,38,28,40,28,-2
Hisar,2025-06-22,29.15,75.72,Haryana,38,29,40,28,-2
Hisar,2025-06-23,29.15,75.72,Haryana,38,29,40,28,-2
Hisar,2025-06-24,29.15,75.72,Haryana,37,27,30,28,7
Hisar,2025-06-25,29.15,75.72,Haryana,33,29,39,28,-6
Hisar,2025-06-26,29.15,75.72,Haryana,37,28,39,28,-2
Hisar,2025-06-27,29.15,75.72,Haryana,37,26,39,28,-2
Hisar,2025-06-28,29.15,75.72,Haryana,39,28,39,28,0
Hisar,2025-06-29,29.15,75.72,Haryana,36,29,39,28,-3
Hisar,2025-06-30,29.15,75.72,Haryana,35,25,39,28,-4
Hisar,2025-07-01,29.15,75.72,Haryana,32,26,39,28,-7
Hisar,2025-07-02,29.15,75.72,Haryana,36,26,39,28,-3
Hisar,2025-07-03,29.15,75.72,Haryana,37,28,39,28,-2
Hisar,2025-07-04,29.15,75.72,Haryana,37,29,39,28,-2
Hisar,2025-07-05,29.15,75.72,Haryana,39,28,39,28,0
Hisar,2025-07-06,29.15,75.72,Haryana,36,28,39,28,-3
Hisar,2025-07-07,29.15,75.72,Haryana,32,23,39,28,-7
Hisar,2025-07-08,29.15,75.72,Haryana,37,25,39,28,-2
Hisar,2025-07-09,29.15,75.72,Haryana,35,27,39,28,-4
Hisar,2025-07-10,29.15,75.72,Haryana,30,24,37,28,-7
Hisar,2025-07-11,29.15,75.72,Haryana,32,23,37,28,-5
Hisar,2025-07-12,29.15,75.72,Haryana,33,25,37,28,-4
Hisar,2025-07-13,29.15,75.72,Haryana,36,26,37,28,-1
Hisar,2025-07-14,29.15,75.72,Haryana,32,26,37,28,-5
Hisar,2025-07-15,29.15,75.72,Haryana,31,24,37,27,-6
Hisar,2025-07-16,29.15,75.72,Haryana,33,25,37,27,-4
Hisar,2025-07-17,29.15,75.72,Haryana,34,26,37,27,-3
Hisar,2025-07-18,29.15,75.72,Haryana,34,27,37,27,-3
Hisar,2025-07-19,29.15,75.72,Haryana,33,26,37,27,-4
Hisar,2025-07-20,29.15,75.72,Haryana,34,26,37,27,-3
Hisar,2025-07-21,29.15,75.72,Haryana,33,27,37,27,-4
Hisar,2025-07-22,29.15,75.72,Haryana,33,28,37,27,-4
Hisar,2025-07-23,29.15,75.72,Haryana,35,27,37,27,-2
Hisar,2025-07-24,29.15,75.72,Haryana,36,27,37,27,-1
Hisar,2025-07-25,29.15,75.72,Haryana,37,27,37,27,0
Hisar,2025-07-26,29.15,75.72,Haryana,37,27,37,27,0
Hisar,2025-07-27,29.15,75.72,Haryana,36,26,37,27,-1
Hisar,2025-07-28,29.15,75.72,Haryana,37,29,37,27,0
Hisar,2025-07-29,29.15,75.72,Haryana,35,28,37,27,-2
Hisar,2025-07-30,29.15,75.72,Haryana,32,25,36,27,-4
Hisar,2025-07-31,29.15,75.72,Haryana,28,24,36,27,-8
Hisar,2025-08-01,29.15,75.72,Haryana,30,24,36,27,-6
Hisar,2025-08-02,29.15,75.72,Haryana,32,24,36,27,-4
Hisar,2025-08-03,29.15,75.72,Haryana,35,26,36,27,-1
Hisar,2025-08-04,29.15,75.72,Haryana,35,26,36,27,-1
Hisar,2025-08-05,29.15,75.72,Haryana,35,26,36,27,-1
Hisar,2025-08-06,29.15,75.72,Haryana,36,25,36,27,0
Hisar,2025-08-07,29.15,75.72,Haryana,36,25,36,27,0
Hisar,2025-08-08,29.15,75.72,Haryana,37,26,36,27,1
Hisar,2025-08-09,29.15,75.72,Haryana,30,26,36,27,-6
Hisar,2025-08-10,29.15,75.72,Haryana,34,24,36,27,-2
Hisar,2025-08-11,29.15,75.72,Haryana,35,26,36,27,-1
Hisar,2025-08-12,29.15,75.72,Haryana,33,26,36,27,-3
Hisar,2025-08-13,29.15,75.72,Haryana,35,26,36,27,-1
Hisar,2025-08-14,29.15,75.72,Haryana,29,27,36,27,-7
Hisar,2025-08-15,29.15,75.72,Haryana,34,24,36,27,-2
Hisar,2025-08-17,29.15,75.72,Haryana,33,27,36,27,-3
Hisar,2025-08-18,29.15,75.72,Haryana,33,26,36,27,-3
Hisar,2025-08-19,29.15,75.72,Haryana,36,25,36,27,0
Hisar,2025-08-20,29.15,75.72,Haryana,35,26,36,27,-1
Hisar,2025-08-21,29.15,75.72,Haryana,35,26,36,27,-1
Hisar,2025-08-22,29.15,75.72,Haryana,37,26,36,27,1
Hisar,2025-08-23,29.15,75.72,Haryana,35,25,36,27,-1
Hisar,2025-08-24,29.15,75.72,Haryana,33,26,36,27,-3
Hisar,2025-08-25,29.15,75.72,Haryana,28,22,36,27,-8
Hisar,2025-08-26,29.15,75.72,Haryana,27,24,36,27,-9
Hisar,2025-08-27,29.15,75.72,Haryana,32,24,36,27,-4
Hisar,2025-08-28,29.15,75.72,Haryana,35,26,36,27,-1
Hisar,2025-08-29,29.15,75.72,Haryana,35,27,36,26,-1
Hisar,2025-08-30,29.15,75.72,Haryana,33,23,36,26,-3
Hisar,2025-08-31,29.15,75.72,Haryana,27,22,36,26,-9
Hisar,2025-09-01,29.15,75.72,Haryana,29,23,36,26,-7
Hisar,2025-09-02,29.15,75.72,Haryana,28,23,36,26,-8
Hisar,2025-09-03,29.15,75.72,Haryana,32,23,36,26,-4
Hisar,2025-09-04,29.15,75.72,Haryana,29,25,36,26,-7
Hisar,2025-09-05,29.15,75.72,Haryana,33,25,36,26,-3
Hisar,2025-09-06,29.15,75.72,Haryana,34,24,36,26,-2
Hisar,2025-09-07,29.15,75.72,Haryana,34,24,36,26,-2
Hisar,2025-09-08,29.15,75.72,Haryana,34,25,36,25,-2
Hisar,2025-09-09,29.15,75.72,Haryana,24,25,36,25,-12
Hisar,2025-09-10,29.15,75.72,Haryana,24,25,36,25,-12
Hisar,2025-09-11,29.15,75.72,Haryana,34,25,36,25,-2
Hisar,2025-09-12,29.15,75.72,Haryana,35,24,36,25,-1
Hisar,2025-09-13,29.15,75.72,Haryana,36,24,36,25,0
Hisar,2025-09-14,29.15,75.72,Haryana,36,25,36,25,0
Hisar,2025-09-15,29.15,75.72,Haryana,36,24,36,25,0
Hisar,2025-09-16,29.15,75.72,Haryana,37,24,36,25,1
Hisar,2025-09-17,29.15,75.72,Haryana,36,25,36,25,0
Hisar,2025-09-18,29.15,75.72,Haryana,37,26,36,25,1
Hisar,2025-09-19,29.15,75.72,Haryana,37,26,36,25,1
Hisar,2025-09-20,29.15,75.72,Haryana,37,25,36,25,1
Hisar,2025-09-21,29.15,75.72,Haryana,36,24,36,25,0
Hisar,2025-09-22,29.15,75.72,Haryana,36,24,36,25,0
Hisar,2025-09-23,29.15,75.72,Haryana,37,23,36,24,1
Hisar,2025-09-24,29.15,75.72,Haryana,36,24,36,24,0
Hisar,2025-09-25,29.15,75.72,Haryana,37,22,36,24,1
Hisar,2025-09-26,29.15,75.72,Haryana,37,24,36,24,1
Hisar,2025-09-27,29.15,75.72,Haryana,37,23,36,24,1
Hisar,2025-09-28,29.15,75.72,Haryana,36,24,36,23,0
Hisar,2025-09-29,29.15,75.72,Haryana,36,26,36,23,0
Hisar,2025-09-30,29.15,75.72,Haryana,36,27,36,23,0
Hisar,2025-10-01,29.15,75.72,Haryana,35,23,36,23,-1
Hisar,2025-10-02,29.15,75.72,Haryana,35,24,36,23,-1
Hisar,2025-10-03,29.15,75.72,Haryana,34,24,36,22,-2
Hisar,2025-10-04,29.15,75.72,Haryana,36,24,36,22,0
Hisar,2025-10-05,29.15,75.72,Haryana,34,23,36,22,-2
Hisar,2025-10-06,29.15,75.72,Haryana,23,18,36,22,-13
Hisar,2025-10-07,29.15,75.72,Haryana,27,20,36,22,-9
Hisar,2025-10-08,29.15,75.72,Haryana,28,18,36,21,-8
Hisar,2025-10-09,29.15,75.72,Haryana,29,18,36,21,-7
Hisar,2025-10-10,29.15,75.72,Haryana,31,17,36,21,-5
Hisar,2025-10-11,29.15,75.72,Haryana,31,18,36,21,-5
Hisar,2025-10-12,29.15,75.72,Haryana,32,17,36,21,-4
Hisar,2025-10-13,29.15,75.72,Haryana,34,17,35,19,-1
Hisar,2025-10-14,29.15,75.72,Haryana,33,16,35,19,-2
Hisar,2025-10-15,29.15,75.72,Haryana,34,16,35,19,-1
Hisar,2025-10-16,29.15,75.72,Haryana,33,16,35,19,-2
Hisar,2025-10-17,29.15,75.72,Haryana,33,17,35,19,-2
Hisar,2025-10-18,29.15,75.72,Haryana,33,18,34,18,-1
Hisar,2025-10-19,29.15,75.72,Haryana,34,17,34,18,0
Hisar,2025-10-20,29.15,75.72,Haryana,33,18,34,18,-1
Hisar,2025-10-21,29.15,75.72,Haryana,32,19,34,18,-2
Hisar,2025-10-22,29.15,75.72,Haryana,32,17,34,18,-2
Hisar,2025-10-23,29.15,75.72,Haryana,32,16,33,17,-1
Hisar,2025-10-24,29.15,75.72,Haryana,32,16,33,17,-1
Hisar,2025-10-25,29.15,75.72,Haryana,32,16,33,17,-1
Hisar,2025-10-26,29.15,75.72,Haryana,33,15,33,17,0
Hisar,2025-10-27,29.15,75.72,Haryana,32,15,33,17,-1
Hisar,2025-10-28,29.15,75.72,Haryana,30,17,32,16,-2
Hisar,2025-10-29,29.15,75.72,Haryana,29,16,32,16,-3
Hisar,2025-10-30,29.15,75.72,Haryana,31,17,32,16,-1
Hisar,2025-10-31,29.15,75.72,Haryana,30,19,32,16,-2
Hisar,2025-11-01,29.15,75.72,Haryana,31,17,32,16,-1
Hisar,2025-11-02,29.15,75.72,Haryana,31,14,31,15,0
Hisar,2025-11-03,29.15,75.72,Haryana,33,13,31,15,2
Hisar,2025-11-04,29.15,75.72,Haryana,33,14,31,15,2
Hisar,2025-11-05,29.15,75.72,Haryana,31,14,31,15,0
Hisar,2025-11-06,29.15,75.72,Haryana,27,10,31,15,-4
Hisar,2026-01-06,29.15,75.72,Haryana,12,7,18,6,-6
Hisar,2026-01-07,29.15,75.72,Haryana,14,8,18,6,-4
Hisar,2026-01-08,29.15,75.72,Haryana,14,5,18,6,-4
Hisar,2026-01-09,29.15,75.72,Haryana,14,5,18,6,-4
Hisar,2026-01-10,29.15,75.72,Haryana,14,4,18,6,-4
Hisar,2026-01-11,29.15,75.72,Haryana,13,2,19,6,-6
Hisar,2026-01-12,29.15,75.72,Haryana,17,2,19,6,-2
Hisar,2026-01-13,29.15,75.72,Haryana,19,1,19,6,0
Hisar,2026-01-14,29.15,75.72,Haryana,13,0,19,6,-6
Hisar,2026-01-15,29.15,75.72,Haryana,15,0,19,6,-4
Hisar,2026-01-16,29.15,75.72,Haryana,19,2,19,6,0
Hisar,2026-01-17,29.15,75.72,Haryana,20,5,19,6,1
Hisar,2026-01-18,29.15,75.72,Haryana,21,7,19,6,2
Hisar,2026-01-19,29.15,75.72,Haryana,22,8,19,6,3
Hisar,2026-01-20,29.15,75.72,Haryana,22,5,19,6,3
Hisar,2026-01-21,29.15,75.72,Haryana,22,4,20,7,2
Hisar,2026-01-22,29.15,75.72,Haryana,23,4,20,7,3
Hisar,2026-01-23,29.15,75.72,Haryana,15,12,20,7,-5
Hisar,2026-01-24,29.15,75.72,Haryana,15,1,20,7,-5
Hisar,2026-01-25,29.15,75.72,Haryana,17,3,20,7,-3
Hisar,2026-01-26,29.15,75.72,Haryana,19,2,21,7,-2
Hisar,2026-01-27,29.15,75.72,Haryana,19,7,21,7,-2
Hisar,2026-01-28,29.15,75.72,Haryana,18,11,21,7,-3
Hisar,2026-01-29,29.15,75.72,Haryana,18,5,21,7,-3
Hisar,2026-01-30,29.15,75.72,Haryana,20,7,21,7,-1
Hisar,2026-01-31,29.15,75.72,Haryana,21,4,,,
Hisar,2026-02-01,29.15,75.72,Haryana,18,11,22,8,-4
Hisar,2026-02-02,29.15,75.72,Haryana,18,11,22,8,-4
Hisar,2026-02-03,29.15,75.72,Haryana,21,5,22,8,-1
Hisar,2026-02-04,29.15,75.72,Haryana,21,4,22,8,-1
Hisar,2026-02-05,29.15,75.72,Haryana,23,7,22,8,1
Hisar,2026-02-06,29.15,75.72,Haryana,24,7,22,8,2
Hisar,2026-02-07,29.15,75.72,Haryana,24,9,22,8,2
Hisar,2026-02-08,29.15,75.72,Haryana,24,8,22,8,2
Hisar,2026-02-09,29.15,75.72,Haryana,24,8,22,8,2
Hisar,2026-02-10,29.15,75.72,Haryana,26,9,23,9,3
Hisar,2026-02-11,29.15,75.72,Haryana,25,10,23,9,2
Hisar,2026-02-12,29.15,75.72,Haryana,24,9,23,9,1
Hisar,2026-02-13,29.15,75.72,Haryana,25,10,23,9,2
Hisar,2026-02-14,29.15,75.72,Haryana,27,8,23,9,4
Hisar,2026-02-15,29.15,75.72,Haryana,25,10,24,10,1
Hisar,2026-02-16,29.15,75.72,Haryana,28,9,24,10,4
Hisar,2026-02-17,29.15,75.72,Haryana,27,12,24,10,3
Hisar,2026-02-18,29.15,75.72,Haryana,20,14,24,10,-4
Hisar,2026-02-19,29.15,75.72,Haryana,25,9,24,10,1
Hisar,2026-02-20,29.15,75.72,Haryana,27,10,25,11,2
Hisar,2026-02-21,29.15,75.72,Haryana,27,10,25,11,2
Hisar,2026-02-25,29.15,75.72,Haryana,30,11,26,11,4
Hisar,2026-02-26,29.15,75.72,Haryana,30,10,26,11,4
Hisar,2026-02-27,29.15,75.72,Haryana,32,12,26,11,6
Hisar,2026-02-28,29.15,75.72,Haryana,32,16,26,11,6
Hisar,2026-03-01,29.15,75.72,Haryana,30,14,26,11,4
Hisar,2026-03-02,29.15,75.72,Haryana,30,13,27,12,3
Hisar,2026-03-03,29.15,75.72,Haryana,31,16,27,12,4
Hisar,2026-03-04,29.15,75.72,Haryana,33,16,27,12,6
Hisar,2026-03-05,29.15,75.72,Haryana,33,16,27,12,6
Hisar,2026-03-06,29.15,75.72,Haryana,35,16,27,12,8
Hisar,2026-03-07,29.15,75.72,Haryana,36,15,28,13,8
Hisar,2026-03-08,29.15,75.72,Haryana,37,15,28,13,9
Hisar,2026-03-09,29.15,75.72,Haryana,34,18,28,13,6
Hisar,2026-03-10,29.15,75.72,Haryana,36,16,28,13,8
Hisar,2026-03-11,29.15,75.72,Haryana,36,16,28,13,8
Hisar,2026-03-12,29.15,75.72,Haryana,32,18,29,14,3
Hisar,2026-03-13,29.15,75.72,Haryana,32,17,29,14,3
Hisar,2026-03-14,29.15,75.72,Haryana,33,16,29,14,4
Hisar,2026-03-15,29.15,75.72,Haryana,28,17,29,14,-1
Hisar,2026-03-16,29.15,75.72,Haryana,27,14,29,14,-2
Hisar,2026-03-17,29.15,75.72,Haryana,28,11,31,15,-3
Hisar,2026-03-18,29.15,75.72,Haryana,30,13,31,15,-1
Hisar,2026-03-19,29.15,75.72,Haryana,23,16,31,15,-8
Hisar,2026-03-20,29.15,75.72,Haryana,23,15,31,15,-8
Hisar,2026-03-21,29.15,75.72,Haryana,28,12,31,15,-3
Hisar,2026-03-22,29.15,75.72,Haryana,30,16,31,16,-1
Hisar,2026-03-23,29.15,75.72,Haryana,29,17,31,16,-2
Hisar,2026-03-24,29.15,75.72,Haryana,31,16,31,16,0
Hisar,2026-03-25,29.15,75.72,Haryana,34,15,31,16,3
Hisar,2026-03-26,29.15,75.72,Haryana,34,18,31,16,3
Hisar,2026-03-27,29.15,75.72,Haryana,31,19,33,17,-2
Hisar,2026-03-28,29.15,75.72,Haryana,33,17,33,17,0
Hisar,2026-03-29,29.15,75.72,Haryana,35,20,33,17,2
Hisar,2026-03-30,29.15,75.72,Haryana,31,18,33,17,-2
Hisar,2026-03-31,29.15,75.72,Haryana,32,17,33,17,-1
Hisar,2026-04-01,29.15,75.72,Haryana,30,17,33,17,-3
Hisar,2026-04-02,29.15,75.72,Haryana,36,18,34,18,2
Hisar,2026-04-03,29.15,75.72,Haryana,30,19,34,18,-4
Hisar,2026-04-04,29.15,75.72,Haryana,32,17,34,18,-2
Hisar,2026-04-05,29.15,75.72,Haryana,32,16,34,18,-2
Hisar,2026-04-06,29.15,75.72,Haryana,33,15,35,18,-2
Hisar,2026-04-07,29.15,75.72,Haryana,25,17,35,18,-10
Hisar,2026-04-08,29.15,75.72,Haryana,29,14,35,18,-6
Hisar,2026-04-09,29.15,75.72,Haryana,31,14,35,18,-4
Hisar,2026-04-10,29.15,75.72,Haryana,32,15,35,18,-3
Hisar,2026-04-11,29.15,75.72,Haryana,30,17,37,20,-7
Hisar,2026-04-12,29.15,75.72,Haryana,34,16,37,20,-3
Hisar,2026-04-13,29.15,75.72,Haryana,36,15,37,20,-1
Hisar,2026-04-14,29.15,75.72,Haryana,38,17,37,20,1
Hisar,2026-04-16,29.15,75.72,Haryana,41,19,37,20,4
Hisar,2026-04-17,29.15,75.72,Haryana,38,22,37,20,1
Hisar,2026-04-18,29.15,75.72,Haryana,39,19,37,20,2
Hisar,2026-04-19,29.15,75.72,Haryana,41,21,37,20,4
Hisar,2026-04-20,29.15,75.72,Haryana,39,20,37,20,2
Hisar,2026-04-21,29.15,75.72,Haryana,39,20,38,22,1
Hisar,2026-04-22,29.15,75.72,Haryana,41,21,38,22,3
Hisar,2026-04-23,29.15,75.72,Haryana,42,22,38,22,4
Hisar,2026-04-24,29.15,75.72,Haryana,42,24,38,22,4
Hisar,2026-04-25,29.15,75.72,Haryana,43,25,38,22,5
Hisar,2026-04-26,29.15,75.72,Haryana,42,25,40,23,2
Hisar,2026-04-27,29.15,75.72,Haryana,43,22,40,23,3
Hisar,2026-04-28,29.15,75.72,Haryana,39,29,40,23,-1
Hisar,2026-04-29,29.15,75.72,Haryana,38,22,40,23,-2
Hisar,2026-04-30,29.15,75.72,Haryana,39,22,40,23,-1
Hisar,2026-05-01,29.15,75.72,Haryana,37,21,40,24,-3
Hisar,2026-05-02,29.15,75.72,Haryana,41,26,40,24,1
Hisar,2026-05-03,29.15,75.72,Haryana,35,23,40,24,-5
Hisar,2026-05-04,29.15,75.72,Haryana,31,19,40,24,-9
Hisar,2026-05-05,29.15,75.72,Haryana,33,19,40,24,-7
Hisar,2026-05-06,29.15,75.72,Haryana,35,19,41,24,-6
Hisar,2026-05-07,29.15,75.72,Haryana,35,22,41,24,-6
Hisar,2026-05-08,29.15,75.72,Haryana,36,20,41,24,-5
Hisar,2026-05-09,29.15,75.72,Haryana,37,22,41,24,-4
Hisar,2026-05-11,29.15,75.72,Haryana,37,26,41,25,-4
Hisar,2026-05-12,29.15,75.72,Haryana,42,25,41,25,1
Hisar,2026-05-13,29.15,75.72,Haryana,41,24,41,25,0
Hisar,2026-05-14,29.15,75.72,Haryana,41,25,41,25,0
Hisar,2026-05-15,29.15,75.72,Haryana,38,23,41,25,-3
Hisar,2026-05-16,29.15,75.72,Haryana,40,23,41,25,-1
Hisar,2026-05-17,29.15,75.72,Haryana,42,24,41,25,1
Hisar,2026-05-19,29.15,75.72,Haryana,45,27,41,25,4
Hisar,2026-05-20,29.15,75.72,Haryana,45,27,41,25,4
Hisar,2026-05-21,29.15,75.72,Haryana,44,31,41,26,3
Hisar,2026-05-22,29.15,75.72,Haryana,43,28,41,26,2
Hisar,2026-05-23,29.15,75.72,Haryana,42,26,41,26,1
Hisar,2026-05-24,29.15,75.72,Haryana,43,25,41,26,2
Hisar,2026-05-25,29.15,75.72,Haryana,43,25,41,26,2
Hisar,2026-05-26,29.15,75.72,Haryana,44,24,42,26,2
Hisar,2026-05-27,29.15,75.72,Haryana,45,24,42,26,3
Hisar,2026-05-28,29.15,75.72,Haryana,44,25,42,26,2
Hisar,2026-05-29,29.15,75.72,Haryana,37,24,42,26,-5
Hisar,2026-05-31,29.15,75.72,Haryana,36,20,42,27,-6
Hisar,2026-06-01,29.15,75.72,Haryana,38,23,42,27,-4
Hisar,2026-06-02,29.15,75.72,Haryana,38,25,42,27,-4
Hisar,2026-06-03,29.15,75.72,Haryana,40,25,42,27,-2
Hisar,2026-06-04,29.15,75.72,Haryana,42,25,42,27,0
Hisar,2026-06-05,29.15,75.72,Haryana,39,25,42,27,-3
Hisar,2026-06-06,29.15,75.72,Haryana,41,24,42,27,-1
Hisar,2026-06-07,29.15,75.72,Haryana,42,27,42,27,0
Hisar,2026-06-08,29.15,75.72,Haryana,43,28,42,27,1
Hisar,2026-06-09,29.15,75.72,Haryana,44,26,42,27,2
Hisar,2026-06-10,29.15,75.72,Haryana,43,25,41,27,2
Hisar,2026-06-11,29.15,75.72,Haryana,40,32,41,27,-1
Hisar,2026-06-15,29.15,75.72,Haryana,36,25,40,27,-4
Hisar,2026-06-16,29.15,75.72,Haryana,30,24,40,27,-10
Hisar,2026-06-19,29.15,75.72,Haryana,39,26,40,27,-1
Hisar,2026-06-20,29.15,75.72,Haryana,37,24,40,27,-3
Hisar,2026-06-21,29.15,75.72,Haryana,40,27,40,27,0
Hisar,2026-06-22,29.15,75.72,Haryana,36,24,40,27,-4
Hisar,2026-06-23,29.15,75.72,Haryana,37,24,40,27,-3
Hisar,2026-06-24,29.15,75.72,Haryana,39,26,40,27,-1
Hisar,2026-06-25,29.15,75.72,Haryana,40,24,39,28,1
Hisar,2026-06-27,29.15,75.72,Haryana,41,28,39,28,2
Hisar,2026-06-28,29.15,75.72,Haryana,41,28,39,28,2
Hisar,2026-06-30,29.15,75.72,Haryana,42,31,38,27,4
Hisar,2026-07-01,29.15,75.72,Haryana,35,29,38,27,-3
Hisar,2026-07-02,29.15,75.72,Haryana,32,21,38,27,-6
Hisar,2026-07-03,29.15,75.72,Haryana,36,27,38,27,-2
Hisar,2026-07-04,29.15,75.72,Haryana,36,29,38,27,-2
Hisar,2026-07-05,29.15,75.72,Haryana,38,28,38,28,0
Hisar,2026-07-06,29.15,75.72,Haryana,38,28,38,28,0
Hisar,2026-07-07,29.15,75.72,Haryana,38,27,38,28,0
Hisar,2026-07-08,29.15,75.72,Haryana,32,26,38,28,-6
Hisar,2026-07-09,29.15,75.72,Haryana,37,27,38,28,-1
Hisar,2026-07-10,29.15,75.72,Haryana,37,26,37,27,0
Hisar,2026-07-11,29.15,75.72,Haryana,36,25,37,27,-1
Hisar,2026-07-12,29.15,75.72,Haryana,38,28,37,27,1
Hisar,2026-07-13,29.15,75.72,Haryana,38,28,37,27,1
Hisar,2026-07-14,29.15,75.72,Haryana,37,24,37,27,0
Hisar,2026-07-15,29.15,75.72,Haryana,37,28,36,27,1
Hisar,2026-07-16,29.15,75.72,Haryana,39,27,36,27,3
Hisar,2026-07-19,29.15,75.72,Haryana,39,30,36,27,3
Hisar,2026-07-20,29.15,75.72,Haryana,35,30,36,27,-1
Hisar,2026-07-21,29.15,75.72,Haryana,31,26,36,27,-5
Hisar,2026-07-22,29.15,75.72,Haryana,33,25,36,27,-3
Hisar,2026-07-23,29.15,75.72,Haryana,34,26,36,27,-2
Hisar,2026-07-24,29.15,75.72,Haryana,32,26,36,27,-4
Hisar,2026-07-25,29.15,75.72,Haryana,34,27,36,27,-2
Hisar,2026-07-26,29.15,75.72,Haryana,36,27,36,27,0
Hisar,2026-07-27,29.15,75.72,Haryana,38,28,36,27,2
Shimla,2025-05-07,31.78,77.1,Himachal Pradesh,20,13,24,15,-4
Shimla,2025-05-06,31.78,77.1,Himachal Pradesh,21,12,24,15,-3
Shimla,2025-05-08,31.78,77.1,Himachal Pradesh,22,13,24,15,-2
Shimla,2025-05-09,31.78,77.1,Himachal Pradesh,24,15,24,15,0
Shimla,2025-05-10,31.78,77.1,Himachal Pradesh,22,14,24,15,-2
Shimla,2025-05-11,31.78,77.1,Himachal Pradesh,25,15,24,15,1
Shimla,2025-05-12,31.78,77.1,Himachal Pradesh,24,12,24,15,0
Shimla,2025-05-13,31.78,77.1,Himachal Pradesh,27,16,24,15,3
Shimla,2025-05-14,31.78,77.1,Himachal Pradesh,26,17,24,15,2
Shimla,2025-05-15,31.78,77.1,Himachal Pradesh,27,18,24,15,3
Shimla,2025-05-16,31.78,77.1,Himachal Pradesh,27,15,25,16,2
Shimla,2025-05-17,31.78,77.1,Himachal Pradesh,27,18,25,16,2
Shimla,2025-05-18,31.78,77.1,Himachal Pradesh,27,19,25,16,2
Shimla,2025-05-19,31.78,77.1,Himachal Pradesh,28,17,25,16,3
Shimla,2025-05-20,31.78,77.1,Himachal Pradesh,28,19,25,16,3
Shimla,2025-05-21,31.78,77.1,Himachal Pradesh,26,20,25,16,1
Shimla,2025-05-22,31.78,77.1,Himachal Pradesh,27,14,25,15,2
Shimla,2025-05-23,31.78,77.1,Himachal Pradesh,27,15,25,16,2
Shimla,2025-05-24,31.78,77.1,Himachal Pradesh,26,16,25,16,1
Shimla,2025-05-25,31.78,77.1,Himachal Pradesh,23,12,25,16,-2
Shimla,2025-05-26,31.78,77.1,Himachal Pradesh,25,15,26,16,-1
Shimla,2025-05-27,31.78,77.1,Himachal Pradesh,24,17,26,16,-2
Shimla,2025-05-28,31.78,77.1,Himachal Pradesh,24,18,26,16,-2
Shimla,2025-05-29,31.78,77.1,Himachal Pradesh,27,12,26,16,1
Shimla,2025-05-30,31.78,77.1,Himachal Pradesh,25,11,26,16,-1
Shimla,2025-05-31,31.78,77.1,Himachal Pradesh,26,17,26,16,0
Shimla,2025-06-01,31.78,77.1,Himachal Pradesh,26,13,26,16,0
Shimla,2025-06-02,31.78,77.1,Himachal Pradesh,25,14,26,16,-1
Shimla,2025-06-03,31.78,77.1,Himachal Pradesh,22,10,26,16,-4
Shimla,2025-06-04,31.78,77.1,Himachal Pradesh,20,9,26,16,-6
Shimla,2025-06-05,31.78,77.1,Himachal Pradesh,22,10,26,17,-4
Shimla,2025-06-06,31.78,77.1,Himachal Pradesh,23,14,26,17,-3
Shimla,2025-06-07,31.78,77.1,Himachal Pradesh,25,17,26,17,-1
Shimla,2025-06-08,31.78,77.1,Himachal Pradesh,27,18,26,17,1
Shimla,2025-06-09,31.78,77.1,Himachal Pradesh,29,20,26,17,3
Shimla,2025-06-10,31.78,77.1,Himachal Pradesh,30,21,26,17,4
Shimla,2025-06-11,31.78,77.1,Himachal Pradesh,29,21,26,17,3
Shimla,2025-06-12,31.78,77.1,Himachal Pradesh,29,21,26,17,3
Shimla,2025-06-13,31.78,77.1,Himachal Pradesh,28,21,26,17,2
Shimla,2025-06-14,31.78,77.1,Himachal Pradesh,28,19,26,17,2
Shimla,2025-06-15,31.78,77.1,Himachal Pradesh,27,20,25,16,2
Shimla,2025-06-16,31.78,77.1,Himachal Pradesh,25,17,25,16,0
Shimla,2025-06-17,31.78,77.1,Himachal Pradesh,22,17,25,16,-3
Shimla,2025-06-18,31.78,77.1,Himachal Pradesh,24,17,25,16,-1
Shimla,2025-06-19,31.78,77.1,Himachal Pradesh,24,17,25,16,-1
Shimla,2025-06-20,31.78,77.1,Himachal Pradesh,21,19,25,17,-4
Shimla,2025-06-21,31.78,77.1,Himachal Pradesh,22,18,25,17,-3
Shimla,2025-06-22,31.78,77.1,Himachal Pradesh,23,19,25,17,-2
Shimla,2025-06-23,31.78,77.1,Himachal Pradesh,24,18,25,17,-1
Shimla,2025-06-24,31.78,77.1,Himachal Pradesh,23,18,25,17,-2
Shimla,2025-06-25,31.78,77.1,Himachal Pradesh,22,18,24,17,-2
Shimla,2025-06-26,31.78,77.1,Himachal Pradesh,24,17,24,17,0
Shimla,2025-06-27,31.78,77.1,Himachal Pradesh,24,18,24,17,0
Shimla,2025-06-28,31.78,77.1,Himachal Pradesh,23,17,24,17,-1
Shimla,2025-06-29,31.78,77.1,Himachal Pradesh,21,17,24,17,-3
Shimla,2025-06-30,31.78,77.1,Himachal Pradesh,19,17,24,17,-5
Shimla,2025-07-01,31.78,77.1,Himachal Pradesh,22,17,24,17,-2
Shimla,2025-07-02,31.78,77.1,Himachal Pradesh,22,18,24,17,-2
Shimla,2025-07-03,31.78,77.1,Himachal Pradesh,22,18,24,17,-2
Shimla,2025-07-04,31.78,77.1,Himachal Pradesh,21,17,24,17,-3
Shimla,2025-07-05,31.78,77.1,Himachal Pradesh,22,18,24,17,-2
Shimla,2025-07-06,31.78,77.1,Himachal Pradesh,27,19,24,17,3
Shimla,2025-07-07,31.78,77.1,Himachal Pradesh,26,17,24,17,2
Shimla,2025-07-08,31.78,77.1,Himachal Pradesh,24,18,24,17,0
Shimla,2025-07-09,31.78,77.1,Himachal Pradesh,24,16,24,17,0
Shimla,2025-07-10,31.78,77.1,Himachal Pradesh,20,16,23,17,-3
Shimla,2025-07-11,31.78,77.1,Himachal Pradesh,22,18,23,17,-1
Shimla,2025-07-12,31.78,77.1,Himachal Pradesh,23,17,23,17,0
Shimla,2025-07-13,31.78,77.1,Himachal Pradesh,23,17,23,17,0
Shimla,2025-07-14,31.78,77.1,Himachal Pradesh,23,17,23,17,0
Shimla,2025-07-16,31.78,77.1,Himachal Pradesh,21,17,23,17,-2
Shimla,2025-07-17,31.78,77.1,Himachal Pradesh,21,17,23,17,-2
Shimla,2025-07-20,31.78,77.1,Himachal Pradesh,21,19,23,17,-2
Shimla,2025-07-21,31.78,77.1,Himachal Pradesh,18,17,23,17,-5
Shimla,2025-07-22,31.78,77.1,Himachal Pradesh,20,17,23,17,-3
Shimla,2025-07-23,31.78,77.1,Himachal Pradesh,25,18,23,17,2
Shimla,2025-07-24,31.78,77.1,Himachal Pradesh,24,18,23,17,1
Shimla,2025-07-25,31.78,77.1,Himachal Pradesh,25,28,23,27,2
Shimla,2025-07-26,31.78,77.1,Himachal Pradesh,26,17,23,17,3
Shimla,2025-07-28,31.78,77.1,Himachal Pradesh,22,18,23,17,-1
Shimla,2025-07-29,31.78,77.1,Himachal Pradesh,20,18,23,17,-3
Shimla,2025-07-30,31.78,77.1,Himachal Pradesh,21,17,22,17,-1
Shimla,2025-07-31,31.78,77.1,Himachal Pradesh,23,18,22,17,1
Shimla,2025-08-01,31.78,77.1,Himachal Pradesh,21,18,22,17,-1
Shimla,2025-08-02,31.78,77.1,Himachal Pradesh,23,17,22,17,1
Shimla,2025-08-03,31.78,77.1,Himachal Pradesh,24,18,22,17,2
Shimla,2025-08-04,31.78,77.1,Himachal Pradesh,23,17,23,16,0
Shimla,2025-08-05,31.78,77.1,Himachal Pradesh,20,16,23,16,-3
Shimla,2025-08-06,31.78,77.1,Himachal Pradesh,22,16,23,16,-1
Shimla,2025-08-07,31.78,77.1,Himachal Pradesh,26,16,23,16,3
Shimla,2025-08-08,31.78,77.1,Himachal Pradesh,23,17,23,16,0
Shimla,2025-08-09,31.78,77.1,Himachal Pradesh,22,17,23,16,-1
Shimla,2025-08-11,31.78,77.1,Himachal Pradesh,19,17,23,16,-4
Shimla,2025-08-12,31.78,77.1,Himachal Pradesh,21,17,23,16,-2
Shimla,2025-08-13,31.78,77.1,Himachal Pradesh,23,17,23,16,0
Shimla,2025-08-14,31.78,77.1,Himachal Pradesh,20,17,23,16,-3
Shimla,2025-08-16,31.78,77.1,Himachal Pradesh,22,18,23,16,-1
Shimla,2025-08-17,31.78,77.1,Himachal Pradesh,20,18,23,16,-3
Shimla,2025-08-18,31.78,77.1,Himachal Pradesh,21,18,23,16,-2
Shimla,2025-08-19,31.78,77.1,Himachal Pradesh,22,17,23,16,-1
Shimla,2025-08-20,31.78,77.1,Himachal Pradesh,20,17,23,16,-3
Shimla,2025-08-21,31.78,77.1,Himachal Pradesh,24,17,23,16,1
Shimla,2025-08-22,31.78,77.1,Himachal Pradesh,24,17,23,16,1
Shimla,2025-08-23,31.78,77.1,Himachal Pradesh,24,17,23,16,1
Shimla,2025-08-24,31.78,77.1,Himachal Pradesh,22,17,22,16,0
Shimla,2025-08-25,31.78,77.1,Himachal Pradesh,19,16,22,16,-3
Shimla,2025-08-26,31.78,77.1,Himachal Pradesh,21,17,22,16,-1
Shimla,2025-08-27,31.78,77.1,Himachal Pradesh,24,16,22,16,2
Shimla,2025-08-28,31.78,77.1,Himachal Pradesh,25,17,22,16,3
Shimla,2025-08-29,31.78,77.1,Himachal Pradesh,23,17,23,16,0
Shimla,2025-08-30,31.78,77.1,Himachal Pradesh,22,16,23,16,-1
Shimla,2025-08-31,31.78,77.1,Himachal Pradesh,18,16,23,16,-5
Shimla,2025-09-01,31.78,77.1,Himachal Pradesh,18,15,23,16,-5
Shimla,2025-09-02,31.78,77.1,Himachal Pradesh,18,14,23,16,-5
Shimla,2025-09-03,31.78,77.1,Himachal Pradesh,18,15,23,15,-5
Shimla,2025-09-04,31.78,77.1,Himachal Pradesh,19,15,23,15,-4
Shimla,2025-09-05,31.78,77.1,Himachal Pradesh,22,17,23,15,-1
Shimla,2025-09-06,31.78,77.1,Himachal Pradesh,22,17,23,15,-1
Shimla,2025-09-07,31.78,77.1,Himachal Pradesh,22,16,23,15,-1
Shimla,2025-09-08,31.78,77.1,Himachal Pradesh,22,16,22,15,0
Shimla,2025-09-09,31.78,77.1,Himachal Pradesh,24,16,22,15,2
Shimla,2025-09-10,31.78,77.1,Himachal Pradesh,23,17,22,15,1
Shimla,2025-09-11,31.78,77.1,Himachal Pradesh,20,17,22,15,-2
Shimla,2025-09-12,31.78,77.1,Himachal Pradesh,24,17,22,15,2
Shimla,2025-09-13,31.78,77.1,Himachal Pradesh,21,17,23,15,-2
Shimla,2025-09-14,31.78,77.1,Himachal Pradesh,22,16,23,15,-1
Shimla,2025-09-15,31.78,77.1,Himachal Pradesh,21,17,23,15,-2
Shimla,2025-09-16,31.78,77.1,Himachal Pradesh,21,15,23,15,-2
Shimla,2025-09-17,31.78,77.1,Himachal Pradesh,23,16,23,15,0
Shimla,2025-09-18,31.78,77.1,Himachal Pradesh,21,16,23,14,-2
Shimla,2025-09-19,31.78,77.1,Himachal Pradesh,22,16,23,14,-1
Shimla,2025-09-20,31.78,77.1,Himachal Pradesh,23,15,23,14,0
Shimla,2025-09-21,31.78,77.1,Himachal Pradesh,23,15,23,14,0
Shimla,2025-09-22,31.78,77.1,Himachal Pradesh,23,16,23,14,0
Shimla,2025-09-23,31.78,77.1,Himachal Pradesh,25,16,23,14,2
Shimla,2025-10-01,31.78,77.1,Himachal Pradesh,25,15,23,14,2
Shimla,2025-10-02,31.78,77.1,Himachal Pradesh,25,14,23,14,2
Shimla,2025-10-03,31.78,77.1,Himachal Pradesh,23,14,23,13,0
Shimla,2025-10-04,31.78,77.1,Himachal Pradesh,23,14,23,13,0
Shimla,2025-10-05,31.78,77.1,Himachal Pradesh,23,13,23,13,0
Shimla,2025-10-06,31.78,77.1,Himachal Pradesh,16,12,23,13,-7
Shimla,2025-10-07,31.78,77.1,Himachal Pradesh,15,9,23,13,-8
Shimla,2025-10-08,31.78,77.1,Himachal Pradesh,18,8,22,13,-4
Shimla,2025-10-09,31.78,77.1,Himachal Pradesh,21,10,22,13,-1
Shimla,2025-10-10,31.78,77.1,Himachal Pradesh,20,12,22,13,-2
Shimla,2025-10-11,31.78,77.1,Himachal Pradesh,22,12,22,13,0
Shimla,2025-10-12,31.78,77.1,Himachal Pradesh,22,13,22,13,0
Shimla,2025-10-13,31.78,77.1,Himachal Pradesh,22,12,21,11,1
Shimla,2025-10-14,31.78,77.1,Himachal Pradesh,22,12,21,11,1
Shimla,2025-10-15,31.78,77.1,Himachal Pradesh,21,11,21,11,0
Shimla,2025-10-16,31.78,77.1,Himachal Pradesh,24,13,21,11,3
Shimla,2025-10-17,31.78,77.1,Himachal Pradesh,24,15,21,11,3
Shimla,2025-10-18,31.78,77.1,Himachal Pradesh,24,15,21,11,3
Shimla,2025-10-19,31.78,77.1,Himachal Pradesh,24,14,21,11,3
Shimla,2025-10-20,31.78,77.1,Himachal Pradesh,23,13,21,11,2
Shimla,2025-10-21,31.78,77.1,Himachal Pradesh,22,13,21,11,1
Shimla,2025-10-22,31.78,77.1,Himachal Pradesh,22,13,21,11,1
Shimla,2025-10-23,31.78,77.1,Himachal Pradesh,21,12,20,10,1
Shimla,2025-10-24,31.78,77.1,Himachal Pradesh,22,9,20,10,2
Shimla,2025-10-25,31.78,77.1,Himachal Pradesh,20,11,20,10,0
Shimla,2025-10-26,31.78,77.1,Himachal Pradesh,21,11,20,10,1
Shimla,2025-10-27,31.78,77.1,Himachal Pradesh,22,11,20,10,2
Shimla,2025-10-28,31.78,77.1,Himachal Pradesh,20,10,20,10,0
Shimla,2025-10-29,31.78,77.1,Himachal Pradesh,22,9,20,10,2
Shimla,2025-10-30,31.78,77.1,Himachal Pradesh,23,12,20,10,3
Shimla,2025-10-31,31.78,77.1,Himachal Pradesh,22,11,20,10,2
Shimla,2025-11-01,31.78,77.1,Himachal Pradesh,21,12,20,10,1
Shimla,2025-11-02,31.78,77.1,Himachal Pradesh,21,13,19,10,2
Shimla,2025-11-03,31.78,77.1,Himachal Pradesh,20,12,19,10,1
Shimla,2025-11-04,31.78,77.1,Himachal Pradesh,20,9,19,10,1
Shimla,2025-11-05,31.78,77.1,Himachal Pradesh,19,8,19,10,0
Shimla,2025-11-06,31.78,77.1,Himachal Pradesh,19,8,19,10,0
Shimla,2026-01-06,31.78,77.1,Himachal Pradesh,5,2,11,2,-6
Shimla,2026-01-09,31.78,77.1,Himachal Pradesh,14,1,11,2,3
Shimla,2026-01-11,31.78,77.1,Himachal Pradesh,16,3,11,2,5
Shimla,2026-01-12,31.78,77.1,Himachal Pradesh,17,8,11,2,6
Shimla,2026-01-13,31.78,77.1,Himachal Pradesh,15,8,11,2,4
Shimla,2026-01-16,31.78,77.1,Himachal Pradesh,20,10,11,3,9
Shimla,2026-01-18,31.78,77.1,Himachal Pradesh,15,5,11,3,4
Shimla,2026-01-19,31.78,77.1,Himachal Pradesh,15,3,11,3,4
Shimla,2026-01-20,31.78,77.1,Himachal Pradesh,15,4,11,3,4
Shimla,2026-01-21,31.78,77.1,Himachal Pradesh,17,4,11,2,6
Shimla,2026-01-22,31.78,77.1,Himachal Pradesh,18,5,11,2,7
Shimla,2026-01-23,31.78,77.1,Himachal Pradesh,0,0,11,2,-11
Shimla,2026-01-24,31.78,77.1,Himachal Pradesh,8,0,11,2,-3
Shimla,2026-01-25,31.78,77.1,Himachal Pradesh,12,2,11,2,1
Shimla,2026-01-26,31.78,77.1,Himachal Pradesh,12,5,11,3,1
Shimla,2026-01-27,31.78,77.1,Himachal Pradesh,10,6,11,3,-1
Shimla,2026-01-28,31.78,77.1,Himachal Pradesh,12,0,11,3,1
Shimla,2026-01-29,31.78,77.1,Himachal Pradesh,14,3,11,3,3
Shimla,2026-01-30,31.78,77.1,Himachal Pradesh,17,5,11,3,6
Shimla,2026-01-31,31.78,77.1,Himachal Pradesh,16,6,12,3,4
Shimla,2026-02-01,31.78,77.1,Himachal Pradesh,11,6,12,3,-1
Shimla,2026-02-02,31.78,77.1,Himachal Pradesh,12,3,12,3,0
Shimla,2026-02-03,31.78,77.1,Himachal Pradesh,12,3,12,3,0
Shimla,2026-02-04,31.78,77.1,Himachal Pradesh,14,3,12,3,2
Shimla,2026-02-05,31.78,77.1,Himachal Pradesh,16,5,12,3,4
Shimla,2026-02-06,31.78,77.1,Himachal Pradesh,16,7,12,3,4
Shimla,2026-02-07,31.78,77.1,Himachal Pradesh,15,6,12,3,3
Shimla,2026-02-08,31.78,77.1,Himachal Pradesh,17,5,12,3,5
Shimla,2026-02-09,31.78,77.1,Himachal Pradesh,14,6,12,3,2
Shimla,2026-02-10,31.78,77.1,Himachal Pradesh,16,5,12,4,4
Shimla,2026-02-11,31.78,77.1,Himachal Pradesh,17,6,12,4,5
Shimla,2026-02-12,31.78,77.1,Himachal Pradesh,19,7,12,4,7
Shimla,2026-02-13,31.78,77.1,Himachal Pradesh,18,8,12,4,6
Shimla,2026-02-14,31.78,77.1,Himachal Pradesh,17,7,12,4,5
Shimla,2026-02-15,31.78,77.1,Himachal Pradesh,18,8,13,4,5
Shimla,2026-02-16,31.78,77.1,Himachal Pradesh,18,8,13,4,5
Shimla,2026-02-17,31.78,77.1,Himachal Pradesh,18,6,13,4,5
Shimla,2026-02-19,31.78,77.1,Himachal Pradesh,17,6,13,4,4
Shimla,2026-02-20,31.78,77.1,Himachal Pradesh,18,6,13,4,5
Shimla,2026-02-21,31.78,77.1,Himachal Pradesh,18,8,13,4,5
Shimla,2026-02-25,31.78,77.1,Himachal Pradesh,17,7,13,4,4
Shimla,2026-02-26,31.78,77.1,Himachal Pradesh,17,7,13,4,4
Shimla,2026-02-28,31.78,77.1,Himachal Pradesh,17,7,13,4,4
Shimla,2026-03-01,31.78,77.1,Himachal Pradesh,18,9,13,4,5
Shimla,2026-03-02,31.78,77.1,Himachal Pradesh,19,9,15,6,4
Shimla,2026-03-03,31.78,77.1,Himachal Pradesh,22,10,15,6,7
Shimla,2026-03-04,31.78,77.1,Himachal Pradesh,24,13,15,6,9
Shimla,2026-03-05,31.78,77.1,Himachal Pradesh,25,15,15,6,10
Shimla,2026-03-06,31.78,77.1,Himachal Pradesh,25,15,15,6,10
Shimla,2026-03-07,31.78,77.1,Himachal Pradesh,23,12,15,6,8
Shimla,2026-03-08,31.78,77.1,Himachal Pradesh,24,15,15,6,9
Shimla,2026-03-09,31.78,77.1,Himachal Pradesh,24,14,15,6,9
Shimla,2026-03-10,31.78,77.1,Himachal Pradesh,23,14,15,6,8
Shimla,2026-03-11,31.78,77.1,Himachal Pradesh,23,13,15,6,8
Shimla,2026-03-12,31.78,77.1,Himachal Pradesh,16,14,15,6,1
Shimla,2026-03-13,31.78,77.1,Himachal Pradesh,20,11,15,6,5
Shimla,2026-03-14,31.78,77.1,Himachal Pradesh,22,12,15,6,7
Shimla,2026-03-15,31.78,77.1,Himachal Pradesh,10,9,15,6,-5
Shimla,2026-03-16,31.78,77.1,Himachal Pradesh,15,4,15,6,0
Shimla,2026-03-17,31.78,77.1,Himachal Pradesh,18,6,17,8,1
Shimla,2026-03-18,31.78,77.1,Himachal Pradesh,15,10,17,8,-2
Shimla,2026-03-19,31.78,77.1,Himachal Pradesh,7,7,17,8,-10
Shimla,2026-03-20,31.78,77.1,Himachal Pradesh,8,6,17,8,-9
Shimla,2026-03-21,31.78,77.1,Himachal Pradesh,15,3,17,8,-2
Shimla,2026-03-22,31.78,77.1,Himachal Pradesh,18,7,17,8,1
Shimla,2026-03-23,31.78,77.1,Himachal Pradesh,13,8,17,8,-4
Shimla,2026-03-24,31.78,77.1,Himachal Pradesh,16,8,17,8,-1
Shimla,2026-03-25,31.78,77.1,Himachal Pradesh,19,8,17,8,2
Shimla,2026-03-26,31.78,77.1,Himachal Pradesh,20,10,17,8,3
Shimla,2026-03-27,31.78,77.1,Himachal Pradesh,17,11,18,9,-1
Shimla,2026-03-28,31.78,77.1,Himachal Pradesh,19,11,18,9,1
Shimla,2026-03-29,31.78,77.1,Himachal Pradesh,14,12,18,9,-4
Shimla,2026-03-30,31.78,77.1,Himachal Pradesh,20,11,18,9,2
Shimla,2026-03-31,31.78,77.1,Himachal Pradesh,20,11,18,9,2
Shimla,2026-04-01,31.78,77.1,Himachal Pradesh,20,8,19,9,1
Shimla,2026-04-02,31.78,77.1,Himachal Pradesh,23,11,19,9,4
Shimla,2026-04-03,31.78,77.1,Himachal Pradesh,20,14,19,9,1
Shimla,2026-04-04,31.78,77.1,Himachal Pradesh,19,9,19,9,0
Shimla,2026-04-06,31.78,77.1,Himachal Pradesh,18,6,19,10,-1
Shimla,2026-04-07,31.78,77.1,Himachal Pradesh,15,8,19,10,-4
Shimla,2026-04-08,31.78,77.1,Himachal Pradesh,11,4,19,10,-8
Shimla,2026-04-09,31.78,77.1,Himachal Pradesh,14,3,19,10,-5
Shimla,2026-04-10,31.78,77.1,Himachal Pradesh,18,3,19,10,-1
Shimla,2026-04-11,31.78,77.1,Himachal Pradesh,18,9,21,12,-3
Shimla,2026-04-12,31.78,77.1,Himachal Pradesh,20,9,21,12,-1
Shimla,2026-04-13,31.78,77.1,Himachal Pradesh,21,10,21,12,0
Shimla,2026-04-14,31.78,77.1,Himachal Pradesh,23,12,21,12,2
Shimla,2026-04-16,31.78,77.1,Himachal Pradesh,25,14,21,12,4
Shimla,2026-04-17,31.78,77.1,Himachal Pradesh,23,14,21,12,2
Shimla,2026-04-18,31.78,77.1,Himachal Pradesh,27,15,21,12,6
Shimla,2026-04-19,31.78,77.1,Himachal Pradesh,25,15,21,12,4
Shimla,2026-04-20,31.78,77.1,Himachal Pradesh,25,14,21,12,4
Shimla,2026-04-22,31.78,77.1,Himachal Pradesh,26,16,22,13,4
Shimla,2026-04-23,31.78,77.1,Himachal Pradesh,27,16,22,13,5
Shimla,2026-04-24,31.78,77.1,Himachal Pradesh,27,17,22,13,5
Shimla,2026-04-26,31.78,77.1,Himachal Pradesh,27,17,23,13,4
Shimla,2026-04-27,31.78,77.1,Himachal Pradesh,27,16,23,13,4
Shimla,2026-04-29,31.78,77.1,Himachal Pradesh,21,14,23,13,-2
Shimla,2026-04-30,31.78,77.1,Himachal Pradesh,21,12,23,13,-2
Shimla,2026-05-15,31.78,77.1,Himachal Pradesh,24,16,24,15,0
Shimla,2026-05-21,31.78,77.1,Himachal Pradesh,30,20,25,15,5
Shimla,2026-05-22,31.78,77.1,Himachal Pradesh,25,20,25,15,0
Shimla,2026-05-23,31.78,77.1,Himachal Pradesh,27,19,25,15,2
Shimla,2026-05-24,31.78,77.1,Himachal Pradesh,27,18,25,15,2
Shimla,2026-05-25,31.78,77.1,Himachal Pradesh,29,19,25,15,4
Shimla,2026-05-26,31.78,77.1,Himachal Pradesh,27,17,25,15,2
Shimla,2026-05-27,31.78,77.1,Himachal Pradesh,29,19,25,15,4
Shimla,2026-05-28,31.78,77.1,Himachal Pradesh,29,20,25,15,4
Shimla,2026-05-29,31.78,77.1,Himachal Pradesh,25,17,25,15,0
Shimla,2026-05-31,31.78,77.1,Himachal Pradesh,21,11,25,16,-4
Shimla,2026-06-01,31.78,77.1,Himachal Pradesh,23,13,25,16,-2
Shimla,2026-06-02,31.78,77.1,Himachal Pradesh,25,13,25,16,0
Shimla,2026-06-03,31.78,77.1,Himachal Pradesh,26,15,25,16,1
Shimla,2026-06-04,31.78,77.1,Himachal Pradesh,25,16,25,16,0
Shimla,2026-06-05,31.78,77.1,Himachal Pradesh,23,14,25,16,-2
Shimla,2026-06-06,31.78,77.1,Himachal Pradesh,27,15,25,16,2
Shimla,2026-06-07,31.78,77.1,Himachal Pradesh,27,17,25,16,2
Shimla,2026-06-08,31.78,77.1,Himachal Pradesh,27,18,25,16,2
Shimla,2026-06-09,31.78,77.1,Himachal Pradesh,27,19,25,16,2
Shimla,2026-06-10,31.78,77.1,Himachal Pradesh,28,19,25,16,3
Shimla,2026-06-11,31.78,77.1,Himachal Pradesh,28,19,25,16,3
Shimla,2026-06-15,31.78,77.1,Himachal Pradesh,24,15,24,16,0
Shimla,2026-06-16,31.78,77.1,Himachal Pradesh,25,15,24,16,1
Shimla,2026-06-18,31.78,77.1,Himachal Pradesh,26,15,24,16,2
Shimla,2026-06-19,31.78,77.1,Himachal Pradesh,25,17,24,16,1
Shimla,2026-06-21,31.78,77.1,Himachal Pradesh,26,17,24,16,2
Shimla,2026-06-22,31.78,77.1,Himachal Pradesh,22,17,24,16,-2
Shimla,2026-06-23,31.78,77.1,Himachal Pradesh,25,16,24,16,1
Shimla,2026-06-24,31.78,77.1,Himachal Pradesh,21,16,24,16,-3
Shimla,2026-06-25,31.78,77.1,Himachal Pradesh,25,16,24,16,1
Shimla,2026-06-27,31.78,77.1,Himachal Pradesh,27,16,24,16,3
Shimla,2026-06-28,31.78,77.1,Himachal Pradesh,27,18,24,16,3
Shimla,2026-06-30,31.78,77.1,Himachal Pradesh,26,19,23,16,3
Shimla,2026-07-01,31.78,77.1,Himachal Pradesh,19,17,23,16,-4
Shimla,2026-07-02,31.78,77.1,Himachal Pradesh,23,16,23,16,0
Shimla,2026-07-03,31.78,77.1,Himachal Pradesh,24,17,23,16,1
Shimla,2026-07-04,31.78,77.1,Himachal Pradesh,22,18,23,16,-1
Shimla,2026-07-05,31.78,77.1,Himachal Pradesh,27,18,23,16,4
Shimla,2026-07-06,31.78,77.1,Himachal Pradesh,22,17,23,16,-1
Shimla,2026-07-07,31.78,77.1,Himachal Pradesh,23,17,23,16,0
Shimla,2026-07-08,31.78,77.1,Himachal Pradesh,22,18,23,16,-1
Shimla,2026-07-09,31.78,77.1,Himachal Pradesh,20,17,23,16,-3
Shimla,2026-07-10,31.78,77.1,Himachal Pradesh,19,16,23,16,-4
Shimla,2026-07-11,31.78,77.1,Himachal Pradesh,23,16,23,16,0
Shimla,2026-07-12,31.78,77.1,Himachal Pradesh,23,17,23,16,0
Shimla,2026-07-13,31.78,77.1,Himachal Pradesh,27,18,23,16,4
Shimla,2026-07-14,31.78,77.1,Himachal Pradesh,26,17,23,16,3
Shimla,2026-07-15,31.78,77.1,Himachal Pradesh,26,17,23,16,3
Shimla,2026-07-16,31.78,77.1,Himachal Pradesh,25,17,23,16,2
Shimla,2026-07-19,31.78,77.1,Himachal Pradesh,22,17,23,16,-1
Shimla,2026-07-20,31.78,77.1,Himachal Pradesh,21,17,22,16,-1
Shimla,2026-07-21,31.78,77.1,Himachal Pradesh,23,17,22,16,1
Shimla,2026-07-22,31.78,77.1,Himachal Pradesh,21,16,22,16,-1
Shimla,2026-07-23,31.78,77.1,Himachal Pradesh,21,16,22,16,-1
Shimla,2026-07-24,31.78,77.1,Himachal Pradesh,21,16,22,16,-1
Shimla,2026-07-25,31.78,77.1,Himachal Pradesh,22,17,22,16,0
Shimla,2026-07-26,31.78,77.1,Himachal Pradesh,22,17,22,16,0
Shimla,2026-07-27,31.78,77.1,Himachal Pradesh,22,17,22,16,0
Jammu,2025-05-07,32.74,75.57,Jammu & Kashmir,35,23,37,23,-2
Jammu,2025-05-06,32.74,75.57,Jammu & Kashmir,35,21,37,23,-2
Jammu,2025-05-08,32.74,75.57,Jammu & Kashmir,27,19,37,23,-10
Jammu,2025-05-09,32.74,75.57,Jammu & Kashmir,35,22,37,23,-2
Jammu,2025-05-10,32.74,75.57,Jammu & Kashmir,36,22,37,23,-1
Jammu,2025-05-11,32.74,75.57,Jammu & Kashmir,37,23,37,24,0
Jammu,2025-05-12,32.74,75.57,Jammu & Kashmir,37,22,37,24,0
Jammu,2025-05-13,32.74,75.57,Jammu & Kashmir,38,23,37,24,1
Jammu,2025-05-14,32.74,75.57,Jammu & Kashmir,39,23,37,24,2
Jammu,2025-05-15,32.74,75.57,Jammu & Kashmir,40,23,37,24,3
Jammu,2025-05-16,32.74,75.57,Jammu & Kashmir,40,23,38,24,2
Jammu,2025-05-17,32.74,75.57,Jammu & Kashmir,41,24,38,24,3
Jammu,2025-05-18,32.74,75.57,Jammu & Kashmir,40,25,38,24,2
Jammu,2025-05-19,32.74,75.57,Jammu & Kashmir,40,23,38,24,2
Jammu,2025-05-20,32.74,75.57,Jammu & Kashmir,41,26,38,24,3
Jammu,2025-05-21,32.74,75.57,Jammu & Kashmir,41,28,38,25,3
Jammu,2025-05-22,32.74,75.57,Jammu & Kashmir,39,27,38,25,1
Jammu,2025-05-23,32.74,75.57,Jammu & Kashmir,38,28,38,25,0
Jammu,2025-05-24,32.74,75.57,Jammu & Kashmir,39,29,38,25,1
Jammu,2025-05-25,32.74,75.57,Jammu & Kashmir,35,19,38,25,-3
Jammu,2025-05-26,32.74,75.57,Jammu & Kashmir,38,24,39,25,-1
Jammu,2025-05-27,32.74,75.57,Jammu & Kashmir,38,27,39,25,-1
Jammu,2025-05-28,32.74,75.57,Jammu & Kashmir,39,25,39,25,0
Jammu,2025-05-29,32.74,75.57,Jammu & Kashmir,40,26,39,25,1
Jammu,2025-05-30,32.74,75.57,Jammu & Kashmir,37,21,39,25,-2
Jammu,2025-05-31,32.74,75.57,Jammu & Kashmir,33,19,39,26,-6
Jammu,2025-06-01,32.74,75.57,Jammu & Kashmir,26,20,39,26,-13
Jammu,2025-06-02,32.74,75.57,Jammu & Kashmir,37,23,39,26,-2
Jammu,2025-06-03,32.74,75.57,Jammu & Kashmir,33,20,39,26,-6
Jammu,2025-06-04,32.74,75.57,Jammu & Kashmir,34,21,39,26,-5
Jammu,2025-06-05,32.74,75.57,Jammu & Kashmir,35,21,40,26,-5
Jammu,2025-06-06,32.74,75.57,Jammu & Kashmir,38,24,40,26,-2
Jammu,2025-06-07,32.74,75.57,Jammu & Kashmir,40,26,40,26,0
Jammu,2025-06-08,32.74,75.57,Jammu & Kashmir,43,26,40,26,3
Jammu,2025-06-09,32.74,75.57,Jammu & Kashmir,44,26,40,26,4
Jammu,2025-06-10,32.74,75.57,Jammu & Kashmir,44,28,39,26,5
Jammu,2025-06-11,32.74,75.57,Jammu & Kashmir,44,30,39,26,5
Jammu,2025-06-12,32.74,75.57,Jammu & Kashmir,44,30,39,26,5
Jammu,2025-06-13,32.74,75.57,Jammu & Kashmir,44,31,39,26,5
Jammu,2025-06-14,32.74,75.57,Jammu & Kashmir,41,28,39,26,2
Jammu,2025-06-15,32.74,75.57,Jammu & Kashmir,41,28,38,26,3
Jammu,2025-06-16,32.74,75.57,Jammu & Kashmir,32,21,38,26,-6
Jammu,2025-06-17,32.74,75.57,Jammu & Kashmir,36,26,38,26,-2
Jammu,2025-06-18,32.74,75.57,Jammu & Kashmir,38,25,38,26,0
Jammu,2025-06-19,32.74,75.57,Jammu & Kashmir,37,29,38,26,-1
Jammu,2025-06-20,32.74,75.57,Jammu & Kashmir,36,28,38,26,-2
Jammu,2025-06-21,32.74,75.57,Jammu & Kashmir,33,26,38,26,-5
Jammu,2025-06-22,32.74,75.57,Jammu & Kashmir,33,27,38,26,-5
Jammu,2025-06-23,32.74,75.57,Jammu & Kashmir,37,27,38,26,-1
Jammu,2025-06-24,32.74,75.57,Jammu & Kashmir,34,27,38,26,-4
Jammu,2025-06-25,32.74,75.57,Jammu & Kashmir,33,27,37,26,-4
Jammu,2025-06-26,32.74,75.57,Jammu & Kashmir,33,25,37,26,-4
Jammu,2025-06-27,32.74,75.57,Jammu & Kashmir,34,27,37,26,-3
Jammu,2025-06-28,32.74,75.57,Jammu & Kashmir,36,27,37,26,-1
Jammu,2025-06-29,32.74,75.57,Jammu & Kashmir,34,28,37,26,-3
Jammu,2025-06-30,32.74,75.57,Jammu & Kashmir,32,24,36,26,-4
Jammu,2025-07-01,32.74,75.57,Jammu & Kashmir,29,27,36,26,-7
Jammu,2025-07-02,32.74,75.57,Jammu & Kashmir,33,25,36,26,-3
Jammu,2025-07-03,32.74,75.57,Jammu & Kashmir,35,27,36,26,-1
Jammu,2025-07-04,32.74,75.57,Jammu & Kashmir,35,28,36,26,-1
Jammu,2025-07-05,32.74,75.57,Jammu & Kashmir,33,24,35,26,-2
Jammu,2025-07-06,32.74,75.57,Jammu & Kashmir,32,23,35,26,-3
Jammu,2025-07-07,32.74,75.57,Jammu & Kashmir,34,25,35,26,-1
Jammu,2025-07-08,32.74,75.57,Jammu & Kashmir,34,25,35,26,-1
Jammu,2025-07-09,32.74,75.57,Jammu & Kashmir,31,26,35,26,-4
Jammu,2025-07-10,32.74,75.57,Jammu & Kashmir,31,23,34,25,-3
Jammu,2025-07-11,32.74,75.57,Jammu & Kashmir,34,24,34,25,0
Jammu,2025-07-12,32.74,75.57,Jammu & Kashmir,35,26,34,25,1
Jammu,2025-07-13,32.74,75.57,Jammu & Kashmir,34,25,34,25,0
Jammu,2025-07-14,32.74,75.57,Jammu & Kashmir,34,25,34,25,0
Jammu,2025-07-16,32.74,75.57,Jammu & Kashmir,31,24,34,25,-3
Jammu,2025-07-17,32.74,75.57,Jammu & Kashmir,35,26,34,25,1
Jammu,2025-07-18,32.74,75.57,Jammu & Kashmir,35,26,34,25,1
Jammu,2025-07-19,32.74,75.57,Jammu & Kashmir,35,27,34,25,1
Jammu,2025-07-20,32.74,75.57,Jammu & Kashmir,31,28,34,25,-3
Jammu,2025-07-21,32.74,75.57,Jammu & Kashmir,29,27,34,25,-5
Jammu,2025-07-22,32.74,75.57,Jammu & Kashmir,27,23,34,25,-7
Jammu,2025-07-23,32.74,75.57,Jammu & Kashmir,25,19,30,19,-5
Jammu,2025-07-24,32.74,75.57,Jammu & Kashmir,32,25,34,25,-2
Jammu,2025-07-25,32.74,75.57,Jammu & Kashmir,35,25,33,25,2
Jammu,2025-07-26,32.74,75.57,Jammu & Kashmir,36,26,33,25,3
Jammu,2025-07-28,32.74,75.57,Jammu & Kashmir,34,26,33,25,1
Jammu,2025-07-30,32.74,75.57,Jammu & Kashmir,30,26,33,25,-3
Jammu,2025-07-31,32.74,75.57,Jammu & Kashmir,34,26,33,25,1
Jammu,2025-08-01,32.74,75.57,Jammu & Kashmir,30,23,33,25,-3
Jammu,2025-08-02,32.74,75.57,Jammu & Kashmir,33,25,33,25,0
Jammu,2025-08-03,32.74,75.57,Jammu & Kashmir,34,25,33,25,1
Jammu,2025-08-04,32.74,75.57,Jammu & Kashmir,34,26,33,25,1
Jammu,2025-08-05,32.74,75.57,Jammu & Kashmir,34,26,33,25,1
Jammu,2025-08-06,32.74,75.57,Jammu & Kashmir,34,23,33,25,1
Jammu,2025-08-07,32.74,75.57,Jammu & Kashmir,33,23,33,25,0
Jammu,2025-08-08,32.74,75.57,Jammu & Kashmir,35,25,33,25,2
Jammu,2025-08-09,32.74,75.57,Jammu & Kashmir,35,25,33,25,2
Jammu,2025-08-10,32.74,75.57,Jammu & Kashmir,35,26,33,25,2
Jammu,2025-08-11,32.74,75.57,Jammu & Kashmir,35,27,33,25,2
Jammu,2025-08-12,32.74,75.57,Jammu & Kashmir,27,24,33,25,-6
Jammu,2025-08-13,32.74,75.57,Jammu & Kashmir,33,25,33,25,0
Jammu,2025-08-14,32.74,75.57,Jammu & Kashmir,28,27,33,25,-5
Jammu,2025-08-15,32.74,75.57,Jammu & Kashmir,31,24,33,25,-2
Jammu,2025-08-16,32.74,75.57,Jammu & Kashmir,33,26,33,25,0
Jammu,2025-08-17,32.74,75.57,Jammu & Kashmir,31,24,33,25,-2
Jammu,2025-08-18,32.74,75.57,Jammu & Kashmir,32,26,33,25,-1
Jammu,2025-08-19,32.74,75.57,Jammu & Kashmir,32,24,33,25,-1
Jammu,2025-08-20,32.74,75.57,Jammu & Kashmir,32,23,35,25,-3
Jammu,2025-08-21,32.74,75.57,Jammu & Kashmir,35,23,33,25,2
Jammu,2025-08-22,32.74,75.57,Jammu & Kashmir,35,25,33,25,2
Jammu,2025-08-23,32.74,75.57,Jammu & Kashmir,30,26,33,25,-3
Jammu,2025-08-24,32.74,75.57,Jammu & Kashmir,27,21,33,24,-6
Jammu,2025-08-25,32.74,75.57,Jammu & Kashmir,26,22,33,24,-7
Jammu,2025-08-26,32.74,75.57,Jammu & Kashmir,22,20,33,24,-11
Jammu,2025-08-27,32.74,75.57,Jammu & Kashmir,27,20,33,24,-6
Jammu,2025-08-29,32.74,75.57,Jammu & Kashmir,33,25,33,24,0
Jammu,2025-08-30,32.74,75.57,Jammu & Kashmir,30,24,33,24,-3
Jammu,2025-08-31,32.74,75.57,Jammu & Kashmir,26,24,33,24,-7
Jammu,2025-09-01,32.74,75.57,Jammu & Kashmir,31,22,33,24,-2
Jammu,2025-09-02,32.74,75.57,Jammu & Kashmir,23,22,33,24,-10
Jammu,2025-09-03,32.74,75.57,Jammu & Kashmir,22,20,33,24,-11
Jammu,2025-09-04,32.74,75.57,Jammu & Kashmir,31,20,33,24,-2
Jammu,2025-09-05,32.74,75.57,Jammu & Kashmir,35,22,33,24,2
Jammu,2025-09-06,32.74,75.57,Jammu & Kashmir,33,24,33,24,0
Jammu,2025-09-07,32.74,75.57,Jammu & Kashmir,30,24,33,24,-3
Jammu,2025-09-08,32.74,75.57,Jammu & Kashmir,32,24,33,24,-1
Jammu,2025-09-09,32.74,75.57,Jammu & Kashmir,33,23,33,24,0
Jammu,2025-09-10,32.74,75.57,Jammu & Kashmir,33,24,33,24,0
Jammu,2025-09-11,32.74,75.57,Jammu & Kashmir,34,25,33,24,1
Jammu,2025-09-12,32.74,75.57,Jammu & Kashmir,33,26,33,24,0
Jammu,2025-09-13,32.74,75.57,Jammu & Kashmir,34,26,33,23,1
Jammu,2025-09-14,32.74,75.57,Jammu & Kashmir,34,27,33,23,1
Jammu,2025-09-15,32.74,75.57,Jammu & Kashmir,34,24,33,23,1
Jammu,2025-09-16,32.74,75.57,Jammu & Kashmir,34,26,33,23,1
Jammu,2025-09-17,32.74,75.57,Jammu & Kashmir,34,25,33,23,1
Jammu,2025-09-18,32.74,75.57,Jammu & Kashmir,34,25,33,23,1
Jammu,2025-09-19,32.74,75.57,Jammu & Kashmir,33,25,33,23,0
Jammu,2025-09-20,32.74,75.57,Jammu & Kashmir,33,21,33,23,0
Jammu,2025-09-21,32.74,75.57,Jammu & Kashmir,34,24,33,23,1
Jammu,2025-09-22,32.74,75.57,Jammu & Kashmir,35,25,33,23,2
Jammu,2025-09-23,32.74,75.57,Jammu & Kashmir,35,24,33,22,2
Jammu,2025-09-24,32.74,75.57,Jammu & Kashmir,34,23,33,22,1
Jammu,2025-09-25,32.74,75.57,Jammu & Kashmir,34,24,33,22,1
Jammu,2025-09-26,32.74,75.57,Jammu & Kashmir,34,23,33,22,1
Jammu,2025-09-27,32.74,75.57,Jammu & Kashmir,36,23,33,22,3
Jammu,2025-09-28,32.74,75.57,Jammu & Kashmir,37,23,33,22,4
Jammu,2025-09-29,32.74,75.57,Jammu & Kashmir,35,24,33,22,2
Jammu,2025-09-30,32.74,75.57,Jammu & Kashmir,34,23,33,22,1
Jammu,2025-10-01,32.74,75.57,Jammu & Kashmir,34,25,33,22,1
Jammu,2025-10-02,32.74,75.57,Jammu & Kashmir,34,24,33,22,1
Jammu,2025-10-03,32.74,75.57,Jammu & Kashmir,32,19,32,21,0
Jammu,2025-10-04,32.74,75.57,Jammu & Kashmir,32,19,32,21,0
Jammu,2025-10-05,32.74,75.57,Jammu & Kashmir,31,17,32,21,-1
Jammu,2025-10-06,32.74,75.57,Jammu & Kashmir,21,16,32,21,-11
Jammu,2025-10-07,32.74,75.57,Jammu & Kashmir,27,15,32,21,-5
Jammu,2025-10-08,32.74,75.57,Jammu & Kashmir,28,15,32,20,-4
Jammu,2025-10-09,32.74,75.57,Jammu & Kashmir,29,15,32,20,-3
Jammu,2025-10-10,32.74,75.57,Jammu & Kashmir,30,16,32,20,-2
Jammu,2025-10-11,32.74,75.57,Jammu & Kashmir,31,17,32,20,-1
Jammu,2025-10-12,32.74,75.57,Jammu & Kashmir,31,17,32,20,-1
Jammu,2025-10-13,32.74,75.57,Jammu & Kashmir,31,18,31,18,0
Jammu,2025-10-14,32.74,75.57,Jammu & Kashmir,30,19,31,18,-1
Jammu,2025-10-15,32.74,75.57,Jammu & Kashmir,30,19,31,18,-1
Jammu,2025-10-16,32.74,75.57,Jammu & Kashmir,31,19,31,18,0
Jammu,2025-10-17,32.74,75.57,Jammu & Kashmir,32,18,31,18,1
Jammu,2025-10-18,32.74,75.57,Jammu & Kashmir,32,18,31,17,1
Jammu,2025-10-19,32.74,75.57,Jammu & Kashmir,33,17,31,17,2
Jammu,2025-10-20,32.74,75.57,Jammu & Kashmir,32,18,31,17,1
Jammu,2025-10-21,32.74,75.57,Jammu & Kashmir,33,15,31,17,2
Jammu,2025-10-22,32.74,75.57,Jammu & Kashmir,31,16,31,17,0
Jammu,2025-10-23,32.74,75.57,Jammu & Kashmir,32,17,30,17,2
Jammu,2025-10-24,32.74,75.57,Jammu & Kashmir,31,18,30,17,1
Jammu,2025-10-25,32.74,75.57,Jammu & Kashmir,31,16,30,17,1
Jammu,2025-10-26,32.74,75.57,Jammu & Kashmir,30,16,30,17,0
Jammu,2025-10-27,32.74,75.57,Jammu & Kashmir,30,16,30,17,0
Jammu,2025-10-28,32.74,75.57,Jammu & Kashmir,30,17,29,16,1
Jammu,2025-10-29,32.74,75.57,Jammu & Kashmir,29,17,29,16,0
Jammu,2025-10-30,32.74,75.57,Jammu & Kashmir,31,16,29,16,2
Jammu,2025-10-31,32.74,75.57,Jammu & Kashmir,30,16,29,16,1
Jammu,2025-11-01,32.74,75.57,Jammu & Kashmir,29,16,29,16,0
Jammu,2025-11-02,32.74,75.57,Jammu & Kashmir,29,15,28,16,1
Jammu,2025-11-03,32.74,75.57,Jammu & Kashmir,29,15,28,16,1
Jammu,2025-11-04,32.74,75.57,Jammu & Kashmir,28,15,28,16,0
Jammu,2025-11-05,32.74,75.57,Jammu & Kashmir,27,15,28,16,-1
Jammu,2025-11-06,32.74,75.57,Jammu & Kashmir,27,12,28,16,-1
Jammu,2026-01-06,32.74,75.57,Jammu & Kashmir,15,5,17,7,-2
Jammu,2026-01-07,32.74,75.57,Jammu & Kashmir,14,8,17,7,-3
Jammu,2026-01-08,32.74,75.57,Jammu & Kashmir,13,7,17,7,-4
Jammu,2026-01-09,32.74,75.57,Jammu & Kashmir,15,5,17,7,-2
Jammu,2026-01-10,32.74,75.57,Jammu & Kashmir,15,3,17,7,-2
Jammu,2026-01-11,32.74,75.57,Jammu & Kashmir,11,4,17,6,-6
Jammu,2026-01-12,32.74,75.57,Jammu & Kashmir,9,3,17,6,-8
Jammu,2026-01-13,32.74,75.57,Jammu & Kashmir,16,3,17,6,-1
Jammu,2026-01-14,32.74,75.57,Jammu & Kashmir,7,4,17,6,-10
Jammu,2026-01-15,32.74,75.57,Jammu & Kashmir,12,4,17,6,-5
Jammu,2026-01-16,32.74,75.57,Jammu & Kashmir,14,4,17,7,-3
Jammu,2026-01-17,32.74,75.57,Jammu & Kashmir,20,4,17,7,3
Jammu,2026-01-18,32.74,75.57,Jammu & Kashmir,20,5,17,7,3
Jammu,2026-01-19,32.74,75.57,Jammu & Kashmir,22,7,17,7,5
Jammu,2026-01-20,32.74,75.57,Jammu & Kashmir,22,7,17,7,5
Jammu,2026-01-21,32.74,75.57,Jammu & Kashmir,22,7,18,6,4
Jammu,2026-01-22,32.74,75.57,Jammu & Kashmir,20,7,18,6,2
Jammu,2026-01-23,32.74,75.57,Jammu & Kashmir,11,10,18,6,-7
Jammu,2026-01-24,32.74,75.57,Jammu & Kashmir,15,4,18,6,-3
Jammu,2026-01-25,32.74,75.57,Jammu & Kashmir,20,7,18,6,2
Jammu,2026-01-26,32.74,75.57,Jammu & Kashmir,16,8,19,8,-3
Jammu,2026-01-27,32.74,75.57,Jammu & Kashmir,16,11,19,8,-3
Jammu,2026-01-28,32.74,75.57,Jammu & Kashmir,18,6,19,8,-1
Jammu,2026-01-29,32.74,75.57,Jammu & Kashmir,20,7,19,8,1
Jammu,2026-01-30,32.74,75.57,Jammu & Kashmir,22,9,19,8,3
Jammu,2026-01-31,32.74,75.57,Jammu & Kashmir,19,10,20,8,-1
Jammu,2026-02-01,32.74,75.57,Jammu & Kashmir,19,10,20,8,-1
Jammu,2026-02-02,32.74,75.57,Jammu & Kashmir,21,8,20,8,1
Jammu,2026-02-03,32.74,75.57,Jammu & Kashmir,21,9,20,8,1
Jammu,2026-02-04,32.74,75.57,Jammu & Kashmir,22,8,20,8,2
Jammu,2026-02-05,32.74,75.57,Jammu & Kashmir,22,6,20,9,2
Jammu,2026-02-06,32.74,75.57,Jammu & Kashmir,22,7,20,9,2
Jammu,2026-02-07,32.74,75.57,Jammu & Kashmir,22,9,20,9,2
Jammu,2026-02-08,32.74,75.57,Jammu & Kashmir,22,7,20,9,2
Jammu,2026-02-09,32.74,75.57,Jammu & Kashmir,22,10,20,9,2
Jammu,2026-02-10,32.74,75.57,Jammu & Kashmir,21,12,21,10,0
Jammu,2026-02-11,32.74,75.57,Jammu & Kashmir,24,11,21,10,3
Jammu,2026-02-12,32.74,75.57,Jammu & Kashmir,24,8,21,10,3
Jammu,2026-02-13,32.74,75.57,Jammu & Kashmir,24,9,21,10,3
Jammu,2026-02-14,32.74,75.57,Jammu & Kashmir,24,10,21,10,3
Jammu,2026-02-15,32.74,75.57,Jammu & Kashmir,25,11,21,10,4
Jammu,2026-02-16,32.74,75.57,Jammu & Kashmir,25,11,21,10,4
Jammu,2026-02-17,32.74,75.57,Jammu & Kashmir,25,13,21,10,4
Jammu,2026-02-18,32.74,75.57,Jammu & Kashmir,22,13,21,10,1
Jammu,2026-02-19,32.74,75.57,Jammu & Kashmir,27,11,21,10,6
Jammu,2026-02-20,32.74,75.57,Jammu & Kashmir,26,12,22,11,4
Jammu,2026-02-21,32.74,75.57,Jammu & Kashmir,25,12,22,11,3
Jammu,2026-02-25,32.74,75.57,Jammu & Kashmir,25,13,23,11,2
Jammu,2026-02-26,32.74,75.57,Jammu & Kashmir,27,14,23,11,4
Jammu,2026-02-27,32.74,75.57,Jammu & Kashmir,26,12,23,11,3
Jammu,2026-02-28,32.74,75.57,Jammu & Kashmir,28,14,23,11,5
Jammu,2026-03-01,32.74,75.57,Jammu & Kashmir,29,12,23,11,6
Jammu,2026-03-02,32.74,75.57,Jammu & Kashmir,28,12,24,12,4
Jammu,2026-03-03,32.74,75.57,Jammu & Kashmir,30,11,24,12,6
Jammu,2026-03-04,32.74,75.57,Jammu & Kashmir,30,14,24,12,6
Jammu,2026-03-05,32.74,75.57,Jammu & Kashmir,32,15,24,12,8
Jammu,2026-03-06,32.74,75.57,Jammu & Kashmir,31,17,24,12,7
Jammu,2026-03-07,32.74,75.57,Jammu & Kashmir,30,19,25,13,5
Jammu,2026-03-08,32.74,75.57,Jammu & Kashmir,30,17,25,13,5
Jammu,2026-03-09,32.74,75.57,Jammu & Kashmir,31,17,25,13,6
Jammu,2026-03-10,32.74,75.57,Jammu & Kashmir,31,19,25,13,6
Jammu,2026-03-11,32.74,75.57,Jammu & Kashmir,30,19,25,13,5
Jammu,2026-03-12,32.74,75.57,Jammu & Kashmir,29,17,25,13,4
Jammu,2026-03-13,32.74,75.57,Jammu & Kashmir,31,14,25,13,6
Jammu,2026-03-14,32.74,75.57,Jammu & Kashmir,29,14,25,13,4
Jammu,2026-03-15,32.74,75.57,Jammu & Kashmir,19,17,25,13,-6
Jammu,2026-03-16,32.74,75.57,Jammu & Kashmir,24,11,25,13,-1
Jammu,2026-03-17,32.74,75.57,Jammu & Kashmir,25,11,27,15,-2
Jammu,2026-03-18,32.74,75.57,Jammu & Kashmir,20,16,27,15,-7
Jammu,2026-03-19,32.74,75.57,Jammu & Kashmir,20,14,27,15,-7
Jammu,2026-03-20,32.74,75.57,Jammu & Kashmir,23,14,27,15,-4
Jammu,2026-03-21,32.74,75.57,Jammu & Kashmir,23,12,27,15,-4
Jammu,2026-03-22,32.74,75.57,Jammu & Kashmir,26,12,27,15,-1
Jammu,2026-03-23,32.74,75.57,Jammu & Kashmir,27,15,27,15,0
Jammu,2026-03-24,32.74,75.57,Jammu & Kashmir,27,15,27,15,0
Jammu,2026-03-25,32.74,75.57,Jammu & Kashmir,28,14,27,15,1
Jammu,2026-03-26,32.74,75.57,Jammu & Kashmir,29,19,27,15,2
Jammu,2026-03-27,32.74,75.57,Jammu & Kashmir,29,16,29,17,0
Jammu,2026-03-28,32.74,75.57,Jammu & Kashmir,29,17,29,17,0
Jammu,2026-03-29,32.74,75.57,Jammu & Kashmir,29,16,29,17,0
Jammu,2026-03-30,32.74,75.57,Jammu & Kashmir,30,20,29,17,1
Jammu,2026-03-31,32.74,75.57,Jammu & Kashmir,30,16,29,17,1
Jammu,2026-04-01,32.74,75.57,Jammu & Kashmir,30,17,30,17,0
Jammu,2026-04-02,32.74,75.57,Jammu & Kashmir,32,20,30,17,2
Jammu,2026-04-03,32.74,75.57,Jammu & Kashmir,22,19,30,17,-8
Jammu,2026-04-04,32.74,75.57,Jammu & Kashmir,27,17,30,17,-3
Jammu,2026-04-05,32.74,75.57,Jammu & Kashmir,28,14,30,17,-2
Jammu,2026-04-06,32.74,75.57,Jammu & Kashmir,29,15,30,17,-1
Jammu,2026-04-07,32.74,75.57,Jammu & Kashmir,23,18,30,17,-7
Jammu,2026-04-08,32.74,75.57,Jammu & Kashmir,24,13,30,17,-6
Jammu,2026-04-09,32.74,75.57,Jammu & Kashmir,25,12,30,17,-5
Jammu,2026-04-10,32.74,75.57,Jammu & Kashmir,28,12,30,17,-2
Jammu,2026-04-11,32.74,75.57,Jammu & Kashmir,28,17,32,19,-4
Jammu,2026-04-12,32.74,75.57,Jammu & Kashmir,30,14,32,19,-2
Jammu,2026-04-13,32.74,75.57,Jammu & Kashmir,32,15,32,19,0
Jammu,2026-04-14,32.74,75.57,Jammu & Kashmir,33,16,32,19,1
Jammu,2026-04-16,32.74,75.57,Jammu & Kashmir,36,19,33,20,3
Jammu,2026-04-17,32.74,75.57,Jammu & Kashmir,28,25,33,20,-5
Jammu,2026-04-18,32.74,75.57,Jammu & Kashmir,33,20,33,20,0
Jammu,2026-04-19,32.74,75.57,Jammu & Kashmir,35,20,33,20,2
Jammu,2026-04-20,32.74,75.57,Jammu & Kashmir,34,19,33,20,1
Jammu,2026-04-21,32.74,75.57,Jammu & Kashmir,36,18,34,20,2
Jammu,2026-04-22,32.74,75.57,Jammu & Kashmir,38,20,34,20,4
Jammu,2026-04-23,32.74,75.57,Jammu & Kashmir,38,22,34,20,4
Jammu,2026-04-24,32.74,75.57,Jammu & Kashmir,39,22,34,20,5
Jammu,2026-04-25,32.74,75.57,Jammu & Kashmir,39,22,34,20,5
Jammu,2026-04-26,32.74,75.57,Jammu & Kashmir,39,23,35,22,4
Jammu,2026-04-27,32.74,75.57,Jammu & Kashmir,39,22,35,22,4
Jammu,2026-04-28,32.74,75.57,Jammu & Kashmir,32,25,35,22,-3
Jammu,2026-04-29,32.74,75.57,Jammu & Kashmir,28,20,35,22,-7
Jammu,2026-04-30,32.74,75.57,Jammu & Kashmir,35,22,35,22,0
Jammu,2026-05-20,32.74,75.57,Jammu & Kashmir,42,28,38,24,4
Jammu,2026-05-21,32.74,75.57,Jammu & Kashmir,41,28,38,25,3
Jammu,2026-05-22,32.74,75.57,Jammu & Kashmir,39,27,38,25,1
Jammu,2026-05-23,32.74,75.57,Jammu & Kashmir,39,26,38,25,1
Jammu,2026-05-24,32.74,75.57,Jammu & Kashmir,38,26,38,25,0
Jammu,2026-05-25,32.74,75.57,Jammu & Kashmir,40,24,38,25,2
Jammu,2026-05-26,32.74,75.57,Jammu & Kashmir,40,23,39,25,1
Jammu,2026-05-27,32.74,75.57,Jammu & Kashmir,43,23,39,25,4
Jammu,2026-05-28,32.74,75.57,Jammu & Kashmir,39,26,39,25,0
Jammu,2026-05-29,32.74,75.57,Jammu & Kashmir,38,24,39,25,-1
Jammu,2026-05-31,32.74,75.57,Jammu & Kashmir,33,21,39,25,-6
Jammu,2026-06-01,32.74,75.57,Jammu & Kashmir,35,24,39,25,-4
Jammu,2026-06-02,32.74,75.57,Jammu & Kashmir,37,27,39,25,-2
Jammu,2026-06-03,32.74,75.57,Jammu & Kashmir,37,23,39,25,-2
Jammu,2026-06-04,32.74,75.57,Jammu & Kashmir,37,25,39,25,-2
Jammu,2026-06-05,32.74,75.57,Jammu & Kashmir,37,21,39,26,-2
Jammu,2026-06-06,32.74,75.57,Jammu & Kashmir,39,23,39,26,0
Jammu,2026-06-07,32.74,75.57,Jammu & Kashmir,40,23,39,26,1
Jammu,2026-06-08,32.74,75.57,Jammu & Kashmir,40,24,39,26,1
Jammu,2026-06-09,32.74,75.57,Jammu & Kashmir,42,26,39,26,3
Jammu,2026-06-10,32.74,75.57,Jammu & Kashmir,42,26,38,26,4
Jammu,2026-06-11,32.74,75.57,Jammu & Kashmir,41,30,38,26,3
Jammu,2026-06-15,32.74,75.57,Jammu & Kashmir,38,26,38,26,0
Jammu,2026-06-16,32.74,75.57,Jammu & Kashmir,32,20,38,26,-6
Jammu,2026-06-18,32.74,75.57,Jammu & Kashmir,37,25,38,26,-1
Jammu,2026-06-19,32.74,75.57,Jammu & Kashmir,30,25,38,26,-8
Jammu,2026-06-21,32.74,75.57,Jammu & Kashmir,38,24,37,26,1
Jammu,2026-06-22,32.74,75.57,Jammu & Kashmir,35,23,37,26,-2
Jammu,2026-06-23,32.74,75.57,Jammu & Kashmir,38,23,37,26,1
Jammu,2026-06-24,32.74,75.57,Jammu & Kashmir,39,27,37,26,2
Jammu,2026-06-25,32.74,75.57,Jammu & Kashmir,34,22,37,26,-3
Jammu,2026-06-27,32.74,75.57,Jammu & Kashmir,38,26,37,26,1
Jammu,2026-06-28,32.74,75.57,Jammu & Kashmir,37,22,37,26,0
Jammu,2026-06-30,32.74,75.57,Jammu & Kashmir,36,28,36,26,0
Jammu,2026-07-01,32.74,75.57,Jammu & Kashmir,31,23,36,26,-5
Jammu,2026-07-02,32.74,75.57,Jammu & Kashmir,34,23,36,26,-2
Jammu,2026-07-03,32.74,75.57,Jammu & Kashmir,37,26,36,26,1
Jammu,2026-07-04,32.74,75.57,Jammu & Kashmir,37,25,36,26,1
Jammu,2026-07-05,32.74,75.57,Jammu & Kashmir,36,27,35,25,1
Jammu,2026-07-06,32.74,75.57,Jammu & Kashmir,34,22,35,25,-1
Jammu,2026-07-07,32.74,75.57,Jammu & Kashmir,37,26,35,25,2
Jammu,2026-07-08,32.74,75.57,Jammu & Kashmir,34,23,35,25,-1
Jammu,2026-07-09,32.74,75.57,Jammu & Kashmir,35,21,35,25,0
Jammu,2026-07-10,32.74,75.57,Jammu & Kashmir,34,25,34,25,0
Jammu,2026-07-11,32.74,75.57,Jammu & Kashmir,34,25,34,25,0
Jammu,2026-07-12,32.74,75.57,Jammu & Kashmir,31,23,34,25,-3
Jammu,2026-07-14,32.74,75.57,Jammu & Kashmir,35,25,34,25,1
Jammu,2026-07-15,32.74,75.57,Jammu & Kashmir,34,25,34,25,0
Jammu,2026-07-16,32.74,75.57,Jammu & Kashmir,36,25,34,25,2
Jammu,2026-07-19,32.74,75.57,Jammu & Kashmir,33,26,34,25,-1
Jammu,2026-07-20,32.74,75.57,Jammu & Kashmir,29,24,33,25,-4
Jammu,2026-07-21,32.74,75.57,Jammu & Kashmir,25,24,33,25,-8
Jammu,2026-07-22,32.74,75.57,Jammu & Kashmir,24,22,33,25,-9
Jammu,2026-07-23,32.74,75.57,Jammu & Kashmir,28,23,33,25,-5
Jammu,2026-07-24,32.74,75.57,Jammu & Kashmir,32,22,33,25,-1
Jammu,2026-07-25,32.74,75.57,Jammu & Kashmir,27,24,33,25,-6
Jammu,2026-07-26,32.74,75.57,Jammu & Kashmir,33,23,33,25,0
Jammu,2026-07-27,32.74,75.57,Jammu & Kashmir,35,25,33,25,2
Srinagar,2025-05-07,34.08,75.57,Jammu & Kashmir,28,16,24,11,4
Srinagar,2025-05-06,34.08,75.57,Jammu & Kashmir,27,12,24,11,3
Srinagar,2025-05-08,34.08,75.57,Jammu & Kashmir,25,17,24,11,1
Srinagar,2025-05-09,34.08,75.57,Jammu & Kashmir,21,14,24,11,-3
Srinagar,2025-05-10,34.08,75.57,Jammu & Kashmir,24,13,24,11,0
Srinagar,2025-05-11,34.08,75.57,Jammu & Kashmir,26,13,24,11,2
Srinagar,2025-05-12,34.08,75.57,Jammu & Kashmir,26,13,24,11,2
Srinagar,2025-05-13,34.08,75.57,Jammu & Kashmir,26,12,24,11,2
Srinagar,2025-05-14,34.08,75.57,Jammu & Kashmir,28,11,24,11,4
Srinagar,2025-05-15,34.08,75.57,Jammu & Kashmir,30,13,24,11,6
Srinagar,2025-05-16,34.08,75.57,Jammu & Kashmir,31,12,25,12,6
Srinagar,2025-05-17,34.08,75.57,Jammu & Kashmir,32,14,25,12,7
Srinagar,2025-05-18,34.08,75.57,Jammu & Kashmir,32,15,25,12,7
Srinagar,2025-05-19,34.08,75.57,Jammu & Kashmir,29,16,25,12,4
Srinagar,2025-05-20,34.08,75.57,Jammu & Kashmir,31,15,25,12,6
Srinagar,2025-05-21,34.08,75.57,Jammu & Kashmir,32,16,25,12,7
Srinagar,2025-05-22,34.08,75.57,Jammu & Kashmir,34,15,25,12,9
Srinagar,2025-05-23,34.08,75.57,Jammu & Kashmir,33,17,25,12,8
Srinagar,2025-05-24,34.08,75.57,Jammu & Kashmir,28,18,25,12,3
Srinagar,2025-05-25,34.08,75.57,Jammu & Kashmir,30,14,25,12,5
Srinagar,2025-05-26,34.08,75.57,Jammu & Kashmir,32,16,26,12,6
Srinagar,2025-05-27,34.08,75.57,Jammu & Kashmir,32,18,26,12,6
Srinagar,2025-05-28,34.08,75.57,Jammu & Kashmir,27,14,26,12,1
Srinagar,2025-05-29,34.08,75.57,Jammu & Kashmir,28,16,26,12,2
Srinagar,2025-05-30,34.08,75.57,Jammu & Kashmir,22,12,26,12,-4
Srinagar,2025-05-31,34.08,75.57,Jammu & Kashmir,15,12,27,13,-12
Srinagar,2025-06-01,34.08,75.57,Jammu & Kashmir,20,12,27,13,-7
Srinagar,2025-06-02,34.08,75.57,Jammu & Kashmir,24,10,27,13,-3
Srinagar,2025-06-03,34.08,75.57,Jammu & Kashmir,20,13,27,13,-7
Srinagar,2025-06-04,34.08,75.57,Jammu & Kashmir,24,13,27,13,-3
Srinagar,2025-06-05,34.08,75.57,Jammu & Kashmir,26,10,28,14,-2
Srinagar,2025-06-06,34.08,75.57,Jammu & Kashmir,30,14,28,14,2
Srinagar,2025-06-07,34.08,75.57,Jammu & Kashmir,31,17,28,14,3
Srinagar,2025-06-08,34.08,75.57,Jammu & Kashmir,32,17,28,14,4
Srinagar,2025-06-09,34.08,75.57,Jammu & Kashmir,33,16,28,14,5
Srinagar,2025-06-10,34.08,75.57,Jammu & Kashmir,34,17,28,15,6
Srinagar,2025-06-11,34.08,75.57,Jammu & Kashmir,34,18,28,15,6
Srinagar,2025-06-12,34.08,75.57,Jammu & Kashmir,34,18,28,15,6
Srinagar,2025-06-13,34.08,75.57,Jammu & Kashmir,32,19,28,15,4
Srinagar,2025-06-14,34.08,75.57,Jammu & Kashmir,30,19,28,15,2
Srinagar,2025-06-15,34.08,75.57,Jammu & Kashmir,32,17,28,15,4
Srinagar,2025-06-16,34.08,75.57,Jammu & Kashmir,25,19,28,15,-3
Srinagar,2025-06-17,34.08,75.57,Jammu & Kashmir,31,17,28,15,3
Srinagar,2025-06-18,34.08,75.57,Jammu & Kashmir,33,16,28,15,5
Srinagar,2025-06-19,34.08,75.57,Jammu & Kashmir,35,19,28,15,7
Srinagar,2025-06-20,34.08,75.57,Jammu & Kashmir,36,22,29,16,7
Srinagar,2025-06-21,34.08,75.57,Jammu & Kashmir,35,23,29,16,6
Srinagar,2025-06-22,34.08,75.57,Jammu & Kashmir,33,23,29,16,4
Srinagar,2025-06-23,34.08,75.57,Jammu & Kashmir,35,21,29,16,6
Srinagar,2025-06-24,34.08,75.57,Jammu & Kashmir,36,22,29,16,7
Srinagar,2025-06-25,34.08,75.57,Jammu & Kashmir,33,25,30,17,3
Srinagar,2025-06-26,34.08,75.57,Jammu & Kashmir,32,24,30,17,2
Srinagar,2025-06-27,34.08,75.57,Jammu & Kashmir,31,19,30,17,1
Srinagar,2025-06-28,34.08,75.57,Jammu & Kashmir,32,21,30,17,2
Srinagar,2025-06-29,34.08,75.57,Jammu & Kashmir,35,22,30,17,5
Srinagar,2025-06-30,34.08,75.57,Jammu & Kashmir,35,23,30,17,5
Srinagar,2025-07-01,34.08,75.57,Jammu & Kashmir,34,22,30,17,4
Srinagar,2025-07-02,34.08,75.57,Jammu & Kashmir,33,23,30,17,3
Srinagar,2025-07-03,34.08,75.57,Jammu & Kashmir,34,21,30,17,4
Srinagar,2025-07-04,34.08,75.57,Jammu & Kashmir,35,23,30,17,5
Srinagar,2025-07-05,34.08,75.57,Jammu & Kashmir,37,25,31,18,6
Srinagar,2025-07-06,34.08,75.57,Jammu & Kashmir,34,25,31,18,3
Srinagar,2025-07-07,34.08,75.57,Jammu & Kashmir,35,24,31,18,4
Srinagar,2025-07-08,34.08,75.57,Jammu & Kashmir,31,19,31,18,0
Srinagar,2025-07-09,34.08,75.57,Jammu & Kashmir,23,20,31,18,-8
Srinagar,2025-07-10,34.08,75.57,Jammu & Kashmir,28,19,30,18,-2
Srinagar,2025-07-11,34.08,75.57,Jammu & Kashmir,31,18,30,18,1
Srinagar,2025-07-12,34.08,75.57,Jammu & Kashmir,31,16,30,18,1
Srinagar,2025-07-13,34.08,75.57,Jammu & Kashmir,32,19,30,18,2
Srinagar,2025-07-14,34.08,75.57,Jammu & Kashmir,25,19,30,18,-5
Srinagar,2025-07-16,34.08,75.57,Jammu & Kashmir,21,19,30,19,-9
Srinagar,2025-07-17,34.08,75.57,Jammu & Kashmir,28,19,30,19,-2
Srinagar,2025-07-18,34.08,75.57,Jammu & Kashmir,30,20,30,19,0
Srinagar,2025-07-20,34.08,75.57,Jammu & Kashmir,35,22,30,19,5
Srinagar,2025-07-21,34.08,75.57,Jammu & Kashmir,35,24,30,19,5
Srinagar,2025-07-22,34.08,75.57,Jammu & Kashmir,30,23,30,19,0
Srinagar,2025-07-23,34.08,75.57,Jammu & Kashmir,31,25,34,25,-3
Srinagar,2025-07-24,34.08,75.57,Jammu & Kashmir,30,20,30,19,0
Srinagar,2025-07-25,34.08,75.57,Jammu & Kashmir,32,21,30,19,2
Srinagar,2025-07-26,34.08,75.57,Jammu & Kashmir,31,20,30,19,1
Srinagar,2025-07-28,34.08,75.57,Jammu & Kashmir,34,22,30,19,4
Srinagar,2025-07-30,34.08,75.57,Jammu & Kashmir,29,21,30,19,-1
Srinagar,2025-07-31,34.08,75.57,Jammu & Kashmir,31,21,30,19,1
Srinagar,2025-08-01,34.08,75.57,Jammu & Kashmir,33,21,30,19,3
Srinagar,2025-08-02,34.08,75.57,Jammu & Kashmir,30,21,30,19,0
Srinagar,2025-08-03,34.08,75.57,Jammu & Kashmir,31,19,30,19,1
Srinagar,2025-08-04,34.08,75.57,Jammu & Kashmir,33,20,30,19,3
Srinagar,2025-08-05,34.08,75.57,Jammu & Kashmir,34,21,30,19,4
Srinagar,2025-08-06,34.08,75.57,Jammu & Kashmir,30,20,30,19,0
Srinagar,2025-08-07,34.08,75.57,Jammu & Kashmir,29,17,30,19,-1
Srinagar,2025-08-08,34.08,75.57,Jammu & Kashmir,32,18,30,19,2
Srinagar,2025-08-09,34.08,75.57,Jammu & Kashmir,33,19,30,19,3
Srinagar,2025-08-10,34.08,75.57,Jammu & Kashmir,33,21,30,19,3
Srinagar,2025-08-11,34.08,75.57,Jammu & Kashmir,35,21,30,19,5
Srinagar,2025-08-12,34.08,75.57,Jammu & Kashmir,33,24,30,19,3
Srinagar,2025-08-13,34.08,75.57,Jammu & Kashmir,34,25,30,19,4
Srinagar,2025-08-14,34.08,75.57,Jammu & Kashmir,30,24,29,18,1
Srinagar,2025-08-15,34.08,75.57,Jammu & Kashmir,29,20,29,18,0
Srinagar,2025-08-16,34.08,75.57,Jammu & Kashmir,33,21,29,18,4
Srinagar,2025-08-17,34.08,75.57,Jammu & Kashmir,29,21,29,18,0
Srinagar,2025-08-18,34.08,75.57,Jammu & Kashmir,23,19,29,18,-6
Srinagar,2025-08-19,34.08,75.57,Jammu & Kashmir,24,16,30,17,-6
Srinagar,2025-08-20,34.08,75.57,Jammu & Kashmir,31,16,30,17,1
Srinagar,2025-08-21,34.08,75.57,Jammu & Kashmir,32,18,30,17,2
Srinagar,2025-08-22,34.08,75.57,Jammu & Kashmir,33,19,30,17,3
Srinagar,2025-08-23,34.08,75.57,Jammu & Kashmir,33,21,30,17,3
Srinagar,2025-08-24,34.08,75.57,Jammu & Kashmir,25,17,29,17,-4
Srinagar,2025-08-25,34.08,75.57,Jammu & Kashmir,27,17,29,17,-2
Srinagar,2025-08-26,34.08,75.57,Jammu & Kashmir,20,16,26,17,-6
Srinagar,2025-08-27,34.08,75.57,Jammu & Kashmir,23,15,29,17,-6
Srinagar,2025-08-28,34.08,75.57,Jammu & Kashmir,27,16,29,17,-2
Srinagar,2025-08-29,34.08,75.57,Jammu & Kashmir,31,17,29,16,2
Srinagar,2025-08-30,34.08,75.57,Jammu & Kashmir,30,18,29,16,1
Srinagar,2025-08-31,34.08,75.57,Jammu & Kashmir,29,20,29,16,0
Srinagar,2025-09-01,34.08,75.57,Jammu & Kashmir,29,18,29,16,0
Srinagar,2025-09-02,34.08,75.57,Jammu & Kashmir,25,16,29,16,-4
Srinagar,2025-09-03,34.08,75.57,Jammu & Kashmir,21,14,28,15,-7
Srinagar,2025-09-04,34.08,75.57,Jammu & Kashmir,26,11,28,15,-2
Srinagar,2025-09-05,34.08,75.57,Jammu & Kashmir,29,16,28,15,1
Srinagar,2025-09-06,34.08,75.57,Jammu & Kashmir,31,16,28,15,3
Srinagar,2025-09-07,34.08,75.57,Jammu & Kashmir,21,17,28,15,-7
Srinagar,2025-09-08,34.08,75.57,Jammu & Kashmir,22,17,28,14,-6
Srinagar,2025-09-09,34.08,75.57,Jammu & Kashmir,25,17,28,14,-3
Srinagar,2025-09-10,34.08,75.57,Jammu & Kashmir,29,16,28,14,1
Srinagar,2025-09-11,34.08,75.57,Jammu & Kashmir,31,16,28,14,3
Srinagar,2025-09-12,34.08,75.57,Jammu & Kashmir,32,19,28,14,4
Srinagar,2025-09-13,34.08,75.57,Jammu & Kashmir,32,19,28,14,4
Srinagar,2025-09-14,34.08,75.57,Jammu & Kashmir,33,19,28,14,5
Srinagar,2025-09-15,34.08,75.57,Jammu & Kashmir,32,19,28,14,4
Srinagar,2025-09-16,34.08,75.57,Jammu & Kashmir,30,18,28,14,2
Srinagar,2025-09-17,34.08,75.57,Jammu & Kashmir,31,16,28,14,3
Srinagar,2025-09-18,34.08,75.57,Jammu & Kashmir,27,15,27,12,0
Srinagar,2025-09-19,34.08,75.57,Jammu & Kashmir,29,14,27,12,2
Srinagar,2025-09-20,34.08,75.57,Jammu & Kashmir,30,14,27,12,3
Srinagar,2025-09-21,34.08,75.57,Jammu & Kashmir,31,13,27,12,4
Srinagar,2025-09-22,34.08,75.57,Jammu & Kashmir,31,14,27,12,4
Srinagar,2025-09-23,34.08,75.57,Jammu & Kashmir,31,14,27,11,4
Srinagar,2025-09-24,34.08,75.57,Jammu & Kashmir,31,15,27,11,4
Srinagar,2025-09-25,34.08,75.57,Jammu & Kashmir,29,15,27,11,2
Srinagar,2025-09-26,34.08,75.57,Jammu & Kashmir,29,11,27,11,2
Srinagar,2025-09-27,34.08,75.57,Jammu & Kashmir,30,12,27,11,3
Srinagar,2025-09-28,34.08,75.57,Jammu & Kashmir,31,13,27,10,4
Srinagar,2025-09-29,34.08,75.57,Jammu & Kashmir,31,13,27,10,4
Srinagar,2025-09-30,34.08,75.57,Jammu & Kashmir,29,11,27,10,2
Srinagar,2025-10-01,34.08,75.57,Jammu & Kashmir,28,12,27,10,1
Srinagar,2025-10-02,34.08,75.57,Jammu & Kashmir,29,12,27,10,2
Srinagar,2025-10-03,34.08,75.57,Jammu & Kashmir,24,13,26,9,-2
Srinagar,2025-10-04,34.08,75.57,Jammu & Kashmir,23,10,26,9,-3
Srinagar,2025-10-05,34.08,75.57,Jammu & Kashmir,23,11,26,9,-3
Srinagar,2025-10-06,34.08,75.57,Jammu & Kashmir,13,11,26,9,-13
Srinagar,2025-10-07,34.08,75.57,Jammu & Kashmir,16,7,26,9,-10
Srinagar,2025-10-08,34.08,75.57,Jammu & Kashmir,19,8,24,8,-5
Srinagar,2025-10-09,34.08,75.57,Jammu & Kashmir,22,5,24,8,-2
Srinagar,2025-10-10,34.08,75.57,Jammu & Kashmir,24,7,24,8,0
Srinagar,2025-10-11,34.08,75.57,Jammu & Kashmir,25,7,24,8,1
Srinagar,2025-10-12,34.08,75.57,Jammu & Kashmir,25,6,24,8,1
Srinagar,2025-10-13,34.08,75.57,Jammu & Kashmir,26,8,23,6,3
Srinagar,2025-10-14,34.08,75.57,Jammu & Kashmir,26,8,23,6,3
Srinagar,2025-10-15,34.08,75.57,Jammu & Kashmir,26,8,23,6,3
Srinagar,2025-10-16,34.08,75.57,Jammu & Kashmir,26,9,23,6,3
Srinagar,2025-10-17,34.08,75.57,Jammu & Kashmir,27,8,23,6,4
Srinagar,2025-10-18,34.08,75.57,Jammu & Kashmir,26,8,22,5,4
Srinagar,2025-10-19,34.08,75.57,Jammu & Kashmir,25,8,22,5,3
Srinagar,2025-10-21,34.08,75.57,Jammu & Kashmir,24,8,22,5,2
Srinagar,2025-10-22,34.08,75.57,Jammu & Kashmir,23,7,22,5,1
Srinagar,2025-10-23,34.08,75.57,Jammu & Kashmir,24,6,21,4,3
Srinagar,2025-10-24,34.08,75.57,Jammu & Kashmir,23,5,21,4,2
Srinagar,2025-10-25,34.08,75.57,Jammu & Kashmir,23,4,21,4,2
Srinagar,2025-10-26,34.08,75.57,Jammu & Kashmir,23,4,21,4,2
Srinagar,2025-10-27,34.08,75.57,Jammu & Kashmir,23,5,21,4,2
Srinagar,2025-10-28,34.08,75.57,Jammu & Kashmir,23,4,21,3,2
Srinagar,2025-10-29,34.08,75.57,Jammu & Kashmir,23,4,21,3,2
Srinagar,2025-10-30,34.08,75.57,Jammu & Kashmir,23,4,21,3,2
Srinagar,2025-10-31,34.08,75.57,Jammu & Kashmir,24,3,21,3,3
Srinagar,2025-11-01,34.08,75.57,Jammu & Kashmir,23,4,21,3,2
Srinagar,2025-11-02,34.08,75.57,Jammu & Kashmir,23,3,19,3,4
Srinagar,2025-11-03,34.08,75.57,Jammu & Kashmir,23,3,19,3,4
Srinagar,2025-11-04,34.08,75.57,Jammu & Kashmir,22,2,19,3,3
Srinagar,2025-11-05,34.08,75.57,Jammu & Kashmir,14,6,19,3,-5
Srinagar,2025-11-06,34.08,75.57,Jammu & Kashmir,17,5,19,3,-2
Srinagar,2026-01-06,34.08,75.57,Jammu & Kashmir,10,-4,6,-1,4
Srinagar,2026-01-07,34.08,75.57,Jammu & Kashmir,10,-1,6,-1,4
Srinagar,2026-01-08,34.08,75.57,Jammu & Kashmir,11,-5,6,-1,5
Srinagar,2026-01-09,34.08,75.57,Jammu & Kashmir,10,-6,6,-1,4
Srinagar,2026-01-10,34.08,75.57,Jammu & Kashmir,10,5,6,-1,4
Srinagar,2026-01-11,34.08,75.57,Jammu & Kashmir,11,-5,6,-2,5
Srinagar,2026-01-12,34.08,75.57,Jammu & Kashmir,12,-2,6,-2,6
Srinagar,2026-01-13,34.08,75.57,Jammu & Kashmir,13,-4,6,-2,7
Srinagar,2026-01-14,34.08,75.57,Jammu & Kashmir,13,-5,6,-2,7
Srinagar,2026-01-15,34.08,75.57,Jammu & Kashmir,13,-3,6,-2,7
Srinagar,2026-01-16,34.08,75.57,Jammu & Kashmir,9,-1,6,-2,3
Srinagar,2026-01-17,34.08,75.57,Jammu & Kashmir,11,-3,6,-2,5
Srinagar,2026-01-18,34.08,75.57,Jammu & Kashmir,13,-4,6,-2,7
Srinagar,2026-01-19,34.08,75.57,Jammu & Kashmir,13,-1,6,-2,7
Srinagar,2026-01-20,34.08,75.57,Jammu & Kashmir,12,-3,6,-2,6
Srinagar,2026-01-21,34.08,75.57,Jammu & Kashmir,13,-2,7,-2,6
Srinagar,2026-01-22,34.08,75.57,Jammu & Kashmir,7,-3,7,-2,0
Srinagar,2026-01-23,34.08,75.57,Jammu & Kashmir,5,1,7,-2,-2
Srinagar,2026-01-24,34.08,75.57,Jammu & Kashmir,6,-1,7,-2,-1
Srinagar,2026-01-25,34.08,75.57,Jammu & Kashmir,5,-1,7,-2,-2
Srinagar,2026-01-26,34.08,75.57,Jammu & Kashmir,4,0,7,0,-3
Srinagar,2026-01-27,34.08,75.57,Jammu & Kashmir,2,0,7,0,-5
Srinagar,2026-01-28,34.08,75.57,Jammu & Kashmir,7,0,7,0,0
Srinagar,2026-01-29,34.08,75.57,Jammu & Kashmir,8,0,7,0,1
Srinagar,2026-01-30,34.08,75.57,Jammu & Kashmir,10,1,7,0,3
Srinagar,2026-01-31,34.08,75.57,Jammu & Kashmir,10,0,9,0,1
Srinagar,2026-02-01,34.08,75.57,Jammu & Kashmir,8,2,9,0,-1
Srinagar,2026-02-02,34.08,75.57,Jammu & Kashmir,9,2,9,0,0
Srinagar,2026-02-03,34.08,75.57,Jammu & Kashmir,10,2,9,0,1
Srinagar,2026-02-04,34.08,75.57,Jammu & Kashmir,11,3,9,0,2
Srinagar,2026-02-05,34.08,75.57,Jammu & Kashmir,11,0,9,0,2
Srinagar,2026-02-06,34.08,75.57,Jammu & Kashmir,12,-2,9,0,3
Srinagar,2026-02-07,34.08,75.57,Jammu & Kashmir,11,3,9,0,2
Srinagar,2026-02-08,34.08,75.57,Jammu & Kashmir,12,-1,9,0,3
Srinagar,2026-02-09,34.08,75.57,Jammu & Kashmir,10,1,9,0,1
Srinagar,2026-02-10,34.08,75.57,Jammu & Kashmir,6,3,10,0,-4
Srinagar,2026-02-11,34.08,75.57,Jammu & Kashmir,9,2,10,0,-1
Srinagar,2026-02-12,34.08,75.57,Jammu & Kashmir,13,3,10,0,3
Srinagar,2026-02-13,34.08,75.57,Jammu & Kashmir,15,1,10,0,5
Srinagar,2026-02-14,34.08,75.57,Jammu & Kashmir,16,0,10,0,6
Srinagar,2026-02-15,34.08,75.57,Jammu & Kashmir,18,0,10,1,8
Srinagar,2026-02-16,34.08,75.57,Jammu & Kashmir,16,0,10,1,6
Srinagar,2026-02-17,34.08,75.57,Jammu & Kashmir,18,0,10,1,8
Srinagar,2026-02-18,34.08,75.57,Jammu & Kashmir,18,1,10,1,8
Srinagar,2026-02-19,34.08,75.57,Jammu & Kashmir,20,0,10,1,10
Srinagar,2026-02-20,34.08,75.57,Jammu & Kashmir,20,0,11,1,9
Srinagar,2026-02-21,34.08,75.57,Jammu & Kashmir,21,1,11,1,10
Srinagar,2026-02-25,34.08,75.57,Jammu & Kashmir,20,1,12,1,8
Srinagar,2026-02-26,34.08,75.57,Jammu & Kashmir,20,2,12,1,8
Srinagar,2026-02-27,34.08,75.57,Jammu & Kashmir,21,1,12,1,9
Srinagar,2026-02-28,34.08,75.57,Jammu & Kashmir,20,3,12,1,8
Srinagar,2026-03-01,34.08,75.57,Jammu & Kashmir,21,1,12,1,9
Srinagar,2026-03-02,34.08,75.57,Jammu & Kashmir,21,2,13,2,8
Srinagar,2026-03-03,34.08,75.57,Jammu & Kashmir,22,2,13,2,9
Srinagar,2026-03-04,34.08,75.57,Jammu & Kashmir,20,4,13,2,7
Srinagar,2026-03-05,34.08,75.57,Jammu & Kashmir,24,5,13,2,11
Srinagar,2026-03-06,34.08,75.57,Jammu & Kashmir,24,6,13,2,11
Srinagar,2026-03-07,34.08,75.57,Jammu & Kashmir,21,10,14,3,7
Srinagar,2026-03-08,34.08,75.57,Jammu & Kashmir,24,4,14,3,10
Srinagar,2026-03-09,34.08,75.57,Jammu & Kashmir,22,6,14,3,8
Srinagar,2026-03-10,34.08,75.57,Jammu & Kashmir,17,10,14,3,3
Srinagar,2026-03-11,34.08,75.57,Jammu & Kashmir,12,10,14,3,-2
Srinagar,2026-03-12,34.08,75.57,Jammu & Kashmir,18,7,15,3,3
Srinagar,2026-03-13,34.08,75.57,Jammu & Kashmir,19,4,15,3,4
Srinagar,2026-03-14,34.08,75.57,Jammu & Kashmir,19,4,15,3,4
Srinagar,2026-03-15,34.08,75.57,Jammu & Kashmir,11,9,15,3,-4
Srinagar,2026-03-16,34.08,75.57,Jammu & Kashmir,14,5,15,3,-1
Srinagar,2026-03-17,34.08,75.57,Jammu & Kashmir,14,4,16,5,-2
Srinagar,2026-03-18,34.08,75.57,Jammu & Kashmir,8,6,16,5,-8
Srinagar,2026-03-19,34.08,75.57,Jammu & Kashmir,9,5,16,5,-7
Srinagar,2026-03-20,34.08,75.57,Jammu & Kashmir,14,6,16,5,-2
Srinagar,2026-03-21,34.08,75.57,Jammu & Kashmir,17,6,16,5,1
Srinagar,2026-03-22,34.08,75.57,Jammu & Kashmir,20,3,16,5,4
Srinagar,2026-03-23,34.08,75.57,Jammu & Kashmir,19,5,16,5,3
Srinagar,2026-03-24,34.08,75.57,Jammu & Kashmir,20,6,16,5,4
Srinagar,2026-03-25,34.08,75.57,Jammu & Kashmir,21,4,16,5,5
Srinagar,2026-03-26,34.08,75.57,Jammu & Kashmir,21,12,16,5,5
Srinagar,2026-03-27,34.08,75.57,Jammu & Kashmir,24,8,18,6,6
Srinagar,2026-03-28,34.08,75.57,Jammu & Kashmir,22,8,18,6,4
Srinagar,2026-03-29,34.08,75.57,Jammu & Kashmir,19,10,18,6,1
Srinagar,2026-03-30,34.08,75.57,Jammu & Kashmir,14,10,18,6,-4
Srinagar,2026-03-31,34.08,75.57,Jammu & Kashmir,17,6,18,6,-1
Srinagar,2026-04-01,34.08,75.57,Jammu & Kashmir,20,7,18,6,2
Srinagar,2026-04-02,34.08,75.57,Jammu & Kashmir,20,8,18,6,2
Srinagar,2026-04-03,34.08,75.57,Jammu & Kashmir,17,11,18,6,-1
Srinagar,2026-04-04,34.08,75.57,Jammu & Kashmir,16,8,18,6,-2
Srinagar,2026-04-05,34.08,75.57,Jammu & Kashmir,17,7,18,6,-1
Srinagar,2026-04-06,34.08,75.57,Jammu & Kashmir,19,6,18,6,1
Srinagar,2026-04-07,34.08,75.57,Jammu & Kashmir,17,7,18,6,-1
Srinagar,2026-04-08,34.08,75.57,Jammu & Kashmir,11,8,18,6,-7
Srinagar,2026-04-09,34.08,75.57,Jammu & Kashmir,17,7,18,6,-1
Srinagar,2026-04-10,34.08,75.57,Jammu & Kashmir,20,4,18,6,2
Srinagar,2026-04-11,34.08,75.57,Jammu & Kashmir,19,9,20,7,-1
Srinagar,2026-04-12,34.08,75.57,Jammu & Kashmir,20,5,20,7,0
Srinagar,2026-04-13,34.08,75.57,Jammu & Kashmir,23,5,20,7,3
Srinagar,2026-04-14,34.08,75.57,Jammu & Kashmir,24,6,20,7,4
Srinagar,2026-04-16,34.08,75.57,Jammu & Kashmir,26,8,20,8,6
Srinagar,2026-04-17,34.08,75.57,Jammu & Kashmir,15,11,20,8,-5
Srinagar,2026-04-18,34.08,75.57,Jammu & Kashmir,15,10,20,8,-5
Srinagar,2026-04-19,34.08,75.57,Jammu & Kashmir,21,10,20,8,1
Srinagar,2026-04-20,34.08,75.57,Jammu & Kashmir,23,9,20,8,3
Srinagar,2026-04-21,34.08,75.57,Jammu & Kashmir,25,8,22,8,3
Srinagar,2026-04-22,34.08,75.57,Jammu & Kashmir,27,10,22,8,5
Srinagar,2026-04-23,34.08,75.57,Jammu & Kashmir,27,12,22,8,5
Srinagar,2026-04-24,34.08,75.57,Jammu & Kashmir,28,13,22,8,6
Srinagar,2026-04-25,34.08,75.57,Jammu & Kashmir,21,13,22,8,-1
Srinagar,2026-04-26,34.08,75.57,Jammu & Kashmir,26,10,23,9,3
Srinagar,2026-04-27,34.08,75.57,Jammu & Kashmir,21,11,23,9,-2
Srinagar,2026-04-28,34.08,75.57,Jammu & Kashmir,21,12,23,9,-2
Srinagar,2026-04-29,34.08,75.57,Jammu & Kashmir,16,11,23,9,-7
Srinagar,2026-04-30,34.08,75.57,Jammu & Kashmir,20,9,23,9,-3
Srinagar,2026-05-20,34.08,75.57,Jammu & Kashmir,30,17,25,11,5
Srinagar,2026-05-21,34.08,75.57,Jammu & Kashmir,23,13,25,12,-2
Srinagar,2026-05-22,34.08,75.57,Jammu & Kashmir,25,13,25,12,0
Srinagar,2026-05-23,34.08,75.57,Jammu & Kashmir,23,12,25,12,-2
Srinagar,2026-05-24,34.08,75.57,Jammu & Kashmir,27,13,25,12,2
Srinagar,2026-05-25,34.08,75.57,Jammu & Kashmir,23,13,25,12,-2
Srinagar,2026-05-26,34.08,75.57,Jammu & Kashmir,26,9,26,12,0
Srinagar,2026-05-27,34.08,75.57,Jammu & Kashmir,29,11,26,12,3
Srinagar,2026-05-28,34.08,75.57,Jammu & Kashmir,29,14,26,12,3
Srinagar,2026-05-29,34.08,75.57,Jammu & Kashmir,29,12,26,12,3
Srinagar,2026-05-31,34.08,75.57,Jammu & Kashmir,29,14,26,12,3
Srinagar,2026-06-01,34.08,75.57,Jammu & Kashmir,31,16,26,12,5
Srinagar,2026-06-02,34.08,75.57,Jammu & Kashmir,30,19,26,12,4
Srinagar,2026-06-03,34.08,75.57,Jammu & Kashmir,29,14,26,12,3
Srinagar,2026-06-04,34.08,75.57,Jammu & Kashmir,23,15,26,12,-3
Srinagar,2026-06-05,34.08,75.57,Jammu & Kashmir,27,14,28,13,-1
Srinagar,2026-06-06,34.08,75.57,Jammu & Kashmir,27,12,28,13,-1
Srinagar,2026-06-07,34.08,75.57,Jammu & Kashmir,28,14,28,13,0
Srinagar,2026-06-08,34.08,75.57,Jammu & Kashmir,30,12,28,13,2
Srinagar,2026-06-09,34.08,75.57,Jammu & Kashmir,32,15,28,13,4
Srinagar,2026-06-10,34.08,75.57,Jammu & Kashmir,32,14,28,14,4
Srinagar,2026-06-11,34.08,75.57,Jammu & Kashmir,31,18,28,14,3
Srinagar,2026-06-15,34.08,75.57,Jammu & Kashmir,28,13,28,15,0
Srinagar,2026-06-16,34.08,75.57,Jammu & Kashmir,29,16,28,15,1
Srinagar,2026-06-18,34.08,75.57,Jammu & Kashmir,27,15,28,15,-1
Srinagar,2026-06-19,34.08,75.57,Jammu & Kashmir,24,15,28,15,-4
Srinagar,2026-06-21,34.08,75.57,Jammu & Kashmir,27,13,29,15,-2
Srinagar,2026-06-22,34.08,75.57,Jammu & Kashmir,26,15,29,15,-3
Srinagar,2026-06-23,34.08,75.57,Jammu & Kashmir,29,14,29,15,0
Srinagar,2026-06-24,34.08,75.57,Jammu & Kashmir,32,16,29,15,3
Srinagar,2026-06-25,34.08,75.57,Jammu & Kashmir,30,18,30,17,0
Srinagar,2026-06-27,34.08,75.57,Jammu & Kashmir,33,18,30,17,3
Srinagar,2026-06-28,34.08,75.57,Jammu & Kashmir,33,19,30,17,3
Srinagar,2026-06-30,34.08,75.57,Jammu & Kashmir,35,22,29,17,6
Srinagar,2026-07-01,34.08,75.57,Jammu & Kashmir,31,23,29,17,2
Srinagar,2026-07-02,34.08,75.57,Jammu & Kashmir,29,18,29,17,0
Srinagar,2026-07-03,34.08,75.57,Jammu & Kashmir,31,19,29,17,2
Srinagar,2026-07-04,34.08,75.57,Jammu & Kashmir,34,20,29,17,5
Srinagar,2026-07-05,34.08,75.57,Jammu & Kashmir,34,19,30,18,4
Srinagar,2026-07-06,34.08,75.57,Jammu & Kashmir,31,20,30,18,1
Srinagar,2026-07-07,34.08,75.57,Jammu & Kashmir,30,20,30,18,0
Srinagar,2026-07-08,34.08,75.57,Jammu & Kashmir,33,19,30,18,3
Srinagar,2026-07-09,34.08,75.57,Jammu & Kashmir,32,18,30,18,2
Srinagar,2026-07-10,34.08,75.57,Jammu & Kashmir,34,19,29,18,5
Srinagar,2026-07-11,34.08,75.57,Jammu & Kashmir,30,21,29,18,1
Srinagar,2026-07-12,34.08,75.57,Jammu & Kashmir,22,19,29,18,-7
Srinagar,2026-07-13,34.08,75.57,Jammu & Kashmir,28,15,29,18,-1
Srinagar,2026-07-14,34.08,75.57,Jammu & Kashmir,29,16,29,18,0
Srinagar,2026-07-15,34.08,75.57,Jammu & Kashmir,32,19,30,18,2
Srinagar,2026-07-16,34.08,75.57,Jammu & Kashmir,34,18,30,18,4
Srinagar,2026-07-19,34.08,75.57,Jammu & Kashmir,29,20,30,18,-1
Srinagar,2026-07-20,34.08,75.57,Jammu & Kashmir,27,19,29,18,-2
Srinagar,2026-07-21,34.08,75.57,Jammu & Kashmir,24,20,29,18,-5
Srinagar,2026-07-22,34.08,75.57,Jammu & Kashmir,20,17,29,18,-9
Srinagar,2026-07-23,34.08,75.57,Jammu & Kashmir,21,17,29,18,-8
Srinagar,2026-07-24,34.08,75.57,Jammu & Kashmir,24,18,29,18,-5
Srinagar,2026-07-25,34.08,75.57,Jammu & Kashmir,21,18,29,18,-8
Srinagar,2026-07-26,34.08,75.57,Jammu & Kashmir,27,17,29,18,-2
Srinagar,2026-07-27,34.08,75.57,Jammu & Kashmir,30,18,29,18,1
Ranchi,2025-05-07,23.36,85.33,Jharkhand,36,21,37,23,-1
Ranchi,2025-05-06,23.36,85.33,Jharkhand,33,21,37,23,-4
Ranchi,2025-05-08,23.36,85.33,Jharkhand,36,22,37,23,-1
Ranchi,2025-05-09,23.36,85.33,Jharkhand,36,24,37,23,-1
Ranchi,2025-05-10,23.36,85.33,Jharkhand,37,23,37,23,0
Ranchi,2025-05-11,23.36,85.33,Jharkhand,37,23,37,23,0
Ranchi,2025-05-12,23.36,85.33,Jharkhand,36,25,37,23,-1
Ranchi,2025-05-13,23.36,85.33,Jharkhand,38,25,37,23,1
Ranchi,2025-05-14,23.36,85.33,Jharkhand,38,25,37,23,1
Ranchi,2025-05-15,23.36,85.33,Jharkhand,38,26,37,23,1
Ranchi,2025-05-16,23.36,85.33,Jharkhand,39,24,37,23,2
Ranchi,2025-05-17,23.36,85.33,Jharkhand,38,26,37,23,1
Ranchi,2025-05-18,23.36,85.33,Jharkhand,36,22,37,23,-1
Ranchi,2025-05-19,23.36,85.33,Jharkhand,33,23,37,22,-4
Ranchi,2025-05-20,23.36,85.33,Jharkhand,34,24,37,23,-3
Ranchi,2025-05-21,23.36,85.33,Jharkhand,35,22,37,24,-2
Ranchi,2025-05-22,23.36,85.33,Jharkhand,31,21,37,24,-6
Ranchi,2025-05-23,23.36,85.33,Jharkhand,31,22,37,24,-6
Ranchi,2025-05-24,23.36,85.33,Jharkhand,31,23,37,24,-6
Ranchi,2025-05-25,23.36,85.33,Jharkhand,30,23,37,24,-7
Ranchi,2025-05-26,23.36,85.33,Jharkhand,32,23,37,24,-5
Ranchi,2025-05-27,23.36,85.33,Jharkhand,31,24,37,24,-6
Ranchi,2025-05-28,23.36,85.33,Jharkhand,32,24,37,24,-5
Ranchi,2025-05-29,23.36,85.33,Jharkhand,31,24,37,24,-6
Ranchi,2025-05-30,23.36,85.33,Jharkhand,34,24,37,24,-3
Ranchi,2025-05-31,23.36,85.33,Jharkhand,34,23,37,24,-3
Ranchi,2025-06-01,23.36,85.33,Jharkhand,34,24,37,24,-3
Ranchi,2025-06-02,23.36,85.33,Jharkhand,35,26,37,24,-2
Ranchi,2025-06-03,23.36,85.33,Jharkhand,34,25,37,24,-3
Ranchi,2025-06-04,23.36,85.33,Jharkhand,33,22,37,24,-4
Ranchi,2025-06-05,23.36,85.33,Jharkhand,32,22,36,24,-4
Ranchi,2025-06-06,23.36,85.33,Jharkhand,34,24,36,24,-2
Ranchi,2025-06-07,23.36,85.33,Jharkhand,34,22,36,24,-2
Ranchi,2025-06-08,23.36,85.33,Jharkhand,35,23,36,24,-1
Ranchi,2025-06-09,23.36,85.33,Jharkhand,34,25,36,24,-2
Ranchi,2025-06-10,23.36,85.33,Jharkhand,34,24,35,24,-1
Ranchi,2025-06-11,23.36,85.33,Jharkhand,34,25,35,24,-1
Ranchi,2025-06-12,23.36,85.33,Jharkhand,34,24,35,24,-1
Ranchi,2025-06-13,23.36,85.33,Jharkhand,35,24,35,24,0
Ranchi,2025-06-14,23.36,85.33,Jharkhand,37,24,35,24,2
Ranchi,2025-06-16,23.36,85.33,Jharkhand,35,24,34,24,1
Ranchi,2025-06-17,23.36,85.33,Jharkhand,28,24,34,24,-6
Ranchi,2025-06-18,23.36,85.33,Jharkhand,25,23,34,24,-9
Ranchi,2025-06-19,23.36,85.33,Jharkhand,24,22,34,24,-10
Ranchi,2025-06-20,23.36,85.33,Jharkhand,26,22,32,23,-6
Ranchi,2025-06-21,23.36,85.33,Jharkhand,30,23,32,23,-2
Ranchi,2025-06-22,23.36,85.33,Jharkhand,32,24,32,23,0
Ranchi,2025-06-23,23.36,85.33,Jharkhand,31,22,32,23,-1
Ranchi,2025-06-24,23.36,85.33,Jharkhand,30,23,32,23,-2
Ranchi,2025-06-25,23.36,85.33,Jharkhand,27,23,31,23,-4
Ranchi,2025-06-26,23.36,85.33,Jharkhand,29,23,31,23,-2
Ranchi,2025-06-27,23.36,85.33,Jharkhand,28,22,31,23,-3
Ranchi,2025-06-28,23.36,85.33,Jharkhand,30,24,31,23,-1
Ranchi,2025-06-29,23.36,85.33,Jharkhand,27,23,31,23,-4
Ranchi,2025-06-30,23.36,85.33,Jharkhand,28,23,31,23,-3
Ranchi,2025-07-01,23.36,85.33,Jharkhand,27,23,31,23,-4
Ranchi,2025-07-02,23.36,85.33,Jharkhand,29,23,31,23,-2
Ranchi,2025-07-03,23.36,85.33,Jharkhand,29,23,31,23,-2
Ranchi,2025-07-04,23.36,85.33,Jharkhand,28,23,31,23,-3
Ranchi,2025-07-05,23.36,85.33,Jharkhand,28,23,30,23,-2
Ranchi,2025-07-06,23.36,85.33,Jharkhand,28,23,30,23,-2
Ranchi,2025-07-07,23.36,85.33,Jharkhand,26,23,30,23,-4
Ranchi,2025-07-08,23.36,85.33,Jharkhand,28,23,30,23,-2
Ranchi,2025-07-09,23.36,85.33,Jharkhand,26,23,30,23,-4
Ranchi,2025-07-10,23.36,85.33,Jharkhand,26,22,30,23,-4
Ranchi,2025-07-11,23.36,85.33,Jharkhand,28,23,30,23,-2
Ranchi,2025-07-12,23.36,85.33,Jharkhand,30,23,30,23,0
Ranchi,2025-07-13,23.36,85.33,Jharkhand,31,24,30,23,1
Ranchi,2025-07-14,23.36,85.33,Jharkhand,27,23,30,23,-3
Ranchi,2025-07-16,23.36,85.33,Jharkhand,29,23,30,23,-1
Ranchi,2025-07-17,23.36,85.33,Jharkhand,30,24,30,23,0
Ranchi,2025-07-18,23.36,85.33,Jharkhand,32,24,30,23,2
Ranchi,2025-07-19,23.36,85.33,Jharkhand,31,23,30,23,1
Ranchi,2025-07-20,23.36,85.33,Jharkhand,30,24,30,23,0
Ranchi,2025-07-21,23.36,85.33,Jharkhand,31,24,30,23,1
Ranchi,2025-07-22,23.36,85.33,Jharkhand,31,24,30,23,1
Ranchi,2025-07-24,23.36,85.33,Jharkhand,32,24,30,23,2
Ranchi,2025-07-25,23.36,85.33,Jharkhand,29,23,30,23,-1
Ranchi,2025-07-26,23.36,85.33,Jharkhand,26,24,30,23,-4
Ranchi,2025-07-28,23.36,85.33,Jharkhand,28,23,30,23,-2
Ranchi,2025-07-29,23.36,85.33,Jharkhand,27,23,30,23,-3
Ranchi,2025-07-30,23.36,85.33,Jharkhand,29,23,30,23,-1
Ranchi,2025-07-31,23.36,85.33,Jharkhand,29,24,30,23,-1
Ranchi,2025-08-01,23.36,85.33,Jharkhand,29,23,30,23,-1
Ranchi,2025-08-02,23.36,85.33,Jharkhand,30,24,30,23,0
Ranchi,2025-08-03,23.36,85.33,Jharkhand,28,24,30,23,-2
Ranchi,2025-08-04,23.36,85.33,Jharkhand,30,23,29,23,1
Ranchi,2025-08-05,23.36,85.33,Jharkhand,32,23,29,23,3
Ranchi,2025-08-06,23.36,85.33,Jharkhand,31,23,29,23,2
Ranchi,2025-08-07,23.36,85.33,Jharkhand,30,22,29,23,1
Ranchi,2025-08-08,23.36,85.33,Jharkhand,26,22,29,23,-3
Ranchi,2025-08-09,23.36,85.33,Jharkhand,30,22,30,23,0
Ranchi,2025-08-10,23.36,85.33,Jharkhand,32,23,30,23,2
Ranchi,2025-08-11,23.36,85.33,Jharkhand,30,23,30,23,0
Ranchi,2025-08-12,23.36,85.33,Jharkhand,31,23,30,23,1
Ranchi,2025-08-13,23.36,85.33,Jharkhand,29,24,30,23,-1
Ranchi,2025-08-14,23.36,85.33,Jharkhand,30,23,29,23,1
Ranchi,2025-08-15,23.36,85.33,Jharkhand,27,23,29,23,-2
Ranchi,2025-08-16,23.36,85.33,Jharkhand,30,23,29,23,1
Ranchi,2025-08-17,23.36,85.33,Jharkhand,30,23,29,23,1
Ranchi,2025-08-18,23.36,85.33,Jharkhand,29,23,29,23,0
Ranchi,2025-08-19,23.36,85.33,Jharkhand,27,22,30,22,-3
Ranchi,2025-08-20,23.36,85.33,Jharkhand,30,23,30,22,0
Ranchi,2025-08-21,23.36,85.33,Jharkhand,29,23,30,22,-1
Ranchi,2025-08-22,23.36,85.33,Jharkhand,25,23,30,22,-5
Ranchi,2025-08-23,23.36,85.33,Jharkhand,24,21,30,22,-6
Ranchi,2025-08-24,23.36,85.33,Jharkhand,25,21,30,22,-5
Ranchi,2025-08-25,23.36,85.33,Jharkhand,29,21,30,22,-1
Ranchi,2025-08-26,23.36,85.33,Jharkhand,30,22,30,22,0
Ranchi,2025-08-27,23.36,85.33,Jharkhand,30,23,30,22,0
Ranchi,2025-08-28,23.36,85.33,Jharkhand,29,22,30,22,-1
Ranchi,2025-08-29,23.36,85.33,Jharkhand,30,22,30,22,0
Ranchi,2025-08-30,23.36,85.33,Jharkhand,32,23,30,22,2
Ranchi,2025-08-31,23.36,85.33,Jharkhand,32,24,30,22,2
Ranchi,2025-09-01,23.36,85.33,Jharkhand,32,24,30,22,2
Ranchi,2025-09-02,23.36,85.33,Jharkhand,26,22,30,23,-4
Ranchi,2025-09-03,23.36,85.33,Jharkhand,27,22,30,22,-3
Ranchi,2025-09-04,23.36,85.33,Jharkhand,28,22,30,22,-2
Ranchi,2025-09-05,23.36,85.33,Jharkhand,31,22,30,22,1
Ranchi,2025-09-06,23.36,85.33,Jharkhand,33,23,30,22,3
Ranchi,2025-09-07,23.36,85.33,Jharkhand,33,23,30,22,3
Ranchi,2025-09-08,23.36,85.33,Jharkhand,33,23,30,22,3
Ranchi,2025-09-09,23.36,85.33,Jharkhand,32,24,30,22,2
Ranchi,2025-09-10,23.36,85.33,Jharkhand,31,24,30,22,1
Ranchi,2025-09-11,23.36,85.33,Jharkhand,30,23,30,22,0
Ranchi,2025-09-12,23.36,85.33,Jharkhand,31,24,30,22,1
Ranchi,2025-09-13,23.36,85.33,Jharkhand,31,24,30,22,1
Ranchi,2025-09-14,23.36,85.33,Jharkhand,31,24,30,22,1
Ranchi,2025-09-15,23.36,85.33,Jharkhand,27,23,30,22,-3
Ranchi,2025-09-16,23.36,85.33,Jharkhand,27,22,30,22,-3
Ranchi,2025-09-17,23.36,85.33,Jharkhand,29,23,30,22,-1
Ranchi,2025-09-18,23.36,85.33,Jharkhand,31,23,30,22,1
Ranchi,2025-09-19,23.36,85.33,Jharkhand,31,24,30,22,1
Ranchi,2025-09-20,23.36,85.33,Jharkhand,32,23,30,22,2
Ranchi,2025-09-21,23.36,85.33,Jharkhand,31,24,30,22,1
Ranchi,2025-09-22,23.36,85.33,Jharkhand,31,24,30,22,1
Ranchi,2025-09-23,23.36,85.33,Jharkhand,30,22,30,22,0
Ranchi,2025-09-24,23.36,85.33,Jharkhand,30,22,30,22,0
Ranchi,2025-09-25,23.36,85.33,Jharkhand,32,24,30,22,2
Ranchi,2025-09-26,23.36,85.33,Jharkhand,29,23,30,22,-1
Ranchi,2025-09-27,23.36,85.33,Jharkhand,27,22,30,22,-3
Ranchi,2025-09-28,23.36,85.33,Jharkhand,29,23,30,21,-1
Ranchi,2025-09-29,23.36,85.33,Jharkhand,32,22,30,21,2
Ranchi,2025-10-01,23.36,85.33,Jharkhand,34,22,30,21,4
Ranchi,2025-10-02,23.36,85.33,Jharkhand,26,22,30,21,-4
Ranchi,2025-10-03,23.36,85.33,Jharkhand,25,23,30,21,-5
Ranchi,2025-10-04,23.36,85.33,Jharkhand,28,23,30,21,-2
Ranchi,2025-10-05,23.36,85.33,Jharkhand,28,23,30,21,-2
Ranchi,2025-10-06,23.36,85.33,Jharkhand,30,22,30,21,0
Ranchi,2025-10-07,23.36,85.33,Jharkhand,30,22,30,21,0
Ranchi,2025-10-08,23.36,85.33,Jharkhand,30,21,30,20,0
Ranchi,2025-10-09,23.36,85.33,Jharkhand,30,22,30,20,0
Ranchi,2025-10-10,23.36,85.33,Jharkhand,29,22,30,20,-1
Ranchi,2025-10-11,23.36,85.33,Jharkhand,30,20,30,20,0
Ranchi,2025-10-12,23.36,85.33,Jharkhand,30,20,30,20,0
Ranchi,2025-10-13,23.36,85.33,Jharkhand,29,20,30,19,-1
Ranchi,2025-10-14,23.36,85.33,Jharkhand,30,20,30,19,0
Ranchi,2025-10-15,23.36,85.33,Jharkhand,29,20,30,19,-1
Ranchi,2025-10-16,23.36,85.33,Jharkhand,28,17,30,19,-2
Ranchi,2025-10-17,23.36,85.33,Jharkhand,29,17,30,19,-1
Ranchi,2025-10-18,23.36,85.33,Jharkhand,31,17,29,18,2
Ranchi,2025-10-19,23.36,85.33,Jharkhand,30,19,29,18,1
Ranchi,2025-10-20,23.36,85.33,Jharkhand,31,20,29,18,2
Ranchi,2025-10-21,23.36,85.33,Jharkhand,32,20,29,18,3
Ranchi,2025-10-22,23.36,85.33,Jharkhand,31,20,29,18,2
Ranchi,2025-10-23,23.36,85.33,Jharkhand,29,20,28,17,1
Ranchi,2025-10-24,23.36,85.33,Jharkhand,31,21,28,17,3
Ranchi,2025-10-25,23.36,85.33,Jharkhand,30,20,28,17,2
Ranchi,2025-10-26,23.36,85.33,Jharkhand,29,22,28,17,1
Ranchi,2025-10-27,23.36,85.33,Jharkhand,29,21,28,17,1
Ranchi,2025-10-28,23.36,85.33,Jharkhand,29,21,28,17,1
Ranchi,2025-10-29,23.36,85.33,Jharkhand,24,21,28,17,-4
Ranchi,2025-10-30,23.36,85.33,Jharkhand,26,21,28,17,-2
Ranchi,2025-11-01,23.36,85.33,Jharkhand,27,21,28,17,-1
Ranchi,2025-11-02,23.36,85.33,Jharkhand,26,21,28,16,-2
Ranchi,2025-11-03,23.36,85.33,Jharkhand,27,18,28,16,-1
Ranchi,2025-11-04,23.36,85.33,Jharkhand,27,15,28,16,-1
Ranchi,2025-11-05,23.36,85.33,Jharkhand,27,15,28,16,-1
Ranchi,2025-11-06,23.36,85.33,Jharkhand,27,16,28,16,-1
Ranchi,2026-01-06,23.36,85.33,Jharkhand,19,7,23,9,-4
Ranchi,2026-01-07,23.36,85.33,Jharkhand,23,6,23,9,0
Ranchi,2026-01-08,23.36,85.33,Jharkhand,21,8,23,9,-2
Ranchi,2026-01-09,23.36,85.33,Jharkhand,20,7,23,9,-3
Ranchi,2026-01-10,23.36,85.33,Jharkhand,21,6,23,9,-2
Ranchi,2026-01-11,23.36,85.33,Jharkhand,22,8,24,9,-2
Ranchi,2026-01-12,23.36,85.33,Jharkhand,21,8,24,9,-3
Ranchi,2026-01-13,23.36,85.33,Jharkhand,21,7,24,9,-3
Ranchi,2026-01-14,23.36,85.33,Jharkhand,22,8,24,9,-2
Ranchi,2026-01-15,23.36,85.33,Jharkhand,22,8,24,9,-2
Ranchi,2026-01-16,23.36,85.33,Jharkhand,23,8,24,9,-1
Ranchi,2026-01-17,23.36,85.33,Jharkhand,23,8,24,9,-1
Ranchi,2026-01-18,23.36,85.33,Jharkhand,26,6,24,9,2
Ranchi,2026-01-19,23.36,85.33,Jharkhand,27,8,24,9,3
Ranchi,2026-01-20,23.36,85.33,Jharkhand,26,8,24,9,2
Ranchi,2026-01-21,23.36,85.33,Jharkhand,25,8,24,9,1
Ranchi,2026-01-22,23.36,85.33,Jharkhand,25,8,24,9,1
Ranchi,2026-01-23,23.36,85.33,Jharkhand,26,8,24,9,2
Ranchi,2026-01-24,23.36,85.33,Jharkhand,26,8,24,9,2
Ranchi,2026-01-25,23.36,85.33,Jharkhand,25,8,24,9,1
Ranchi,2026-01-26,23.36,85.33,Jharkhand,25,8,24,9,1
Ranchi,2026-01-27,23.36,85.33,Jharkhand,25,11,24,9,1
Ranchi,2026-01-28,23.36,85.33,Jharkhand,26,12,24,9,2
Ranchi,2026-01-29,23.36,85.33,Jharkhand,24,15,24,9,0
Ranchi,2026-01-30,23.36,85.33,Jharkhand,25,12,24,9,1
Ranchi,2026-01-31,23.36,85.33,Jharkhand,25,12,,,
Ranchi,2026-02-01,23.36,85.33,Jharkhand,25,12,24,10,1
Ranchi,2026-02-02,23.36,85.33,Jharkhand,26,12,24,10,2
Ranchi,2026-02-03,23.36,85.33,Jharkhand,26,11,24,10,2
Ranchi,2026-02-04,23.36,85.33,Jharkhand,26,13,24,10,2
Ranchi,2026-02-05,23.36,85.33,Jharkhand,26,13,26,12,0
Ranchi,2026-02-06,23.36,85.33,Jharkhand,24,13,26,12,-2
Ranchi,2026-02-07,23.36,85.33,Jharkhand,24,10,26,12,-2
Ranchi,2026-02-08,23.36,85.33,Jharkhand,24,10,26,12,-2
Ranchi,2026-02-09,23.36,85.33,Jharkhand,25,10,26,12,-1
Ranchi,2026-02-10,23.36,85.33,Jharkhand,27,10,26,12,1
Ranchi,2026-02-11,23.36,85.33,Jharkhand,27,10,26,12,1
Ranchi,2026-02-12,23.36,85.33,Jharkhand,26,10,26,12,0
Ranchi,2026-02-13,23.36,85.33,Jharkhand,26,10,26,12,0
Ranchi,2026-02-14,23.36,85.33,Jharkhand,26,11,26,12,0
Ranchi,2026-02-15,23.36,85.33,Jharkhand,26,11,27,13,-1
Ranchi,2026-02-16,23.36,85.33,Jharkhand,28,10,27,13,1
Ranchi,2026-02-17,23.36,85.33,Jharkhand,27,11,27,13,0
Ranchi,2026-02-18,23.36,85.33,Jharkhand,30,10,27,13,3
Ranchi,2026-02-19,23.36,85.33,Jharkhand,29,13,27,13,2
Ranchi,2026-02-20,23.36,85.33,Jharkhand,28,14,28,14,0
Ranchi,2026-02-21,23.36,85.33,Jharkhand,28,14,28,14,0
Ranchi,2026-02-25,23.36,85.33,Jharkhand,27,13,29,14,-2
Ranchi,2026-02-26,23.36,85.33,Jharkhand,27,13,29,14,-2
Ranchi,2026-02-27,23.36,85.33,Jharkhand,28,13,29,14,-1
Ranchi,2026-02-28,23.36,85.33,Jharkhand,30,12,29,14,1
Ranchi,2026-03-01,23.36,85.33,Jharkhand,30,12,29,14,1
Ranchi,2026-03-02,23.36,85.33,Jharkhand,29,18,29,15,0
Ranchi,2026-03-03,23.36,85.33,Jharkhand,29,14,29,15,0
Ranchi,2026-03-04,23.36,85.33,Jharkhand,30,13,29,15,1
Ranchi,2026-03-05,23.36,85.33,Jharkhand,30,15,29,15,1
Ranchi,2026-03-06,23.36,85.33,Jharkhand,31,16,29,15,2
Ranchi,2026-03-07,23.36,85.33,Jharkhand,31,18,30,15,1
Ranchi,2026-03-08,23.36,85.33,Jharkhand,32,18,30,15,2
Ranchi,2026-03-09,23.36,85.33,Jharkhand,32,19,30,15,2
Ranchi,2026-03-10,23.36,85.33,Jharkhand,30,19,30,15,0
Ranchi,2026-03-11,23.36,85.33,Jharkhand,31,19,30,15,1
Ranchi,2026-03-12,23.36,85.33,Jharkhand,33,19,30,16,3
Ranchi,2026-03-13,23.36,85.33,Jharkhand,34,17,30,16,4
Ranchi,2026-03-14,23.36,85.33,Jharkhand,35,17,30,16,5
Ranchi,2026-03-15,23.36,85.33,Jharkhand,35,18,30,16,5
Ranchi,2026-03-16,23.36,85.33,Jharkhand,33,18,30,16,3
Ranchi,2026-03-17,23.36,85.33,Jharkhand,32,19,32,17,0
Ranchi,2026-03-18,23.36,85.33,Jharkhand,34,18,32,17,2
Ranchi,2026-03-19,23.36,85.33,Jharkhand,34,20,32,17,2
Ranchi,2026-03-20,23.36,85.33,Jharkhand,33,19,32,17,1
Ranchi,2026-03-21,23.36,85.33,Jharkhand,26,19,32,17,-6
Ranchi,2026-03-22,23.36,85.33,Jharkhand,25,13,32,18,-7
Ranchi,2026-03-23,23.36,85.33,Jharkhand,29,14,32,18,-3
Ranchi,2026-03-24,23.36,85.33,Jharkhand,31,17,32,18,-1
Ranchi,2026-03-25,23.36,85.33,Jharkhand,32,18,32,18,0
Ranchi,2026-03-26,23.36,85.33,Jharkhand,32,19,32,18,0
Ranchi,2026-03-27,23.36,85.33,Jharkhand,34,17,34,18,0
Ranchi,2026-03-28,23.36,85.33,Jharkhand,32,16,34,18,-2
Ranchi,2026-03-29,23.36,85.33,Jharkhand,33,18,34,18,-1
Ranchi,2026-03-30,23.36,85.33,Jharkhand,34,20,34,18,0
Ranchi,2026-03-31,23.36,85.33,Jharkhand,33,21,34,18,-1
Ranchi,2026-04-01,23.36,85.33,Jharkhand,34,21,34,19,0
Ranchi,2026-04-02,23.36,85.33,Jharkhand,35,21,34,19,1
Ranchi,2026-04-03,23.36,85.33,Jharkhand,35,22,34,19,1
Ranchi,2026-04-04,23.36,85.33,Jharkhand,34,20,34,19,0
Ranchi,2026-04-05,23.36,85.33,Jharkhand,32,18,34,19,-2
Ranchi,2026-04-06,23.36,85.33,Jharkhand,31,18,35,20,-4
Ranchi,2026-04-07,23.36,85.33,Jharkhand,31,17,35,20,-4
Ranchi,2026-04-09,23.36,85.33,Jharkhand,30,17,35,20,-5
Ranchi,2026-04-10,23.36,85.33,Jharkhand,30,18,35,20,-5
Ranchi,2026-04-11,23.36,85.33,Jharkhand,32,18,35,21,-3
Ranchi,2026-04-12,23.36,85.33,Jharkhand,34,18,35,21,-1
Ranchi,2026-04-13,23.36,85.33,Jharkhand,35,20,35,21,0
Ranchi,2026-04-14,23.36,85.33,Jharkhand,35,18,35,21,0
Ranchi,2026-04-16,23.36,85.33,Jharkhand,37,22,35,21,2
Ranchi,2026-04-17,23.36,85.33,Jharkhand,37,23,35,21,2
Ranchi,2026-04-18,23.36,85.33,Jharkhand,38,22,35,21,3
Ranchi,2026-04-19,23.36,85.33,Jharkhand,39,23,35,21,4
Ranchi,2026-04-20,23.36,85.33,Jharkhand,40,26,35,21,5
Ranchi,2026-04-21,23.36,85.33,Jharkhand,38,25,37,22,1
Ranchi,2026-04-23,23.36,85.33,Jharkhand,38,23,37,22,1
Ranchi,2026-04-24,23.36,85.33,Jharkhand,39,23,37,22,2
Ranchi,2026-04-25,23.36,85.33,Jharkhand,40,22,37,22,3
Ranchi,2026-04-26,23.36,85.33,Jharkhand,40,25,36,22,4
Ranchi,2026-04-27,23.36,85.33,Jharkhand,39,25,36,22,3
Ranchi,2026-04-28,23.36,85.33,Jharkhand,38,25,36,22,2
Ranchi,2026-04-29,23.36,85.33,Jharkhand,38,24,36,22,2
Ranchi,2026-04-30,23.36,85.33,Jharkhand,30,18,36,22,-6
Ranchi,2026-05-20,23.36,85.33,Jharkhand,38,25,36,23,2
Ranchi,2026-05-21,23.36,85.33,Jharkhand,38,25,36,23,2
Ranchi,2026-05-22,23.36,85.33,Jharkhand,39,26,36,23,3
Ranchi,2026-05-23,23.36,85.33,Jharkhand,39,26,36,23,3
Ranchi,2026-05-24,23.36,85.33,Jharkhand,39,26,36,23,3
Ranchi,2026-05-25,23.36,85.33,Jharkhand,39,26,36,23,3
Ranchi,2026-05-26,23.36,85.33,Jharkhand,39,26,36,24,3
Ranchi,2026-05-27,23.36,85.33,Jharkhand,37,25,36,24,1
Ranchi,2026-05-28,23.36,85.33,Jharkhand,36,22,36,24,0
Ranchi,2026-05-29,23.36,85.33,Jharkhand,27,24,36,24,-9
Ranchi,2026-05-31,23.36,85.33,Jharkhand,33,21,37,24,-4
Ranchi,2026-06-01,23.36,85.33,Jharkhand,33,22,37,24,-4
Ranchi,2026-06-02,23.36,85.33,Jharkhand,35,22,37,24,-2
Ranchi,2026-06-03,23.36,85.33,Jharkhand,35,24,37,24,-2
Ranchi,2026-06-04,23.36,85.33,Jharkhand,35,24,37,24,-2
Ranchi,2026-06-05,23.36,85.33,Jharkhand,36,24,35,24,1
Ranchi,2026-06-06,23.36,85.33,Jharkhand,34,24,35,24,-1
Ranchi,2026-06-07,23.36,85.33,Jharkhand,34,23,35,24,-1
Ranchi,2026-06-08,23.36,85.33,Jharkhand,37,23,35,24,2
Ranchi,2026-06-09,23.36,85.33,Jharkhand,35,26,35,24,0
Ranchi,2026-06-10,23.36,85.33,Jharkhand,36,26,35,24,1
Ranchi,2026-06-11,23.36,85.33,Jharkhand,35,21,35,24,0
Ranchi,2026-06-15,23.36,85.33,Jharkhand,34,21,33,23,1
Ranchi,2026-06-16,23.36,85.33,Jharkhand,35,24,33,23,2
Ranchi,2026-06-18,23.36,85.33,Jharkhand,35,25,33,23,2
Ranchi,2026-06-19,23.36,85.33,Jharkhand,31,21,33,23,-2
Ranchi,2026-06-21,23.36,85.33,Jharkhand,33,22,31,23,2
Ranchi,2026-06-22,23.36,85.33,Jharkhand,28,23,31,23,-3
Ranchi,2026-06-23,23.36,85.33,Jharkhand,34,22,31,23,3
Ranchi,2026-06-28,23.36,85.33,Jharkhand,30,24,31,23,-1
Ranchi,2026-07-04,23.36,85.33,Jharkhand,30,23,30,22,0
Ranchi,2026-07-05,23.36,85.33,Jharkhand,28,23,30,22,-2
Ranchi,2026-07-06,23.36,85.33,Jharkhand,26,23,30,22,-4
Ranchi,2026-07-08,23.36,85.33,Jharkhand,29,23,30,22,-1
Ranchi,2026-07-09,23.36,85.33,Jharkhand,26,23,30,22,-4
Ranchi,2026-07-10,23.36,85.33,Jharkhand,28,23,30,23,-2
Ranchi,2026-07-11,23.36,85.33,Jharkhand,28,22,30,23,-2
Ranchi,2026-07-12,23.36,85.33,Jharkhand,30,23,30,23,0
Ranchi,2026-07-13,23.36,85.33,Jharkhand,31,24,30,23,1
Ranchi,2026-07-14,23.36,85.33,Jharkhand,32,25,30,23,2
Ranchi,2026-07-15,23.36,85.33,Jharkhand,30,23,29,22,1
Ranchi,2026-07-16,23.36,85.33,Jharkhand,31,23,29,22,2
Ranchi,2026-07-19,23.36,85.33,Jharkhand,30,23,29,22,1
Ranchi,2026-07-20,23.36,85.33,Jharkhand,29,23,29,22,0
Ranchi,2026-07-21,23.36,85.33,Jharkhand,27,23,29,22,-2
Ranchi,2026-07-22,23.36,85.33,Jharkhand,25,21,29,22,-4
Ranchi,2026-07-23,23.36,85.33,Jharkhand,27,21,29,22,-2
Ranchi,2026-07-24,23.36,85.33,Jharkhand,28,22,29,22,-1
Ranchi,2026-07-25,23.36,85.33,Jharkhand,31,23,29,22,2
Ranchi,2026-07-26,23.36,85.33,Jharkhand,30,23,29,22,1
Ranchi,2026-07-27,23.36,85.33,Jharkhand,28,24,29,22,-1
Bengaluru,2025-05-07,12.97,77.59,Karnataka,33,24,33,22,0
Bengaluru,2025-05-06,12.97,77.59,Karnataka,34,22,33,22,1
Bengaluru,2025-05-08,12.97,77.59,Karnataka,33,22,33,22,0
Bengaluru,2025-05-09,12.97,77.59,Karnataka,33,23,33,22,0
Bengaluru,2025-05-10,12.97,77.59,Karnataka,33,23,33,22,0
Bengaluru,2025-05-11,12.97,77.59,Karnataka,34,23,33,22,1
Bengaluru,2025-05-12,12.97,77.59,Karnataka,34,22,33,22,1
Bengaluru,2025-05-13,12.97,77.59,Karnataka,32,21,33,22,-1
Bengaluru,2025-05-14,12.97,77.59,Karnataka,31,20,33,22,-2
Bengaluru,2025-05-15,12.97,77.59,Karnataka,31,20,33,22,-2
Bengaluru,2025-05-16,12.97,77.59,Karnataka,31,21,33,22,-2
Bengaluru,2025-05-17,12.97,77.59,Karnataka,30,21,33,22,-3
Bengaluru,2025-05-18,12.97,77.59,Karnataka,29,21,33,22,-4
Bengaluru,2025-05-19,12.97,77.59,Karnataka,27,21,33,22,-6
Bengaluru,2025-05-20,12.97,77.59,Karnataka,27,22,33,22,-6
Bengaluru,2025-05-21,12.97,77.59,Karnataka,27,21,33,22,-6
Bengaluru,2025-05-22,12.97,77.59,Karnataka,29,20,33,22,-4
Bengaluru,2025-05-23,12.97,77.59,Karnataka,29,21,33,22,-4
Bengaluru,2025-05-24,12.97,77.59,Karnataka,27,22,33,22,-6
Bengaluru,2025-05-25,12.97,77.59,Karnataka,27,21,33,22,-6
Bengaluru,2025-05-26,12.97,77.59,Karnataka,27,21,32,21,-5
Bengaluru,2025-05-27,12.97,77.59,Karnataka,28,20,32,21,-4
Bengaluru,2025-05-28,12.97,77.59,Karnataka,28,22,32,21,-4
Bengaluru,2025-05-29,12.97,77.59,Karnataka,26,21,32,21,-6
Bengaluru,2025-05-30,12.97,77.59,Karnataka,27,21,32,21,-5
Bengaluru,2025-05-31,12.97,77.59,Karnataka,29,21,32,21,-3
Bengaluru,2025-06-01,12.97,77.59,Karnataka,31,21,32,21,-1
Bengaluru,2025-06-02,12.97,77.59,Karnataka,30,21,32,21,-2
Bengaluru,2025-06-04,12.97,77.59,Karnataka,31,21,32,21,-1
Bengaluru,2025-06-05,12.97,77.59,Karnataka,31,21,30,21,1
Bengaluru,2025-06-06,12.97,77.59,Karnataka,32,22,30,21,2
Bengaluru,2025-06-07,12.97,77.59,Karnataka,31,22,30,21,1
Bengaluru,2025-06-08,12.97,77.59,Karnataka,32,22,30,21,2
Bengaluru,2025-06-09,12.97,77.59,Karnataka,30,22,30,21,0
Bengaluru,2025-06-10,12.97,77.59,Karnataka,31,21,29,21,2
Bengaluru,2025-06-11,12.97,77.59,Karnataka,29,21,29,21,0
Bengaluru,2025-06-12,12.97,77.59,Karnataka,29,21,29,21,0
Bengaluru,2025-06-13,12.97,77.59,Karnataka,28,21,29,21,-1
Bengaluru,2025-06-14,12.97,77.59,Karnataka,27,21,29,21,-2
Bengaluru,2025-06-15,12.97,77.59,Karnataka,27,20,29,20,-2
Bengaluru,2025-06-16,12.97,77.59,Karnataka,27,20,29,20,-2
Bengaluru,2025-06-17,12.97,77.59,Karnataka,28,21,29,20,-1
Bengaluru,2025-06-18,12.97,77.59,Karnataka,29,20,29,20,0
Bengaluru,2025-06-19,12.97,77.59,Karnataka,28,21,29,20,-1
Bengaluru,2025-06-20,12.97,77.59,Karnataka,30,21,29,20,1
Bengaluru,2025-06-21,12.97,77.59,Karnataka,30,21,29,20,1
Bengaluru,2025-06-22,12.97,77.59,Karnataka,28,21,29,20,-1
Bengaluru,2025-06-23,12.97,77.59,Karnataka,28,20,29,20,-1
Bengaluru,2025-06-24,12.97,77.59,Karnataka,27,21,29,20,-2
Bengaluru,2025-06-25,12.97,77.59,Karnataka,28,21,29,20,-1
Bengaluru,2025-06-26,12.97,77.59,Karnataka,28,21,29,20,-1
Bengaluru,2025-06-27,12.97,77.59,Karnataka,29,21,29,20,0
Bengaluru,2025-06-28,12.97,77.59,Karnataka,29,21,29,20,0
Bengaluru,2025-06-29,12.97,77.59,Karnataka,30,21,29,20,1
Bengaluru,2025-06-30,12.97,77.59,Karnataka,30,20,29,20,1
Bengaluru,2025-07-01,12.97,77.59,Karnataka,27,21,29,20,-2
Bengaluru,2025-07-02,12.97,77.59,Karnataka,28,21,29,20,-1
Bengaluru,2025-07-03,12.97,77.59,Karnataka,28,21,29,20,-1
Bengaluru,2025-07-04,12.97,77.59,Karnataka,29,20,29,20,0
Bengaluru,2025-07-05,12.97,77.59,Karnataka,27,21,29,20,-2
Bengaluru,2025-07-06,12.97,77.59,Karnataka,27,21,29,20,-2
Bengaluru,2025-07-07,12.97,77.59,Karnataka,29,21,29,20,0
Bengaluru,2025-07-08,12.97,77.59,Karnataka,29,20,29,20,0
Bengaluru,2025-07-09,12.97,77.59,Karnataka,30,20,29,20,1
Bengaluru,2025-07-10,12.97,77.59,Karnataka,29,21,28,20,1
Bengaluru,2025-07-11,12.97,77.59,Karnataka,30,21,28,20,2
Bengaluru,2025-07-12,12.97,77.59,Karnataka,28,21,28,20,0
Bengaluru,2025-07-13,12.97,77.59,Karnataka,29,21,28,20,1
Bengaluru,2025-07-14,12.97,77.59,Karnataka,29,20,28,20,1
Bengaluru,2025-07-15,12.97,77.59,Karnataka,28,20,28,20,0
Bengaluru,2025-07-16,12.97,77.59,Karnataka,30,21,28,20,2
Bengaluru,2025-07-17,12.97,77.59,Karnataka,29,20,28,20,1
Bengaluru,2025-07-18,12.97,77.59,Karnataka,28,20,28,20,0
Bengaluru,2025-07-19,12.97,77.59,Karnataka,26,20,28,20,-2
Bengaluru,2025-07-20,12.97,77.59,Karnataka,27,20,28,20,-1
Bengaluru,2025-07-21,12.97,77.59,Karnataka,27,20,28,20,-1
Bengaluru,2025-07-22,12.97,77.59,Karnataka,27,20,28,20,-1
Bengaluru,2025-07-23,12.97,77.59,Karnataka,26,20,28,20,-2
Bengaluru,2025-07-24,12.97,77.59,Karnataka,26,20,28,20,-2
Bengaluru,2025-07-25,12.97,77.59,Karnataka,26,20,28,20,-2
Bengaluru,2025-07-26,12.97,77.59,Karnataka,27,20,28,20,-1
Bengaluru,2025-07-27,12.97,77.59,Karnataka,26,20,28,20,-2
Bengaluru,2025-07-28,12.97,77.59,Karnataka,27,19,28,20,-1
Bengaluru,2025-07-29,12.97,77.59,Karnataka,27,19,28,20,-1
Bengaluru,2025-07-30,12.97,77.59,Karnataka,28,20,28,20,0
Bengaluru,2025-07-31,12.97,77.59,Karnataka,28,21,28,20,0
Bengaluru,2025-08-01,12.97,77.59,Karnataka,29,20,28,20,1
Bengaluru,2025-08-02,12.97,77.59,Karnataka,30,21,28,20,2
Bengaluru,2025-08-03,12.97,77.59,Karnataka,29,22,28,20,1
Bengaluru,2025-08-04,12.97,77.59,Karnataka,29,20,28,20,1
Bengaluru,2025-08-05,12.97,77.59,Karnataka,28,20,28,20,0
Bengaluru,2025-08-06,12.97,77.59,Karnataka,29,21,28,20,1
Bengaluru,2025-08-07,12.97,77.59,Karnataka,28,21,28,20,0
Bengaluru,2025-08-08,12.97,77.59,Karnataka,29,22,28,20,1
Bengaluru,2025-08-09,12.97,77.59,Karnataka,28,22,28,20,0
Bengaluru,2025-08-10,12.97,77.59,Karnataka,27,20,28,20,-1
Bengaluru,2025-08-11,12.97,77.59,Karnataka,27,20,28,20,-1
Bengaluru,2025-08-12,12.97,77.59,Karnataka,26,20,28,20,-2
Bengaluru,2025-08-13,12.97,77.59,Karnataka,23,20,28,20,-5
Bengaluru,2025-08-14,12.97,77.59,Karnataka,25,19,28,20,-3
Bengaluru,2025-08-15,12.97,77.59,Karnataka,27,19,28,20,-1
Bengaluru,2025-08-16,12.97,77.59,Karnataka,26,20,28,20,-2
Bengaluru,2025-08-17,12.97,77.59,Karnataka,25,20,28,20,-3
Bengaluru,2025-08-18,12.97,77.59,Karnataka,24,19,28,20,-4
Bengaluru,2025-08-19,12.97,77.59,Karnataka,24,20,28,20,-4
Bengaluru,2025-08-20,12.97,77.59,Karnataka,27,19,28,20,-1
Bengaluru,2025-08-21,12.97,77.59,Karnataka,27,19,28,20,-1
Bengaluru,2025-08-22,12.97,77.59,Karnataka,29,21,28,20,1
Bengaluru,2025-08-23,12.97,77.59,Karnataka,28,21,28,20,0
Bengaluru,2025-08-24,12.97,77.59,Karnataka,29,20,28,20,1
Bengaluru,2025-08-25,12.97,77.59,Karnataka,28,20,28,20,0
Bengaluru,2025-08-26,12.97,77.59,Karnataka,28,20,28,20,0
Bengaluru,2025-08-27,12.97,77.59,Karnataka,27,20,28,20,-1
Bengaluru,2025-08-28,12.97,77.59,Karnataka,28,21,28,20,0
Bengaluru,2025-08-29,12.97,77.59,Karnataka,28,20,28,20,0
Bengaluru,2025-08-30,12.97,77.59,Karnataka,29,21,28,20,1
Bengaluru,2025-08-31,12.97,77.59,Karnataka,28,21,28,20,0
Bengaluru,2025-09-01,12.97,77.59,Karnataka,28,21,28,20,0
Bengaluru,2025-09-02,12.97,77.59,Karnataka,27,20,28,20,-1
Bengaluru,2025-09-03,12.97,77.59,Karnataka,27,20,28,20,-1
Bengaluru,2025-09-04,12.97,77.59,Karnataka,28,20,28,20,0
Bengaluru,2025-09-05,12.97,77.59,Karnataka,27,21,28,20,-1
Bengaluru,2025-09-06,12.97,77.59,Karnataka,28,20,28,20,0
Bengaluru,2025-09-07,12.97,77.59,Karnataka,28,20,28,20,0
Bengaluru,2025-09-08,12.97,77.59,Karnataka,29,21,28,20,1
Bengaluru,2025-09-09,12.97,77.59,Karnataka,29,21,28,20,1
Bengaluru,2025-09-10,12.97,77.59,Karnataka,30,22,28,20,2
Bengaluru,2025-09-11,12.97,77.59,Karnataka,26,20,28,20,-2
Bengaluru,2025-09-12,12.97,77.59,Karnataka,28,21,28,20,0
Bengaluru,2025-09-13,12.97,77.59,Karnataka,28,22,29,20,-1
Bengaluru,2025-09-14,12.97,77.59,Karnataka,28,20,29,20,-1
Bengaluru,2025-09-15,12.97,77.59,Karnataka,29,21,29,20,0
Bengaluru,2025-09-16,12.97,77.59,Karnataka,29,21,29,20,0
Bengaluru,2025-09-17,12.97,77.59,Karnataka,27,21,29,20,-2
Bengaluru,2025-09-18,12.97,77.59,Karnataka,29,20,29,20,0
Bengaluru,2025-09-19,12.97,77.59,Karnataka,26,20,29,20,-3
Bengaluru,2025-09-20,12.97,77.59,Karnataka,28,21,29,20,-1
Bengaluru,2025-09-21,12.97,77.59,Karnataka,27,21,29,20,-2
Bengaluru,2025-09-22,12.97,77.59,Karnataka,28,21,29,20,-1
Bengaluru,2025-09-23,12.97,77.59,Karnataka,27,21,29,20,-2
Bengaluru,2025-09-24,12.97,77.59,Karnataka,26,20,29,20,-3
Bengaluru,2025-09-25,12.97,77.59,Karnataka,29,20,29,20,0
Bengaluru,2025-09-26,12.97,77.59,Karnataka,28,20,29,20,-1
Bengaluru,2025-09-27,12.97,77.59,Karnataka,26,20,29,20,-3
Bengaluru,2025-09-28,12.97,77.59,Karnataka,28,20,29,20,-1
Bengaluru,2025-09-29,12.97,77.59,Karnataka,29,20,29,20,0
Bengaluru,2025-09-30,12.97,77.59,Karnataka,29,19,29,20,0
Bengaluru,2025-10-01,12.97,77.59,Karnataka,29,20,29,20,0
Bengaluru,2025-10-02,12.97,77.59,Karnataka,29,20,29,20,0
Bengaluru,2025-10-03,12.97,77.59,Karnataka,30,20,29,20,1
Bengaluru,2025-10-04,12.97,77.59,Karnataka,26,21,29,20,-3
Bengaluru,2025-10-05,12.97,77.59,Karnataka,30,22,29,20,1
Bengaluru,2025-10-06,12.97,77.59,Karnataka,28,20,29,20,-1
Bengaluru,2025-10-07,12.97,77.59,Karnataka,29,20,29,20,0
Bengaluru,2025-10-08,12.97,77.59,Karnataka,29,22,29,20,0
Bengaluru,2025-10-09,12.97,77.59,Karnataka,30,21,29,20,1
Bengaluru,2025-10-10,12.97,77.59,Karnataka,29,20,29,20,0
Bengaluru,2025-10-11,12.97,77.59,Karnataka,29,20,29,20,0
Bengaluru,2025-10-12,12.97,77.59,Karnataka,30,21,29,20,1
Bengaluru,2025-10-13,12.97,77.59,Karnataka,30,20,29,20,1
Bengaluru,2025-10-14,12.97,77.59,Karnataka,29,21,29,20,0
Bengaluru,2025-10-15,12.97,77.59,Karnataka,28,21,29,20,-1
Bengaluru,2025-10-16,12.97,77.59,Karnataka,29,21,29,20,0
Bengaluru,2025-10-17,12.97,77.59,Karnataka,28,21,29,20,-1
Bengaluru,2025-10-18,12.97,77.59,Karnataka,28,22,28,20,0
Bengaluru,2025-10-19,12.97,77.59,Karnataka,29,21,28,20,1
Bengaluru,2025-10-20,12.97,77.59,Karnataka,29,21,28,20,1
Bengaluru,2025-10-21,12.97,77.59,Karnataka,26,21,28,20,-2
Bengaluru,2025-10-22,12.97,77.59,Karnataka,26,21,28,20,-2
Bengaluru,2025-10-23,12.97,77.59,Karnataka,28,22,28,19,0
Bengaluru,2025-10-24,12.97,77.59,Karnataka,26,20,28,19,-2
Bengaluru,2025-10-25,12.97,77.59,Karnataka,29,20,28,19,1
Bengaluru,2025-10-26,12.97,77.59,Karnataka,29,21,28,19,1
Bengaluru,2025-10-27,12.97,77.59,Karnataka,25,21,28,19,-3
Bengaluru,2025-10-28,12.97,77.59,Karnataka,24,20,28,19,-4
Bengaluru,2025-10-29,12.97,77.59,Karnataka,27,20,28,19,-1
Bengaluru,2025-10-30,12.97,77.59,Karnataka,29,19,28,19,1
Bengaluru,2025-10-31,12.97,77.59,Karnataka,29,19,28,19,1
Bengaluru,2025-11-01,12.97,77.59,Karnataka,30,19,28,19,2
Bengaluru,2025-11-02,12.97,77.59,Karnataka,29,19,28,19,1
Bengaluru,2025-11-03,12.97,77.59,Karnataka,28,20,28,19,0
Bengaluru,2025-11-04,12.97,77.59,Karnataka,27,20,28,19,-1
Bengaluru,2025-11-05,12.97,77.59,Karnataka,28,21,28,19,0
Bengaluru,2025-11-06,12.97,77.59,Karnataka,28,20,28,19,0
Bengaluru,2026-01-06,12.97,77.59,Karnataka,25,16,27,16,-2
Bengaluru,2026-01-07,12.97,77.59,Karnataka,26,17,27,16,-1
Bengaluru,2026-01-08,12.97,77.59,Karnataka,25,14,27,16,-2
Bengaluru,2026-01-09,12.97,77.59,Karnataka,25,14,27,16,-2
Bengaluru,2026-01-10,12.97,77.59,Karnataka,23,17,27,16,-4
Bengaluru,2026-01-12,12.97,77.59,Karnataka,25,18,28,15,-3
Bengaluru,2026-01-13,12.97,77.59,Karnataka,28,18,28,15,0
Bengaluru,2026-01-14,12.97,77.59,Karnataka,29,17,28,15,1
Bengaluru,2026-01-15,12.97,77.59,Karnataka,29,17,28,15,1
Bengaluru,2026-01-16,12.97,77.59,Karnataka,27,17,28,16,-1
Bengaluru,2026-01-17,12.97,77.59,Karnataka,28,15,28,16,0
Bengaluru,2026-01-18,12.97,77.59,Karnataka,29,14,28,16,1
Bengaluru,2026-01-19,12.97,77.59,Karnataka,29,15,28,16,1
Bengaluru,2026-01-20,12.97,77.59,Karnataka,29,14,28,16,1
Bengaluru,2026-01-21,12.97,77.59,Karnataka,27,14,29,16,-2
Bengaluru,2026-01-22,12.97,77.59,Karnataka,27,14,29,16,-2
Bengaluru,2026-01-23,12.97,77.59,Karnataka,27,15,29,16,-2
Bengaluru,2026-01-24,12.97,77.59,Karnataka,26,17,29,16,-3
Bengaluru,2026-01-25,12.97,77.59,Karnataka,24,18,29,16,-5
Bengaluru,2026-01-26,12.97,77.59,Karnataka,24,18,29,16,-5
Bengaluru,2026-01-27,12.97,77.59,Karnataka,29,16,29,16,0
Bengaluru,2026-01-28,12.97,77.59,Karnataka,19,16,29,16,-10
Bengaluru,2026-01-29,12.97,77.59,Karnataka,28,16,29,16,-1
Bengaluru,2026-01-30,12.97,77.59,Karnataka,28,16,29,16,-1
Bengaluru,2026-01-31,12.97,77.59,Karnataka,29,15,29,16,0
Bengaluru,2026-02-01,12.97,77.59,Karnataka,28,15,29,16,-1
Bengaluru,2026-02-02,12.97,77.59,Karnataka,29,17,29,16,0
Bengaluru,2026-02-03,12.97,77.59,Karnataka,29,16,29,16,0
Bengaluru,2026-02-04,12.97,77.59,Karnataka,29,15,29,16,0
Bengaluru,2026-02-05,12.97,77.59,Karnataka,29,15,30,17,-1
Bengaluru,2026-02-06,12.97,77.59,Karnataka,29,16,30,17,-1
Bengaluru,2026-02-07,12.97,77.59,Karnataka,30,16,30,17,0
Bengaluru,2026-02-08,12.97,77.59,Karnataka,20,17,30,17,-10
Bengaluru,2026-02-09,12.97,77.59,Karnataka,29,16,30,17,-1
Bengaluru,2026-02-10,12.97,77.59,Karnataka,29,16,30,17,-1
Bengaluru,2026-02-11,12.97,77.59,Karnataka,27,15,30,17,-3
Bengaluru,2026-02-12,12.97,77.59,Karnataka,29,14,30,17,-1
Bengaluru,2026-02-13,12.97,77.59,Karnataka,31,17,30,17,1
Bengaluru,2026-02-14,12.97,77.59,Karnataka,31,16,30,17,1
Bengaluru,2026-02-15,12.97,77.59,Karnataka,31,17,31,17,0
Bengaluru,2026-02-16,12.97,77.59,Karnataka,29,18,31,17,-2
Bengaluru,2026-02-17,12.97,77.59,Karnataka,29,17,31,17,-2
Bengaluru,2026-02-18,12.97,77.59,Karnataka,30,17,31,17,-1
Bengaluru,2026-02-19,12.97,77.59,Karnataka,31,17,31,17,0
Bengaluru,2026-02-20,12.97,77.59,Karnataka,31,18,31,18,0
Bengaluru,2026-02-21,12.97,77.59,Karnataka,30,19,31,18,-1
Bengaluru,2026-02-25,12.97,77.59,Karnataka,31,19,32,18,-1
Bengaluru,2026-02-26,12.97,77.59,Karnataka,31,21,32,18,-1
Bengaluru,2026-02-27,12.97,77.59,Karnataka,32,21,32,18,0
Bengaluru,2026-02-28,12.97,77.59,Karnataka,31,20,32,18,-1
Bengaluru,2026-03-01,12.97,77.59,Karnataka,31,20,32,18,-1
Bengaluru,2026-03-02,12.97,77.59,Karnataka,32,21,32,18,0
Bengaluru,2026-03-03,12.97,77.59,Karnataka,32,20,32,18,0
Bengaluru,2026-03-04,12.97,77.59,Karnataka,32,19,32,18,0
Bengaluru,2026-03-05,12.97,77.59,Karnataka,33,19,32,18,1
Bengaluru,2026-03-06,12.97,77.59,Karnataka,34,20,32,18,2
Bengaluru,2026-03-07,12.97,77.59,Karnataka,34,21,32,19,2
Bengaluru,2026-03-08,12.97,77.59,Karnataka,33,19,32,19,1
Bengaluru,2026-03-09,12.97,77.59,Karnataka,31,20,32,19,-1
Bengaluru,2026-03-10,12.97,77.59,Karnataka,31,19,32,19,-1
Bengaluru,2026-03-11,12.97,77.59,Karnataka,32,18,32,19,0
Bengaluru,2026-03-12,12.97,77.59,Karnataka,33,19,32,20,1
Bengaluru,2026-03-13,12.97,77.59,Karnataka,33,20,32,20,1
Bengaluru,2026-03-14,12.97,77.59,Karnataka,33,21,32,20,1
Bengaluru,2026-03-15,12.97,77.59,Karnataka,33,21,32,20,1
Bengaluru,2026-03-16,12.97,77.59,Karnataka,32,22,32,20,0
Bengaluru,2026-03-17,12.97,77.59,Karnataka,32,21,33,20,-1
Bengaluru,2026-03-18,12.97,77.59,Karnataka,30,20,33,20,-3
Bengaluru,2026-03-19,12.97,77.59,Karnataka,31,17,33,20,-2
Bengaluru,2026-03-20,12.97,77.59,Karnataka,32,19,33,20,-1
Bengaluru,2026-03-21,12.97,77.59,Karnataka,32,21,33,20,-1
Bengaluru,2026-03-22,12.97,77.59,Karnataka,32,22,34,21,-2
Bengaluru,2026-03-23,12.97,77.59,Karnataka,32,22,34,21,-2
Bengaluru,2026-03-24,12.97,77.59,Karnataka,33,21,34,21,-1
Bengaluru,2026-03-25,12.97,77.59,Karnataka,34,21,34,21,0
Bengaluru,2026-03-26,12.97,77.59,Karnataka,34,21,34,21,0
Bengaluru,2026-03-27,12.97,77.59,Karnataka,36,20,34,21,2
Bengaluru,2026-03-28,12.97,77.59,Karnataka,34,23,34,21,0
Bengaluru,2026-03-29,12.97,77.59,Karnataka,33,21,34,21,-1
Bengaluru,2026-03-30,12.97,77.59,Karnataka,33,20,34,21,-1
Bengaluru,2026-03-31,12.97,77.59,Karnataka,33,22,34,21,-1
Bengaluru,2026-04-01,12.97,77.59,Karnataka,33,21,34,21,-1
Bengaluru,2026-04-02,12.97,77.59,Karnataka,32,20,34,21,-2
Bengaluru,2026-04-03,12.97,77.59,Karnataka,33,22,34,21,-1
Bengaluru,2026-04-04,12.97,77.59,Karnataka,31,23,34,21,-3
Bengaluru,2026-04-05,12.97,77.59,Karnataka,33,23,34,21,-1
Bengaluru,2026-04-06,12.97,77.59,Karnataka,34,22,34,22,0
Bengaluru,2026-04-07,12.97,77.59,Karnataka,35,22,34,22,1
Bengaluru,2026-04-08,12.97,77.59,Karnataka,35,22,34,22,1
Bengaluru,2026-04-09,12.97,77.59,Karnataka,35,24,34,22,1
Bengaluru,2026-04-11,12.97,77.59,Karnataka,34,24,34,22,0
Bengaluru,2026-04-12,12.97,77.59,Karnataka,34,24,34,22,0
Bengaluru,2026-04-13,12.97,77.59,Karnataka,35,24,34,22,1
Bengaluru,2026-04-14,12.97,77.59,Karnataka,36,24,34,22,2
Bengaluru,2026-04-16,12.97,77.59,Karnataka,36,24,34,22,2
Bengaluru,2026-04-17,12.97,77.59,Karnataka,36,24,34,22,2
Bengaluru,2026-04-18,12.97,77.59,Karnataka,36,23,34,22,2
Bengaluru,2026-04-19,12.97,77.59,Karnataka,36,24,34,22,2
Bengaluru,2026-04-20,12.97,77.59,Karnataka,35,24,34,22,1
Bengaluru,2026-04-21,12.97,77.59,Karnataka,36,24,34,22,2
Bengaluru,2026-04-22,12.97,77.59,Karnataka,36,23,34,22,2
Bengaluru,2026-04-23,12.97,77.59,Karnataka,36,22,34,22,2
Bengaluru,2026-04-24,12.97,77.59,Karnataka,35,24,34,22,1
Bengaluru,2026-04-25,12.97,77.59,Karnataka,36,24,34,22,2
Bengaluru,2026-04-26,12.97,77.59,Karnataka,36,24,34,22,2
Bengaluru,2026-04-27,12.97,77.59,Karnataka,35,24,34,22,1
Bengaluru,2026-04-28,12.97,77.59,Karnataka,35,25,34,22,1
Bengaluru,2026-04-29,12.97,77.59,Karnataka,37,24,34,22,3
Bengaluru,2026-04-30,12.97,77.59,Karnataka,34,18,34,22,0
Bengaluru,2026-05-01,12.97,77.59,Karnataka,34,21,34,22,0
Bengaluru,2026-05-02,12.97,77.59,Karnataka,34,22,34,22,0
Bengaluru,2026-05-03,12.97,77.59,Karnataka,35,23,34,22,1
Bengaluru,2026-05-04,12.97,77.59,Karnataka,33,19,34,22,-1
Bengaluru,2026-05-05,12.97,77.59,Karnataka,32,23,34,22,-2
Bengaluru,2026-05-06,12.97,77.59,Karnataka,32,22,33,22,-1
Bengaluru,2026-05-07,12.97,77.59,Karnataka,32,22,33,22,-1
Bengaluru,2026-05-08,12.97,77.59,Karnataka,33,23,33,22,0
Bengaluru,2026-05-09,12.97,77.59,Karnataka,33,22,33,22,0
Bengaluru,2026-05-10,12.97,77.59,Karnataka,33,21,33,22,0
Bengaluru,2026-05-11,12.97,77.59,Karnataka,34,23,33,22,1
Bengaluru,2026-05-12,12.97,77.59,Karnataka,34,23,33,22,1
Bengaluru,2026-05-13,12.97,77.59,Karnataka,34,24,33,22,1
Bengaluru,2026-05-14,12.97,77.59,Karnataka,34,23,33,22,1
Bengaluru,2026-05-15,12.97,77.59,Karnataka,30,23,33,22,-3
Bengaluru,2026-05-16,12.97,77.59,Karnataka,32,24,33,21,-1
Bengaluru,2026-05-19,12.97,77.59,Karnataka,30,21,33,21,-3
Bengaluru,2026-05-20,12.97,77.59,Karnataka,32,22,33,21,-1
Bengaluru,2026-05-21,12.97,77.59,Karnataka,34,23,33,21,1
Bengaluru,2026-05-22,12.97,77.59,Karnataka,30,19,33,21,-3
Bengaluru,2026-05-23,12.97,77.59,Karnataka,29,22,33,21,-4
Bengaluru,2026-05-24,12.97,77.59,Karnataka,32,22,33,21,-1
Bengaluru,2026-05-25,12.97,77.59,Karnataka,34,20,33,21,1
Bengaluru,2026-05-26,12.97,77.59,Karnataka,33,22,32,21,1
Bengaluru,2026-05-27,12.97,77.59,Karnataka,29,19,32,21,-3
Bengaluru,2026-05-28,12.97,77.59,Karnataka,32,22,32,21,0
Bengaluru,2026-05-29,12.97,77.59,Karnataka,32,22,32,21,0
Bengaluru,2026-05-31,12.97,77.59,Karnataka,32,20,31,21,1
Bengaluru,2026-06-01,12.97,77.59,Karnataka,31,21,31,21,0
Bengaluru,2026-06-02,12.97,77.59,Karnataka,32,22,31,21,1
Bengaluru,2026-06-03,12.97,77.59,Karnataka,29,22,31,21,-2
Bengaluru,2026-06-04,12.97,77.59,Karnataka,31,20,31,21,0
Bengaluru,2026-06-05,12.97,77.59,Karnataka,29,21,30,20,-1
Bengaluru,2026-06-06,12.97,77.59,Karnataka,29,21,30,20,-1
Bengaluru,2026-06-07,12.97,77.59,Karnataka,29,21,30,20,-1
Bengaluru,2026-06-08,12.97,77.59,Karnataka,29,21,30,20,-1
Bengaluru,2026-06-09,12.97,77.59,Karnataka,30,21,30,20,0
Bengaluru,2026-06-10,12.97,77.59,Karnataka,29,21,29,20,0
Bengaluru,2026-06-11,12.97,77.59,Karnataka,30,21,29,20,1
Bengaluru,2026-06-16,12.97,77.59,Karnataka,31,22,28,20,3
Bengaluru,2026-06-18,12.97,77.59,Karnataka,26,22,28,20,-2
Bengaluru,2026-06-19,12.97,77.59,Karnataka,28,21,28,20,0
Bengaluru,2026-06-21,12.97,77.59,Karnataka,30,21,29,20,1
Bengaluru,2026-06-22,12.97,77.59,Karnataka,29,21,29,20,0
Bengaluru,2026-06-23,12.97,77.59,Karnataka,28,21,29,20,-1
Bengaluru,2026-06-24,12.97,77.59,Karnataka,30,21,29,20,1
Bengaluru,2026-06-25,12.97,77.59,Karnataka,30,20,29,20,1
Bengaluru,2026-06-27,12.97,77.59,Karnataka,30,21,29,20,1
Bengaluru,2026-06-28,12.97,77.59,Karnataka,30,21,29,20,1
Bengaluru,2026-06-30,12.97,77.59,Karnataka,28,20,28,20,0
Bengaluru,2026-07-01,12.97,77.59,Karnataka,27,20,28,20,-1
Bengaluru,2026-07-02,12.97,77.59,Karnataka,29,21,28,20,1
Bengaluru,2026-07-03,12.97,77.59,Karnataka,27,20,28,20,-1
Bengaluru,2026-07-04,12.97,77.59,Karnataka,26,20,28,20,-2
Bengaluru,2026-07-05,12.97,77.59,Karnataka,29,20,28,20,1
Bengaluru,2026-07-06,12.97,77.59,Karnataka,28,20,28,20,0
Bengaluru,2026-07-07,12.97,77.59,Karnataka,28,21,28,20,0
Bengaluru,2026-07-08,12.97,77.59,Karnataka,28,21,28,20,0
Bengaluru,2026-07-09,12.97,77.59,Karnataka,29,21,28,20,1
Bengaluru,2026-07-10,12.97,77.59,Karnataka,28,21,28,20,0
Bengaluru,2026-07-11,12.97,77.59,Karnataka,31,21,28,20,3
Bengaluru,2026-07-12,12.97,77.59,Karnataka,32,21,28,20,4
Bengaluru,2026-07-13,12.97,77.59,Karnataka,32,21,28,20,4
Bengaluru,2026-07-14,12.97,77.59,Karnataka,33,20,28,20,5
Bengaluru,2026-07-15,12.97,77.59,Karnataka,32,20,28,20,4
Bengaluru,2026-07-16,12.97,77.59,Karnataka,29,20,28,20,1
Bengaluru,2026-07-19,12.97,77.59,Karnataka,29,20,28,20,1
Bengaluru,2026-07-20,12.97,77.59,Karnataka,29,21,28,20,1
Bengaluru,2026-07-21,12.97,77.59,Karnataka,29,21,28,20,1
Bengaluru,2026-07-22,12.97,77.59,Karnataka,27,20,28,20,-1
Bengaluru,2026-07-23,12.97,77.59,Karnataka,30,20,28,20,2
Bengaluru,2026-07-24,12.97,77.59,Karnataka,30,21,28,20,2
Bengaluru,2026-07-25,12.97,77.59,Karnataka,29,20,28,20,1
Bengaluru,2026-07-26,12.97,77.59,Karnataka,28,21,28,20,0
Bengaluru,2026-07-27,12.97,77.59,Karnataka,28,21,28,20,0
Thiruvananthuram,2025-05-07,8.51,76.94,Kerala,33,26,33,25,0
Thiruvananthuram,2025-05-06,8.51,76.94,Kerala,35,26,33,25,2
Thiruvananthuram,2025-05-08,8.51,76.94,Kerala,34,24,33,25,1
Thiruvananthuram,2025-05-09,8.51,76.94,Kerala,36,26,33,25,3
Thiruvananthuram,2025-05-10,8.51,76.94,Kerala,34,26,33,25,1
Thiruvananthuram,2025-05-11,8.51,76.94,Kerala,35,25,33,25,2
Thiruvananthuram,2025-05-12,8.51,76.94,Kerala,34,26,33,25,1
Thiruvananthuram,2025-05-13,8.51,76.94,Kerala,34,25,33,25,1
Thiruvananthuram,2025-05-14,8.51,76.94,Kerala,34,26,33,25,1
Thiruvananthuram,2025-05-15,8.51,76.94,Kerala,35,27,33,25,2
Thiruvananthuram,2025-05-16,8.51,76.94,Kerala,34,25,33,25,1
Thiruvananthuram,2025-05-17,8.51,76.94,Kerala,31,25,33,24,-2
Thiruvananthuram,2025-05-18,8.51,76.94,Kerala,33,26,33,25,0
Thiruvananthuram,2025-05-19,8.51,76.94,Kerala,32,25,33,25,-1
Thiruvananthuram,2025-05-20,8.51,76.94,Kerala,32,23,33,25,-1
Thiruvananthuram,2025-05-21,8.51,76.94,Kerala,32,25,33,25,-1
Thiruvananthuram,2025-05-22,8.51,76.94,Kerala,33,25,33,25,0
Thiruvananthuram,2025-05-23,8.51,76.94,Kerala,32,26,33,25,-1
Thiruvananthuram,2025-05-24,8.51,76.94,Kerala,29,23,33,25,-4
Thiruvananthuram,2025-05-25,8.51,76.94,Kerala,30,23,33,25,-3
Thiruvananthuram,2025-05-26,8.51,76.94,Kerala,30,23,32,25,-2
Thiruvananthuram,2025-05-27,8.51,76.94,Kerala,29,24,32,25,-3
Thiruvananthuram,2025-05-28,8.51,76.94,Kerala,33,26,32,25,1
Thiruvananthuram,2025-05-29,8.51,76.94,Kerala,31,26,32,25,-1
Thiruvananthuram,2025-05-30,8.51,76.94,Kerala,26,24,32,25,-6
Thiruvananthuram,2025-05-31,8.51,76.94,Kerala,29,23,32,25,-3
Thiruvananthuram,2025-06-01,8.51,76.94,Kerala,33,25,32,25,1
Thiruvananthuram,2025-06-02,8.51,76.94,Kerala,33,25,32,25,1
Thiruvananthuram,2025-06-03,8.51,76.94,Kerala,33,25,32,25,1
Thiruvananthuram,2025-06-04,8.51,76.94,Kerala,31,24,32,25,-1
Thiruvananthuram,2025-06-05,8.51,76.94,Kerala,34,25,31,24,3
Thiruvananthuram,2025-06-06,8.51,76.94,Kerala,34,25,31,24,3
Thiruvananthuram,2025-06-07,8.51,76.94,Kerala,34,26,31,24,3
Thiruvananthuram,2025-06-08,8.51,76.94,Kerala,34,26,31,24,3
Thiruvananthuram,2025-06-09,8.51,76.94,Kerala,33,24,31,24,2
Thiruvananthuram,2025-06-10,8.51,76.94,Kerala,32,26,31,24,1
Thiruvananthuram,2025-06-11,8.51,76.94,Kerala,31,24,31,24,0
Thiruvananthuram,2025-06-12,8.51,76.94,Kerala,31,24,31,24,0
Thiruvananthuram,2025-06-13,8.51,76.94,Kerala,29,25,31,24,-2
Thiruvananthuram,2025-06-14,8.51,76.94,Kerala,30,24,31,24,-1
Thiruvananthuram,2025-06-15,8.51,76.94,Kerala,29,23,31,24,-2
Thiruvananthuram,2025-06-16,8.51,76.94,Kerala,29,23,31,24,-2
Thiruvananthuram,2025-06-17,8.51,76.94,Kerala,31,23,31,24,0
Thiruvananthuram,2025-06-18,8.51,76.94,Kerala,32,24,31,24,1
Thiruvananthuram,2025-06-19,8.51,76.94,Kerala,31,25,31,24,0
Thiruvananthuram,2025-06-20,8.51,76.94,Kerala,32,25,31,24,1
Thiruvananthuram,2025-06-21,8.51,76.94,Kerala,31,25,31,24,0
Thiruvananthuram,2025-06-22,8.51,76.94,Kerala,32,25,31,24,1
Thiruvananthuram,2025-06-23,8.51,76.94,Kerala,31,24,31,24,0
Thiruvananthuram,2025-06-24,8.51,76.94,Kerala,32,26,31,24,1
Thiruvananthuram,2025-06-25,8.51,76.94,Kerala,32,26,31,24,1
Thiruvananthuram,2025-06-26,8.51,76.94,Kerala,27,25,31,24,-4
Thiruvananthuram,2025-06-27,8.51,76.94,Kerala,32,23,31,24,1
Thiruvananthuram,2025-06-28,8.51,76.94,Kerala,32,25,31,24,1
Thiruvananthuram,2025-06-29,8.51,76.94,Kerala,33,22,31,24,2
Thiruvananthuram,2025-06-30,8.51,76.94,Kerala,32,23,31,24,1
Thiruvananthuram,2025-07-01,8.51,76.94,Kerala,32,25,31,24,1
Thiruvananthuram,2025-07-02,8.51,76.94,Kerala,32,23,31,24,1
Thiruvananthuram,2025-07-03,8.51,76.94,Kerala,33,24,31,24,2
Thiruvananthuram,2025-07-04,8.51,76.94,Kerala,33,23,31,24,2
Thiruvananthuram,2025-07-05,8.51,76.94,Kerala,34,25,31,24,3
Thiruvananthuram,2025-07-06,8.51,76.94,Kerala,33,23,31,24,2
Thiruvananthuram,2025-07-07,8.51,76.94,Kerala,32,25,31,24,1
Thiruvananthuram,2025-07-08,8.51,76.94,Kerala,32,25,31,24,1
Thiruvananthuram,2025-07-09,8.51,76.94,Kerala,33,26,31,24,2
Thiruvananthuram,2025-07-10,8.51,76.94,Kerala,33,25,30,24,3
Thiruvananthuram,2025-07-11,8.51,76.94,Kerala,33,25,30,24,3
Thiruvananthuram,2025-07-12,8.51,76.94,Kerala,33,24,30,24,3
Thiruvananthuram,2025-07-13,8.51,76.94,Kerala,32,24,30,24,2
Thiruvananthuram,2025-07-14,8.51,76.94,Kerala,32,23,30,24,2
Thiruvananthuram,2025-07-15,8.51,76.94,Kerala,31,22,30,24,1
Thiruvananthuram,2025-07-16,8.51,76.94,Kerala,29,23,30,24,-1
Thiruvananthuram,2025-07-17,8.51,76.94,Kerala,28,23,30,24,-2
Thiruvananthuram,2025-07-18,8.51,76.94,Kerala,28,24,30,24,-2
Thiruvananthuram,2025-07-19,8.51,76.94,Kerala,28,23,30,24,-2
Thiruvananthuram,2025-07-20,8.51,76.94,Kerala,27,23,30,24,-3
Thiruvananthuram,2025-07-21,8.51,76.94,Kerala,30,23,30,24,0
Thiruvananthuram,2025-07-22,8.51,76.94,Kerala,30,23,30,24,0
Thiruvananthuram,2025-07-23,8.51,76.94,Kerala,30,23,30,24,0
Thiruvananthuram,2025-07-24,8.51,76.94,Kerala,29,23,30,24,-1
Thiruvananthuram,2025-07-25,8.51,76.94,Kerala,31,23,30,24,1
Thiruvananthuram,2025-07-26,8.51,76.94,Kerala,30,22,30,24,0
Thiruvananthuram,2025-07-28,8.51,76.94,Kerala,33,24,30,24,3
Thiruvananthuram,2025-07-29,8.51,76.94,Kerala,33,24,30,24,3
Thiruvananthuram,2025-07-30,8.51,76.94,Kerala,32,25,30,24,2
Thiruvananthuram,2025-08-03,8.51,76.94,Kerala,27,24,30,24,-3
Thiruvananthuram,2025-08-04,8.51,76.94,Kerala,31,23,31,24,0
Thiruvananthuram,2025-08-05,8.51,76.94,Kerala,31,23,31,24,0
Thiruvananthuram,2025-08-06,8.51,76.94,Kerala,32,24,31,24,1
Thiruvananthuram,2025-08-07,8.51,76.94,Kerala,32,24,31,24,1
Thiruvananthuram,2025-08-08,8.51,76.94,Kerala,32,24,31,24,1
Thiruvananthuram,2025-08-09,8.51,76.94,Kerala,31,24,31,24,0
Thiruvananthuram,2025-08-10,8.51,76.94,Kerala,31,25,31,24,0
Thiruvananthuram,2025-08-11,8.51,76.94,Kerala,30,25,31,24,-1
Thiruvananthuram,2025-08-12,8.51,76.94,Kerala,31,25,31,24,0
Thiruvananthuram,2025-08-13,8.51,76.94,Kerala,30,24,31,24,-1
Thiruvananthuram,2025-08-14,8.51,76.94,Kerala,30,23,31,24,-1
Thiruvananthuram,2025-08-15,8.51,76.94,Kerala,31,23,31,24,0
Thiruvananthuram,2025-08-16,8.51,76.94,Kerala,31,25,31,24,0
Thiruvananthuram,2025-08-17,8.51,76.94,Kerala,30,23,31,24,-1
Thiruvananthuram,2025-08-18,8.51,76.94,Kerala,31,25,31,24,0
Thiruvananthuram,2025-08-19,8.51,76.94,Kerala,32,25,31,24,1
Thiruvananthuram,2025-08-20,8.51,76.94,Kerala,32,25,31,24,1
Thiruvananthuram,2025-08-21,8.51,76.94,Kerala,33,23,31,24,2
Thiruvananthuram,2025-08-22,8.51,76.94,Kerala,33,25,31,24,2
Thiruvananthuram,2025-08-23,8.51,76.94,Kerala,33,25,31,24,2
Thiruvananthuram,2025-08-24,8.51,76.94,Kerala,32,24,31,24,1
Thiruvananthuram,2025-08-25,8.51,76.94,Kerala,35,25,31,24,4
Thiruvananthuram,2025-08-26,8.51,76.94,Kerala,32,25,31,24,1
Thiruvananthuram,2025-08-27,8.51,76.94,Kerala,32,24,31,24,1
Thiruvananthuram,2025-08-28,8.51,76.94,Kerala,31,23,31,24,0
Thiruvananthuram,2025-08-29,8.51,76.94,Kerala,31,24,31,24,0
Thiruvananthuram,2025-08-30,8.51,76.94,Kerala,30,24,31,24,-1
Thiruvananthuram,2025-08-31,8.51,76.94,Kerala,31,24,31,24,0
Thiruvananthuram,2025-09-01,8.51,76.94,Kerala,31,24,31,24,0
Thiruvananthuram,2025-09-02,8.51,76.94,Kerala,32,25,31,24,1
Thiruvananthuram,2025-09-03,8.51,76.94,Kerala,31,25,31,24,0
Thiruvananthuram,2025-09-04,8.51,76.94,Kerala,32,24,31,24,1
Thiruvananthuram,2025-09-05,8.51,76.94,Kerala,33,24,31,24,2
Thiruvananthuram,2025-09-06,8.51,76.94,Kerala,33,24,31,24,2
Thiruvananthuram,2025-09-07,8.51,76.94,Kerala,33,24,31,24,2
Thiruvananthuram,2025-09-08,8.51,76.94,Kerala,33,25,31,24,2
Thiruvananthuram,2025-09-09,8.51,76.94,Kerala,34,25,31,24,3
Thiruvananthuram,2025-09-10,8.51,76.94,Kerala,33,26,31,24,2
Thiruvananthuram,2025-09-11,8.51,76.94,Kerala,34,25,31,24,3
Thiruvananthuram,2025-09-12,8.51,76.94,Kerala,35,25,31,24,4
Thiruvananthuram,2025-09-13,8.51,76.94,Kerala,33,25,31,24,2
Thiruvananthuram,2025-09-14,8.51,76.94,Kerala,34,25,31,24,3
Thiruvananthuram,2025-09-15,8.51,76.94,Kerala,33,25,31,24,2
Thiruvananthuram,2025-09-16,8.51,76.94,Kerala,34,25,31,24,3
Thiruvananthuram,2025-09-17,8.51,76.94,Kerala,32,25,31,24,1
Thiruvananthuram,2025-09-18,8.51,76.94,Kerala,34,25,31,24,3
Thiruvananthuram,2025-09-19,8.51,76.94,Kerala,32,25,31,24,1
Thiruvananthuram,2025-09-20,8.51,76.94,Kerala,34,24,31,24,3
Thiruvananthuram,2025-09-21,8.51,76.94,Kerala,34,24,31,24,3
Thiruvananthuram,2025-09-22,8.51,76.94,Kerala,33,24,31,24,2
Thiruvananthuram,2025-09-23,8.51,76.94,Kerala,32,25,32,24,0
Thiruvananthuram,2025-09-24,8.51,76.94,Kerala,33,24,32,24,1
Thiruvananthuram,2025-09-25,8.51,76.94,Kerala,27,24,32,24,-5
Thiruvananthuram,2025-09-26,8.51,76.94,Kerala,27,23,32,24,-5
Thiruvananthuram,2025-09-27,8.51,76.94,Kerala,32,23,32,24,0
Thiruvananthuram,2025-09-28,8.51,76.94,Kerala,32,24,32,24,0
Thiruvananthuram,2025-09-29,8.51,76.94,Kerala,32,25,32,24,0
Thiruvananthuram,2025-09-30,8.51,76.94,Kerala,32,25,32,24,0
Thiruvananthuram,2025-10-01,8.51,76.94,Kerala,33,25,32,24,1
Thiruvananthuram,2025-10-02,8.51,76.94,Kerala,33,25,32,24,1
Thiruvananthuram,2025-10-03,8.51,76.94,Kerala,34,25,31,24,3
Thiruvananthuram,2025-10-04,8.51,76.94,Kerala,34,26,31,24,3
Thiruvananthuram,2025-10-05,8.51,76.94,Kerala,34,24,31,24,3
Thiruvananthuram,2025-10-06,8.51,76.94,Kerala,34,25,31,24,3
Thiruvananthuram,2025-10-07,8.51,76.94,Kerala,34,25,31,24,3
Thiruvananthuram,2025-10-08,8.51,76.94,Kerala,34,25,31,24,3
Thiruvananthuram,2025-10-09,8.51,76.94,Kerala,34,25,31,24,3
Thiruvananthuram,2025-10-10,8.51,76.94,Kerala,34,25,31,24,3
Thiruvananthuram,2025-10-11,8.51,76.94,Kerala,34,24,31,24,3
Thiruvananthuram,2025-10-12,8.51,76.94,Kerala,33,25,31,24,2
Thiruvananthuram,2025-10-13,8.51,76.94,Kerala,33,24,31,24,2
Thiruvananthuram,2025-10-14,8.51,76.94,Kerala,31,25,31,24,0
Thiruvananthuram,2025-10-15,8.51,76.94,Kerala,32,24,31,24,1
Thiruvananthuram,2025-10-16,8.51,76.94,Kerala,30,25,31,24,-1
Thiruvananthuram,2025-10-17,8.51,76.94,Kerala,30,25,31,24,-1
Thiruvananthuram,2025-10-18,8.51,76.94,Kerala,32,24,31,24,1
Thiruvananthuram,2025-10-19,8.51,76.94,Kerala,30,24,31,24,-1
Thiruvananthuram,2025-10-20,8.51,76.94,Kerala,32,24,31,24,1
Thiruvananthuram,2025-10-21,8.51,76.94,Kerala,28,24,31,24,-3
Thiruvananthuram,2025-10-22,8.51,76.94,Kerala,32,24,31,24,1
Thiruvananthuram,2025-10-23,8.51,76.94,Kerala,31,24,31,24,0
Thiruvananthuram,2025-10-24,8.51,76.94,Kerala,29,23,31,24,-2
Thiruvananthuram,2025-10-25,8.51,76.94,Kerala,32,24,31,24,1
Thiruvananthuram,2025-10-26,8.51,76.94,Kerala,32,24,31,24,1
Thiruvananthuram,2025-10-27,8.51,76.94,Kerala,31,24,31,24,0
Thiruvananthuram,2025-10-28,8.51,76.94,Kerala,30,23,31,24,-1
Thiruvananthuram,2025-10-29,8.51,76.94,Kerala,32,23,31,24,1
Thiruvananthuram,2025-10-30,8.51,76.94,Kerala,33,24,31,24,2
Thiruvananthuram,2025-10-31,8.51,76.94,Kerala,34,24,31,24,3
Thiruvananthuram,2025-11-01,8.51,76.94,Kerala,34,24,31,24,3
Thiruvananthuram,2025-11-02,8.51,76.94,Kerala,33,24,31,24,2
Thiruvananthuram,2025-11-03,8.51,76.94,Kerala,33,24,31,24,2
Thiruvananthuram,2025-11-04,8.51,76.94,Kerala,33,24,31,24,2
Thiruvananthuram,2025-11-05,8.51,76.94,Kerala,32,25,31,24,1
Thiruvananthuram,2025-11-06,8.51,76.94,Kerala,33,24,31,24,2
Thiruvananthuram,2026-01-06,8.51,76.94,Kerala,33,23,32,22,1
Thiruvananthuram,2026-01-07,8.51,76.94,Kerala,34,23,32,22,2
Thiruvananthuram,2026-01-08,8.51,76.94,Kerala,33,22,32,22,1
Thiruvananthuram,2026-01-09,8.51,76.94,Kerala,33,22,32,22,1
Thiruvananthuram,2026-01-10,8.51,76.94,Kerala,33,22,32,22,1
Thiruvananthuram,2026-01-11,8.51,76.94,Kerala,33,24,32,22,1
Thiruvananthuram,2026-01-12,8.51,76.94,Kerala,35,23,32,22,3
Thiruvananthuram,2026-01-13,8.51,76.94,Kerala,33,23,32,22,1
Thiruvananthuram,2026-01-14,8.51,76.94,Kerala,33,23,32,22,1
Thiruvananthuram,2026-01-15,8.51,76.94,Kerala,33,23,32,22,1
Thiruvananthuram,2026-01-16,8.51,76.94,Kerala,33,22,32,22,1
Thiruvananthuram,2026-01-17,8.51,76.94,Kerala,34,22,32,22,2
Thiruvananthuram,2026-01-18,8.51,76.94,Kerala,33,22,32,22,1
Thiruvananthuram,2026-01-19,8.51,76.94,Kerala,32,23,32,22,0
Thiruvananthuram,2026-01-20,8.51,76.94,Kerala,33,22,32,22,1
Thiruvananthuram,2026-01-21,8.51,76.94,Kerala,33,21,32,22,1
Thiruvananthuram,2026-01-22,8.51,76.94,Kerala,34,22,32,22,2
Thiruvananthuram,2026-01-23,8.51,76.94,Kerala,32,21,32,22,0
Thiruvananthuram,2026-01-24,8.51,76.94,Kerala,33,21,32,22,1
Thiruvananthuram,2026-01-25,8.51,76.94,Kerala,32,25,32,22,0
Thiruvananthuram,2026-01-26,8.51,76.94,Kerala,34,24,32,22,2
Thiruvananthuram,2026-01-27,8.51,76.94,Kerala,34,23,32,22,2
Thiruvananthuram,2026-01-28,8.51,76.94,Kerala,33,22,32,22,1
Thiruvananthuram,2026-01-29,8.51,76.94,Kerala,34,22,32,22,2
Thiruvananthuram,2026-01-30,8.51,76.94,Kerala,34,22,32,22,2
Thiruvananthuram,2026-01-31,8.51,76.94,Kerala,34,22,,,
Thiruvananthuram,2026-02-01,8.51,76.94,Kerala,34,23,33,22,1
Thiruvananthuram,2026-02-02,8.51,76.94,Kerala,25,24,33,22,-8
Thiruvananthuram,2026-02-03,8.51,76.94,Kerala,33,23,33,22,0
Thiruvananthuram,2026-02-04,8.51,76.94,Kerala,34,23,33,22,1
Thiruvananthuram,2026-02-05,8.51,76.94,Kerala,34,23,33,23,1
Thiruvananthuram,2026-02-06,8.51,76.94,Kerala,32,24,33,23,-1
Thiruvananthuram,2026-02-07,8.51,76.94,Kerala,34,23,33,23,1
Thiruvananthuram,2026-02-08,8.51,76.94,Kerala,34,22,33,23,1
Thiruvananthuram,2026-02-09,8.51,76.94,Kerala,34,22,33,33,1
Thiruvananthuram,2026-02-10,8.51,76.94,Kerala,33,23,33,23,0
Thiruvananthuram,2026-02-11,8.51,76.94,Kerala,34,22,33,23,1
Thiruvananthuram,2026-02-12,8.51,76.94,Kerala,33,21,33,23,0
Thiruvananthuram,2026-02-13,8.51,76.94,Kerala,34,22,33,23,1
Thiruvananthuram,2026-02-14,8.51,76.94,Kerala,34,23,33,23,1
Thiruvananthuram,2026-02-15,8.51,76.94,Kerala,35,23,33,23,2
Thiruvananthuram,2026-02-16,8.51,76.94,Kerala,34,23,33,23,1
Thiruvananthuram,2026-02-17,8.51,76.94,Kerala,35,23,33,23,2
Thiruvananthuram,2026-02-18,8.51,76.94,Kerala,35,25,33,23,2
Thiruvananthuram,2026-02-19,8.51,76.94,Kerala,35,24,33,23,2
Thiruvananthuram,2026-02-20,8.51,76.94,Kerala,35,24,33,23,2
Thiruvananthuram,2026-02-21,8.51,76.94,Kerala,33,25,33,23,0
Thiruvananthuram,2026-02-25,8.51,76.94,Kerala,33,25,33,23,0
Thiruvananthuram,2026-02-26,8.51,76.94,Kerala,33,24,33,23,0
Thiruvananthuram,2026-02-27,8.51,76.94,Kerala,33,24,33,23,0
Thiruvananthuram,2026-02-28,8.51,76.94,Kerala,33,24,33,23,0
Thiruvananthuram,2026-03-01,8.51,76.94,Kerala,33,23,33,23,0
Thiruvananthuram,2026-03-02,8.51,76.94,Kerala,33,23,33,23,0
Thiruvananthuram,2026-03-03,8.51,76.94,Kerala,34,23,33,23,1
Thiruvananthuram,2026-03-04,8.51,76.94,Kerala,33,22,33,23,0
Thiruvananthuram,2026-03-05,8.51,76.94,Kerala,33,23,33,23,0
Thiruvananthuram,2026-03-06,8.51,76.94,Kerala,34,24,33,23,1
Thiruvananthuram,2026-03-07,8.51,76.94,Kerala,34,25,33,24,1
Thiruvananthuram,2026-03-08,8.51,76.94,Kerala,35,24,33,24,2
Thiruvananthuram,2026-03-09,8.51,76.94,Kerala,34,24,33,24,1
Thiruvananthuram,2026-03-10,8.51,76.94,Kerala,35,23,33,24,2
Thiruvananthuram,2026-03-11,8.51,76.94,Kerala,34,24,33,24,1
Thiruvananthuram,2026-03-12,8.51,76.94,Kerala,34,24,33,24,1
Thiruvananthuram,2026-03-13,8.51,76.94,Kerala,33,24,33,24,0
Thiruvananthuram,2026-03-14,8.51,76.94,Kerala,34,24,33,24,1
Thiruvananthuram,2026-03-15,8.51,76.94,Kerala,34,23,33,24,1
Thiruvananthuram,2026-03-16,8.51,76.94,Kerala,34,25,33,24,1
Thiruvananthuram,2026-03-17,8.51,76.94,Kerala,34,25,33,24,1
Thiruvananthuram,2026-03-18,8.51,76.94,Kerala,34,25,33,24,1
Thiruvananthuram,2026-03-19,8.51,76.94,Kerala,34,24,33,24,1
Thiruvananthuram,2026-03-20,8.51,76.94,Kerala,36,24,33,24,3
Thiruvananthuram,2026-03-21,8.51,76.94,Kerala,35,25,33,24,2
Thiruvananthuram,2026-03-22,8.51,76.94,Kerala,35,26,34,25,1
Thiruvananthuram,2026-03-23,8.51,76.94,Kerala,34,24,34,25,0
Thiruvananthuram,2026-03-24,8.51,76.94,Kerala,36,24,34,25,2
Thiruvananthuram,2026-03-25,8.51,76.94,Kerala,36,24,34,25,2
Thiruvananthuram,2026-03-26,8.51,76.94,Kerala,35,24,34,25,1
Thiruvananthuram,2026-03-27,8.51,76.94,Kerala,35,24,34,25,1
Thiruvananthuram,2026-03-28,8.51,76.94,Kerala,36,27,34,25,2
Thiruvananthuram,2026-03-29,8.51,76.94,Kerala,37,25,34,25,3
Thiruvananthuram,2026-03-30,8.51,76.94,Kerala,36,23,34,25,2
Thiruvananthuram,2026-03-31,8.51,76.94,Kerala,34,24,34,25,0
Thiruvananthuram,2026-04-01,8.51,76.94,Kerala,34,24,34,25,0
Thiruvananthuram,2026-04-02,8.51,76.94,Kerala,34,24,34,25,0
Thiruvananthuram,2026-04-03,8.51,76.94,Kerala,35,26,34,25,1
Thiruvananthuram,2026-04-04,8.51,76.94,Kerala,36,25,34,25,2
Thiruvananthuram,2026-04-05,8.51,76.94,Kerala,35,26,34,25,1
Thiruvananthuram,2026-04-06,8.51,76.94,Kerala,37,27,33,25,4
Thiruvananthuram,2026-04-07,8.51,76.94,Kerala,36,26,33,25,3
Thiruvananthuram,2026-04-08,8.51,76.94,Kerala,37,25,33,25,4
Thiruvananthuram,2026-04-09,8.51,76.94,Kerala,35,28,33,25,2
Thiruvananthuram,2026-04-10,8.51,76.94,Kerala,36,25,33,25,3
Thiruvananthuram,2026-04-11,8.51,76.94,Kerala,36,26,33,25,3
Thiruvananthuram,2026-04-12,8.51,76.94,Kerala,35,24,33,25,2
Thiruvananthuram,2026-04-13,8.51,76.94,Kerala,35,25,33,25,2
Thiruvananthuram,2026-04-14,8.51,76.94,Kerala,36,27,33,25,3
Thiruvananthuram,2026-04-16,8.51,76.94,Kerala,36,27,33,25,3
Thiruvananthuram,2026-04-17,8.51,76.94,Kerala,35,26,33,25,2
Thiruvananthuram,2026-04-18,8.51,76.94,Kerala,35,26,33,25,2
Thiruvananthuram,2026-04-19,8.51,76.94,Kerala,35,26,33,25,2
Thiruvananthuram,2026-04-20,8.51,76.94,Kerala,35,27,33,25,2
Thiruvananthuram,2026-04-21,8.51,76.94,Kerala,35,27,33,25,2
Thiruvananthuram,2026-04-22,8.51,76.94,Kerala,35,24,33,25,2
Thiruvananthuram,2026-04-23,8.51,76.94,Kerala,35,26,33,25,2
Thiruvananthuram,2026-04-24,8.51,76.94,Kerala,35,26,33,25,2
Thiruvananthuram,2026-04-25,8.51,76.94,Kerala,35,26,33,25,2
Thiruvananthuram,2026-04-26,8.51,76.94,Kerala,34,26,33,25,1
Thiruvananthuram,2026-04-27,8.51,76.94,Kerala,35,26,33,25,2
Thiruvananthuram,2026-04-28,8.51,76.94,Kerala,34,26,33,25,1
Thiruvananthuram,2026-04-29,8.51,76.94,Kerala,34,25,33,25,1
Thiruvananthuram,2026-04-30,8.51,76.94,Kerala,36,25,33,25,3
Thiruvananthuram,2026-05-03,8.51,76.94,Kerala,36,26,33,25,3
Thiruvananthuram,2026-05-04,8.51,76.94,Kerala,35,26,33,25,2
Thiruvananthuram,2026-05-05,8.51,76.94,Kerala,35,25,33,25,2
Thiruvananthuram,2026-05-07,8.51,76.94,Kerala,34,25,33,25,1
Thiruvananthuram,2026-05-08,8.51,76.94,Kerala,34,24,33,25,1
Thiruvananthuram,2026-05-09,8.51,76.94,Kerala,30,24,33,25,-3
Thiruvananthuram,2026-05-10,8.51,76.94,Kerala,32,24,33,25,-1
Thiruvananthuram,2026-05-12,8.51,76.94,Kerala,34,26,33,25,1
Thiruvananthuram,2026-05-14,8.51,76.94,Kerala,33,26,33,25,0
Thiruvananthuram,2026-05-20,8.51,76.94,Kerala,33,25,32,25,1
Thiruvananthuram,2026-05-21,8.51,76.94,Kerala,33,26,32,25,1
Thiruvananthuram,2026-05-22,8.51,76.94,Kerala,31,24,32,25,-1
Thiruvananthuram,2026-05-23,8.51,76.94,Kerala,33,25,32,25,1
Thiruvananthuram,2026-05-24,8.51,76.94,Kerala,31,24,32,25,-1
Thiruvananthuram,2026-05-25,8.51,76.94,Kerala,32,24,32,25,0
Thiruvananthuram,2026-05-26,8.51,76.94,Kerala,32,25,32,24,0
Thiruvananthuram,2026-05-27,8.51,76.94,Kerala,30,25,32,24,-2
Thiruvananthuram,2026-05-28,8.51,76.94,Kerala,29,25,32,24,-3
Thiruvananthuram,2026-05-29,8.51,76.94,Kerala,31,24,32,24,-1
Thiruvananthuram,2026-05-31,8.51,76.94,Kerala,31,23,31,24,0
Thiruvananthuram,2026-06-01,8.51,76.94,Kerala,32,25,31,24,1
Thiruvananthuram,2026-06-02,8.51,76.94,Kerala,32,25,31,24,1
Thiruvananthuram,2026-06-03,8.51,76.94,Kerala,31,25,31,24,0
Thiruvananthuram,2026-06-04,8.51,76.94,Kerala,30,24,31,24,-1
Thiruvananthuram,2026-06-05,8.51,76.94,Kerala,31,24,30,24,1
Thiruvananthuram,2026-06-06,8.51,76.94,Kerala,32,25,30,24,2
Thiruvananthuram,2026-06-07,8.51,76.94,Kerala,30,24,30,24,0
Thiruvananthuram,2026-06-08,8.51,76.94,Kerala,30,22,30,24,0
Thiruvananthuram,2026-06-09,8.51,76.94,Kerala,31,23,30,24,1
Thiruvananthuram,2026-06-10,8.51,76.94,Kerala,30,24,30,24,0
Thiruvananthuram,2026-06-16,8.51,76.94,Kerala,33,26,30,24,3
Thiruvananthuram,2026-06-18,8.51,76.94,Kerala,31,24,30,24,1
Thiruvananthuram,2026-06-19,8.51,76.94,Kerala,33,24,30,24,3
Thiruvananthuram,2026-06-21,8.51,76.94,Kerala,32,25,30,24,2
Thiruvananthuram,2026-06-22,8.51,76.94,Kerala,30,23,30,24,0
Thiruvananthuram,2026-06-23,8.51,76.94,Kerala,31,24,30,24,1
Thiruvananthuram,2026-06-24,8.51,76.94,Kerala,33,24,30,24,3
Thiruvananthuram,2026-06-25,8.51,76.94,Kerala,33,25,30,23,3
Thiruvananthuram,2026-06-28,8.51,76.94,Kerala,30,23,30,23,0
Thiruvananthuram,2026-06-30,8.51,76.94,Kerala,32,24,30,23,2
Thiruvananthuram,2026-07-01,8.51,76.94,Kerala,32,24,30,23,2
Thiruvananthuram,2026-07-02,8.51,76.94,Kerala,32,24,30,23,2
Thiruvananthuram,2026-07-03,8.51,76.94,Kerala,31,24,30,23,1
Thiruvananthuram,2026-07-05,8.51,76.94,Kerala,31,23,30,23,1
Thiruvananthuram,2026-07-06,8.51,76.94,Kerala,32,24,30,23,2
Thiruvananthuram,2026-07-07,8.51,76.94,Kerala,32,25,30,23,2
Thiruvananthuram,2026-07-08,8.51,76.94,Kerala,33,24,30,23,3
Thiruvananthuram,2026-07-10,8.51,76.94,Kerala,30,24,30,23,0
Thiruvananthuram,2026-07-11,8.51,76.94,Kerala,32,24,30,23,2
Thiruvananthuram,2026-07-12,8.51,76.94,Kerala,32,25,30,23,2
Thiruvananthuram,2026-07-13,8.51,76.94,Kerala,32,25,30,23,2
Thiruvananthuram,2026-07-14,8.51,76.94,Kerala,33,25,30,23,3
Thiruvananthuram,2026-07-15,8.51,76.94,Kerala,33,25,30,23,3
Thiruvananthuram,2026-07-16,8.51,76.94,Kerala,32,25,30,23,2
Thiruvananthuram,2026-07-19,8.51,76.94,Kerala,32,24,30,23,2
Thiruvananthuram,2026-07-20,8.51,76.94,Kerala,33,24,30,23,3
Thiruvananthuram,2026-07-21,8.51,76.94,Kerala,33,25,30,23,3
Thiruvananthuram,2026-07-22,8.51,76.94,Kerala,32,24,30,23,2
Thiruvananthuram,2026-07-23,8.51,76.94,Kerala,33,25,30,23,3
Thiruvananthuram,2026-07-24,8.51,76.94,Kerala,34,24,30,23,4
Thiruvananthuram,2026-07-25,8.51,76.94,Kerala,33,24,30,23,3
Thiruvananthuram,2026-07-26,8.51,76.94,Kerala,33,25,30,23,3
Thiruvananthuram,2026-07-27,8.51,76.94,Kerala,33,25,30,23,3
Leh,2025-05-07,34.16,77.58,Ladakh,22,6,19,6,3
Leh,2025-05-06,34.16,77.58,Ladakh,21,5,19,6,2
Leh,2025-05-08,34.16,77.58,Ladakh,21,6,19,6,2
Leh,2025-05-09,34.16,77.58,Ladakh,20,7,19,6,1
Leh,2025-05-10,34.16,77.58,Ladakh,16,8,19,6,-3
Leh,2025-05-11,34.16,77.58,Ladakh,17,4,20,6,-3
Leh,2025-05-12,34.16,77.58,Ladakh,12,6,20,6,-8
Leh,2025-05-14,34.16,77.58,Ladakh,18,4,20,6,-2
Leh,2025-05-15,34.16,77.58,Ladakh,17,4,20,6,-3
Leh,2025-05-16,34.16,77.58,Ladakh,18,8,22,7,-4
Leh,2025-05-17,34.16,77.58,Ladakh,19,5,22,7,-3
Leh,2025-05-18,34.16,77.58,Ladakh,20,7,22,7,-2
Leh,2025-05-19,34.16,77.58,Ladakh,15,7,22,7,-7
Leh,2025-05-20,34.16,77.58,Ladakh,20,5,22,7,-2
Leh,2025-05-21,34.16,77.58,Ladakh,19,7,20,7,-1
Leh,2025-05-22,34.16,77.58,Ladakh,22,7,20,7,2
Leh,2025-05-23,34.16,77.58,Ladakh,22,9,20,7,2
Leh,2025-05-24,34.16,77.58,Ladakh,24,8,20,7,4
Leh,2025-05-25,34.16,77.58,Ladakh,21,8,20,7,1
Leh,2025-05-26,34.16,77.58,Ladakh,24,7,20,7,4
Leh,2025-05-27,34.16,77.58,Ladakh,24,9,20,7,4
Leh,2025-05-28,34.16,77.58,Ladakh,20,10,20,7,0
Leh,2025-05-29,34.16,77.58,Ladakh,19,6,20,7,-1
Leh,2025-05-30,34.16,77.58,Ladakh,20,6,20,7,0
Leh,2025-05-31,34.16,77.58,Ladakh,17,4,22,8,-5
Leh,2025-06-01,34.16,77.58,Ladakh,17,4,22,8,-5
Leh,2025-06-02,34.16,77.58,Ladakh,15,5,22,8,-7
Leh,2025-06-03,34.16,77.58,Ladakh,13,4,22,8,-9
Leh,2025-06-04,34.16,77.58,Ladakh,15,2,22,8,-7
Leh,2025-06-05,34.16,77.58,Ladakh,14,3,22,9,-8
Leh,2025-06-06,34.16,77.58,Ladakh,21,3,21,9,0
Leh,2025-06-07,34.16,77.58,Ladakh,24,6,22,9,2
Leh,2025-06-08,34.16,77.58,Ladakh,26,8,22,9,4
Leh,2025-06-09,34.16,77.58,Ladakh,27,9,22,9,5
Leh,2025-06-10,34.16,77.58,Ladakh,27,10,24,11,3
Leh,2025-06-11,34.16,77.58,Ladakh,26,10,24,11,2
Leh,2025-06-12,34.16,77.58,Ladakh,26,10,24,11,2
Leh,2025-06-13,34.16,77.58,Ladakh,27,11,24,11,3
Leh,2025-06-14,34.16,77.58,Ladakh,26,11,24,11,2
Leh,2025-06-16,34.16,77.58,Ladakh,20,10,25,12,-5
Leh,2025-06-17,34.16,77.58,Ladakh,14,8,25,12,-11
Leh,2025-06-18,34.16,77.58,Ladakh,22,8,25,12,-3
Leh,2025-06-19,34.16,77.58,Ladakh,26,11,25,12,1
Leh,2025-06-20,34.16,77.58,Ladakh,30,10,26,13,4
Leh,2025-06-21,34.16,77.58,Ladakh,30,12,26,13,4
Leh,2025-06-22,34.16,77.58,Ladakh,26,15,26,13,0
Leh,2025-06-23,34.16,77.58,Ladakh,29,13,26,13,3
Leh,2025-06-24,34.16,77.58,Ladakh,32,13,26,13,6
Leh,2025-06-25,34.16,77.58,Ladakh,31,15,27,14,4
Leh,2025-06-26,34.16,77.58,Ladakh,30,14,27,14,3
Leh,2025-06-27,34.16,77.58,Ladakh,29,16,27,14,2
Leh,2025-06-28,34.16,77.58,Ladakh,28,15,27,14,1
Leh,2025-06-29,34.16,77.58,Ladakh,29,14,27,14,2
Leh,2025-06-30,34.16,77.58,Ladakh,28,16,27,15,1
Leh,2025-07-01,34.16,77.58,Ladakh,29,13,27,15,2
Leh,2025-07-02,34.16,77.58,Ladakh,29,15,27,15,2
Leh,2025-07-03,34.16,77.58,Ladakh,29,17,27,15,2
Leh,2025-07-04,34.16,77.58,Ladakh,31,18,27,15,4
Leh,2025-07-05,34.16,77.58,Ladakh,31,18,28,16,3
Leh,2025-07-06,34.16,77.58,Ladakh,32,14,28,16,4
Leh,2025-07-07,34.16,77.58,Ladakh,31,16,28,16,3
Leh,2025-07-08,34.16,77.58,Ladakh,27,15,28,16,-1
Leh,2025-07-09,34.16,77.58,Ladakh,23,12,28,16,-5
Leh,2025-07-10,34.16,77.58,Ladakh,22,11,28,15,-6
Leh,2025-07-11,34.16,77.58,Ladakh,25,12,28,15,-3
Leh,2025-07-12,34.16,77.58,Ladakh,24,12,28,15,-4
Leh,2025-07-13,34.16,77.58,Ladakh,23,14,28,15,-5
Leh,2025-07-14,34.16,77.58,Ladakh,27,14,28,15,-1
Leh,2025-07-15,34.16,77.58,Ladakh,24,12,28,16,-4
Leh,2025-07-16,34.16,77.58,Ladakh,28,13,28,16,0
Leh,2025-07-17,34.16,77.58,Ladakh,30,15,28,16,2
Leh,2025-07-18,34.16,77.58,Ladakh,31,16,28,16,3
Leh,2025-07-19,34.16,77.58,Ladakh,23,11,28,16,-5
Leh,2025-07-20,34.16,77.58,Ladakh,26,13,29,16,-3
Leh,2025-07-21,34.16,77.58,Ladakh,30,15,29,16,1
Leh,2025-07-22,34.16,77.58,Ladakh,27,14,29,16,-2
Leh,2025-07-23,34.16,77.58,Ladakh,24,12,29,16,-5
Leh,2025-07-24,34.16,77.58,Ladakh,26,12,29,16,-3
Leh,2025-07-25,34.16,77.58,Ladakh,27,13,30,17,-3
Leh,2025-07-26,34.16,77.58,Ladakh,29,14,30,17,-1
Leh,2025-07-28,34.16,77.58,Ladakh,30,16,30,17,0
Leh,2025-07-30,34.16,77.58,Ladakh,25,16,29,16,-4
Leh,2025-07-31,34.16,77.58,Ladakh,26,11,29,16,-3
Leh,2025-08-01,34.16,77.58,Ladakh,21,15,29,16,-8
Leh,2025-08-02,34.16,77.58,Ladakh,19,12,29,16,-10
Leh,2025-08-03,34.16,77.58,Ladakh,26,11,29,16,-3
Leh,2025-08-04,34.16,77.58,Ladakh,27,15,29,16,-2
Leh,2025-08-05,34.16,77.58,Ladakh,28,15,29,16,-1
Leh,2025-08-06,34.16,77.58,Ladakh,26,12,29,16,-3
Leh,2025-08-07,34.16,77.58,Ladakh,25,11,29,16,-4
Leh,2025-08-08,34.16,77.58,Ladakh,28,12,29,16,-1
Leh,2025-08-09,34.16,77.58,Ladakh,29,13,29,16,0
Leh,2025-08-10,34.16,77.58,Ladakh,30,14,29,16,1
Leh,2025-08-11,34.16,77.58,Ladakh,31,14,29,16,2
Leh,2025-08-12,34.16,77.58,Ladakh,31,17,29,16,2
Leh,2025-08-13,34.16,77.58,Ladakh,30,15,29,16,1
Leh,2025-08-14,34.16,77.58,Ladakh,30,16,27,15,3
Leh,2025-08-15,34.16,77.58,Ladakh,26,14,27,15,-1
Leh,2025-08-16,34.16,77.58,Ladakh,27,11,27,15,0
Leh,2025-08-17,34.16,77.58,Ladakh,27,12,27,15,0
Leh,2025-08-18,34.16,77.58,Ladakh,25,11,27,15,-2
Leh,2025-08-19,34.16,77.58,Ladakh,24,10,28,15,-4
Leh,2025-08-20,34.16,77.58,Ladakh,24,11,28,15,-4
Leh,2025-08-21,34.16,77.58,Ladakh,27,11,28,15,-1
Leh,2025-08-22,34.16,77.58,Ladakh,28,11,28,15,0
Leh,2025-08-23,34.16,77.58,Ladakh,28,11,28,15,0
Leh,2025-08-24,34.16,77.58,Ladakh,13,11,28,15,-15
Leh,2025-08-25,34.16,77.58,Ladakh,9,7,28,15,-19
Leh,2025-08-28,34.16,77.58,Ladakh,27,23,31,25,-4
Leh,2025-08-29,34.16,77.58,Ladakh,9,7,28,15,-19
Leh,2025-08-30,34.16,77.58,Ladakh,24,8,26,13,-2
Leh,2025-08-31,34.16,77.58,Ladakh,17,10,26,13,-9
Leh,2025-09-01,34.16,77.58,Ladakh,13,8,26,13,-13
Leh,2025-09-02,34.16,77.58,Ladakh,12,6,26,13,-14
Leh,2025-09-03,34.16,77.58,Ladakh,11,5,25,12,-14
Leh,2025-09-04,34.16,77.58,Ladakh,17,5,25,12,-8
Leh,2025-09-05,34.16,77.58,Ladakh,20,6,25,12,-5
Leh,2025-09-06,34.16,77.58,Ladakh,23,7,25,12,-2
Leh,2025-09-07,34.16,77.58,Ladakh,20,11,25,12,-5
Leh,2025-09-08,34.16,77.58,Ladakh,17,8,24,11,-7
Leh,2025-09-09,34.16,77.58,Ladakh,16,8,24,11,-8
Leh,2025-09-10,34.16,77.58,Ladakh,21,6,24,11,-3
Leh,2025-09-11,34.16,77.58,Ladakh,23,6,24,11,-1
Leh,2025-09-12,34.16,77.58,Ladakh,24,8,24,11,0
Leh,2025-09-13,34.16,77.58,Ladakh,25,8,24,10,1
Leh,2025-09-14,34.16,77.58,Ladakh,26,9,24,10,2
Leh,2025-09-15,34.16,77.58,Ladakh,25,9,24,10,1
Leh,2025-09-16,34.16,77.58,Ladakh,24,8,24,10,0
Leh,2025-09-17,34.16,77.58,Ladakh,23,7,24,10,-1
Leh,2025-09-18,34.16,77.58,Ladakh,23,6,23,9,0
Leh,2025-09-19,34.16,77.58,Ladakh,21,10,23,9,-2
Leh,2025-09-20,34.16,77.58,Ladakh,20,5,23,9,-3
Leh,2025-09-21,34.16,77.58,Ladakh,22,5,23,9,-1
Leh,2025-09-22,34.16,77.58,Ladakh,24,6,23,9,1
Leh,2025-09-23,34.16,77.58,Ladakh,24,6,21,27,3
Leh,2025-09-24,34.16,77.58,Ladakh,22,5,21,7,1
Leh,2025-09-25,34.16,77.58,Ladakh,22,5,21,7,1
Leh,2025-09-26,34.16,77.58,Ladakh,21,5,21,7,0
Leh,2025-09-27,34.16,77.58,Ladakh,22,5,21,7,1
Leh,2025-09-28,34.16,77.58,Ladakh,21,5,21,4,0
Leh,2025-09-29,34.16,77.58,Ladakh,22,5,21,4,1
Leh,2025-09-30,34.16,77.58,Ladakh,19,4,21,4,-2
Leh,2025-10-01,34.16,77.58,Ladakh,19,4,21,4,-2
Leh,2025-10-02,34.16,77.58,Ladakh,19,4,21,4,-2
Leh,2025-10-03,34.16,77.58,Ladakh,18,4,20,4,-2
Leh,2025-10-04,34.16,77.58,Ladakh,16,5,20,4,-4
Leh,2025-10-05,34.16,77.58,Ladakh,12,2,20,4,-8
Leh,2025-10-06,34.16,77.58,Ladakh,7,0,20,4,-13
Leh,2025-10-07,34.16,77.58,Ladakh,9,-2,20,4,-11
Leh,2025-10-08,34.16,77.58,Ladakh,12,-2,18,2,-6
Leh,2025-10-09,34.16,77.58,Ladakh,12,-1,18,2,-6
Leh,2025-10-10,34.16,77.58,Ladakh,13,-2,18,2,-5
Leh,2025-10-11,34.16,77.58,Ladakh,12,0,18,2,-6
Leh,2025-10-12,34.16,77.58,Ladakh,14,-1,18,2,-4
Leh,2025-10-13,34.16,77.58,Ladakh,16,0,16,1,0
Leh,2025-10-14,34.16,77.58,Ladakh,17,0,16,1,1
Leh,2025-10-15,34.16,77.58,Ladakh,17,0,16,1,1
Leh,2025-10-16,34.16,77.58,Ladakh,15,0,16,1,-1
Leh,2025-10-17,34.16,77.58,Ladakh,15,0,16,1,-1
Leh,2025-10-18,34.16,77.58,Ladakh,15,0,15,-1,0
Leh,2025-10-19,34.16,77.58,Ladakh,15,0,15,-1,0
Leh,2025-10-20,34.16,77.58,Ladakh,16,0,15,-1,1
Leh,2025-10-21,34.16,77.58,Ladakh,15,-1,15,-1,0
Leh,2025-10-22,34.16,77.58,Ladakh,12,0,15,-1,-3
Leh,2025-10-23,34.16,77.58,Ladakh,9,-2,14,-3,-5
Leh,2025-10-24,34.16,77.58,Ladakh,11,-2,14,-3,-3
Leh,2025-10-25,34.16,77.58,Ladakh,10,-2,14,-3,-4
Leh,2025-10-26,34.16,77.58,Ladakh,11,-3,14,-3,-3
Leh,2025-10-27,34.16,77.58,Ladakh,12,-2,14,-3,-2
Leh,2025-10-28,34.16,77.58,Ladakh,11,-2,14,-4,-3
Leh,2025-10-29,34.16,77.58,Ladakh,13,-2,14,-4,-1
Leh,2025-10-30,34.16,77.58,Ladakh,12,-2,14,-4,-2
Leh,2025-10-31,34.16,77.58,Ladakh,13,-2,14,-4,-1
Leh,2025-11-01,34.16,77.58,Ladakh,14,-2,14,-4,0
Leh,2025-11-02,34.16,77.58,Ladakh,13,-2,13,-4,0
Leh,2025-11-03,34.16,77.58,Ladakh,12,-3,13,-4,-1
Leh,2025-11-04,34.16,77.58,Ladakh,10,-3,13,-4,-3
Leh,2025-11-05,34.16,77.58,Ladakh,7,-2,13,-4,-6
Leh,2025-11-06,34.16,77.58,Ladakh,7,-6,13,-4,-6
Leh,2026-01-06,34.16,77.58,Ladakh,-1,-11,1,-12,-2
Leh,2026-01-07,34.16,77.58,Ladakh,-1,-14,1,-12,-2
Leh,2026-01-08,34.16,77.58,Ladakh,-1,-14,1,-12,-2
Leh,2026-01-09,34.16,77.58,Ladakh,-1,-14,1,-12,-2
Leh,2026-01-10,34.16,77.58,Ladakh,0,-14,1,-12,-1
Leh,2026-01-11,34.16,77.58,Ladakh,1,-13,2,-12,-1
Leh,2026-01-12,34.16,77.58,Ladakh,0,-10,2,-12,-2
Leh,2026-01-13,34.16,77.58,Ladakh,2,-11,2,-12,0
Leh,2026-01-14,34.16,77.58,Ladakh,2,-11,2,-12,0
Leh,2026-01-15,34.16,77.58,Ladakh,2,-11,2,-12,0
Leh,2026-01-16,34.16,77.58,Ladakh,3,-9,1,-11,2
Leh,2026-01-17,34.16,77.58,Ladakh,3,-7,1,-11,2
Leh,2026-01-18,34.16,77.58,Ladakh,3,-8,1,-11,2
Leh,2026-01-19,34.16,77.58,Ladakh,0,-8,1,-11,-1
Leh,2026-01-20,34.16,77.58,Ladakh,0,-9,1,-11,-1
Leh,2026-01-21,34.16,77.58,Ladakh,3,-10,0,-13,3
Leh,2026-01-22,34.16,77.58,Ladakh,1,-10,0,-13,1
Leh,2026-01-23,34.16,77.58,Ladakh,0,-3,0,-13,0
Leh,2026-01-24,34.16,77.58,Ladakh,-2,10,0,-13,-2
Leh,2026-01-25,34.16,77.58,Ladakh,-2,-13,0,-13,-2
Leh,2026-01-26,34.16,77.58,Ladakh,-1,-12,1,-14,-2
Leh,2026-01-27,34.16,77.58,Ladakh,-1,-7,1,-14,-2
Leh,2026-01-28,34.16,77.58,Ladakh,1,-10,1,-14,0
Leh,2026-01-29,34.16,77.58,Ladakh,0,-10,1,-14,-1
Leh,2026-01-30,34.16,77.58,Ladakh,1,-10,1,-14,0
Leh,2026-01-31,34.16,77.58,Ladakh,3,-8,,,
Leh,2026-02-01,34.16,77.58,Ladakh,4,-6,2,-12,2
Leh,2026-02-02,34.16,77.58,Ladakh,1,-8,2,-12,-1
Leh,2026-02-03,34.16,77.58,Ladakh,1,-7,2,-12,-1
Leh,2026-02-04,34.16,77.58,Ladakh,0,-10,2,-12,-2
Leh,2026-02-05,34.16,77.58,Ladakh,0,-12,2,-10,-2
Leh,2026-02-06,34.16,77.58,Ladakh,2,-11,2,-10,0
Leh,2026-02-07,34.16,77.58,Ladakh,2,-10,2,-10,0
Leh,2026-02-08,34.16,77.58,Ladakh,2,-11,2,-10,0
Leh,2026-02-09,34.16,77.58,Ladakh,3,-8,2,-10,1
Leh,2026-02-10,34.16,77.58,Ladakh,4,-8,3,-10,1
Leh,2026-02-11,34.16,77.58,Ladakh,3,-5,3,-10,0
Leh,2026-02-12,34.16,77.58,Ladakh,4,-9,3,-10,1
Leh,2026-02-13,34.16,77.58,Ladakh,5,-6,3,-10,2
Leh,2026-02-14,34.16,77.58,Ladakh,4,-7,3,-10,1
Leh,2026-02-15,34.16,77.58,Ladakh,4,-9,4,-8,0
Leh,2026-02-16,34.16,77.58,Ladakh,6,-8,4,-8,2
Leh,2026-02-17,34.16,77.58,Ladakh,5,-7,4,-8,1
Leh,2026-02-18,34.16,77.58,Ladakh,6,-7,4,-8,2
Leh,2026-02-19,34.16,77.58,Ladakh,7,-7,4,-8,3
Leh,2026-02-20,34.16,77.58,Ladakh,8,-7,5,-7,3
Leh,2026-02-21,34.16,77.58,Ladakh,8,-6,5,-7,3
Leh,2026-02-25,34.16,77.58,Ladakh,7,-7,5,-7,2
Leh,2026-02-26,34.16,77.58,Ladakh,7,-7,5,-7,2
Leh,2026-02-27,34.16,77.58,Ladakh,6,-6,5,-7,1
Leh,2026-02-28,34.16,77.58,Ladakh,6,-5,5,-7,1
Leh,2026-03-01,34.16,77.58,Ladakh,6,-7,5,-7,1
Leh,2026-03-02,34.16,77.58,Ladakh,7,-8,7,-6,0
Leh,2026-03-03,34.16,77.58,Ladakh,10,-10,7,-6,3
Leh,2026-03-04,34.16,77.58,Ladakh,13,-3,7,-6,6
Leh,2026-03-05,34.16,77.58,Ladakh,15,0,7,-6,8
Leh,2026-03-06,34.16,77.58,Ladakh,14,0,7,-6,7
Leh,2026-03-07,34.16,77.58,Ladakh,13,1,8,-5,5
Leh,2026-03-08,34.16,77.58,Ladakh,12,-1,8,-5,4
Leh,2026-03-09,34.16,77.58,Ladakh,13,-2,8,-5,5
Leh,2026-03-10,34.16,77.58,Ladakh,13,3,8,-5,5
Leh,2026-03-11,34.16,77.58,Ladakh,10,2,8,-5,2
Leh,2026-03-12,34.16,77.58,Ladakh,6,0,9,-4,-3
Leh,2026-03-13,34.16,77.58,Ladakh,7,-3,9,-4,-2
Leh,2026-03-14,34.16,77.58,Ladakh,8,-5,9,-4,-1
Leh,2026-03-15,34.16,77.58,Ladakh,9,-3,9,-4,0
Leh,2026-03-16,34.16,77.58,Ladakh,6,-4,9,-4,-3
Leh,2026-03-17,34.16,77.58,Ladakh,4,-6,10,-2,-6
Leh,2026-03-18,34.16,77.58,Ladakh,7,-4,10,-2,-3
Leh,2026-03-19,34.16,77.58,Ladakh,10,-2,10,-2,0
Leh,2026-03-20,34.16,77.58,Ladakh,6,0,10,-2,-4
Leh,2026-03-21,34.16,77.58,Ladakh,7,-3,10,-2,-3
Leh,2026-03-22,34.16,77.58,Ladakh,9,-4,11,-1,-2
Leh,2026-03-23,34.16,77.58,Ladakh,10,-1,11,-1,-1
Leh,2026-03-24,34.16,77.58,Ladakh,6,-4,11,-1,-5
Leh,2026-03-25,34.16,77.58,Ladakh,10,-3,11,-1,-1
Leh,2026-03-26,34.16,77.58,Ladakh,10,-1,11,-1,-1
Leh,2026-03-27,34.16,77.58,Ladakh,12,0,13,-1,-1
Leh,2026-03-28,34.16,77.58,Ladakh,12,-3,13,-1,-1
Leh,2026-03-29,34.16,77.58,Ladakh,13,3,13,-1,0
Leh,2026-03-30,34.16,77.58,Ladakh,15,3,13,-1,2
Leh,2026-03-31,34.16,77.58,Ladakh,13,1,13,-1,0
Leh,2026-04-01,34.16,77.58,Ladakh,12,0,13,0,-1
Leh,2026-04-02,34.16,77.58,Ladakh,12,-1,13,0,-1
Leh,2026-04-03,34.16,77.58,Ladakh,14,0,13,0,1
Leh,2026-04-04,34.16,77.58,Ladakh,12,1,13,0,-1
Leh,2026-04-05,34.16,77.58,Ladakh,11,-1,13,0,-2
Leh,2026-04-06,34.16,77.58,Ladakh,11,-1,13,0,-2
Leh,2026-04-07,34.16,77.58,Ladakh,12,-1,13,0,-1
Leh,2026-04-08,34.16,77.58,Ladakh,11,1,13,0,-2
Leh,2026-04-09,34.16,77.58,Ladakh,9,-2,13,0,-4
Leh,2026-04-10,34.16,77.58,Ladakh,10,-2,13,0,-3
Leh,2026-04-11,34.16,77.58,Ladakh,8,-2,14,1,-6
Leh,2026-04-12,34.16,77.58,Ladakh,8,-2,14,1,-6
Leh,2026-04-13,34.16,77.58,Ladakh,12,-2,14,1,-2
Leh,2026-04-14,34.16,77.58,Ladakh,13,-1,14,1,-1
Leh,2026-04-16,34.16,77.58,Ladakh,14,0,15,2,-1
Leh,2026-04-17,34.16,77.58,Ladakh,13,5,15,2,-2
Leh,2026-04-18,34.16,77.58,Ladakh,12,3,15,2,-3
Leh,2026-04-19,34.16,77.58,Ladakh,12,3,15,2,-3
Leh,2026-04-20,34.16,77.58,Ladakh,14,0,15,2,-1
Leh,2026-04-21,34.16,77.58,Ladakh,15,0,17,2,-2
Leh,2026-04-22,34.16,77.58,Ladakh,19,1,17,2,2
Leh,2026-04-23,34.16,77.58,Ladakh,19,3,17,2,2
Leh,2026-04-24,34.16,77.58,Ladakh,19,4,17,2,2
Leh,2026-04-25,34.16,77.58,Ladakh,17,8,17,2,0
Leh,2026-04-26,34.16,77.58,Ladakh,17,2,17,3,0
Leh,2026-04-27,34.16,77.58,Ladakh,18,3,17,3,1
Leh,2026-04-28,34.16,77.58,Ladakh,18,4,17,3,1
Leh,2026-04-29,34.16,77.58,Ladakh,16,2,17,3,-1
Leh,2026-04-30,34.16,77.58,Ladakh,13,4,17,3,-4
Leh,2026-05-01,34.16,77.58,Ladakh,14,3,18,4,-4
Leh,2026-05-02,34.16,77.58,Ladakh,14,2,18,4,-4
Leh,2026-05-03,34.16,77.58,Ladakh,17,3,18,4,-1
Leh,2026-05-04,34.16,77.58,Ladakh,17,3,18,4,-1
Leh,2026-05-05,34.16,77.58,Ladakh,14,2,18,4,-4
Leh,2026-05-06,34.16,77.58,Ladakh,14,0,19,5,-5
Leh,2026-05-07,34.16,77.58,Ladakh,16,3,19,5,-3
Leh,2026-05-10,34.16,77.58,Ladakh,21,3,19,5,2
Leh,2026-05-11,34.16,77.58,Ladakh,21,7,20,6,1
Leh,2026-05-12,34.16,77.58,Ladakh,17,6,20,6,-3
Leh,2026-05-13,34.16,77.58,Ladakh,14,1,20,6,-6
Leh,2026-05-14,34.16,77.58,Ladakh,15,0,20,6,-5
Leh,2026-05-15,34.16,77.58,Ladakh,16,3,20,6,-4
Leh,2026-05-16,34.16,77.58,Ladakh,16,1,21,7,-5
Leh,2026-05-20,34.16,77.58,Ladakh,20,5,21,7,-1
Leh,2026-05-21,34.16,77.58,Ladakh,18,4,20,7,-2
Leh,2026-05-22,34.16,77.58,Ladakh,14,3,20,7,-6
Leh,2026-05-23,34.16,77.58,Ladakh,17,2,20,7,-3
Leh,2026-05-24,34.16,77.58,Ladakh,17,2,20,7,-3
Leh,2026-05-25,34.16,77.58,Ladakh,14,4,20,7,-6
Leh,2026-05-26,34.16,77.58,Ladakh,17,2,20,7,-3
Leh,2026-05-27,34.16,77.58,Ladakh,19,3,20,7,-1
Leh,2026-05-28,34.16,77.58,Ladakh,15,4,20,7,-5
Leh,2026-05-29,34.16,77.58,Ladakh,17,1,20,7,-3
Leh,2026-05-31,34.16,77.58,Ladakh,17,3,21,8,-4
Leh,2026-06-01,34.16,77.58,Ladakh,22,6,21,8,1
Leh,2026-06-02,34.16,77.58,Ladakh,22,10,21,8,1
Leh,2026-06-03,34.16,77.58,Ladakh,21,6,21,8,0
Leh,2026-06-04,34.16,77.58,Ladakh,23,7,21,8,2
Leh,2026-06-05,34.16,77.58,Ladakh,19,9,22,9,-3
Leh,2026-06-06,34.16,77.58,Ladakh,19,5,22,9,-3
Leh,2026-06-07,34.16,77.58,Ladakh,19,6,22,9,-3
Leh,2026-06-08,34.16,77.58,Ladakh,20,5,22,9,-2
Leh,2026-06-09,34.16,77.58,Ladakh,17,7,22,9,-5
Leh,2026-06-10,34.16,77.58,Ladakh,23,4,23,10,0
Leh,2026-06-15,34.16,77.58,Ladakh,16,5,24,11,-8
Leh,2026-06-16,34.16,77.58,Ladakh,20,4,24,11,-4
Leh,2026-06-19,34.16,77.58,Ladakh,20,7,24,11,-4
Leh,2026-06-21,34.16,77.58,Ladakh,21,6,25,12,-4
Leh,2026-06-22,34.16,77.58,Ladakh,14,8,25,12,-11
Leh,2026-06-23,34.16,77.58,Ladakh,17,5,25,12,-8
Leh,2026-06-24,34.16,77.58,Ladakh,25,9,25,12,0
Leh,2026-06-25,34.16,77.58,Ladakh,25,9,27,13,-2
Leh,2026-06-27,34.16,77.58,Ladakh,25,13,27,13,-2
Leh,2026-06-28,34.16,77.58,Ladakh,26,11,27,13,-1
Leh,2026-06-30,34.16,77.58,Ladakh,29,11,27,14,2
Leh,2026-07-01,34.16,77.58,Ladakh,29,14,27,14,2
Leh,2026-07-02,34.16,77.58,Ladakh,23,14,27,14,-4
Leh,2026-07-03,34.16,77.58,Ladakh,25,10,27,14,-2
Leh,2026-07-04,34.16,77.58,Ladakh,24,13,27,14,-3
Leh,2026-07-05,34.16,77.58,Ladakh,26,12,28,15,-2
Leh,2026-07-06,34.16,77.58,Ladakh,25,13,28,15,-3
Leh,2026-07-07,34.16,77.58,Ladakh,24,14,28,15,-4
Leh,2026-07-08,34.16,77.58,Ladakh,15,11,28,15,-13
Leh,2026-07-09,34.16,77.58,Ladakh,23,9,28,15,-5
Leh,2026-07-10,34.16,77.58,Ladakh,23,12,28,15,-5
Leh,2026-07-11,34.16,77.58,Ladakh,25,11,28,15,-3
Leh,2026-07-12,34.16,77.58,Ladakh,20,10,28,15,-8
Leh,2026-07-13,34.16,77.58,Ladakh,23,9,28,15,-5
Leh,2026-07-14,34.16,77.58,Ladakh,24,10,28,15,-4
Leh,2026-07-15,34.16,77.58,Ladakh,24,13,28,15,-4
Leh,2026-07-16,34.16,77.58,Ladakh,27,13,28,15,-1
Leh,2026-07-19,34.16,77.58,Ladakh,30,15,28,15,2
Leh,2026-07-20,34.16,77.58,Ladakh,29,15,28,16,1
Leh,2026-07-21,34.16,77.58,Ladakh,20,9,28,16,-8
Leh,2026-07-22,34.16,77.58,Ladakh,20,10,28,16,-8
Leh,2026-07-23,34.16,77.58,Ladakh,18,10,28,16,-10
Leh,2026-07-24,34.16,77.58,Ladakh,20,9,28,16,-8
Leh,2026-07-25,34.16,77.58,Ladakh,21,10,29,17,-8
Leh,2026-07-26,34.16,77.58,Ladakh,26,11,29,17,-3
Leh,2026-07-27,34.16,77.58,Ladakh,28,13,29,17,-1
Minicoy,2025-05-06,8.27,73.04,Lakshadweep,34,28,33,27,1
Minicoy,2025-05-08,8.27,73.04,Lakshadweep,35,28,33,27,2
Minicoy,2025-05-09,8.27,73.04,Lakshadweep,34,28,33,27,1
Minicoy,2025-05-10,8.27,73.04,Lakshadweep,34,26,33,27,1
Minicoy,2025-05-11,8.27,73.04,Lakshadweep,34,26,33,27,1
Minicoy,2025-05-12,8.27,73.04,Lakshadweep,34,26,33,27,1
Minicoy,2025-05-13,8.27,73.04,Lakshadweep,34,26,33,27,1
Minicoy,2025-05-14,8.27,73.04,Lakshadweep,35,29,33,27,2
Minicoy,2025-05-15,8.27,73.04,Lakshadweep,33,28,33,27,0
Minicoy,2025-05-16,8.27,73.04,Lakshadweep,34,28,33,27,1
Minicoy,2025-05-17,8.27,73.04,Lakshadweep,34,28,33,27,1
Minicoy,2025-05-18,8.27,73.04,Lakshadweep,35,28,33,27,2
Minicoy,2025-05-19,8.27,73.04,Lakshadweep,33,27,33,27,0
Minicoy,2025-05-20,8.27,73.04,Lakshadweep,34,26,33,27,1
Minicoy,2025-05-21,8.27,73.04,Lakshadweep,34,28,33,27,1
Minicoy,2025-05-22,8.27,73.04,Lakshadweep,35,28,33,27,2
Minicoy,2025-05-23,8.27,73.04,Lakshadweep,35,28,33,27,2
Minicoy,2025-05-24,8.27,73.04,Lakshadweep,30,24,33,27,-3
Minicoy,2025-05-25,8.27,73.04,Lakshadweep,31,26,33,27,-2
Minicoy,2025-05-26,8.27,73.04,Lakshadweep,30,25,32,26,-2
Minicoy,2025-05-27,8.27,73.04,Lakshadweep,33,27,32,26,1
Minicoy,2025-05-28,8.27,73.04,Lakshadweep,33,27,32,26,1
Minicoy,2025-05-29,8.27,73.04,Lakshadweep,31,25,32,26,-1
Minicoy,2025-05-30,8.27,73.04,Lakshadweep,29,24,32,26,-3
Minicoy,2025-05-31,8.27,73.04,Lakshadweep,32,25,32,26,0
Minicoy,2025-06-01,8.27,73.04,Lakshadweep,33,26,32,26,1
Minicoy,2025-06-02,8.27,73.04,Lakshadweep,33,28,32,26,1
Minicoy,2025-06-03,8.27,73.04,Lakshadweep,34,27,32,26,2
Minicoy,2025-06-04,8.27,73.04,Lakshadweep,32,25,32,26,0
Minicoy,2025-06-05,8.27,73.04,Lakshadweep,33,27,31,25,2
Minicoy,2025-06-06,8.27,73.04,Lakshadweep,33,28,31,25,2
Minicoy,2025-06-07,8.27,73.04,Lakshadweep,33,28,31,25,2
Minicoy,2025-06-08,8.27,73.04,Lakshadweep,33,28,31,25,2
Minicoy,2025-06-09,8.27,73.04,Lakshadweep,34,25,31,25,3
Minicoy,2025-06-10,8.27,73.04,Lakshadweep,33,27,31,26,2
Minicoy,2025-06-11,8.27,73.04,Lakshadweep,33,25,31,26,2
Minicoy,2025-06-12,8.27,73.04,Lakshadweep,32,25,31,26,1
Minicoy,2025-06-13,8.27,73.04,Lakshadweep,32,24,31,26,1
Minicoy,2025-06-14,8.27,73.04,Lakshadweep,30,24,31,26,-1
Minicoy,2025-06-15,8.27,73.04,Lakshadweep,30,24,32,26,-2
Minicoy,2025-06-16,8.27,73.04,Lakshadweep,31,23,32,26,-1
Minicoy,2025-06-17,8.27,73.04,Lakshadweep,33,27,32,26,1
Minicoy,2025-06-18,8.27,73.04,Lakshadweep,33,27,32,26,1
Minicoy,2025-06-19,8.27,73.04,Lakshadweep,32,26,32,26,0
Minicoy,2025-06-20,8.27,73.04,Lakshadweep,33,23,32,26,1
Minicoy,2025-06-21,8.27,73.04,Lakshadweep,33,26,32,26,1
Minicoy,2025-06-22,8.27,73.04,Lakshadweep,33,26,32,26,1
Minicoy,2025-06-23,8.27,73.04,Lakshadweep,32,27,32,26,0
Minicoy,2025-06-24,8.27,73.04,Lakshadweep,33,26,32,26,1
Minicoy,2025-06-25,8.27,73.04,Lakshadweep,33,27,32,26,1
Minicoy,2025-06-26,8.27,73.04,Lakshadweep,32,27,32,26,0
Minicoy,2025-06-27,8.27,73.04,Lakshadweep,33,27,33,26,0
Minicoy,2025-06-28,8.27,73.04,Lakshadweep,31,25,32,26,-1
Minicoy,2025-06-29,8.27,73.04,Lakshadweep,34,27,32,26,2
Minicoy,2025-06-30,8.27,73.04,Lakshadweep,33,27,31,26,2
Minicoy,2025-07-01,8.27,73.04,Lakshadweep,33,26,31,26,2
Minicoy,2025-07-02,8.27,73.04,Lakshadweep,33,26,31,26,2
Minicoy,2025-07-03,8.27,73.04,Lakshadweep,32,27,31,26,1
Minicoy,2025-07-04,8.27,73.04,Lakshadweep,34,28,31,26,3
Minicoy,2025-07-05,8.27,73.04,Lakshadweep,33,27,31,26,2
Minicoy,2025-07-06,8.27,73.04,Lakshadweep,33,25,31,26,2
Minicoy,2025-07-07,8.27,73.04,Lakshadweep,33,27,31,26,2
Minicoy,2025-07-08,8.27,73.04,Lakshadweep,33,28,31,26,2
Minicoy,2025-07-09,8.27,73.04,Lakshadweep,34,28,31,26,3
Minicoy,2025-07-10,8.27,73.04,Lakshadweep,33,27,31,25,2
Minicoy,2025-07-11,8.27,73.04,Lakshadweep,34,28,31,25,3
Minicoy,2025-07-12,8.27,73.04,Lakshadweep,32,24,31,25,1
Minicoy,2025-07-13,8.27,73.04,Lakshadweep,33,27,31,25,2
Minicoy,2025-07-14,8.27,73.04,Lakshadweep,30,23,31,25,-1
Minicoy,2025-07-15,8.27,73.04,Lakshadweep,32,28,31,25,1
Minicoy,2025-07-16,8.27,73.04,Lakshadweep,31,25,31,25,0
Minicoy,2025-07-17,8.27,73.04,Lakshadweep,31,27,31,25,0
Minicoy,2025-07-18,8.27,73.04,Lakshadweep,30,27,31,25,-1
Minicoy,2025-07-19,8.27,73.04,Lakshadweep,29,24,31,25,-2
Minicoy,2025-07-20,8.27,73.04,Lakshadweep,29,24,31,25,-2
Minicoy,2025-07-21,8.27,73.04,Lakshadweep,29,24,31,25,-2
Minicoy,2025-07-22,8.27,73.04,Lakshadweep,29,23,31,25,-2
Minicoy,2025-07-23,8.27,73.04,Lakshadweep,30,23,31,25,-1
Minicoy,2025-07-24,8.27,73.04,Lakshadweep,30,23,31,25,-1
Minicoy,2025-07-25,8.27,73.04,Lakshadweep,31,25,31,25,0
Minicoy,2025-07-26,8.27,73.04,Lakshadweep,30,24,31,25,-1
Minicoy,2025-07-28,8.27,73.04,Lakshadweep,32,27,31,25,1
Minicoy,2025-07-29,8.27,73.04,Lakshadweep,32,24,31,25,1
Minicoy,2025-07-30,8.27,73.04,Lakshadweep,31,24,31,26,0
Minicoy,2025-08-03,8.27,73.04,Lakshadweep,29,26,31,26,-2
Minicoy,2025-08-04,8.27,73.04,Lakshadweep,30,25,31,26,-1
Minicoy,2025-08-05,8.27,73.04,Lakshadweep,28,24,31,26,-3
Minicoy,2025-08-06,8.27,73.04,Lakshadweep,31,24,31,26,0
Minicoy,2025-08-07,8.27,73.04,Lakshadweep,32,26,31,26,1
Minicoy,2025-08-08,8.27,73.04,Lakshadweep,31,26,31,26,0
Minicoy,2025-08-09,8.27,73.04,Lakshadweep,31,26,31,26,0
Minicoy,2025-08-10,8.27,73.04,Lakshadweep,32,26,31,26,1
Minicoy,2025-08-11,8.27,73.04,Lakshadweep,31,24,31,26,0
Minicoy,2025-08-12,8.27,73.04,Lakshadweep,30,25,31,26,-1
Minicoy,2025-08-13,8.27,73.04,Lakshadweep,31,26,31,26,0
Minicoy,2025-08-14,8.27,73.04,Lakshadweep,31,27,31,26,0
Minicoy,2025-08-15,8.27,73.04,Lakshadweep,32,27,31,26,1
Minicoy,2025-08-16,8.27,73.04,Lakshadweep,32,27,31,26,1
Minicoy,2025-08-17,8.27,73.04,Lakshadweep,32,27,31,26,1
Minicoy,2025-08-18,8.27,73.04,Lakshadweep,32,27,31,26,1
Minicoy,2025-08-19,8.27,73.04,Lakshadweep,33,27,31,25,2
Minicoy,2025-08-20,8.27,73.04,Lakshadweep,33,26,31,25,2
Minicoy,2025-08-21,8.27,73.04,Lakshadweep,33,26,31,25,2
Minicoy,2025-08-22,8.27,73.04,Lakshadweep,32,27,31,25,1
Minicoy,2025-08-23,8.27,73.04,Lakshadweep,32,27,31,25,1
Minicoy,2025-08-24,8.27,73.04,Lakshadweep,32,26,31,25,1
Minicoy,2025-08-25,8.27,73.04,Lakshadweep,32,26,31,25,1
Minicoy,2025-08-26,8.27,73.04,Lakshadweep,32,26,31,25,1
Minicoy,2025-08-27,8.27,73.04,Lakshadweep,31,27,31,25,0
Minicoy,2025-08-28,8.27,73.04,Lakshadweep,30,25,30,23,0
Minicoy,2025-08-29,8.27,73.04,Lakshadweep,29,26,31,25,-2
Minicoy,2025-08-30,8.27,73.04,Lakshadweep,30,25,31,25,-1
Minicoy,2025-08-31,8.27,73.04,Lakshadweep,32,25,31,25,1
Minicoy,2025-09-01,8.27,73.04,Lakshadweep,30,24,31,25,-1
Minicoy,2025-09-02,8.27,73.04,Lakshadweep,32,26,31,25,1
Minicoy,2025-09-03,8.27,73.04,Lakshadweep,32,27,31,25,1
Minicoy,2025-09-04,8.27,73.04,Lakshadweep,32,26,31,25,1
Minicoy,2025-09-05,8.27,73.04,Lakshadweep,32,26,31,25,1
Minicoy,2025-09-06,8.27,73.04,Lakshadweep,32,26,31,25,1
Minicoy,2025-09-07,8.27,73.04,Lakshadweep,32,26,31,25,1
Minicoy,2025-09-08,8.27,73.04,Lakshadweep,32,27,31,25,1
Minicoy,2025-09-09,8.27,73.04,Lakshadweep,32,26,31,25,1
Minicoy,2025-09-10,8.27,73.04,Lakshadweep,32,26,31,25,1
Minicoy,2025-09-11,8.27,73.04,Lakshadweep,32,25,31,25,1
Minicoy,2025-09-12,8.27,73.04,Lakshadweep,32,27,31,25,1
Minicoy,2025-09-13,8.27,73.04,Lakshadweep,32,27,31,26,1
Minicoy,2025-09-14,8.27,73.04,Lakshadweep,32,24,31,26,1
Minicoy,2025-09-15,8.27,73.04,Lakshadweep,32,26,31,26,1
Minicoy,2025-09-16,8.27,73.04,Lakshadweep,32,26,31,26,1
Minicoy,2025-09-17,8.27,73.04,Lakshadweep,33,26,31,26,2
Minicoy,2025-09-18,8.27,73.04,Lakshadweep,32,25,31,26,1
Minicoy,2025-09-19,8.27,73.04,Lakshadweep,32,26,31,26,1
Minicoy,2025-09-20,8.27,73.04,Lakshadweep,32,25,31,26,1
Minicoy,2025-09-21,8.27,73.04,Lakshadweep,32,23,31,26,1
Minicoy,2025-09-22,8.27,73.04,Lakshadweep,32,25,31,26,1
Minicoy,2025-09-23,8.27,73.04,Lakshadweep,32,24,31,26,1
Minicoy,2025-09-24,8.27,73.04,Lakshadweep,32,27,31,26,1
Minicoy,2025-09-25,8.27,73.04,Lakshadweep,30,25,31,26,-1
Minicoy,2025-09-26,8.27,73.04,Lakshadweep,29,24,31,26,-2
Minicoy,2025-09-27,8.27,73.04,Lakshadweep,32,25,31,26,1
Minicoy,2025-09-28,8.27,73.04,Lakshadweep,32,26,31,25,1
Minicoy,2025-09-29,8.27,73.04,Lakshadweep,32,26,31,25,1
Minicoy,2025-09-30,8.27,73.04,Lakshadweep,33,27,31,25,2
Minicoy,2025-10-01,8.27,73.04,Lakshadweep,32,26,31,25,1
Minicoy,2025-10-02,8.27,73.04,Lakshadweep,33,25,31,25,2
Minicoy,2025-10-03,8.27,73.04,Lakshadweep,31,25,31,25,0
Minicoy,2025-10-04,8.27,73.04,Lakshadweep,32,26,31,25,1
Minicoy,2025-10-05,8.27,73.04,Lakshadweep,32,27,31,25,1
Minicoy,2025-10-06,8.27,73.04,Lakshadweep,33,26,31,25,2
Minicoy,2025-10-07,8.27,73.04,Lakshadweep,32,26,31,25,1
Minicoy,2025-10-08,8.27,73.04,Lakshadweep,33,27,31,25,2
Minicoy,2025-10-09,8.27,73.04,Lakshadweep,31,27,31,25,0
Minicoy,2025-10-10,8.27,73.04,Lakshadweep,32,25,31,25,1
Minicoy,2025-10-11,8.27,73.04,Lakshadweep,32,27,31,25,1
Minicoy,2025-10-12,8.27,73.04,Lakshadweep,32,23,31,25,1
Minicoy,2025-10-13,8.27,73.04,Lakshadweep,31,26,31,25,0
Minicoy,2025-10-14,8.27,73.04,Lakshadweep,32,27,31,25,1
Minicoy,2025-10-15,8.27,73.04,Lakshadweep,31,24,31,25,0
Minicoy,2025-10-16,8.27,73.04,Lakshadweep,28,27,31,25,-3
Minicoy,2025-10-17,8.27,73.04,Lakshadweep,28,24,31,25,-3
Minicoy,2025-10-18,8.27,73.04,Lakshadweep,31,24,31,25,0
Minicoy,2025-10-19,8.27,73.04,Lakshadweep,29,26,31,25,-2
Minicoy,2025-10-20,8.27,73.04,Lakshadweep,30,25,31,25,-1
Minicoy,2025-10-21,8.27,73.04,Lakshadweep,30,25,31,25,-1
Minicoy,2025-10-22,8.27,73.04,Lakshadweep,28,25,31,25,-3
Minicoy,2025-10-23,8.27,73.04,Lakshadweep,31,24,31,25,0
Minicoy,2025-10-24,8.27,73.04,Lakshadweep,32,27,31,25,1
Minicoy,2025-10-25,8.27,73.04,Lakshadweep,33,27,31,25,2
Minicoy,2025-10-26,8.27,73.04,Lakshadweep,33,27,31,25,2
Minicoy,2025-10-27,8.27,73.04,Lakshadweep,31,27,31,25,0
Minicoy,2025-10-28,8.27,73.04,Lakshadweep,30,23,31,25,-1
Minicoy,2025-10-29,8.27,73.04,Lakshadweep,32,27,31,25,1
Minicoy,2025-10-30,8.27,73.04,Lakshadweep,33,25,31,25,2
Minicoy,2025-10-31,8.27,73.04,Lakshadweep,32,24,31,25,1
Minicoy,2025-11-01,8.27,73.04,Lakshadweep,32,24,31,25,1
Minicoy,2025-11-02,8.27,73.04,Lakshadweep,32,25,31,25,1
Minicoy,2025-11-03,8.27,73.04,Lakshadweep,32,26,31,25,1
Minicoy,2025-11-04,8.27,73.04,Lakshadweep,32,26,31,25,1
Minicoy,2025-11-05,8.27,73.04,Lakshadweep,32,24,31,25,1
Minicoy,2025-11-06,8.27,73.04,Lakshadweep,32,24,31,25,1
Minicoy,2026-01-06,8.27,73.04,Lakshadweep,30,21,31,24,-1
Minicoy,2026-01-07,8.27,73.04,Lakshadweep,31,22,31,24,0
Minicoy,2026-01-08,8.27,73.04,Lakshadweep,31,23,31,24,0
Minicoy,2026-01-09,8.27,73.04,Lakshadweep,31,22,31,24,0
Minicoy,2026-01-10,8.27,73.04,Lakshadweep,31,21,31,24,0
Minicoy,2026-01-11,8.27,73.04,Lakshadweep,31,22,31,24,0
Minicoy,2026-01-12,8.27,73.04,Lakshadweep,31,25,31,24,0
Minicoy,2026-01-13,8.27,73.04,Lakshadweep,31,26,31,24,0
Minicoy,2026-01-14,8.27,73.04,Lakshadweep,31,25,31,24,0
Minicoy,2026-01-15,8.27,73.04,Lakshadweep,32,24,31,24,1
Minicoy,2026-01-16,8.27,73.04,Lakshadweep,32,23,31,24,1
Minicoy,2026-01-17,8.27,73.04,Lakshadweep,31,24,31,24,0
Minicoy,2026-01-18,8.27,73.04,Lakshadweep,32,24,31,24,1
Minicoy,2026-01-19,8.27,73.04,Lakshadweep,31,23,31,24,0
Minicoy,2026-01-20,8.27,73.04,Lakshadweep,31,26,31,24,0
Minicoy,2026-01-21,8.27,73.04,Lakshadweep,31,23,31,24,0
Minicoy,2026-01-22,8.27,73.04,Lakshadweep,31,23,31,24,0
Minicoy,2026-01-23,8.27,73.04,Lakshadweep,33,22,31,24,2
Minicoy,2026-01-24,8.27,73.04,Lakshadweep,31,22,31,24,0
Minicoy,2026-01-25,8.27,73.04,Lakshadweep,31,24,31,24,0
Minicoy,2026-01-26,8.27,73.04,Lakshadweep,31,24,31,24,0
Minicoy,2026-01-27,8.27,73.04,Lakshadweep,32,24,31,24,1
Minicoy,2026-01-28,8.27,73.04,Lakshadweep,32,25,31,24,1
Minicoy,2026-01-29,8.27,73.04,Lakshadweep,31,26,31,24,0
Minicoy,2026-01-30,8.27,73.04,Lakshadweep,31,26,31,24,0
Minicoy,2026-01-31,8.27,73.04,Lakshadweep,32,25,,,
Minicoy,2026-02-01,8.27,73.04,Lakshadweep,31,24,31,24,0
Minicoy,2026-02-02,8.27,73.04,Lakshadweep,32,25,31,24,1
Minicoy,2026-02-03,8.27,73.04,Lakshadweep,28,25,31,24,-3
Minicoy,2026-02-04,8.27,73.04,Lakshadweep,31,23,31,24,0
Minicoy,2026-02-05,8.27,73.04,Lakshadweep,31,24,31,24,0
Minicoy,2026-02-06,8.27,73.04,Lakshadweep,31,26,31,24,0
Minicoy,2026-02-07,8.27,73.04,Lakshadweep,31,25,31,24,0
Minicoy,2026-02-08,8.27,73.04,Lakshadweep,31,24,31,24,0
Minicoy,2026-02-09,8.27,73.04,Lakshadweep,30,24,31,24,-1
Minicoy,2026-02-10,8.27,73.04,Lakshadweep,31,24,31,24,0
Minicoy,2026-02-11,8.27,73.04,Lakshadweep,31,24,31,24,0
Minicoy,2026-02-12,8.27,73.04,Lakshadweep,30,24,31,24,-1
Minicoy,2026-02-13,8.27,73.04,Lakshadweep,31,23,31,24,0
Minicoy,2026-02-14,8.27,73.04,Lakshadweep,31,23,31,24,0
Minicoy,2026-02-15,8.27,73.04,Lakshadweep,31,26,31,24,0
Minicoy,2026-02-16,8.27,73.04,Lakshadweep,31,25,31,24,0
Minicoy,2026-02-17,8.27,73.04,Lakshadweep,31,25,31,24,0
Minicoy,2026-02-18,8.27,73.04,Lakshadweep,32,24,31,24,1
Minicoy,2026-02-19,8.27,73.04,Lakshadweep,32,26,31,24,1
Minicoy,2026-02-20,8.27,73.04,Lakshadweep,32,26,31,24,1
Minicoy,2026-02-21,8.27,73.04,Lakshadweep,32,25,31,24,1
Minicoy,2026-02-25,8.27,73.04,Lakshadweep,30,26,32,24,-2
Minicoy,2026-02-26,8.27,73.04,Lakshadweep,31,24,32,24,-1
Minicoy,2026-02-27,8.27,73.04,Lakshadweep,31,25,32,24,-1
Minicoy,2026-02-28,8.27,73.04,Lakshadweep,32,26,32,24,0
Minicoy,2026-03-01,8.27,73.04,Lakshadweep,32,25,32,24,0
Minicoy,2026-03-02,8.27,73.04,Lakshadweep,32,25,32,25,0
Minicoy,2026-03-03,8.27,73.04,Lakshadweep,32,25,32,25,0
Minicoy,2026-03-04,8.27,73.04,Lakshadweep,32,26,32,25,0
Minicoy,2026-03-05,8.27,73.04,Lakshadweep,32,24,32,25,0
Minicoy,2026-03-06,8.27,73.04,Lakshadweep,31,25,32,25,-1
Minicoy,2026-03-07,8.27,73.04,Lakshadweep,32,26,32,25,0
Minicoy,2026-03-08,8.27,73.04,Lakshadweep,32,25,32,25,0
Minicoy,2026-03-09,8.27,73.04,Lakshadweep,32,25,32,25,0
Minicoy,2026-03-10,8.27,73.04,Lakshadweep,32,25,32,25,0
Minicoy,2026-03-11,8.27,73.04,Lakshadweep,33,25,32,25,1
Minicoy,2026-03-12,8.27,73.04,Lakshadweep,33,26,32,25,1
Minicoy,2026-03-13,8.27,73.04,Lakshadweep,32,25,32,25,0
Minicoy,2026-03-14,8.27,73.04,Lakshadweep,32,24,32,25,0
Minicoy,2026-03-15,8.27,73.04,Lakshadweep,33,25,32,25,1
Minicoy,2026-03-16,8.27,73.04,Lakshadweep,32,25,32,25,0
Minicoy,2026-03-17,8.27,73.04,Lakshadweep,33,25,32,25,1
Minicoy,2026-03-18,8.27,73.04,Lakshadweep,33,25,32,25,1
Minicoy,2026-03-19,8.27,73.04,Lakshadweep,33,25,32,25,1
Minicoy,2026-03-20,8.27,73.04,Lakshadweep,33,26,32,25,1
Minicoy,2026-03-21,8.27,73.04,Lakshadweep,33,24,32,25,1
Minicoy,2026-03-22,8.27,73.04,Lakshadweep,33,25,32,26,1
Minicoy,2026-03-23,8.27,73.04,Lakshadweep,34,27,32,26,2
Minicoy,2026-03-24,8.27,73.04,Lakshadweep,33,26,32,26,1
Minicoy,2026-03-25,8.27,73.04,Lakshadweep,33,25,32,26,1
Minicoy,2026-03-26,8.27,73.04,Lakshadweep,34,26,32,26,2
Minicoy,2026-03-27,8.27,73.04,Lakshadweep,34,25,33,26,1
Minicoy,2026-03-28,8.27,73.04,Lakshadweep,34,28,33,26,1
Minicoy,2026-03-29,8.27,73.04,Lakshadweep,34,28,33,26,1
Minicoy,2026-03-30,8.27,73.04,Lakshadweep,34,27,33,26,1
Minicoy,2026-03-31,8.27,73.04,Lakshadweep,34,27,33,26,1
Minicoy,2026-04-01,8.27,73.04,Lakshadweep,34,26,33,26,1
Minicoy,2026-04-02,8.27,73.04,Lakshadweep,34,26,33,26,1
Minicoy,2026-04-03,8.27,73.04,Lakshadweep,32,25,33,26,-1
Minicoy,2026-04-04,8.27,73.04,Lakshadweep,34,25,33,26,1
Minicoy,2026-04-05,8.27,73.04,Lakshadweep,34,26,33,26,1
Minicoy,2026-04-06,8.27,73.04,Lakshadweep,33,29,33,26,0
Minicoy,2026-04-07,8.27,73.04,Lakshadweep,34,28,33,26,1
Minicoy,2026-04-08,8.27,73.04,Lakshadweep,33,28,33,26,0
Minicoy,2026-04-09,8.27,73.04,Lakshadweep,34,26,33,26,1
Minicoy,2026-04-10,8.27,73.04,Lakshadweep,34,27,33,26,1
Minicoy,2026-04-11,8.27,73.04,Lakshadweep,33,27,33,26,0
Minicoy,2026-04-12,8.27,73.04,Lakshadweep,34,27,33,26,1
Minicoy,2026-04-13,8.27,73.04,Lakshadweep,34,28,33,26,1
Minicoy,2026-04-14,8.27,73.04,Lakshadweep,34,28,33,26,1
Minicoy,2026-04-16,8.27,73.04,Lakshadweep,34,27,33,26,1
Minicoy,2026-04-17,8.27,73.04,Lakshadweep,34,27,33,26,1
Minicoy,2026-04-18,8.27,73.04,Lakshadweep,34,28,33,26,1
Minicoy,2026-04-19,8.27,73.04,Lakshadweep,34,27,33,26,1
Minicoy,2026-04-20,8.27,73.04,Lakshadweep,34,26,33,26,1
Minicoy,2026-04-21,8.27,73.04,Lakshadweep,34,27,33,27,1
Minicoy,2026-04-22,8.27,73.04,Lakshadweep,34,28,33,27,1
Minicoy,2026-04-23,8.27,73.04,Lakshadweep,35,27,33,27,2
Minicoy,2026-04-24,8.27,73.04,Lakshadweep,35,28,33,27,2
Minicoy,2026-04-25,8.27,73.04,Lakshadweep,34,28,33,27,1
Minicoy,2026-04-26,8.27,73.04,Lakshadweep,35,26,33,27,2
Minicoy,2026-04-27,8.27,73.04,Lakshadweep,35,26,33,27,2
Minicoy,2026-04-28,8.27,73.04,Lakshadweep,34,27,33,27,1
Minicoy,2026-04-29,8.27,73.04,Lakshadweep,31,28,33,27,-2
Minicoy,2026-04-30,8.27,73.04,Lakshadweep,33,26,33,27,0
Minicoy,2026-05-03,8.27,73.04,Lakshadweep,34,28,33,27,1
Minicoy,2026-05-04,8.27,73.04,Lakshadweep,34,29,33,27,1
Minicoy,2026-05-05,8.27,73.04,Lakshadweep,34,28,33,27,1
Minicoy,2026-05-07,8.27,73.04,Lakshadweep,34,28,33,26,1
Minicoy,2026-05-09,8.27,73.04,Lakshadweep,31,25,33,26,-2
Minicoy,2026-05-12,8.27,73.04,Lakshadweep,33,29,33,26,0
Minicoy,2026-05-14,8.27,73.04,Lakshadweep,33,29,33,26,0
Minicoy,2026-05-20,8.27,73.04,Lakshadweep,32,26,33,26,-1
Minicoy,2026-05-21,8.27,73.04,Lakshadweep,32,26,32,26,0
Minicoy,2026-05-22,8.27,73.04,Lakshadweep,32,28,32,26,0
Minicoy,2026-05-23,8.27,73.04,Lakshadweep,33,24,32,26,1
Minicoy,2026-05-24,8.27,73.04,Lakshadweep,32,26,32,26,0
Minicoy,2026-05-25,8.27,73.04,Lakshadweep,32,24,32,26,0
Minicoy,2026-05-26,8.27,73.04,Lakshadweep,29,24,32,26,-3
Minicoy,2026-05-27,8.27,73.04,Lakshadweep,32,26,32,26,0
Minicoy,2026-05-28,8.27,73.04,Lakshadweep,31,26,32,26,-1
Minicoy,2026-05-29,8.27,73.04,Lakshadweep,32,27,32,26,0
Minicoy,2026-05-31,8.27,73.04,Lakshadweep,29,25,31,25,-2
Minicoy,2026-06-01,8.27,73.04,Lakshadweep,29,24,31,25,-2
Minicoy,2026-06-02,8.27,73.04,Lakshadweep,31,24,31,25,0
Minicoy,2026-06-03,8.27,73.04,Lakshadweep,32,24,31,25,1
Minicoy,2026-06-04,8.27,73.04,Lakshadweep,31,26,31,25,0
Minicoy,2026-06-05,8.27,73.04,Lakshadweep,32,25,31,25,1
Minicoy,2026-06-06,8.27,73.04,Lakshadweep,32,26,31,25,1
Minicoy,2026-06-07,8.27,73.04,Lakshadweep,30,25,31,25,-1
Minicoy,2026-06-08,8.27,73.04,Lakshadweep,31,27,31,25,0
Minicoy,2026-06-09,8.27,73.04,Lakshadweep,32,26,31,25,1
Minicoy,2026-06-10,8.27,73.04,Lakshadweep,32,27,31,25,1
Minicoy,2026-06-11,8.27,73.04,Lakshadweep,31,27,31,25,0
Minicoy,2026-06-16,8.27,73.04,Lakshadweep,33,27,31,25,2
Minicoy,2026-06-18,8.27,73.04,Lakshadweep,33,27,31,25,2
Minicoy,2026-06-19,8.27,73.04,Lakshadweep,33,26,31,25,2
Minicoy,2026-06-21,8.27,73.04,Lakshadweep,31,25,31,26,0
Minicoy,2026-06-22,8.27,73.04,Lakshadweep,29,27,31,26,-2
Minicoy,2026-06-23,8.27,73.04,Lakshadweep,32,23,31,26,1
Minicoy,2026-06-24,8.27,73.04,Lakshadweep,32,27,31,26,1
Minicoy,2026-06-25,8.27,73.04,Lakshadweep,32,25,31,25,1
Minicoy,2026-06-27,8.27,73.04,Lakshadweep,33,27,31,25,2
Minicoy,2026-06-28,8.27,73.04,Lakshadweep,32,26,31,25,1
Minicoy,2026-06-30,8.27,73.04,Lakshadweep,32,26,31,25,1
Minicoy,2026-07-01,8.27,73.04,Lakshadweep,32,27,31,25,1
Minicoy,2026-07-02,8.27,73.04,Lakshadweep,32,26,31,25,1
Minicoy,2026-07-03,8.27,73.04,Lakshadweep,32,26,31,25,1
Minicoy,2026-07-05,8.27,73.04,Lakshadweep,32,27,31,25,1
Minicoy,2026-07-06,8.27,73.04,Lakshadweep,32,27,31,25,1
Minicoy,2026-07-07,8.27,73.04,Lakshadweep,33,27,31,25,2
Minicoy,2026-07-08,8.27,73.04,Lakshadweep,32,26,31,25,1
Minicoy,2026-07-10,8.27,73.04,Lakshadweep,32,28,31,25,1
Minicoy,2026-07-11,8.27,73.04,Lakshadweep,32,26,31,25,1
Minicoy,2026-07-12,8.27,73.04,Lakshadweep,33,27,31,25,2
Minicoy,2026-07-13,8.27,73.04,Lakshadweep,33,27,31,25,2
Minicoy,2026-07-14,8.27,73.04,Lakshadweep,32,27,31,25,1
Minicoy,2026-07-15,8.27,73.04,Lakshadweep,33,27,30,25,3
Minicoy,2026-07-16,8.27,73.04,Lakshadweep,32,26,30,25,2
Minicoy,2026-07-19,8.27,73.04,Lakshadweep,32,24,30,25,2
Minicoy,2026-07-20,8.27,73.04,Lakshadweep,33,26,30,25,3
Minicoy,2026-07-21,8.27,73.04,Lakshadweep,33,26,30,25,3
Minicoy,2026-07-22,8.27,73.04,Lakshadweep,32,25,30,25,2
Minicoy,2026-07-23,8.27,73.04,Lakshadweep,33,26,30,25,3
Minicoy,2026-07-24,8.27,73.04,Lakshadweep,33,27,30,25,3
Minicoy,2026-07-25,8.27,73.04,Lakshadweep,33,26,31,25,2
Minicoy,2026-07-26,8.27,73.04,Lakshadweep,32,27,31,25,1
Minicoy,2026-07-27,8.27,73.04,Lakshadweep,32,27,31,25,1
Bhopal (Arera hills),2025-05-06,23.18,77.41,Madhya Pradesh,35,18,41,26,-6
Bhopal (Arera hills),2025-05-07,23.18,77.41,Madhya Pradesh,31,19,41,26,-10
Bhopal (Arera hills),2025-05-08,23.18,77.41,Madhya Pradesh,32,23,41,26,-9
Bhopal (Arera hills),2025-05-09,23.18,77.41,Madhya Pradesh,34,24,41,26,-7
Bhopal (Arera hills),2025-05-10,23.18,77.41,Madhya Pradesh,37,23,41,26,-4
Bhopal (Arera hills),2025-05-11,23.18,77.41,Madhya Pradesh,38,25,41,26,-3
Bhopal (Arera hills),2025-05-12,23.18,77.41,Madhya Pradesh,38,26,41,26,-3
Bhopal (Arera hills),2025-05-13,23.18,77.41,Madhya Pradesh,38,27,41,26,-3
Bhopal (Arera hills),2025-05-14,23.18,77.41,Madhya Pradesh,38,26,41,26,-3
Bhopal (Arera hills),2025-05-15,23.18,77.41,Madhya Pradesh,37,26,41,26,-4
Bhopal (Arera hills),2025-05-16,23.18,77.41,Madhya Pradesh,38,26,42,27,-4
Bhopal (Arera hills),2025-05-17,23.18,77.41,Madhya Pradesh,41,28,42,27,-1
Bhopal (Arera hills),2025-05-18,23.18,77.41,Madhya Pradesh,39,27,42,27,-3
Bhopal (Arera hills),2025-05-19,23.18,77.41,Madhya Pradesh,40,28,42,27,-2
Bhopal (Arera hills),2025-05-20,23.18,77.41,Madhya Pradesh,39,26,42,27,-3
Bhopal (Arera hills),2025-05-21,23.18,77.41,Madhya Pradesh,39,27,41,27,-2
Bhopal (Arera hills),2025-05-22,23.18,77.41,Madhya Pradesh,37,25,41,27,-4
Bhopal (Arera hills),2025-05-23,23.18,77.41,Madhya Pradesh,36,23,41,27,-5
Bhopal (Arera hills),2025-05-24,23.18,77.41,Madhya Pradesh,36,27,41,27,-5
Bhopal (Arera hills),2025-05-25,23.18,77.41,Madhya Pradesh,35,27,41,27,-6
Bhopal (Arera hills),2025-05-26,23.18,77.41,Madhya Pradesh,39,27,41,28,-2
Bhopal (Arera hills),2025-05-27,23.18,77.41,Madhya Pradesh,40,28,41,28,-1
Bhopal (Arera hills),2025-05-28,23.18,77.41,Madhya Pradesh,36,24,41,28,-5
Bhopal (Arera hills),2025-05-29,23.18,77.41,Madhya Pradesh,40,24,41,28,-1
Bhopal (Arera hills),2025-05-30,23.18,77.41,Madhya Pradesh,37,27,41,28,-4
Bhopal (Arera hills),2025-05-31,23.18,77.41,Madhya Pradesh,37,26,41,28,-4
Bhopal (Arera hills),2025-06-01,23.18,77.41,Madhya Pradesh,37,26,41,28,-4
Bhopal (Arera hills),2025-06-02,23.18,77.41,Madhya Pradesh,36,26,41,28,-5
Bhopal (Arera hills),2025-06-03,23.18,77.41,Madhya Pradesh,33,26,41,28,-8
Bhopal (Arera hills),2025-06-04,23.18,77.41,Madhya Pradesh,33,23,41,28,-8
Bhopal (Arera hills),2025-06-05,23.18,77.41,Madhya Pradesh,36,22,41,27,-5
Bhopal (Arera hills),2025-06-06,23.18,77.41,Madhya Pradesh,38,23,41,27,-3
Bhopal (Arera hills),2025-06-07,23.18,77.41,Madhya Pradesh,40,26,41,27,-1
Bhopal (Arera hills),2025-06-08,23.18,77.41,Madhya Pradesh,42,28,41,27,1
Bhopal (Arera hills),2025-06-09,23.18,77.41,Madhya Pradesh,43,28,41,27,2
Bhopal (Arera hills),2025-06-10,23.18,77.41,Madhya Pradesh,43,29,39,26,4
Bhopal (Arera hills),2025-06-11,23.18,77.41,Madhya Pradesh,43,30,39,26,4
Bhopal (Arera hills),2025-06-12,23.18,77.41,Madhya Pradesh,41,27,39,26,2
Bhopal (Arera hills),2025-06-13,23.18,77.41,Madhya Pradesh,40,29,39,26,1
Bhopal (Arera hills),2025-06-14,23.18,77.41,Madhya Pradesh,40,29,39,26,1
Bhopal (Arera hills),2025-06-15,23.18,77.41,Madhya Pradesh,36,24,36,25,0
Bhopal (Arera hills),2025-06-16,23.18,77.41,Madhya Pradesh,38,27,36,25,2
Bhopal (Arera hills),2025-06-17,23.18,77.41,Madhya Pradesh,34,25,36,25,-2
Bhopal (Arera hills),2025-06-18,23.18,77.41,Madhya Pradesh,33,25,36,25,-3
Bhopal (Arera hills),2025-06-19,23.18,77.41,Madhya Pradesh,30,25,36,25,-6
Bhopal (Arera hills),2025-06-20,23.18,77.41,Madhya Pradesh,31,24,35,25,-4
Bhopal (Arera hills),2025-06-21,23.18,77.41,Madhya Pradesh,32,24,35,25,-3
Bhopal (Arera hills),2025-06-22,23.18,77.41,Madhya Pradesh,27,24,35,25,-8
Bhopal (Arera hills),2025-06-23,23.18,77.41,Madhya Pradesh,29,24,35,25,-6
Bhopal (Arera hills),2025-06-24,23.18,77.41,Madhya Pradesh,30,25,35,25,-5
Bhopal (Arera hills),2025-06-25,23.18,77.41,Madhya Pradesh,29,23,34,25,-5
Bhopal (Arera hills),2025-06-26,23.18,77.41,Madhya Pradesh,30,24,34,25,-4
Bhopal (Arera hills),2025-06-27,23.18,77.41,Madhya Pradesh,30,24,34,25,-4
Bhopal (Arera hills),2025-06-28,23.18,77.41,Madhya Pradesh,29,24,34,25,-5
Bhopal (Arera hills),2025-06-29,23.18,77.41,Madhya Pradesh,25,23,34,25,-9
Bhopal (Arera hills),2025-06-30,23.18,77.41,Madhya Pradesh,30,23,34,25,-4
Bhopal (Arera hills),2025-07-01,23.18,77.41,Madhya Pradesh,29,23,34,25,-5
Bhopal (Arera hills),2025-07-02,23.18,77.41,Madhya Pradesh,28,23,34,25,-6
Bhopal (Arera hills),2025-07-03,23.18,77.41,Madhya Pradesh,32,24,34,25,-2
Bhopal (Arera hills),2025-07-04,23.18,77.41,Madhya Pradesh,27,24,34,25,-7
Bhopal (Arera hills),2025-07-05,23.18,77.41,Madhya Pradesh,26,24,32,24,-6
Bhopal (Arera hills),2025-07-06,23.18,77.41,Madhya Pradesh,29,23,32,24,-3
Bhopal (Arera hills),2025-07-07,23.18,77.41,Madhya Pradesh,27,21,32,24,-5
Bhopal (Arera hills),2025-07-08,23.18,77.41,Madhya Pradesh,28,23,32,24,-4
Bhopal (Arera hills),2025-07-09,23.18,77.41,Madhya Pradesh,31,23,32,24,-1
Bhopal (Arera hills),2025-07-10,23.18,77.41,Madhya Pradesh,30,23,31,24,-1
Bhopal (Arera hills),2025-07-11,23.18,77.41,Madhya Pradesh,32,24,31,24,1
Bhopal (Arera hills),2025-07-12,23.18,77.41,Madhya Pradesh,27,24,31,24,-4
Bhopal (Arera hills),2025-07-13,23.18,77.41,Madhya Pradesh,29,24,31,24,-2
Bhopal (Arera hills),2025-07-14,23.18,77.41,Madhya Pradesh,28,24,31,24,-3
Bhopal (Arera hills),2025-07-16,23.18,77.41,Madhya Pradesh,32,25,30,24,2
Bhopal (Arera hills),2025-07-17,23.18,77.41,Madhya Pradesh,28,24,30,24,-2
Bhopal (Arera hills),2025-07-18,23.18,77.41,Madhya Pradesh,29,23,30,24,-1
Bhopal (Arera hills),2025-07-20,23.18,77.41,Madhya Pradesh,32,23,30,24,2
Bhopal (Arera hills),2025-07-21,23.18,77.41,Madhya Pradesh,32,24,30,24,2
Bhopal (Arera hills),2025-07-22,23.18,77.41,Madhya Pradesh,33,25,30,24,3
Bhopal (Arera hills),2025-07-23,23.18,77.41,Madhya Pradesh,30,24,30,24,0
Bhopal (Arera hills),2025-07-24,23.18,77.41,Madhya Pradesh,26,24,30,24,-4
Bhopal (Arera hills),2025-07-25,23.18,77.41,Madhya Pradesh,29,24,29,23,0
Bhopal (Arera hills),2025-07-26,23.18,77.41,Madhya Pradesh,28,23,29,23,-1
Bhopal (Arera hills),2025-07-28,23.18,77.41,Madhya Pradesh,26,23,29,23,-3
Bhopal (Arera hills),2025-07-30,23.18,77.41,Madhya Pradesh,27,22,29,23,-2
Bhopal (Arera hills),2025-07-31,23.18,77.41,Madhya Pradesh,28,23,29,23,-1
Bhopal (Arera hills),2025-08-01,23.18,77.41,Madhya Pradesh,31,24,29,23,2
Bhopal (Arera hills),2025-08-02,23.18,77.41,Madhya Pradesh,31,24,29,23,2
Bhopal (Arera hills),2025-08-03,23.18,77.41,Madhya Pradesh,30,24,29,23,1
Bhopal (Arera hills),2025-08-04,23.18,77.41,Madhya Pradesh,31,24,29,23,2
Bhopal (Arera hills),2025-08-05,23.18,77.41,Madhya Pradesh,32,24,29,23,3
Bhopal (Arera hills),2025-08-06,23.18,77.41,Madhya Pradesh,33,23,29,23,4
Bhopal (Arera hills),2025-08-07,23.18,77.41,Madhya Pradesh,32,23,29,23,3
Bhopal (Arera hills),2025-08-08,23.18,77.41,Madhya Pradesh,31,24,29,23,2
Bhopal (Arera hills),2025-08-09,23.18,77.41,Madhya Pradesh,31,24,29,23,2
Bhopal (Arera hills),2025-08-10,23.18,77.41,Madhya Pradesh,31,24,29,23,2
Bhopal (Arera hills),2025-08-11,23.18,77.41,Madhya Pradesh,30,24,29,23,1
Bhopal (Arera hills),2025-08-12,23.18,77.41,Madhya Pradesh,31,24,29,23,2
Bhopal (Arera hills),2025-08-13,23.18,77.41,Madhya Pradesh,28,24,29,23,-1
Bhopal (Arera hills),2025-08-14,23.18,77.41,Madhya Pradesh,31,24,28,23,3
Bhopal (Arera hills),2025-08-15,23.18,77.41,Madhya Pradesh,33,25,28,23,5
Bhopal (Arera hills),2025-08-16,23.18,77.41,Madhya Pradesh,30,24,28,23,2
Bhopal (Arera hills),2025-08-17,23.18,77.41,Madhya Pradesh,32,23,28,23,4
Bhopal (Arera hills),2025-08-18,23.18,77.41,Madhya Pradesh,33,25,28,23,5
Bhopal (Arera hills),2025-08-19,23.18,77.41,Madhya Pradesh,32,25,29,23,3
Bhopal (Arera hills),2025-08-20,23.18,77.41,Madhya Pradesh,30,24,29,23,1
Bhopal (Arera hills),2025-08-21,23.18,77.41,Madhya Pradesh,28,24,29,23,-1
Bhopal (Arera hills),2025-08-22,23.18,77.41,Madhya Pradesh,27,23,29,23,-2
Bhopal (Arera hills),2025-08-23,23.18,77.41,Madhya Pradesh,26,23,29,23,-3
Bhopal (Arera hills),2025-08-24,23.18,77.41,Madhya Pradesh,28,23,30,23,-2
Bhopal (Arera hills),2025-08-25,23.18,77.41,Madhya Pradesh,28,23,30,23,-2
Bhopal (Arera hills),2025-08-26,23.18,77.41,Madhya Pradesh,29,24,30,23,-1
Bhopal (Arera hills),2025-08-27,23.18,77.41,Madhya Pradesh,31,22,30,23,1
Bhopal (Arera hills),2025-08-28,23.18,77.41,Madhya Pradesh,29,26,30,25,-1
Bhopal (Arera hills),2025-08-29,23.18,77.41,Madhya Pradesh,32,24,30,23,2
Bhopal (Arera hills),2025-08-30,23.18,77.41,Madhya Pradesh,32,24,30,23,2
Bhopal (Arera hills),2025-08-31,23.18,77.41,Madhya Pradesh,32,24,30,23,2
Bhopal (Arera hills),2025-09-01,23.18,77.41,Madhya Pradesh,30,23,30,23,0
Bhopal (Arera hills),2025-09-02,23.18,77.41,Madhya Pradesh,28,24,30,23,-2
Bhopal (Arera hills),2025-09-03,23.18,77.41,Madhya Pradesh,29,23,30,23,-1
Bhopal (Arera hills),2025-09-04,23.18,77.41,Madhya Pradesh,30,23,30,23,0
Bhopal (Arera hills),2025-09-05,23.18,77.41,Madhya Pradesh,27,24,30,23,-3
Bhopal (Arera hills),2025-09-06,23.18,77.41,Madhya Pradesh,28,24,30,23,-2
Bhopal (Arera hills),2025-09-07,23.18,77.41,Madhya Pradesh,30,23,30,23,0
Bhopal (Arera hills),2025-09-08,23.18,77.41,Madhya Pradesh,32,22,31,23,1
Bhopal (Arera hills),2025-09-09,23.18,77.41,Madhya Pradesh,31,23,31,23,0
Bhopal (Arera hills),2025-09-10,23.18,77.41,Madhya Pradesh,30,23,31,23,-1
Bhopal (Arera hills),2025-09-11,23.18,77.41,Madhya Pradesh,31,22,31,23,0
Bhopal (Arera hills),2025-09-12,23.18,77.41,Madhya Pradesh,31,24,31,23,0
Bhopal (Arera hills),2025-09-13,23.18,77.41,Madhya Pradesh,32,23,31,22,1
Bhopal (Arera hills),2025-09-14,23.18,77.41,Madhya Pradesh,31,24,31,22,0
Bhopal (Arera hills),2025-09-15,23.18,77.41,Madhya Pradesh,31,25,31,22,0
Bhopal (Arera hills),2025-09-16,23.18,77.41,Madhya Pradesh,34,23,31,22,3
Bhopal (Arera hills),2025-09-17,23.18,77.41,Madhya Pradesh,31,23,31,22,0
Bhopal (Arera hills),2025-09-18,23.18,77.41,Madhya Pradesh,31,22,31,22,0
Bhopal (Arera hills),2025-09-19,23.18,77.41,Madhya Pradesh,32,23,31,22,1
Bhopal (Arera hills),2025-09-20,23.18,77.41,Madhya Pradesh,32,23,31,22,1
Bhopal (Arera hills),2025-09-21,23.18,77.41,Madhya Pradesh,32,23,31,22,1
Bhopal (Arera hills),2025-09-22,23.18,77.41,Madhya Pradesh,33,23,31,22,2
Bhopal (Arera hills),2025-09-23,23.18,77.41,Madhya Pradesh,34,23,32,22,2
Bhopal (Arera hills),2025-09-24,23.18,77.41,Madhya Pradesh,32,23,32,22,0
Bhopal (Arera hills),2025-09-25,23.18,77.41,Madhya Pradesh,33,23,32,22,1
Bhopal (Arera hills),2025-09-26,23.18,77.41,Madhya Pradesh,33,23,32,22,1
Bhopal (Arera hills),2025-09-27,23.18,77.41,Madhya Pradesh,30,25,32,22,-2
Bhopal (Arera hills),2025-09-28,23.18,77.41,Madhya Pradesh,30,23,33,21,-3
Bhopal (Arera hills),2025-09-29,23.18,77.41,Madhya Pradesh,30,24,33,21,-3
Bhopal (Arera hills),2025-09-30,23.18,77.41,Madhya Pradesh,30,24,33,21,-3
Bhopal (Arera hills),2025-10-01,23.18,77.41,Madhya Pradesh,32,22,33,21,-1
Bhopal (Arera hills),2025-10-02,23.18,77.41,Madhya Pradesh,32,23,33,21,-1
Bhopal (Arera hills),2025-10-03,23.18,77.41,Madhya Pradesh,31,24,33,21,-2
Bhopal (Arera hills),2025-10-04,23.18,77.41,Madhya Pradesh,32,23,33,21,-1
Bhopal (Arera hills),2025-10-05,23.18,77.41,Madhya Pradesh,30,22,33,21,-3
Bhopal (Arera hills),2025-10-07,23.18,77.41,Madhya Pradesh,31,20,33,21,-2
Bhopal (Arera hills),2025-10-08,23.18,77.41,Madhya Pradesh,31,20,33,20,-2
Bhopal (Arera hills),2025-10-09,23.18,77.41,Madhya Pradesh,30,18,33,20,-3
Bhopal (Arera hills),2025-10-10,23.18,77.41,Madhya Pradesh,30,18,33,20,-3
Bhopal (Arera hills),2025-10-11,23.18,77.41,Madhya Pradesh,30,18,33,20,-3
Bhopal (Arera hills),2025-10-12,23.18,77.41,Madhya Pradesh,29,17,33,20,-4
Bhopal (Arera hills),2025-10-13,23.18,77.41,Madhya Pradesh,30,16,33,19,-3
Bhopal (Arera hills),2025-10-14,23.18,77.41,Madhya Pradesh,31,16,33,19,-2
Bhopal (Arera hills),2025-10-15,23.18,77.41,Madhya Pradesh,31,21,33,19,-2
Bhopal (Arera hills),2025-10-16,23.18,77.41,Madhya Pradesh,32,21,33,19,-1
Bhopal (Arera hills),2025-10-17,23.18,77.41,Madhya Pradesh,32,20,33,19,-1
Bhopal (Arera hills),2025-10-18,23.18,77.41,Madhya Pradesh,30,21,33,18,-3
Bhopal (Arera hills),2025-10-19,23.18,77.41,Madhya Pradesh,31,19,33,18,-2
Bhopal (Arera hills),2025-10-20,23.18,77.41,Madhya Pradesh,31,17,33,18,-2
Bhopal (Arera hills),2025-10-21,23.18,77.41,Madhya Pradesh,31,17,33,18,-2
Bhopal (Arera hills),2025-10-22,23.18,77.41,Madhya Pradesh,31,18,33,18,-2
Bhopal (Arera hills),2025-10-23,23.18,77.41,Madhya Pradesh,32,21,32,17,0
Bhopal (Arera hills),2025-10-24,23.18,77.41,Madhya Pradesh,31,21,32,17,-1
Bhopal (Arera hills),2025-10-25,23.18,77.41,Madhya Pradesh,31,21,32,17,-1
Bhopal (Arera hills),2025-10-26,23.18,77.41,Madhya Pradesh,24,21,32,17,-8
Bhopal (Arera hills),2025-10-27,23.18,77.41,Madhya Pradesh,30,20,32,17,-2
Bhopal (Arera hills),2025-10-28,23.18,77.41,Madhya Pradesh,25,21,32,17,-7
Bhopal (Arera hills),2025-10-29,23.18,77.41,Madhya Pradesh,25,19,32,17,-7
Bhopal (Arera hills),2025-10-30,23.18,77.41,Madhya Pradesh,24,19,32,17,-8
Bhopal (Arera hills),2025-10-31,23.18,77.41,Madhya Pradesh,24,19,32,17,-8
Bhopal (Arera hills),2025-11-01,23.18,77.41,Madhya Pradesh,28,20,32,17,-4
Bhopal (Arera hills),2025-11-02,23.18,77.41,Madhya Pradesh,31,22,31,16,0
Bhopal (Arera hills),2025-11-03,23.18,77.41,Madhya Pradesh,30,21,31,16,-1
Bhopal (Arera hills),2025-11-04,23.18,77.41,Madhya Pradesh,31,21,31,16,0
Bhopal (Arera hills),2025-11-05,23.18,77.41,Madhya Pradesh,30,19,31,16,-1
Bhopal (Arera hills),2025-11-06,23.18,77.41,Madhya Pradesh,28,13,31,16,-3
Bhopal (Arera hills),2026-01-06,23.18,77.41,Madhya Pradesh,21,3,24,10,-3
Bhopal (Arera hills),2026-01-07,23.18,77.41,Madhya Pradesh,23,8,24,10,-1
Bhopal (Arera hills),2026-01-08,23.18,77.41,Madhya Pradesh,27,9,24,10,3
Bhopal (Arera hills),2026-01-09,23.18,77.41,Madhya Pradesh,27,8,24,10,3
Bhopal (Arera hills),2026-01-10,23.18,77.41,Madhya Pradesh,26,7,24,10,2
Bhopal (Arera hills),2026-01-11,23.18,77.41,Madhya Pradesh,26,8,25,10,1
Bhopal (Arera hills),2026-01-12,23.18,77.41,Madhya Pradesh,26,9,25,10,1
Bhopal (Arera hills),2026-01-13,23.18,77.41,Madhya Pradesh,27,10,25,10,2
Bhopal (Arera hills),2026-01-14,23.18,77.41,Madhya Pradesh,26,9,25,10,1
Bhopal (Arera hills),2026-01-15,23.18,77.41,Madhya Pradesh,23,8,25,10,-2
Bhopal (Arera hills),2026-01-16,23.18,77.41,Madhya Pradesh,26,6,24,10,2
Bhopal (Arera hills),2026-01-17,23.18,77.41,Madhya Pradesh,27,7,24,10,3
Bhopal (Arera hills),2026-01-18,23.18,77.41,Madhya Pradesh,27,11,24,10,3
Bhopal (Arera hills),2026-01-19,23.18,77.41,Madhya Pradesh,24,10,24,10,0
Bhopal (Arera hills),2026-01-20,23.18,77.41,Madhya Pradesh,24,9,24,10,0
Bhopal (Arera hills),2026-01-21,23.18,77.41,Madhya Pradesh,26,10,24,10,2
Bhopal (Arera hills),2026-01-22,23.18,77.41,Madhya Pradesh,27,11,24,10,3
Bhopal (Arera hills),2026-01-23,23.18,77.41,Madhya Pradesh,27,17,24,10,3
Bhopal (Arera hills),2026-01-24,23.18,77.41,Madhya Pradesh,23,12,24,10,-1
Bhopal (Arera hills),2026-01-25,23.18,77.41,Madhya Pradesh,21,11,24,10,-3
Bhopal (Arera hills),2026-01-26,23.18,77.41,Madhya Pradesh,28,11,26,11,2
Bhopal (Arera hills),2026-01-27,23.18,77.41,Madhya Pradesh,28,14,26,11,2
Bhopal (Arera hills),2026-01-28,23.18,77.41,Madhya Pradesh,23,14,26,11,-3
Bhopal (Arera hills),2026-01-29,23.18,77.41,Madhya Pradesh,20,11,26,11,-6
Bhopal (Arera hills),2026-01-30,23.18,77.41,Madhya Pradesh,24,9,26,11,-2
Bhopal (Arera hills),2026-01-31,23.18,77.41,Madhya Pradesh,26,12,,,
Bhopal (Arera hills),2026-02-01,23.18,77.41,Madhya Pradesh,29,15,26,11,3
Bhopal (Arera hills),2026-02-02,23.18,77.41,Madhya Pradesh,28,13,26,11,2
Bhopal (Arera hills),2026-02-03,23.18,77.41,Madhya Pradesh,24,13,26,11,-2
Bhopal (Arera hills),2026-02-04,23.18,77.41,Madhya Pradesh,22,14,26,11,-4
Bhopal (Arera hills),2026-02-05,23.18,77.41,Madhya Pradesh,25,13,27,12,-2
Bhopal (Arera hills),2026-02-06,23.18,77.41,Madhya Pradesh,27,10,27,12,0
Bhopal (Arera hills),2026-02-07,23.18,77.41,Madhya Pradesh,27,11,27,12,0
Bhopal (Arera hills),2026-02-08,23.18,77.41,Madhya Pradesh,27,10,27,12,0
Bhopal (Arera hills),2026-02-09,23.18,77.41,Madhya Pradesh,29,10,27,12,2
Bhopal (Arera hills),2026-02-10,23.18,77.41,Madhya Pradesh,30,12,27,12,3
Bhopal (Arera hills),2026-02-11,23.18,77.41,Madhya Pradesh,30,13,27,12,3
Bhopal (Arera hills),2026-02-12,23.18,77.41,Madhya Pradesh,28,13,27,12,1
Bhopal (Arera hills),2026-02-13,23.18,77.41,Madhya Pradesh,30,14,27,12,3
Bhopal (Arera hills),2026-02-14,23.18,77.41,Madhya Pradesh,30,14,27,12,3
Bhopal (Arera hills),2026-02-15,23.18,77.41,Madhya Pradesh,29,13,28,13,1
Bhopal (Arera hills),2026-02-16,23.18,77.41,Madhya Pradesh,30,12,28,13,2
Bhopal (Arera hills),2026-02-17,23.18,77.41,Madhya Pradesh,30,14,28,13,2
Bhopal (Arera hills),2026-02-18,23.18,77.41,Madhya Pradesh,31,15,28,13,3
Bhopal (Arera hills),2026-02-19,23.18,77.41,Madhya Pradesh,26,14,28,13,-2
Bhopal (Arera hills),2026-02-20,23.18,77.41,Madhya Pradesh,22,16,30,14,-8
Bhopal (Arera hills),2026-02-21,23.18,77.41,Madhya Pradesh,29,14,30,14,-1
Bhopal (Arera hills),2026-02-25,23.18,77.41,Madhya Pradesh,30,13,30,14,0
Bhopal (Arera hills),2026-02-26,23.18,77.41,Madhya Pradesh,32,15,30,14,2
Bhopal (Arera hills),2026-02-28,23.18,77.41,Madhya Pradesh,32,15,30,14,2
Bhopal (Arera hills),2026-03-01,23.18,77.41,Madhya Pradesh,31,15,30,14,1
Bhopal (Arera hills),2026-03-02,23.18,77.41,Madhya Pradesh,32,15,31,15,1
Bhopal (Arera hills),2026-03-03,23.18,77.41,Madhya Pradesh,34,15,31,15,3
Bhopal (Arera hills),2026-03-04,23.18,77.41,Madhya Pradesh,34,14,31,15,3
Bhopal (Arera hills),2026-03-05,23.18,77.41,Madhya Pradesh,34,15,31,15,3
Bhopal (Arera hills),2026-03-06,23.18,77.41,Madhya Pradesh,35,16,31,15,4
Bhopal (Arera hills),2026-03-07,23.18,77.41,Madhya Pradesh,35,15,32,16,3
Bhopal (Arera hills),2026-03-08,23.18,77.41,Madhya Pradesh,34,15,32,16,2
Bhopal (Arera hills),2026-03-09,23.18,77.41,Madhya Pradesh,36,16,32,16,4
Bhopal (Arera hills),2026-03-10,23.18,77.41,Madhya Pradesh,36,14,32,16,4
Bhopal (Arera hills),2026-03-11,23.18,77.41,Madhya Pradesh,36,16,32,16,4
Bhopal (Arera hills),2026-03-12,23.18,77.41,Madhya Pradesh,37,15,32,17,5
Bhopal (Arera hills),2026-03-13,23.18,77.41,Madhya Pradesh,37,17,32,17,5
Bhopal (Arera hills),2026-03-14,23.18,77.41,Madhya Pradesh,37,17,32,17,5
Bhopal (Arera hills),2026-03-15,23.18,77.41,Madhya Pradesh,36,18,32,17,4
Bhopal (Arera hills),2026-03-16,23.18,77.41,Madhya Pradesh,35,20,32,17,3
Bhopal (Arera hills),2026-03-17,23.18,77.41,Madhya Pradesh,35,17,35,18,0
Bhopal (Arera hills),2026-03-18,23.18,77.41,Madhya Pradesh,35,16,35,18,0
Bhopal (Arera hills),2026-03-19,23.18,77.41,Madhya Pradesh,34,17,35,18,-1
Bhopal (Arera hills),2026-03-20,23.18,77.41,Madhya Pradesh,29,16,35,18,-6
Bhopal (Arera hills),2026-03-21,23.18,77.41,Madhya Pradesh,29,14,35,18,-6
Bhopal (Arera hills),2026-03-22,23.18,77.41,Madhya Pradesh,33,14,35,19,-2
Bhopal (Arera hills),2026-03-24,23.18,77.41,Madhya Pradesh,34,17,35,19,-1
Bhopal (Arera hills),2026-03-25,23.18,77.41,Madhya Pradesh,35,18,35,19,0
Bhopal (Arera hills),2026-03-26,23.18,77.41,Madhya Pradesh,37,17,35,19,2
Bhopal (Arera hills),2026-03-27,23.18,77.41,Madhya Pradesh,37,19,36,19,1
Bhopal (Arera hills),2026-03-28,23.18,77.41,Madhya Pradesh,36,19,36,19,0
Bhopal (Arera hills),2026-03-29,23.18,77.41,Madhya Pradesh,36,22,36,19,0
Bhopal (Arera hills),2026-03-30,23.18,77.41,Madhya Pradesh,37,21,36,19,1
Bhopal (Arera hills),2026-03-31,23.18,77.41,Madhya Pradesh,37,21,36,19,1
Bhopal (Arera hills),2026-04-01,23.18,77.41,Madhya Pradesh,37,23,37,20,0
Bhopal (Arera hills),2026-04-02,23.18,77.41,Madhya Pradesh,36,21,37,20,-1
Bhopal (Arera hills),2026-04-03,23.18,77.41,Madhya Pradesh,36,21,37,20,-1
Bhopal (Arera hills),2026-04-04,23.18,77.41,Madhya Pradesh,35,21,37,20,-2
Bhopal (Arera hills),2026-04-05,23.18,77.41,Madhya Pradesh,33,19,37,20,-4
Bhopal (Arera hills),2026-04-06,23.18,77.41,Madhya Pradesh,34,19,37,21,-3
Bhopal (Arera hills),2026-04-07,23.18,77.41,Madhya Pradesh,34,20,37,21,-3
Bhopal (Arera hills),2026-04-08,23.18,77.41,Madhya Pradesh,33,22,37,21,-4
Bhopal (Arera hills),2026-04-09,23.18,77.41,Madhya Pradesh,34,16,37,21,-3
Bhopal (Arera hills),2026-04-10,23.18,77.41,Madhya Pradesh,34,18,37,21,-3
Bhopal (Arera hills),2026-04-11,23.18,77.41,Madhya Pradesh,36,19,38,21,-2
Bhopal (Arera hills),2026-04-12,23.18,77.41,Madhya Pradesh,38,20,38,21,0
Bhopal (Arera hills),2026-04-13,23.18,77.41,Madhya Pradesh,38,22,38,21,0
Bhopal (Arera hills),2026-04-14,23.18,77.41,Madhya Pradesh,39,22,38,21,1
Bhopal (Arera hills),2026-04-16,23.18,77.41,Madhya Pradesh,40,23,38,22,2
Bhopal (Arera hills),2026-04-17,23.18,77.41,Madhya Pradesh,41,24,38,22,3
Bhopal (Arera hills),2026-04-18,23.18,77.41,Madhya Pradesh,41,23,38,22,3
Bhopal (Arera hills),2026-04-19,23.18,77.41,Madhya Pradesh,41,23,38,22,3
Bhopal (Arera hills),2026-04-20,23.18,77.41,Madhya Pradesh,39,28,38,22,1
Bhopal (Arera hills),2026-04-21,23.18,77.41,Madhya Pradesh,40,23,39,23,1
Bhopal (Arera hills),2026-04-22,23.18,77.41,Madhya Pradesh,40,24,39,23,1
Bhopal (Arera hills),2026-04-23,23.18,77.41,Madhya Pradesh,41,22,39,23,2
Bhopal (Arera hills),2026-04-24,23.18,77.41,Madhya Pradesh,41,26,39,23,2
Bhopal (Arera hills),2026-04-25,23.18,77.41,Madhya Pradesh,42,25,39,23,3
Bhopal (Arera hills),2026-04-26,23.18,77.41,Madhya Pradesh,43,25,41,24,2
Bhopal (Arera hills),2026-04-27,23.18,77.41,Madhya Pradesh,43,26,41,24,2
Bhopal (Arera hills),2026-04-28,23.18,77.41,Madhya Pradesh,43,26,41,24,2
Bhopal (Arera hills),2026-04-29,23.18,77.41,Madhya Pradesh,43,25,41,24,2
Bhopal (Arera hills),2026-04-30,23.18,77.41,Madhya Pradesh,40,26,41,24,-1
Bhopal (Arera hills),2026-05-20,23.18,77.41,Madhya Pradesh,42,29,41,27,1
Bhopal (Arera hills),2026-05-21,23.18,77.41,Madhya Pradesh,42,29,41,27,1
Bhopal (Arera hills),2026-05-22,23.18,77.41,Madhya Pradesh,42,27,41,27,1
Bhopal (Arera hills),2026-05-23,23.18,77.41,Madhya Pradesh,41,29,41,27,0
Bhopal (Arera hills),2026-05-24,23.18,77.41,Madhya Pradesh,42,29,41,27,1
Bhopal (Arera hills),2026-05-25,23.18,77.41,Madhya Pradesh,43,29,41,27,2
Bhopal (Arera hills),2026-05-26,23.18,77.41,Madhya Pradesh,43,29,41,27,2
Bhopal (Arera hills),2026-05-27,23.18,77.41,Madhya Pradesh,43,29,41,27,2
Bhopal (Arera hills),2026-05-28,23.18,77.41,Madhya Pradesh,43,30,41,27,2
Bhopal (Arera hills),2026-05-29,23.18,77.41,Madhya Pradesh,40,29,41,27,-1
Bhopal (Arera hills),2026-05-31,23.18,77.41,Madhya Pradesh,38,22,41,27,-3
Bhopal (Arera hills),2026-06-01,23.18,77.41,Madhya Pradesh,37,27,41,27,-4
Bhopal (Arera hills),2026-06-02,23.18,77.41,Madhya Pradesh,37,22,41,27,-4
Bhopal (Arera hills),2026-06-03,23.18,77.41,Madhya Pradesh,39,25,41,27,-2
Bhopal (Arera hills),2026-06-04,23.18,77.41,Madhya Pradesh,35,20,41,27,-6
Bhopal (Arera hills),2026-06-05,23.18,77.41,Madhya Pradesh,35,20,40,27,-5
Bhopal (Arera hills),2026-06-06,23.18,77.41,Madhya Pradesh,38,22,40,27,-2
Bhopal (Arera hills),2026-06-07,23.18,77.41,Madhya Pradesh,37,21,40,27,-3
Bhopal (Arera hills),2026-06-08,23.18,77.41,Madhya Pradesh,38,25,40,27,-2
Bhopal (Arera hills),2026-06-09,23.18,77.41,Madhya Pradesh,40,26,40,27,0
Bhopal (Arera hills),2026-06-10,23.18,77.41,Madhya Pradesh,40,27,38,26,2
Bhopal (Arera hills),2026-06-11,23.18,77.41,Madhya Pradesh,39,28,38,26,1
Bhopal (Arera hills),2026-06-15,23.18,77.41,Madhya Pradesh,34,20,36,25,-2
Bhopal (Arera hills),2026-06-16,23.18,77.41,Madhya Pradesh,37,21,36,25,1
Bhopal (Arera hills),2026-06-18,23.18,77.41,Madhya Pradesh,37,25,36,25,1
Bhopal (Arera hills),2026-06-19,23.18,77.41,Madhya Pradesh,37,24,36,25,1
Bhopal (Arera hills),2026-06-21,23.18,77.41,Madhya Pradesh,35,25,35,25,0
Bhopal (Arera hills),2026-06-22,23.18,77.41,Madhya Pradesh,35,25,35,25,0
Bhopal (Arera hills),2026-06-23,23.18,77.41,Madhya Pradesh,32,24,35,25,-3
Bhopal (Arera hills),2026-06-24,23.18,77.41,Madhya Pradesh,34,24,35,25,-1
Bhopal (Arera hills),2026-06-25,23.18,77.41,Madhya Pradesh,32,22,34,24,-2
Bhopal (Arera hills),2026-06-27,23.18,77.41,Madhya Pradesh,36,24,34,24,2
Bhopal (Arera hills),2026-06-28,23.18,77.41,Madhya Pradesh,34,23,34,24,0
Bhopal (Arera hills),2026-06-30,23.18,77.41,Madhya Pradesh,30,25,33,24,-3
Bhopal (Arera hills),2026-07-01,23.18,77.41,Madhya Pradesh,31,22,33,24,-2
Bhopal (Arera hills),2026-07-02,23.18,77.41,Madhya Pradesh,31,24,33,24,-2
Bhopal (Arera hills),2026-07-03,23.18,77.41,Madhya Pradesh,29,23,33,24,-4
Bhopal (Arera hills),2026-07-04,23.18,77.41,Madhya Pradesh,30,24,33,24,-3
Bhopal (Arera hills),2026-07-05,23.18,77.41,Madhya Pradesh,32,25,32,24,0
Bhopal (Arera hills),2026-07-06,23.18,77.41,Madhya Pradesh,33,23,32,24,1
Bhopal (Arera hills),2026-07-07,23.18,77.41,Madhya Pradesh,31,24,32,24,-1
Bhopal (Arera hills),2026-07-08,23.18,77.41,Madhya Pradesh,30,24,32,24,-2
Bhopal (Arera hills),2026-07-09,23.18,77.41,Madhya Pradesh,30,25,32,24,-2
Bhopal (Arera hills),2026-07-10,23.18,77.41,Madhya Pradesh,31,24,31,24,0
Bhopal (Arera hills),2026-07-11,23.18,77.41,Madhya Pradesh,31,25,31,24,0
Bhopal (Arera hills),2026-07-12,23.18,77.41,Madhya Pradesh,31,25,31,24,0
Bhopal (Arera hills),2026-07-13,23.18,77.41,Madhya Pradesh,32,25,31,24,1
Bhopal (Arera hills),2026-07-14,23.18,77.41,Madhya Pradesh,33,25,31,24,2
Bhopal (Arera hills),2026-07-15,23.18,77.41,Madhya Pradesh,33,25,30,23,3
Bhopal (Arera hills),2026-07-16,23.18,77.41,Madhya Pradesh,33,25,30,23,3
Bhopal (Arera hills),2026-07-20,23.18,77.41,Madhya Pradesh,30,25,29,23,1
Bhopal (Arera hills),2026-07-21,23.18,77.41,Madhya Pradesh,26,23,29,23,-3
Bhopal (Arera hills),2026-07-22,23.18,77.41,Madhya Pradesh,26,23,29,23,-3
Bhopal (Arera hills),2026-07-23,23.18,77.41,Madhya Pradesh,27,23,29,23,-2
Bhopal (Arera hills),2026-07-24,23.18,77.41,Madhya Pradesh,29,23,29,23,0
Bhopal (Arera hills),2026-07-25,23.18,77.41,Madhya Pradesh,28,23,29,23,-1
Bhopal (Arera hills),2026-07-26,23.18,77.41,Madhya Pradesh,30,23,29,23,1
Bhopal (Arera hills),2026-07-27,23.18,77.41,Madhya Pradesh,31,24,29,23,2
Mumbai,2025-05-07,19.08,72.88,Maharashtra,32,23,34,27,-2
Mumbai,2025-05-06,19.08,72.88,Maharashtra,34,27,34,27,0
Mumbai,2025-05-08,19.08,72.88,Maharashtra,32,22,34,27,-2
Mumbai,2025-05-09,19.08,72.88,Maharashtra,32,23,34,27,-2
Mumbai,2025-05-10,19.08,72.88,Maharashtra,33,26,34,27,-1
Mumbai,2025-05-11,19.08,72.88,Maharashtra,33,25,34,27,-1
Mumbai,2025-05-12,19.08,72.88,Maharashtra,33,27,34,27,-1
Mumbai,2025-05-13,19.08,72.88,Maharashtra,34,27,34,27,0
Mumbai,2025-05-14,19.08,72.88,Maharashtra,34,28,34,27,0
Mumbai,2025-05-15,19.08,72.88,Maharashtra,34,27,34,27,0
Mumbai,2025-05-16,19.08,72.88,Maharashtra,34,26,34,27,0
Mumbai,2025-05-17,19.08,72.88,Maharashtra,32,26,34,27,-2
Mumbai,2025-05-18,19.08,72.88,Maharashtra,34,27,34,27,0
Mumbai,2025-05-19,19.08,72.88,Maharashtra,33,28,34,27,-1
Mumbai,2025-05-20,19.08,72.88,Maharashtra,33,28,34,27,-1
Mumbai,2025-05-21,19.08,72.88,Maharashtra,32,24,34,38,-2
Mumbai,2025-05-22,19.08,72.88,Maharashtra,33,24,34,28,-1
Mumbai,2025-05-23,19.08,72.88,Maharashtra,32,25,34,28,-2
Mumbai,2025-05-24,19.08,72.88,Maharashtra,32,27,34,28,-2
Mumbai,2025-05-25,19.08,72.88,Maharashtra,29,24,34,28,-5
Mumbai,2025-05-26,19.08,72.88,Maharashtra,26,23,34,28,-8
Mumbai,2025-05-27,19.08,72.88,Maharashtra,27,24,34,28,-7
Mumbai,2025-05-28,19.08,72.88,Maharashtra,31,24,34,28,-3
Mumbai,2025-05-29,19.08,72.88,Maharashtra,33,23,34,28,-1
Mumbai,2025-05-30,19.08,72.88,Maharashtra,34,27,34,28,0
Mumbai,2025-05-31,19.08,72.88,Maharashtra,32,28,34,28,-2
Mumbai,2025-06-01,19.08,72.88,Maharashtra,32,26,34,28,-2
Mumbai,2025-06-02,19.08,72.88,Maharashtra,33,26,34,28,-1
Mumbai,2025-06-03,19.08,72.88,Maharashtra,33,28,34,28,-1
Mumbai,2025-06-04,19.08,72.88,Maharashtra,28,24,34,28,-6
Mumbai,2025-06-05,19.08,72.88,Maharashtra,33,25,34,27,-1
Mumbai,2025-06-06,19.08,72.88,Maharashtra,32,27,34,27,-2
Mumbai,2025-06-07,19.08,72.88,Maharashtra,31,25,34,27,-3
Mumbai,2025-06-08,19.08,72.88,Maharashtra,32,24,34,27,-2
Mumbai,2025-06-09,19.08,72.88,Maharashtra,32,27,34,27,-2
Mumbai,2025-06-10,19.08,72.88,Maharashtra,33,27,33,26,0
Mumbai,2025-06-11,19.08,72.88,Maharashtra,33,28,33,26,0
Mumbai,2025-06-12,19.08,72.88,Maharashtra,33,28,33,26,0
Mumbai,2025-06-13,19.08,72.88,Maharashtra,30,24,33,26,-3
Mumbai,2025-06-14,19.08,72.88,Maharashtra,32,25,33,26,-1
Mumbai,2025-06-15,19.08,72.88,Maharashtra,28,24,32,26,-4
Mumbai,2025-06-16,19.08,72.88,Maharashtra,28,24,32,26,-4
Mumbai,2025-06-17,19.08,72.88,Maharashtra,32,24,32,26,0
Mumbai,2025-06-18,19.08,72.88,Maharashtra,29,26,32,26,-3
Mumbai,2025-06-19,19.08,72.88,Maharashtra,29,25,32,26,-3
Mumbai,2025-06-20,19.08,72.88,Maharashtra,31,27,31,26,0
Mumbai,2025-06-21,19.08,72.88,Maharashtra,32,27,31,26,1
Mumbai,2025-06-22,19.08,72.88,Maharashtra,32,26,31,26,1
Mumbai,2025-06-23,19.08,72.88,Maharashtra,31,25,31,26,0
Mumbai,2025-06-24,19.08,72.88,Maharashtra,30,23,31,26,-1
Mumbai,2025-06-25,19.08,72.88,Maharashtra,31,27,31,26,0
Mumbai,2025-06-26,19.08,72.88,Maharashtra,30,26,31,26,-1
Mumbai,2025-06-27,19.08,72.88,Maharashtra,30,27,31,26,-1
Mumbai,2025-06-28,19.08,72.88,Maharashtra,31,26,31,26,0
Mumbai,2025-06-29,19.08,72.88,Maharashtra,31,24,31,26,0
Mumbai,2025-06-30,19.08,72.88,Maharashtra,31,26,30,26,1
Mumbai,2025-07-01,19.08,72.88,Maharashtra,31,26,30,26,1
Mumbai,2025-07-02,19.08,72.88,Maharashtra,31,25,30,26,1
Mumbai,2025-07-03,19.08,72.88,Maharashtra,31,24,30,26,1
Mumbai,2025-07-04,19.08,72.88,Maharashtra,30,25,30,26,0
Mumbai,2025-07-05,19.08,72.88,Maharashtra,30,25,30,26,0
Mumbai,2025-07-06,19.08,72.88,Maharashtra,30,25,30,26,0
Mumbai,2025-07-07,19.08,72.88,Maharashtra,30,26,30,26,0
Mumbai,2025-07-08,19.08,72.88,Maharashtra,30,27,30,26,0
Mumbai,2025-07-09,19.08,72.88,Maharashtra,30,25,30,26,0
Mumbai,2025-07-10,19.08,72.88,Maharashtra,31,26,30,26,1
Mumbai,2025-07-11,19.08,72.88,Maharashtra,32,26,30,26,2
Mumbai,2025-07-12,19.08,72.88,Maharashtra,31,24,30,26,1
Mumbai,2025-07-13,19.08,72.88,Maharashtra,31,26,30,26,1
Mumbai,2025-07-14,19.08,72.88,Maharashtra,29,25,30,26,-1
Mumbai,2025-07-16,19.08,72.88,Maharashtra,32,26,30,26,2
Mumbai,2025-07-17,19.08,72.88,Maharashtra,31,27,30,26,1
Mumbai,2025-07-18,19.08,72.88,Maharashtra,32,27,30,26,2
Mumbai,2025-07-19,19.08,72.88,Maharashtra,31,27,30,26,1
Mumbai,2025-07-20,19.08,72.88,Maharashtra,30,26,30,26,0
Mumbai,2025-07-21,19.08,72.88,Maharashtra,28,26,30,26,-2
Mumbai,2025-07-22,19.08,72.88,Maharashtra,28,25,30,26,-2
Mumbai,2025-07-23,19.08,72.88,Maharashtra,28,24,30,26,-2
Mumbai,2025-07-24,19.08,72.88,Maharashtra,29,25,30,26,-1
Mumbai,2025-07-25,19.08,72.88,Maharashtra,28,25,30,25,-2
Mumbai,2025-07-26,19.08,72.88,Maharashtra,29,26,30,25,-1
Mumbai,2025-07-27,19.08,72.88,Maharashtra,29,25,30,25,-1
Mumbai,2025-07-28,19.08,72.88,Maharashtra,29,25,30,25,-1
Mumbai,2025-07-29,19.08,72.88,Maharashtra,28,25,30,25,-2
Mumbai,2025-07-30,19.08,72.88,Maharashtra,28,25,30,25,-2
Mumbai,2025-07-31,19.08,72.88,Maharashtra,30,26,30,25,0
Mumbai,2025-08-01,19.08,72.88,Maharashtra,31,27,30,25,1
Mumbai,2025-08-02,19.08,72.88,Maharashtra,30,27,30,25,0
Mumbai,2025-08-03,19.08,72.88,Maharashtra,31,25,30,25,1
Mumbai,2025-08-04,19.08,72.88,Maharashtra,31,26,30,25,1
Mumbai,2025-08-05,19.08,72.88,Maharashtra,31,27,30,25,1
Mumbai,2025-08-06,19.08,72.88,Maharashtra,30,26,30,25,0
Mumbai,2025-08-07,19.08,72.88,Maharashtra,29,25,30,25,-1
Mumbai,2025-08-08,19.08,72.88,Maharashtra,30,25,30,25,0
Mumbai,2025-08-09,19.08,72.88,Maharashtra,31,25,30,25,1
Mumbai,2025-08-10,19.08,72.88,Maharashtra,31,26,30,25,1
Mumbai,2025-08-11,19.08,72.88,Maharashtra,32,25,30,25,2
Mumbai,2025-08-12,19.08,72.88,Maharashtra,32,25,30,25,2
Mumbai,2025-08-13,19.08,72.88,Maharashtra,29,25,30,25,-1
Mumbai,2025-08-14,19.08,72.88,Maharashtra,28,25,30,25,-2
Mumbai,2025-08-15,19.08,72.88,Maharashtra,27,24,30,25,-3
Mumbai,2025-08-16,19.08,72.88,Maharashtra,27,24,30,25,-3
Mumbai,2025-08-17,19.08,72.88,Maharashtra,27,24,30,25,-3
Mumbai,2025-08-18,19.08,72.88,Maharashtra,27,24,30,25,-3
Mumbai,2025-08-19,19.08,72.88,Maharashtra,26,24,30,25,-4
Mumbai,2025-08-20,19.08,72.88,Maharashtra,28,24,30,25,-2
Mumbai,2025-08-21,19.08,72.88,Maharashtra,29,24,30,25,-1
Mumbai,2025-08-22,19.08,72.88,Maharashtra,29,25,30,25,-1
Mumbai,2025-08-23,19.08,72.88,Maharashtra,30,25,30,25,0
Mumbai,2025-08-24,19.08,72.88,Maharashtra,30,26,30,25,0
Mumbai,2025-08-25,19.08,72.88,Maharashtra,28,24,30,25,-2
Mumbai,2025-08-26,19.08,72.88,Maharashtra,28,25,30,25,-2
Mumbai,2025-08-27,19.08,72.88,Maharashtra,29,25,30,25,-1
Mumbai,2025-08-28,19.08,72.88,Maharashtra,29,26,30,25,-1
Mumbai,2025-08-29,19.08,72.88,Maharashtra,28,25,30,25,-2
Mumbai,2025-08-30,19.08,72.88,Maharashtra,30,23,30,25,0
Mumbai,2025-08-31,19.08,72.88,Maharashtra,29,26,30,25,-1
Mumbai,2025-09-01,19.08,72.88,Maharashtra,30,25,30,25,0
Mumbai,2025-09-02,19.08,72.88,Maharashtra,30,25,30,25,0
Mumbai,2025-09-03,19.08,72.88,Maharashtra,31,26,30,25,1
Mumbai,2025-09-04,19.08,72.88,Maharashtra,28,25,30,25,-2
Mumbai,2025-09-05,19.08,72.88,Maharashtra,28,26,30,25,-2
Mumbai,2025-09-06,19.08,72.88,Maharashtra,27,24,30,25,-3
Mumbai,2025-09-07,19.08,72.88,Maharashtra,28,24,30,25,-2
Mumbai,2025-09-08,19.08,72.88,Maharashtra,29,25,31,25,-2
Mumbai,2025-09-09,19.08,72.88,Maharashtra,31,25,31,25,0
Mumbai,2025-09-10,19.08,72.88,Maharashtra,32,25,31,25,1
Mumbai,2025-09-11,19.08,72.88,Maharashtra,31,25,31,25,0
Mumbai,2025-09-12,19.08,72.88,Maharashtra,30,25,31,25,-1
Mumbai,2025-09-13,19.08,72.88,Maharashtra,29,25,31,25,-2
Mumbai,2025-09-14,19.08,72.88,Maharashtra,30,25,31,24,-1
Mumbai,2025-09-15,19.08,72.88,Maharashtra,26,24,31,25,-5
Mumbai,2025-09-16,19.08,72.88,Maharashtra,27,24,31,25,-4
Mumbai,2025-09-17,19.08,72.88,Maharashtra,30,24,31,25,-1
Mumbai,2025-09-18,19.08,72.88,Maharashtra,29,25,30,25,-1
Mumbai,2025-09-19,19.08,72.88,Maharashtra,29,25,30,25,-1
Mumbai,2025-09-20,19.08,72.88,Maharashtra,30,25,30,25,0
Mumbai,2025-09-21,19.08,72.88,Maharashtra,28,25,30,25,-2
Mumbai,2025-09-22,19.08,72.88,Maharashtra,27,24,30,25,-3
Mumbai,2025-09-23,19.08,72.88,Maharashtra,29,24,31,25,-2
Mumbai,2025-09-24,19.08,72.88,Maharashtra,31,25,31,25,0
Mumbai,2025-09-25,19.08,72.88,Maharashtra,30,24,31,25,-1
Mumbai,2025-09-26,19.08,72.88,Maharashtra,30,25,31,25,-1
Mumbai,2025-09-27,19.08,72.88,Maharashtra,27,24,31,25,-4
Mumbai,2025-09-28,19.08,72.88,Maharashtra,25,24,32,25,-7
Mumbai,2025-09-29,19.08,72.88,Maharashtra,28,23,32,25,-4
Mumbai,2025-09-30,19.08,72.88,Maharashtra,30,24,32,25,-2
Mumbai,2025-10-01,19.08,72.88,Maharashtra,31,23,32,25,-1
Mumbai,2025-10-02,19.08,72.88,Maharashtra,30,24,32,25,-2
Mumbai,2025-10-03,19.08,72.88,Maharashtra,30,24,32,25,-2
Mumbai,2025-10-04,19.08,72.88,Maharashtra,32,25,32,25,0
Mumbai,2025-10-05,19.08,72.88,Maharashtra,30,25,32,25,-2
Mumbai,2025-10-06,19.08,72.88,Maharashtra,31,25,32,25,-1
Mumbai,2025-10-07,19.08,72.88,Maharashtra,32,25,32,25,0
Mumbai,2025-10-08,19.08,72.88,Maharashtra,31,25,33,25,-2
Mumbai,2025-10-09,19.08,72.88,Maharashtra,32,25,33,25,-1
Mumbai,2025-10-10,19.08,72.88,Maharashtra,33,25,33,25,0
Mumbai,2025-10-11,19.08,72.88,Maharashtra,33,25,33,25,0
Mumbai,2025-10-12,19.08,72.88,Maharashtra,33,25,33,25,0
Mumbai,2025-10-13,19.08,72.88,Maharashtra,32,25,33,25,-1
Mumbai,2025-10-14,19.08,72.88,Maharashtra,34,24,33,25,1
Mumbai,2025-10-15,19.08,72.88,Maharashtra,33,25,33,25,0
Mumbai,2025-10-16,19.08,72.88,Maharashtra,36,26,33,25,3
Mumbai,2025-10-17,19.08,72.88,Maharashtra,36,25,33,25,3
Mumbai,2025-10-18,19.08,72.88,Maharashtra,35,27,34,25,1
Mumbai,2025-10-19,19.08,72.88,Maharashtra,35,26,34,25,1
Mumbai,2025-10-20,19.08,72.88,Maharashtra,35,27,34,25,1
Mumbai,2025-10-21,19.08,72.88,Maharashtra,34,26,34,25,0
Mumbai,2025-10-22,19.08,72.88,Maharashtra,35,25,34,25,1
Mumbai,2025-10-23,19.08,72.88,Maharashtra,35,27,34,25,1
Mumbai,2025-10-24,19.08,72.88,Maharashtra,34,25,34,25,0
Mumbai,2025-10-25,19.08,72.88,Maharashtra,31,25,34,25,-3
Mumbai,2025-10-26,19.08,72.88,Maharashtra,32,26,34,25,-2
Mumbai,2025-10-27,19.08,72.88,Maharashtra,31,24,34,25,-3
Mumbai,2025-10-28,19.08,72.88,Maharashtra,32,25,34,24,-2
Mumbai,2025-10-29,19.08,72.88,Maharashtra,33,25,34,24,-1
Mumbai,2025-10-30,19.08,72.88,Maharashtra,30,25,34,24,-4
Mumbai,2025-10-31,19.08,72.88,Maharashtra,31,25,34,24,-3
Mumbai,2025-11-01,19.08,72.88,Maharashtra,32,26,34,24,-2
Mumbai,2025-11-02,19.08,72.88,Maharashtra,27,25,34,24,-7
Mumbai,2025-11-03,19.08,72.88,Maharashtra,32,24,34,24,-2
Mumbai,2025-11-04,19.08,72.88,Maharashtra,32,25,34,24,-2
Mumbai,2025-11-05,19.08,72.88,Maharashtra,31,24,34,24,-3
Mumbai,2025-11-06,19.08,72.88,Maharashtra,30,23,34,24,-4
Mumbai,2026-01-06,19.08,72.88,Maharashtra,31,21,30,19,1
Mumbai,2026-01-07,19.08,72.88,Maharashtra,31,20,30,19,1
Mumbai,2026-01-08,19.08,72.88,Maharashtra,31,20,30,19,1
Mumbai,2026-01-09,19.08,72.88,Maharashtra,30,19,30,19,0
Mumbai,2026-01-10,19.08,72.88,Maharashtra,29,19,30,19,-1
Mumbai,2026-01-11,19.08,72.88,Maharashtra,30,19,30,19,0
Mumbai,2026-01-12,19.08,72.88,Maharashtra,33,21,30,19,3
Mumbai,2026-01-13,19.08,72.88,Maharashtra,33,21,30,19,3
Mumbai,2026-01-14,19.08,72.88,Maharashtra,30,22,30,19,0
Mumbai,2026-01-15,19.08,72.88,Maharashtra,29,19,30,19,-1
Mumbai,2026-01-16,19.08,72.88,Maharashtra,30,19,30,19,0
Mumbai,2026-01-17,19.08,72.88,Maharashtra,29,20,30,19,-1
Mumbai,2026-01-18,19.08,72.88,Maharashtra,28,20,30,19,-2
Mumbai,2026-01-19,19.08,72.88,Maharashtra,28,19,30,19,-2
Mumbai,2026-01-20,19.08,72.88,Maharashtra,28,18,30,19,-2
Mumbai,2026-01-21,19.08,72.88,Maharashtra,30,19,29,19,1
Mumbai,2026-01-22,19.08,72.88,Maharashtra,30,20,29,19,1
Mumbai,2026-01-23,19.08,72.88,Maharashtra,28,21,29,19,-1
Mumbai,2026-01-24,19.08,72.88,Maharashtra,28,18,29,19,-1
Mumbai,2026-01-25,19.08,72.88,Maharashtra,29,19,29,19,0
Mumbai,2026-01-26,19.08,72.88,Maharashtra,30,21,30,19,0
Mumbai,2026-01-27,19.08,72.88,Maharashtra,27,22,30,19,-3
Mumbai,2026-01-28,19.08,72.88,Maharashtra,28,19,30,19,-2
Mumbai,2026-01-29,19.08,72.88,Maharashtra,31,19,30,19,1
Mumbai,2026-01-30,19.08,72.88,Maharashtra,30,22,30,19,0
Mumbai,2026-01-31,19.08,72.88,Maharashtra,29,22,,,
Mumbai,2026-02-01,19.08,72.88,Maharashtra,31,21,30,19,1
Mumbai,2026-02-02,19.08,72.88,Maharashtra,32,22,30,19,2
Mumbai,2026-02-03,19.08,72.88,Maharashtra,31,22,30,19,1
Mumbai,2026-02-04,19.08,72.88,Maharashtra,33,21,30,19,3
Mumbai,2026-02-05,19.08,72.88,Maharashtra,33,22,29,19,4
Mumbai,2026-02-06,19.08,72.88,Maharashtra,33,22,29,19,4
Mumbai,2026-02-07,19.08,72.88,Maharashtra,32,21,29,19,3
Mumbai,2026-02-08,19.08,72.88,Maharashtra,33,22,29,19,4
Mumbai,2026-02-09,19.08,72.88,Maharashtra,31,21,29,19,2
Mumbai,2026-02-10,19.08,72.88,Maharashtra,29,21,30,20,-1
Mumbai,2026-02-11,19.08,72.88,Maharashtra,32,21,30,20,2
Mumbai,2026-02-12,19.08,72.88,Maharashtra,32,21,30,20,2
Mumbai,2026-02-13,19.08,72.88,Maharashtra,32,21,30,20,2
Mumbai,2026-02-14,19.08,72.88,Maharashtra,32,22,30,20,2
Mumbai,2026-02-15,19.08,72.88,Maharashtra,33,22,30,20,3
Mumbai,2026-02-16,19.08,72.88,Maharashtra,29,22,30,20,-1
Mumbai,2026-02-17,19.08,72.88,Maharashtra,29,23,30,20,-1
Mumbai,2026-02-18,19.08,72.88,Maharashtra,28,22,30,20,-2
Mumbai,2026-02-19,19.08,72.88,Maharashtra,29,21,30,20,-1
Mumbai,2026-02-20,19.08,72.88,Maharashtra,31,23,30,20,1
Mumbai,2026-02-21,19.08,72.88,Maharashtra,34,23,30,20,4
Mumbai,2026-02-25,19.08,72.88,Maharashtra,31,22,31,21,0
Mumbai,2026-02-26,19.08,72.88,Maharashtra,31,21,31,21,0
Mumbai,2026-02-27,19.08,72.88,Maharashtra,30,21,31,21,-1
Mumbai,2026-02-28,19.08,72.88,Maharashtra,31,21,31,21,0
Mumbai,2026-03-01,19.08,72.88,Maharashtra,31,21,31,21,0
Mumbai,2026-03-02,19.08,72.88,Maharashtra,30,22,31,22,-1
Mumbai,2026-03-03,19.08,72.88,Maharashtra,30,23,31,22,-1
Mumbai,2026-03-04,19.08,72.88,Maharashtra,35,24,31,22,4
Mumbai,2026-03-05,19.08,72.88,Maharashtra,36,24,31,22,5
Mumbai,2026-03-06,19.08,72.88,Maharashtra,32,25,31,22,1
Mumbai,2026-03-07,19.08,72.88,Maharashtra,31,24,31,22,0
Mumbai,2026-03-08,19.08,72.88,Maharashtra,33,24,31,22,2
Mumbai,2026-03-09,19.08,72.88,Maharashtra,35,24,31,22,4
Mumbai,2026-03-10,19.08,72.88,Maharashtra,35,24,31,22,4
Mumbai,2026-03-11,19.08,72.88,Maharashtra,34,24,31,22,3
Mumbai,2026-03-12,19.08,72.88,Maharashtra,32,25,31,22,1
Mumbai,2026-03-13,19.08,72.88,Maharashtra,34,24,31,22,3
Mumbai,2026-03-14,19.08,72.88,Maharashtra,33,25,31,22,2
Mumbai,2026-03-15,19.08,72.88,Maharashtra,33,24,31,22,2
Mumbai,2026-03-16,19.08,72.88,Maharashtra,32,25,31,22,1
Mumbai,2026-03-17,19.08,72.88,Maharashtra,32,23,32,23,0
Mumbai,2026-03-18,19.08,72.88,Maharashtra,32,22,32,23,0
Mumbai,2026-03-19,19.08,72.88,Maharashtra,32,23,32,23,0
Mumbai,2026-03-20,19.08,72.88,Maharashtra,32,23,32,23,0
Mumbai,2026-03-21,19.08,72.88,Maharashtra,32,22,32,23,0
Mumbai,2026-03-22,19.08,72.88,Maharashtra,34,22,31,23,3
Mumbai,2026-03-23,19.08,72.88,Maharashtra,34,23,31,23,3
Mumbai,2026-03-24,19.08,72.88,Maharashtra,34,25,31,23,3
Mumbai,2026-03-25,19.08,72.88,Maharashtra,32,25,31,23,1
Mumbai,2026-03-26,19.08,72.88,Maharashtra,32,25,31,23,1
Mumbai,2026-03-27,19.08,72.88,Maharashtra,34,26,32,24,2
Mumbai,2026-03-28,19.08,72.88,Maharashtra,33,24,32,24,1
Mumbai,2026-03-29,19.08,72.88,Maharashtra,33,24,32,24,1
Mumbai,2026-03-30,19.08,72.88,Maharashtra,33,25,32,24,1
Mumbai,2026-03-31,19.08,72.88,Maharashtra,32,25,32,24,0
Mumbai,2026-04-01,19.08,72.88,Maharashtra,31,25,32,24,-1
Mumbai,2026-04-02,19.08,72.88,Maharashtra,31,23,32,24,-1
Mumbai,2026-04-03,19.08,72.88,Maharashtra,32,23,32,24,0
Mumbai,2026-04-04,19.08,72.88,Maharashtra,32,24,32,24,0
Mumbai,2026-04-05,19.08,72.88,Maharashtra,32,24,32,24,0
Mumbai,2026-04-06,19.08,72.88,Maharashtra,32,23,32,24,0
Mumbai,2026-04-07,19.08,72.88,Maharashtra,32,23,32,24,0
Mumbai,2026-04-08,19.08,72.88,Maharashtra,33,25,32,24,1
Mumbai,2026-04-09,19.08,72.88,Maharashtra,33,25,32,24,1
Mumbai,2026-04-10,19.08,72.88,Maharashtra,33,25,32,24,1
Mumbai,2026-04-11,19.08,72.88,Maharashtra,34,26,32,25,2
Mumbai,2026-04-12,19.08,72.88,Maharashtra,34,27,32,25,2
Mumbai,2026-04-13,19.08,72.88,Maharashtra,33,25,32,25,1
Mumbai,2026-04-14,19.08,72.88,Maharashtra,34,25,32,25,2
Mumbai,2026-04-16,19.08,72.88,Maharashtra,33,24,32,25,1
Mumbai,2026-04-17,19.08,72.88,Maharashtra,33,24,32,25,1
Mumbai,2026-04-18,19.08,72.88,Maharashtra,33,25,32,25,1
Mumbai,2026-04-19,19.08,72.88,Maharashtra,33,24,32,25,1
Mumbai,2026-04-20,19.08,72.88,Maharashtra,33,25,32,25,1
Mumbai,2026-04-21,19.08,72.88,Maharashtra,33,25,33,25,0
Mumbai,2026-04-22,19.08,72.88,Maharashtra,33,26,33,25,0
Mumbai,2026-04-23,19.08,72.88,Maharashtra,33,25,33,25,0
Mumbai,2026-04-24,19.08,72.88,Maharashtra,33,26,33,25,0
Mumbai,2026-04-25,19.08,72.88,Maharashtra,33,26,33,25,0
Mumbai,2026-04-26,19.08,72.88,Maharashtra,34,26,33,26,1
Mumbai,2026-04-27,19.08,72.88,Maharashtra,34,26,33,26,1
Mumbai,2026-04-28,19.08,72.88,Maharashtra,33,26,33,26,0
Mumbai,2026-04-29,19.08,72.88,Maharashtra,34,26,33,26,1
Mumbai,2026-04-30,19.08,72.88,Maharashtra,34,26,33,26,1
Mumbai,2026-05-20,19.08,72.88,Maharashtra,34,26,34,27,0
Mumbai,2026-05-21,19.08,72.88,Maharashtra,34,28,34,27,0
Mumbai,2026-05-22,19.08,72.88,Maharashtra,35,28,34,27,1
Mumbai,2026-05-23,19.08,72.88,Maharashtra,34,28,34,27,0
Mumbai,2026-05-24,19.08,72.88,Maharashtra,35,28,34,27,1
Mumbai,2026-05-25,19.08,72.88,Maharashtra,35,28,34,27,1
Mumbai,2026-05-26,19.08,72.88,Maharashtra,35,28,34,28,1
Mumbai,2026-05-27,19.08,72.88,Maharashtra,35,28,34,28,1
Mumbai,2026-05-28,19.08,72.88,Maharashtra,35,28,34,28,1
Mumbai,2026-05-29,19.08,72.88,Maharashtra,35,29,34,28,1
Mumbai,2026-05-31,19.08,72.88,Maharashtra,35,29,34,27,1
Mumbai,2026-06-01,19.08,72.88,Maharashtra,36,28,34,27,2
Mumbai,2026-06-02,19.08,72.88,Maharashtra,35,29,34,27,1
Mumbai,2026-06-03,19.08,72.88,Maharashtra,34,26,34,27,0
Mumbai,2026-06-04,19.08,72.88,Maharashtra,35,29,34,27,1
Mumbai,2026-06-05,19.08,72.88,Maharashtra,35,28,33,27,2
Mumbai,2026-06-06,19.08,72.88,Maharashtra,36,30,33,27,3
Mumbai,2026-06-07,19.08,72.88,Maharashtra,35,30,33,27,2
Mumbai,2026-06-08,19.08,72.88,Maharashtra,35,30,33,27,2
Mumbai,2026-06-09,19.08,72.88,Maharashtra,35,30,33,27,2
Mumbai,2026-06-10,19.08,72.88,Maharashtra,35,30,32,26,3
Mumbai,2026-06-11,19.08,72.88,Maharashtra,36,30,32,26,4
Mumbai,2026-06-15,19.08,72.88,Maharashtra,35,29,31,26,4
Mumbai,2026-06-16,19.08,72.88,Maharashtra,36,29,31,26,5
Mumbai,2026-06-18,19.08,72.88,Maharashtra,35,29,31,26,4
Mumbai,2026-06-19,19.08,72.88,Maharashtra,35,29,31,26,4
Mumbai,2026-06-21,19.08,72.88,Maharashtra,34,25,31,26,3
Mumbai,2026-06-22,19.08,72.88,Maharashtra,33,25,31,26,2
Mumbai,2026-06-23,19.08,72.88,Maharashtra,26,24,31,26,-5
Mumbai,2026-06-24,19.08,72.88,Maharashtra,26,23,31,26,-5
Mumbai,2026-06-27,19.08,72.88,Maharashtra,32,25,31,26,1
Mumbai,2026-06-28,19.08,72.88,Maharashtra,32,26,31,26,1
Mumbai,2026-06-30,19.08,72.88,Maharashtra,27,25,30,25,-3
Mumbai,2026-07-01,19.08,72.88,Maharashtra,28,25,30,25,-2
Mumbai,2026-07-02,19.08,72.88,Maharashtra,27,23,30,25,-3
Mumbai,2026-07-03,19.08,72.88,Maharashtra,26,24,30,25,-4
Mumbai,2026-07-04,19.08,72.88,Maharashtra,27,24,30,25,-3
Mumbai,2026-07-05,19.08,72.88,Maharashtra,26,24,30,25,-4
Mumbai,2026-07-06,19.08,72.88,Maharashtra,27,24,30,25,-3
Mumbai,2026-07-07,19.08,72.88,Maharashtra,29,26,30,25,-1
Mumbai,2026-07-08,19.08,72.88,Maharashtra,28,25,30,25,-2
Mumbai,2026-07-09,19.08,72.88,Maharashtra,30,26,30,25,0
Mumbai,2026-07-10,19.08,72.88,Maharashtra,32,27,30,25,2
Mumbai,2026-07-11,19.08,72.88,Maharashtra,32,27,30,25,2
Mumbai,2026-07-12,19.08,72.88,Maharashtra,32,27,30,25,2
Mumbai,2026-07-13,19.08,72.88,Maharashtra,32,27,30,25,2
Mumbai,2026-07-14,19.08,72.88,Maharashtra,32,27,30,25,2
Mumbai,2026-07-15,19.08,72.88,Maharashtra,33,27,29,25,4
Mumbai,2026-07-16,19.08,72.88,Maharashtra,32,26,29,25,3
Mumbai,2026-07-19,19.08,72.88,Maharashtra,29,25,29,25,0
Mumbai,2026-07-20,19.08,72.88,Maharashtra,29,26,30,25,-1
Mumbai,2026-07-21,19.08,72.88,Maharashtra,29,25,30,25,-1
Mumbai,2026-07-22,19.08,72.88,Maharashtra,28,24,30,25,-2
Mumbai,2026-07-23,19.08,72.88,Maharashtra,28,26,30,25,-2
Mumbai,2026-07-24,19.08,72.88,Maharashtra,29,24,30,25,-1
Mumbai,2026-07-25,19.08,72.88,Maharashtra,31,25,29,25,2
Mumbai,2026-07-26,19.08,72.88,Maharashtra,31,25,29,25,2
Mumbai,2026-07-27,19.08,72.88,Maharashtra,29,25,29,25,0
Imphal,2025-05-07,24.82,94.9,Manipur,31,19,29,18,2
Imphal,2025-05-06,24.82,94.9,Manipur,31,21,29,18,2
Imphal,2025-05-08,24.82,94.9,Manipur,30,21,29,18,1
Imphal,2025-05-09,24.82,94.9,Manipur,31,21,29,18,2
Imphal,2025-05-10,24.82,94.9,Manipur,31,22,29,18,2
Imphal,2025-05-11,24.82,94.9,Manipur,28,21,30,19,-2
Imphal,2025-05-12,24.82,94.9,Manipur,24,19,30,19,-6
Imphal,2025-05-13,24.82,94.9,Manipur,28,20,30,19,-2
Imphal,2025-05-14,24.82,94.9,Manipur,30,20,30,19,0
Imphal,2025-05-15,24.82,94.9,Manipur,31,20,30,19,1
Imphal,2025-05-16,24.82,94.9,Manipur,32,20,29,19,3
Imphal,2025-05-17,24.82,94.9,Manipur,30,19,29,19,1
Imphal,2025-05-18,24.82,94.9,Manipur,30,21,29,19,1
Imphal,2025-05-19,24.82,94.9,Manipur,31,20,29,19,2
Imphal,2025-05-20,24.82,94.9,Manipur,28,21,29,19,-1
Imphal,2025-05-21,24.82,94.9,Manipur,24,22,30,20,-6
Imphal,2025-05-22,24.82,94.9,Manipur,28,21,30,20,-2
Imphal,2025-05-23,24.82,94.9,Manipur,31,26,30,20,1
Imphal,2025-05-24,24.82,94.9,Manipur,31,21,30,20,1
Imphal,2025-05-25,24.82,94.9,Manipur,30,23,30,20,0
Imphal,2025-05-26,24.82,94.9,Manipur,25,21,30,21,-5
Imphal,2025-05-27,24.82,94.9,Manipur,29,21,30,21,-1
Imphal,2025-05-28,24.82,94.9,Manipur,28,22,30,21,-2
Imphal,2025-05-29,24.82,94.9,Manipur,25,22,30,21,-5
Imphal,2025-05-30,24.82,94.9,Manipur,24,23,30,21,-6
Imphal,2025-05-31,24.82,94.9,Manipur,24,23,30,21,-6
Imphal,2025-06-01,24.82,94.9,Manipur,23,22,30,21,-7
Imphal,2025-06-02,24.82,94.9,Manipur,29,22,30,21,-1
Imphal,2025-06-03,24.82,94.9,Manipur,27,21,30,21,-3
Imphal,2025-06-04,24.82,94.9,Manipur,30,21,30,21,0
Imphal,2025-06-05,24.82,94.9,Manipur,31,25,30,21,1
Imphal,2025-06-06,24.82,94.9,Manipur,30,23,30,21,0
Imphal,2025-06-07,24.82,94.9,Manipur,33,22,30,21,3
Imphal,2025-06-08,24.82,94.9,Manipur,33,23,30,21,3
Imphal,2025-06-09,24.82,94.9,Manipur,32,23,30,21,2
Imphal,2025-06-10,24.82,94.9,Manipur,32,23,30,22,2
Imphal,2025-06-11,24.82,94.9,Manipur,32,28,30,22,2
Imphal,2025-06-12,24.82,94.9,Manipur,33,22,30,22,3
Imphal,2025-06-13,24.82,94.9,Manipur,34,23,30,22,4
Imphal,2025-06-14,24.82,94.9,Manipur,34,23,30,22,4
Imphal,2025-06-15,24.82,94.9,Manipur,29,24,30,22,-1
Imphal,2025-06-16,24.82,94.9,Manipur,27,24,30,22,-3
Imphal,2025-06-17,24.82,94.9,Manipur,29,22,30,22,-1
Imphal,2025-06-18,24.82,94.9,Manipur,29,23,30,22,-1
Imphal,2025-06-19,24.82,94.9,Manipur,31,23,30,22,1
Imphal,2025-06-20,24.82,94.9,Manipur,31,22,30,22,1
Imphal,2025-06-21,24.82,94.9,Manipur,32,22,30,22,2
Imphal,2025-06-22,24.82,94.9,Manipur,32,23,30,22,2
Imphal,2025-06-23,24.82,94.9,Manipur,25,22,30,22,-5
Imphal,2025-06-24,24.82,94.9,Manipur,29,20,30,22,-1
Imphal,2025-06-25,24.82,94.9,Manipur,27,22,30,22,-3
Imphal,2025-06-26,24.82,94.9,Manipur,32,23,30,22,2
Imphal,2025-06-27,24.82,94.9,Manipur,30,23,30,22,0
Imphal,2025-06-28,24.82,94.9,Manipur,32,23,30,22,2
Imphal,2025-06-29,24.82,94.9,Manipur,30,22,30,22,0
Imphal,2025-06-30,24.82,94.9,Manipur,30,23,30,23,0
Imphal,2025-07-01,24.82,94.9,Manipur,30,24,30,23,0
Imphal,2025-07-02,24.82,94.9,Manipur,30,23,30,23,0
Imphal,2025-07-03,24.82,94.9,Manipur,30,26,30,23,0
Imphal,2025-07-04,24.82,94.9,Manipur,31,23,30,23,1
Imphal,2025-07-05,24.82,94.9,Manipur,29,22,30,23,-1
Imphal,2025-07-06,24.82,94.9,Manipur,29,23,30,23,-1
Imphal,2025-07-07,24.82,94.9,Manipur,28,22,30,23,-2
Imphal,2025-07-08,24.82,94.9,Manipur,27,22,30,23,-3
Imphal,2025-07-09,24.82,94.9,Manipur,24,22,30,23,-6
Imphal,2025-07-10,24.82,94.9,Manipur,32,21,30,23,2
Imphal,2025-07-11,24.82,94.9,Manipur,33,26,30,23,3
Imphal,2025-07-12,24.82,94.9,Manipur,30,24,30,23,0
Imphal,2025-07-13,24.82,94.9,Manipur,31,22,30,23,1
Imphal,2025-07-14,24.82,94.9,Manipur,30,24,30,23,0
Imphal,2025-07-15,24.82,94.9,Manipur,32,27,30,22,2
Imphal,2025-07-16,24.82,94.9,Manipur,31,25,30,22,1
Imphal,2025-07-17,24.82,94.9,Manipur,30,23,30,22,0
Imphal,2025-07-18,24.82,94.9,Manipur,32,24,30,22,2
Imphal,2025-07-19,24.82,94.9,Manipur,32,25,30,22,2
Imphal,2025-07-20,24.82,94.9,Manipur,31,23,29,22,2
Imphal,2025-07-21,24.82,94.9,Manipur,32,26,29,22,3
Imphal,2025-07-22,24.82,94.9,Manipur,33,23,29,22,4
Imphal,2025-07-23,24.82,94.9,Manipur,32,28,29,22,3
Imphal,2025-07-24,24.82,94.9,Manipur,31,24,29,22,2
Imphal,2025-07-25,24.82,94.9,Manipur,30,25,30,22,0
Imphal,2025-07-26,24.82,94.9,Manipur,31,23,30,22,1
Imphal,2025-07-27,24.82,94.9,Manipur,28,23,30,22,-2
Imphal,2025-07-28,24.82,94.9,Manipur,28,22,30,22,-2
Imphal,2025-07-29,24.82,94.9,Manipur,30,25,30,22,0
Imphal,2025-07-30,24.82,94.9,Manipur,33,22,30,22,3
Imphal,2025-07-31,24.82,94.9,Manipur,31,25,30,22,1
Imphal,2025-08-01,24.82,94.9,Manipur,30,27,30,22,0
Imphal,2025-08-02,24.82,94.9,Manipur,28,24,30,22,-2
Imphal,2025-08-03,24.82,94.9,Manipur,29,27,30,22,-1
Imphal,2025-08-04,24.82,94.9,Manipur,29,23,30,22,-1
Imphal,2025-08-05,24.82,94.9,Manipur,28,23,30,22,-2
Imphal,2025-08-06,24.82,94.9,Manipur,30,23,30,22,0
Imphal,2025-08-07,24.82,94.9,Manipur,30,22,30,22,0
Imphal,2025-08-08,24.82,94.9,Manipur,28,24,30,22,-2
Imphal,2025-08-09,24.82,94.9,Manipur,28,24,30,22,-2
Imphal,2025-08-10,24.82,94.9,Manipur,28,23,30,22,-2
Imphal,2025-08-11,24.82,94.9,Manipur,30,23,30,22,0
Imphal,2025-08-12,24.82,94.9,Manipur,26,23,30,22,-4
Imphal,2025-08-13,24.82,94.9,Manipur,29,22,30,22,-1
Imphal,2025-08-14,24.82,94.9,Manipur,29,23,30,22,-1
Imphal,2025-08-15,24.82,94.9,Manipur,22,22,30,22,-8
Imphal,2025-08-16,24.82,94.9,Manipur,32,23,30,22,2
Imphal,2025-08-17,24.82,94.9,Manipur,30,23,30,22,0
Imphal,2025-08-18,24.82,94.9,Manipur,30,21,30,22,0
Imphal,2025-08-19,24.82,94.9,Manipur,31,21,30,22,1
Imphal,2025-08-20,24.82,94.9,Manipur,30,21,30,22,0
Imphal,2025-08-21,24.82,94.9,Manipur,31,22,30,22,1
Imphal,2025-08-22,24.82,94.9,Manipur,31,22,30,22,1
Imphal,2025-08-23,24.82,94.9,Manipur,30,21,30,22,0
Imphal,2025-08-24,24.82,94.9,Manipur,28,23,30,22,-2
Imphal,2025-08-25,24.82,94.9,Manipur,31,22,30,22,1
Imphal,2025-08-26,24.82,94.9,Manipur,32,22,30,22,2
Imphal,2025-08-27,24.82,94.9,Manipur,32,23,30,22,2
Imphal,2025-08-28,24.82,94.9,Manipur,29,23,30,22,-1
Imphal,2025-08-29,24.82,94.9,Manipur,30,23,30,22,0
Imphal,2025-08-30,24.82,94.9,Manipur,29,22,30,22,-1
Imphal,2025-08-31,24.82,94.9,Manipur,32,23,30,22,2
Imphal,2025-09-01,24.82,94.9,Manipur,32,22,30,22,2
Imphal,2025-09-02,24.82,94.9,Manipur,30,23,30,22,0
Imphal,2025-09-03,24.82,94.9,Manipur,30,22,30,22,0
Imphal,2025-09-04,24.82,94.9,Manipur,32,22,30,22,2
Imphal,2025-09-05,24.82,94.9,Manipur,32,22,30,22,2
Imphal,2025-09-06,24.82,94.9,Manipur,30,23,30,22,0
Imphal,2025-09-07,24.82,94.9,Manipur,30,23,30,22,0
Imphal,2025-09-08,24.82,94.9,Manipur,31,23,30,22,1
Imphal,2025-09-09,24.82,94.9,Manipur,31,23,30,22,1
Imphal,2025-09-10,24.82,94.9,Manipur,31,23,30,22,1
Imphal,2025-09-11,24.82,94.9,Manipur,31,23,30,22,1
Imphal,2025-09-12,24.82,94.9,Manipur,31,24,30,22,1
Imphal,2025-09-13,24.82,94.9,Manipur,29,23,30,21,-1
Imphal,2025-09-14,24.82,94.9,Manipur,26,22,30,21,-4
Imphal,2025-09-15,24.82,94.9,Manipur,29,22,30,21,-1
Imphal,2025-09-16,24.82,94.9,Manipur,29,21,30,21,-1
Imphal,2025-09-17,24.82,94.9,Manipur,31,21,30,21,1
Imphal,2025-09-18,24.82,94.9,Manipur,30,22,30,21,0
Imphal,2025-09-19,24.82,94.9,Manipur,32,22,30,21,2
Imphal,2025-09-20,24.82,94.9,Manipur,31,23,30,21,1
Imphal,2025-09-21,24.82,94.9,Manipur,32,22,30,21,2
Imphal,2025-09-22,24.82,94.9,Manipur,30,26,30,21,0
Imphal,2025-09-23,24.82,94.9,Manipur,32,22,30,21,2
Imphal,2025-09-24,24.82,94.9,Manipur,30,22,30,21,0
Imphal,2025-09-25,24.82,94.9,Manipur,32,21,30,21,2
Imphal,2025-09-26,24.82,94.9,Manipur,32,20,30,21,2
Imphal,2025-09-27,24.82,94.9,Manipur,29,21,30,21,-1
Imphal,2025-09-28,24.82,94.9,Manipur,31,22,30,20,1
Imphal,2025-09-29,24.82,94.9,Manipur,33,21,30,20,3
Imphal,2025-09-30,24.82,94.9,Manipur,33,21,30,20,3
Imphal,2025-10-01,24.82,94.9,Manipur,28,22,30,20,-2
Imphal,2025-10-02,24.82,94.9,Manipur,29,22,30,20,-1
Imphal,2025-10-03,24.82,94.9,Manipur,29,21,30,20,-1
Imphal,2025-10-04,24.82,94.9,Manipur,30,20,30,20,0
Imphal,2025-10-05,24.82,94.9,Manipur,30,20,30,20,0
Imphal,2025-10-06,24.82,94.9,Manipur,30,18,30,20,0
Imphal,2025-10-07,24.82,94.9,Manipur,31,18,30,20,1
Imphal,2025-10-08,24.82,94.9,Manipur,31,18,29,19,2
Imphal,2025-10-09,24.82,94.9,Manipur,30,21,29,19,1
Imphal,2025-10-10,24.82,94.9,Manipur,30,20,29,19,1
Imphal,2025-10-11,24.82,94.9,Manipur,29,21,29,19,0
Imphal,2025-10-12,24.82,94.9,Manipur,29,21,29,19,0
Imphal,2025-10-13,24.82,94.9,Manipur,31,21,29,18,2
Imphal,2025-10-14,24.82,94.9,Manipur,31,26,29,18,2
Imphal,2025-10-15,24.82,94.9,Manipur,32,21,29,18,3
Imphal,2025-10-16,24.82,94.9,Manipur,30,18,29,18,1
Imphal,2025-10-17,24.82,94.9,Manipur,30,20,29,18,1
Imphal,2025-10-18,24.82,94.9,Manipur,31,18,29,18,2
Imphal,2025-10-19,24.82,94.9,Manipur,31,19,29,18,2
Imphal,2025-10-20,24.82,94.9,Manipur,30,19,29,18,1
Imphal,2025-10-21,24.82,94.9,Manipur,30,18,29,18,1
Imphal,2025-10-22,24.82,94.9,Manipur,31,17,29,18,2
Imphal,2025-10-23,24.82,94.9,Manipur,31,17,28,16,3
Imphal,2025-10-24,24.82,94.9,Manipur,30,17,28,16,2
Imphal,2025-10-25,24.82,94.9,Manipur,30,18,28,16,2
Imphal,2025-10-26,24.82,94.9,Manipur,30,16,28,16,2
Imphal,2025-10-27,24.82,94.9,Manipur,31,18,28,16,3
Imphal,2025-10-28,24.82,94.9,Manipur,31,19,28,16,3
Imphal,2025-10-29,24.82,94.9,Manipur,30,18,28,16,2
Imphal,2025-10-30,24.82,94.9,Manipur,31,20,28,16,3
Imphal,2025-10-31,24.82,94.9,Manipur,31,19,28,16,3
Imphal,2025-11-01,24.82,94.9,Manipur,29,18,28,16,1
Imphal,2025-11-02,24.82,94.9,Manipur,30,20,28,15,2
Imphal,2025-11-03,24.82,94.9,Manipur,31,21,28,15,3
Imphal,2025-11-04,24.82,94.9,Manipur,27,19,28,15,-1
Imphal,2025-11-05,24.82,94.9,Manipur,25,20,28,15,-3
Imphal,2025-11-06,24.82,94.9,Manipur,24,19,28,15,-4
Imphal,2026-01-06,24.82,94.9,Manipur,22,7,22,5,0
Imphal,2026-01-07,24.82,94.9,Manipur,23,7,22,5,1
Imphal,2026-01-08,24.82,94.9,Manipur,22,7,22,5,0
Imphal,2026-01-09,24.82,94.9,Manipur,23,6,22,5,1
Imphal,2026-01-10,24.82,94.9,Manipur,23,7,22,5,1
Imphal,2026-01-11,24.82,94.9,Manipur,23,11,22,5,1
Imphal,2026-01-12,24.82,94.9,Manipur,24,7,22,5,2
Imphal,2026-01-13,24.82,94.9,Manipur,24,5,22,5,2
Imphal,2026-01-14,24.82,94.9,Manipur,24,5,22,5,2
Imphal,2026-01-15,24.82,94.9,Manipur,24,8,22,5,2
Imphal,2026-01-16,24.82,94.9,Manipur,24,13,22,5,2
Imphal,2026-01-17,24.82,94.9,Manipur,25,5,22,5,3
Imphal,2026-01-18,24.82,94.9,Manipur,24,6,22,5,2
Imphal,2026-01-19,24.82,94.9,Manipur,24,6,22,5,2
Imphal,2026-01-20,24.82,94.9,Manipur,24,5,22,5,2
Imphal,2026-01-21,24.82,94.9,Manipur,24,4,23,4,1
Imphal,2026-01-22,24.82,94.9,Manipur,25,6,23,4,2
Imphal,2026-01-23,24.82,94.9,Manipur,24,6,23,4,1
Imphal,2026-01-24,24.82,94.9,Manipur,25,14,23,4,2
Imphal,2026-01-25,24.82,94.9,Manipur,24,7,23,4,1
Imphal,2026-01-26,24.82,94.9,Manipur,25,14,23,5,2
Imphal,2026-01-27,24.82,94.9,Manipur,25,7,23,5,2
Imphal,2026-01-28,24.82,94.9,Manipur,25,14,23,5,2
Imphal,2026-01-29,24.82,94.9,Manipur,25,13,23,5,2
Imphal,2026-01-30,24.82,94.9,Manipur,24,7,23,5,1
Imphal,2026-01-31,24.82,94.9,Manipur,25,5,,,
Imphal,2026-02-01,24.82,94.9,Manipur,25,12,23,6,2
Imphal,2026-02-02,24.82,94.9,Manipur,24,6,23,6,1
Imphal,2026-02-03,24.82,94.9,Manipur,26,6,23,6,3
Imphal,2026-02-04,24.82,94.9,Manipur,26,11,23,6,3
Imphal,2026-02-05,24.82,94.9,Manipur,24,8,24,6,0
Imphal,2026-02-06,24.82,94.9,Manipur,25,5,24,6,1
Imphal,2026-02-07,24.82,94.9,Manipur,25,4,24,6,1
Imphal,2026-02-08,24.82,94.9,Manipur,26,6,24,6,2
Imphal,2026-02-09,24.82,94.9,Manipur,27,5,24,6,3
Imphal,2026-02-10,24.82,94.9,Manipur,27,8,25,7,2
Imphal,2026-02-11,24.82,94.9,Manipur,27,6,25,7,2
Imphal,2026-02-12,24.82,94.9,Manipur,27,5,25,7,2
Imphal,2026-02-13,24.82,94.9,Manipur,27,5,25,7,2
Imphal,2026-02-14,24.82,94.9,Manipur,27,7,25,7,2
Imphal,2026-02-15,24.82,94.9,Manipur,27,6,25,8,2
Imphal,2026-02-16,24.82,94.9,Manipur,28,5,25,8,3
Imphal,2026-02-17,24.82,94.9,Manipur,29,7,25,8,4
Imphal,2026-02-18,24.82,94.9,Manipur,29,8,25,8,4
Imphal,2026-02-19,24.82,94.9,Manipur,29,8,25,8,4
Imphal,2026-02-20,24.82,94.9,Manipur,30,10,25,9,5
Imphal,2026-02-21,24.82,94.9,Manipur,29,9,25,9,4
Imphal,2026-02-25,24.82,94.9,Manipur,27,11,26,9,1
Imphal,2026-02-26,24.82,94.9,Manipur,26,11,26,9,0
Imphal,2026-02-27,24.82,94.9,Manipur,25,11,26,9,-1
Imphal,2026-02-28,24.82,94.9,Manipur,25,9,26,9,-1
Imphal,2026-03-01,24.82,94.9,Manipur,26,9,26,9,0
Imphal,2026-03-02,24.82,94.9,Manipur,27,12,26,11,1
Imphal,2026-03-03,24.82,94.9,Manipur,26,13,26,11,0
Imphal,2026-03-04,24.82,94.9,Manipur,27,10,26,11,1
Imphal,2026-03-05,24.82,94.9,Manipur,30,11,26,11,4
Imphal,2026-03-06,24.82,94.9,Manipur,30,12,26,11,4
Imphal,2026-03-07,24.82,94.9,Manipur,30,16,27,11,3
Imphal,2026-03-08,24.82,94.9,Manipur,31,15,27,11,4
Imphal,2026-03-09,24.82,94.9,Manipur,30,16,27,11,3
Imphal,2026-03-10,24.82,94.9,Manipur,29,14,27,11,2
Imphal,2026-03-11,24.82,94.9,Manipur,30,15,27,11,3
Imphal,2026-03-12,24.82,94.9,Manipur,29,17,28,12,1
Imphal,2026-03-13,24.82,94.9,Manipur,23,15,28,12,-5
Imphal,2026-03-14,24.82,94.9,Manipur,24,14,28,12,-4
Imphal,2026-03-15,24.82,94.9,Manipur,20,14,28,12,-8
Imphal,2026-03-16,24.82,94.9,Manipur,25,14,28,12,-3
Imphal,2026-03-17,24.82,94.9,Manipur,23,12,28,12,-5
Imphal,2026-03-18,24.82,94.9,Manipur,26,14,28,12,-2
Imphal,2026-03-19,24.82,94.9,Manipur,27,15,28,12,-1
Imphal,2026-03-20,24.82,94.9,Manipur,28,14,28,12,0
Imphal,2026-03-21,24.82,94.9,Manipur,26,15,28,12,-2
Imphal,2026-03-22,24.82,94.9,Manipur,23,14,28,13,-5
Imphal,2026-03-23,24.82,94.9,Manipur,25,15,28,13,-3
Imphal,2026-03-24,24.82,94.9,Manipur,26,12,28,13,-2
Imphal,2026-03-25,24.82,94.9,Manipur,27,14,28,13,-1
Imphal,2026-03-26,24.82,94.9,Manipur,28,14,28,13,0
Imphal,2026-03-27,24.82,94.9,Manipur,29,13,28,14,1
Imphal,2026-03-28,24.82,94.9,Manipur,24,15,28,14,-4
Imphal,2026-03-29,24.82,94.9,Manipur,25,14,28,14,-3
Imphal,2026-03-30,24.82,94.9,Manipur,25,16,28,14,-3
Imphal,2026-03-31,24.82,94.9,Manipur,27,18,28,14,-1
Imphal,2026-04-01,24.82,94.9,Manipur,28,18,28,14,0
Imphal,2026-04-02,24.82,94.9,Manipur,29,19,28,14,1
Imphal,2026-04-03,24.82,94.9,Manipur,30,23,28,14,2
Imphal,2026-04-04,24.82,94.9,Manipur,30,22,28,14,2
Imphal,2026-04-05,24.82,94.9,Manipur,30,19,28,14,2
Imphal,2026-04-06,24.82,94.9,Manipur,29,15,28,15,1
Imphal,2026-04-07,24.82,94.9,Manipur,25,16,28,15,-3
Imphal,2026-04-08,24.82,94.9,Manipur,26,14,28,15,-2
Imphal,2026-04-09,24.82,94.9,Manipur,25,20,28,15,-3
Imphal,2026-04-10,24.82,94.9,Manipur,24,10,28,15,-4
Imphal,2026-04-11,24.82,94.9,Manipur,26,19,29,16,-3
Imphal,2026-04-12,24.82,94.9,Manipur,28,15,29,16,-1
Imphal,2026-04-13,24.82,94.9,Manipur,28,19,29,16,-1
Imphal,2026-04-14,24.82,94.9,Manipur,30,18,29,16,1
Imphal,2026-04-16,24.82,94.9,Manipur,29,15,28,16,1
Imphal,2026-04-17,24.82,94.9,Manipur,31,17,28,16,3
Imphal,2026-04-18,24.82,94.9,Manipur,29,16,28,16,1
Imphal,2026-04-19,24.82,94.9,Manipur,27,18,28,16,-1
Imphal,2026-04-20,24.82,94.9,Manipur,30,20,28,16,2
Imphal,2026-04-21,24.82,94.9,Manipur,30,21,29,16,1
Imphal,2026-04-22,24.82,94.9,Manipur,30,16,29,16,1
Imphal,2026-04-23,24.82,94.9,Manipur,29,17,29,16,0
Imphal,2026-04-24,24.82,94.9,Manipur,31,18,29,16,2
Imphal,2026-04-25,24.82,94.9,Manipur,33,18,29,16,4
Imphal,2026-04-26,24.82,94.9,Manipur,26,17,29,17,-3
Imphal,2026-04-27,24.82,94.9,Manipur,25,16,29,17,-4
Imphal,2026-04-28,24.82,94.9,Manipur,22,18,29,17,-7
Imphal,2026-04-29,24.82,94.9,Manipur,23,19,29,17,-6
Imphal,2026-04-30,24.82,94.9,Manipur,25,17,29,17,-4
Imphal,2026-05-01,24.82,94.9,Manipur,21,16,28,17,-7
Imphal,2026-05-02,24.82,94.9,Manipur,24,17,28,17,-4
Imphal,2026-05-03,24.82,94.9,Manipur,25,16,28,17,-3
Imphal,2026-05-04,24.82,94.9,Manipur,25,16,28,17,-3
Imphal,2026-05-05,24.82,94.9,Manipur,30,20,28,17,2
Imphal,2026-05-06,24.82,94.9,Manipur,31,19,29,18,2
Imphal,2026-05-08,24.82,94.9,Manipur,31,18,29,18,2
Imphal,2026-05-09,24.82,94.9,Manipur,32,17,29,18,3
Imphal,2026-05-10,24.82,94.9,Manipur,28,18,29,18,-1
Imphal,2026-05-11,24.82,94.9,Manipur,26,21,29,18,-3
Imphal,2026-05-13,24.82,94.9,Manipur,30,18,29,18,1
Imphal,2026-05-14,24.82,94.9,Manipur,30,25,29,18,1
Imphal,2026-05-15,24.82,94.9,Manipur,25,20,29,18,-4
Imphal,2026-05-16,24.82,94.9,Manipur,30,19,29,19,1
Imphal,2026-05-17,24.82,94.9,Manipur,29,19,29,19,0
Imphal,2026-05-19,24.82,94.9,Manipur,31,19,29,19,2
Imphal,2026-05-20,24.82,94.9,Manipur,32,20,29,19,3
Imphal,2026-05-21,24.82,94.9,Manipur,33,20,29,20,4
Imphal,2026-05-22,24.82,94.9,Manipur,32,21,29,20,3
Imphal,2026-05-23,24.82,94.9,Manipur,32,22,29,20,3
Imphal,2026-05-24,24.82,94.9,Manipur,29,23,29,20,0
Imphal,2026-05-25,24.82,94.9,Manipur,30,20,29,20,1
Imphal,2026-05-26,24.82,94.9,Manipur,28,21,29,20,-1
Imphal,2026-05-27,24.82,94.9,Manipur,31,18,29,20,2
Imphal,2026-05-28,24.82,94.9,Manipur,31,24,29,20,2
Imphal,2026-05-29,24.82,94.9,Manipur,32,18,29,20,3
Imphal,2026-05-31,24.82,94.9,Manipur,28,22,30,20,-2
Imphal,2026-06-01,24.82,94.9,Manipur,31,21,30,20,1
Imphal,2026-06-02,24.82,94.9,Manipur,29,21,30,20,-1
Imphal,2026-06-03,24.82,94.9,Manipur,28,20,30,20,-2
Imphal,2026-06-04,24.82,94.9,Manipur,30,20,30,20,0
Imphal,2026-06-05,24.82,94.9,Manipur,32,20,30,21,2
Imphal,2026-06-06,24.82,94.9,Manipur,32,20,30,21,2
Imphal,2026-06-07,24.82,94.9,Manipur,30,22,30,21,0
Imphal,2026-06-08,24.82,94.9,Manipur,31,23,30,21,1
Imphal,2026-06-09,24.82,94.9,Manipur,30,22,30,21,0
Imphal,2026-06-10,24.82,94.9,Manipur,31,22,29,21,2
Imphal,2026-06-11,24.82,94.9,Manipur,32,24,29,21,3
Imphal,2026-06-15,24.82,94.9,Manipur,31,25,30,22,1
Imphal,2026-06-16,24.82,94.9,Manipur,31,24,30,22,1
Imphal,2026-06-18,24.82,94.9,Manipur,31,25,30,22,1
Imphal,2026-06-19,24.82,94.9,Manipur,31,24,30,22,1
Imphal,2026-06-21,24.82,94.9,Manipur,32,25,29,22,3
Imphal,2026-06-22,24.82,94.9,Manipur,31,24,29,22,2
Imphal,2026-06-23,24.82,94.9,Manipur,30,25,29,22,1
Imphal,2026-06-24,24.82,94.9,Manipur,32,22,29,22,3
Imphal,2026-06-25,24.82,94.9,Manipur,32,22,30,22,2
Imphal,2026-06-27,24.82,94.9,Manipur,30,25,30,22,0
Imphal,2026-06-28,24.82,94.9,Manipur,29,23,30,22,-1
Imphal,2026-06-30,24.82,94.9,Manipur,30,24,29,22,1
Imphal,2026-07-01,24.82,94.9,Manipur,30,25,29,22,1
Imphal,2026-07-02,24.82,94.9,Manipur,32,23,29,22,3
Imphal,2026-07-03,24.82,94.9,Manipur,29,24,29,22,0
Imphal,2026-07-04,24.82,94.9,Manipur,31,26,29,22,2
Imphal,2026-07-05,24.82,94.9,Manipur,29,24,30,22,-1
Imphal,2026-07-06,24.82,94.9,Manipur,32,25,30,22,2
Imphal,2026-07-07,24.82,94.9,Manipur,28,23,30,22,-2
Imphal,2026-07-08,24.82,94.9,Manipur,28,25,30,22,-2
Imphal,2026-07-09,24.82,94.9,Manipur,27,24,30,22,-3
Imphal,2026-07-10,24.82,94.9,Manipur,27,23,29,22,-2
Imphal,2026-07-11,24.82,94.9,Manipur,31,22,29,22,2
Imphal,2026-07-12,24.82,94.9,Manipur,30,22,29,22,1
Imphal,2026-07-13,24.82,94.9,Manipur,30,23,29,22,1
Imphal,2026-07-14,24.82,94.9,Manipur,30,23,29,22,1
Imphal,2026-07-15,24.82,94.9,Manipur,32,22,29,22,3
Imphal,2026-07-16,24.82,94.9,Manipur,32,23,29,22,3
Imphal,2026-07-19,24.82,94.9,Manipur,23,22,29,22,-6
Imphal,2026-07-20,24.82,94.9,Manipur,27,20,29,22,-2
Imphal,2026-07-21,24.82,94.9,Manipur,31,21,29,22,2
Imphal,2026-07-22,24.82,94.9,Manipur,30,23,29,22,1
Imphal,2026-07-23,24.82,94.9,Manipur,31,21,29,22,2
Imphal,2026-07-24,24.82,94.9,Manipur,29,23,29,22,0
Imphal,2026-07-25,24.82,94.9,Manipur,32,22,29,22,3
Imphal,2026-07-26,24.82,94.9,Manipur,31,25,29,22,2
Imphal,2026-07-27,24.82,94.9,Manipur,31,22,29,22,2
Shillong,2025-05-07,25.57,91.88,Meghalaya,23,14,24,15,-1
Shillong,2025-05-06,25.57,91.88,Meghalaya,22,15,24,15,-2
Shillong,2025-05-08,25.57,91.88,Meghalaya,25,16,24,15,1
Shillong,2025-05-09,25.57,91.88,Meghalaya,25,18,24,15,1
Shillong,2025-05-10,25.57,91.88,Meghalaya,28,18,24,15,4
Shillong,2025-05-11,25.57,91.88,Meghalaya,25,19,24,16,1
Shillong,2025-05-12,25.57,91.88,Meghalaya,25,15,24,16,1
Shillong,2025-05-13,25.57,91.88,Meghalaya,25,17,24,16,1
Shillong,2025-05-14,25.57,91.88,Meghalaya,25,15,24,16,1
Shillong,2025-05-15,25.57,91.88,Meghalaya,23,14,24,16,-1
Shillong,2025-05-16,25.57,91.88,Meghalaya,25,17,24,16,1
Shillong,2025-05-17,25.57,91.88,Meghalaya,25,15,24,16,1
Shillong,2025-05-19,25.57,91.88,Meghalaya,22,16,24,16,-2
Shillong,2025-05-20,25.57,91.88,Meghalaya,23,16,24,16,-1
Shillong,2025-05-21,25.57,91.88,Meghalaya,23,15,24,16,-1
Shillong,2025-05-22,25.57,91.88,Meghalaya,22,16,24,16,-2
Shillong,2025-05-23,25.57,91.88,Meghalaya,25,16,24,16,1
Shillong,2025-05-24,25.57,91.88,Meghalaya,24,17,24,16,0
Shillong,2025-05-25,25.57,91.88,Meghalaya,25,17,24,16,1
Shillong,2025-05-26,25.57,91.88,Meghalaya,21,17,24,16,-3
Shillong,2025-05-27,25.57,91.88,Meghalaya,24,17,24,16,0
Shillong,2025-05-28,25.57,91.88,Meghalaya,27,18,24,16,3
Shillong,2025-05-29,25.57,91.88,Meghalaya,22,18,24,16,-2
Shillong,2025-05-30,25.57,91.88,Meghalaya,21,18,24,16,-3
Shillong,2025-05-31,25.57,91.88,Meghalaya,24,18,24,17,0
Shillong,2025-06-01,25.57,91.88,Meghalaya,24,18,24,17,0
Shillong,2025-06-02,25.57,91.88,Meghalaya,26,18,24,17,2
Shillong,2025-06-03,25.57,91.88,Meghalaya,25,15,24,17,1
Shillong,2025-06-04,25.57,91.88,Meghalaya,22,17,24,17,-2
Shillong,2025-06-05,25.57,91.88,Meghalaya,23,17,25,17,-2
Shillong,2025-06-06,25.57,91.88,Meghalaya,23,16,25,17,-2
Shillong,2025-06-07,25.57,91.88,Meghalaya,25,16,25,17,0
Shillong,2025-06-08,25.57,91.88,Meghalaya,25,17,25,17,0
Shillong,2025-06-09,25.57,91.88,Meghalaya,26,18,25,17,1
Shillong,2025-06-10,25.57,91.88,Meghalaya,28,19,24,17,4
Shillong,2025-06-11,25.57,91.88,Meghalaya,28,19,24,17,4
Shillong,2025-06-12,25.57,91.88,Meghalaya,29,19,24,17,5
Shillong,2025-06-13,25.57,91.88,Meghalaya,28,19,24,17,4
Shillong,2025-06-14,25.57,91.88,Meghalaya,26,18,24,17,2
Shillong,2025-06-15,25.57,91.88,Meghalaya,25,18,24,18,1
Shillong,2025-06-16,25.57,91.88,Meghalaya,24,19,24,18,0
Shillong,2025-06-17,25.57,91.88,Meghalaya,23,18,24,18,-1
Shillong,2025-06-18,25.57,91.88,Meghalaya,23,18,24,18,-1
Shillong,2025-06-19,25.57,91.88,Meghalaya,21,18,24,18,-3
Shillong,2025-06-20,25.57,91.88,Meghalaya,24,17,24,18,0
Shillong,2025-06-23,25.57,91.88,Meghalaya,25,19,24,18,1
Shillong,2025-06-24,25.57,91.88,Meghalaya,25,19,24,18,1
Shillong,2025-06-25,25.57,91.88,Meghalaya,25,18,24,18,1
Shillong,2025-06-26,25.57,91.88,Meghalaya,26,19,24,18,2
Shillong,2025-06-27,25.57,91.88,Meghalaya,27,19,24,18,3
Shillong,2025-06-28,25.57,91.88,Meghalaya,26,20,24,18,2
Shillong,2025-06-29,25.57,91.88,Meghalaya,27,18,24,18,3
Shillong,2025-06-30,25.57,91.88,Meghalaya,27,18,24,18,3
Shillong,2025-07-01,25.57,91.88,Meghalaya,25,19,24,18,1
Shillong,2025-07-02,25.57,91.88,Meghalaya,24,18,24,18,0
Shillong,2025-07-03,25.57,91.88,Meghalaya,25,18,24,18,1
Shillong,2025-07-04,25.57,91.88,Meghalaya,26,19,24,18,2
Shillong,2025-07-05,25.57,91.88,Meghalaya,26,19,24,18,2
Shillong,2025-07-06,25.57,91.88,Meghalaya,26,18,24,18,2
Shillong,2025-07-07,25.57,91.88,Meghalaya,26,18,24,18,2
Shillong,2025-07-08,25.57,91.88,Meghalaya,23,18,24,18,-1
Shillong,2025-07-09,25.57,91.88,Meghalaya,23,18,24,18,-1
Shillong,2025-07-10,25.57,91.88,Meghalaya,23,17,24,18,-1
Shillong,2025-07-11,25.57,91.88,Meghalaya,27,18,24,18,3
Shillong,2025-07-12,25.57,91.88,Meghalaya,26,18,24,18,2
Shillong,2025-07-13,25.57,91.88,Meghalaya,29,19,24,18,5
Shillong,2025-07-14,25.57,91.88,Meghalaya,26,19,24,18,2
Shillong,2025-07-15,25.57,91.88,Meghalaya,26,18,24,18,2
Shillong,2025-07-16,25.57,91.88,Meghalaya,25,19,24,18,1
Shillong,2025-07-17,25.57,91.88,Meghalaya,25,17,24,18,1
Shillong,2025-07-18,25.57,91.88,Meghalaya,25,18,24,18,1
Shillong,2025-07-19,25.57,91.88,Meghalaya,26,18,24,18,2
Shillong,2025-07-20,25.57,91.88,Meghalaya,25,19,24,18,1
Shillong,2025-07-21,25.57,91.88,Meghalaya,25,18,24,18,1
Shillong,2025-07-22,25.57,91.88,Meghalaya,26,18,24,18,2
Shillong,2025-07-23,25.57,91.88,Meghalaya,27,19,24,18,3
Shillong,2025-07-25,25.57,91.88,Meghalaya,27,17,25,18,2
Shillong,2025-07-26,25.57,91.88,Meghalaya,25,19,25,18,0
Shillong,2025-07-28,25.57,91.88,Meghalaya,24,19,25,18,-1
Shillong,2025-07-29,25.57,91.88,Meghalaya,27,18,25,18,2
Shillong,2025-07-30,25.57,91.88,Meghalaya,25,19,25,18,0
Shillong,2025-07-31,25.57,91.88,Meghalaya,25,18,25,18,0
Shillong,2025-08-01,25.57,91.88,Meghalaya,26,19,25,18,1
Shillong,2025-08-02,25.57,91.88,Meghalaya,23,19,25,18,-2
Shillong,2025-08-03,25.57,91.88,Meghalaya,21,19,25,18,-4
Shillong,2025-08-04,25.57,91.88,Meghalaya,24,18,25,18,-1
Shillong,2025-08-05,25.57,91.88,Meghalaya,23,18,25,18,-2
Shillong,2025-08-06,25.57,91.88,Meghalaya,24,18,25,18,-1
Shillong,2025-08-07,25.57,91.88,Meghalaya,23,19,25,18,-2
Shillong,2025-08-08,25.57,91.88,Meghalaya,24,19,25,18,-1
Shillong,2025-08-09,25.57,91.88,Meghalaya,25,18,25,18,0
Shillong,2025-08-11,25.57,91.88,Meghalaya,29,18,25,18,4
Shillong,2025-08-12,25.57,91.88,Meghalaya,25,19,25,18,0
Shillong,2025-08-13,25.57,91.88,Meghalaya,23,18,25,18,-2
Shillong,2025-08-14,25.57,91.88,Meghalaya,25,18,24,18,1
Shillong,2025-08-15,25.57,91.88,Meghalaya,25,18,24,18,1
Shillong,2025-08-16,25.57,91.88,Meghalaya,27,18,24,18,3
Shillong,2025-08-17,25.57,91.88,Meghalaya,27,17,24,18,3
Shillong,2025-08-18,25.57,91.88,Meghalaya,27,19,24,18,3
Shillong,2025-08-19,25.57,91.88,Meghalaya,27,18,24,18,3
Shillong,2025-08-20,25.57,91.88,Meghalaya,25,18,24,18,1
Shillong,2025-08-21,25.57,91.88,Meghalaya,25,18,24,18,1
Shillong,2025-08-22,25.57,91.88,Meghalaya,25,17,24,18,1
Shillong,2025-08-23,25.57,91.88,Meghalaya,25,18,24,18,1
Shillong,2025-08-24,25.57,91.88,Meghalaya,25,18,24,18,1
Shillong,2025-08-25,25.57,91.88,Meghalaya,24,18,24,18,0
Shillong,2025-08-26,25.57,91.88,Meghalaya,26,18,24,18,2
Shillong,2025-08-27,25.57,91.88,Meghalaya,26,18,24,18,2
Shillong,2025-08-28,25.57,91.88,Meghalaya,23,18,24,18,-1
Shillong,2025-08-29,25.57,91.88,Meghalaya,24,18,24,18,0
Shillong,2025-08-30,25.57,91.88,Meghalaya,24,17,24,18,0
Shillong,2025-08-31,25.57,91.88,Meghalaya,26,17,24,18,2
Shillong,2025-09-01,25.57,91.88,Meghalaya,28,18,24,18,4
Shillong,2025-09-02,25.57,91.88,Meghalaya,26,19,24,18,2
Shillong,2025-09-03,25.57,91.88,Meghalaya,25,18,24,17,1
Shillong,2025-09-04,25.57,91.88,Meghalaya,24,17,24,17,0
Shillong,2025-09-09,25.57,91.88,Meghalaya,25,18,24,17,1
Shillong,2025-09-10,25.57,91.88,Meghalaya,24,20,24,17,0
Shillong,2025-09-11,25.57,91.88,Meghalaya,24,17,24,17,0
Shillong,2025-09-12,25.57,91.88,Meghalaya,25,18,24,17,1
Shillong,2025-09-13,25.57,91.88,Meghalaya,24,18,24,17,0
Shillong,2025-09-14,25.57,91.88,Meghalaya,25,18,24,17,1
Shillong,2025-09-15,25.57,91.88,Meghalaya,21,18,24,17,-3
Shillong,2025-09-16,25.57,91.88,Meghalaya,23,17,24,17,-1
Shillong,2025-09-17,25.57,91.88,Meghalaya,23,17,24,17,-1
Shillong,2025-09-18,25.57,91.88,Meghalaya,24,17,24,17,0
Shillong,2025-09-19,25.57,91.88,Meghalaya,25,17,24,17,1
Shillong,2025-09-20,25.57,91.88,Meghalaya,24,17,24,17,0
Shillong,2025-09-21,25.57,91.88,Meghalaya,25,17,24,17,1
Shillong,2025-09-22,25.57,91.88,Meghalaya,28,17,24,17,4
Shillong,2025-09-23,25.57,91.88,Meghalaya,26,17,23,16,3
Shillong,2025-09-25,25.57,91.88,Meghalaya,28,17,23,16,5
Shillong,2025-09-26,25.57,91.88,Meghalaya,29,18,23,16,6
Shillong,2025-09-27,25.57,91.88,Meghalaya,26,18,23,16,3
Shillong,2025-09-28,25.57,91.88,Meghalaya,25,17,23,16,2
Shillong,2025-09-29,25.57,91.88,Meghalaya,26,17,23,16,3
Shillong,2025-09-30,25.57,91.88,Meghalaya,27,17,23,16,4
Shillong,2025-10-01,25.57,91.88,Meghalaya,24,17,23,16,1
Shillong,2025-10-03,25.57,91.88,Meghalaya,25,16,23,16,2
Shillong,2025-10-04,25.57,91.88,Meghalaya,25,17,23,16,2
Shillong,2025-10-05,25.57,91.88,Meghalaya,24,17,23,16,1
Shillong,2025-10-06,25.57,91.88,Meghalaya,24,17,23,16,1
Shillong,2025-10-08,25.57,91.88,Meghalaya,21,15,22,15,-1
Shillong,2025-10-09,25.57,91.88,Meghalaya,22,16,22,15,0
Shillong,2025-10-12,25.57,91.88,Meghalaya,22,15,22,15,0
Shillong,2025-10-13,25.57,91.88,Meghalaya,23,15,22,15,1
Shillong,2025-10-17,25.57,91.88,Meghalaya,25,16,22,15,3
Shillong,2025-10-18,25.57,91.88,Meghalaya,25,15,22,14,3
Shillong,2025-10-19,25.57,91.88,Meghalaya,25,15,22,14,3
Shillong,2025-10-20,25.57,91.88,Meghalaya,25,15,22,14,3
Shillong,2025-10-21,25.57,91.88,Meghalaya,26,15,22,14,4
Shillong,2025-10-23,25.57,91.88,Meghalaya,25,16,21,13,4
Shillong,2025-10-24,25.57,91.88,Meghalaya,24,15,21,13,3
Shillong,2025-10-25,25.57,91.88,Meghalaya,25,12,21,13,4
Shillong,2025-10-28,25.57,91.88,Meghalaya,24,14,21,13,3
Shillong,2025-10-29,25.57,91.88,Meghalaya,23,15,21,13,2
Shillong,2025-10-30,25.57,91.88,Meghalaya,21,15,21,13,0
Shillong,2025-11-01,25.57,91.88,Meghalaya,22,16,21,13,1
Shillong,2025-11-02,25.57,91.88,Meghalaya,23,14,21,12,2
Shillong,2025-11-03,25.57,91.88,Meghalaya,21,14,21,12,0
Shillong,2025-11-04,25.57,91.88,Meghalaya,25,14,21,12,4
Shillong,2025-11-05,25.57,91.88,Meghalaya,23,16,21,12,2
Shillong,2025-11-06,25.57,91.88,Meghalaya,22,14,21,12,1
Shillong,2026-01-06,25.57,91.88,Meghalaya,15,4,15,5,0
Shillong,2026-01-07,25.57,91.88,Meghalaya,15,4,15,5,0
Shillong,2026-01-11,25.57,91.88,Meghalaya,16,6,14,5,2
Shillong,2026-01-12,25.57,91.88,Meghalaya,18,5,14,5,4
Shillong,2026-01-13,25.57,91.88,Meghalaya,18,7,14,5,4
Shillong,2026-01-14,25.57,91.88,Meghalaya,16,5,14,5,2
Shillong,2026-01-15,25.57,91.88,Meghalaya,17,6,14,5,3
Shillong,2026-01-16,25.57,91.88,Meghalaya,18,6,15,5,3
Shillong,2026-01-17,25.57,91.88,Meghalaya,17,7,15,5,2
Shillong,2026-01-19,25.57,91.88,Meghalaya,17,7,15,5,2
Shillong,2026-01-20,25.57,91.88,Meghalaya,15,6,15,5,0
Shillong,2026-01-21,25.57,91.88,Meghalaya,16,7,15,5,1
Shillong,2026-01-22,25.57,91.88,Meghalaya,17,6,15,5,2
Shillong,2026-01-23,25.57,91.88,Meghalaya,21,6,15,5,6
Shillong,2026-01-24,25.57,91.88,Meghalaya,20,7,15,5,5
Shillong,2026-01-25,25.57,91.88,Meghalaya,17,6,15,5,2
Shillong,2026-01-27,25.57,91.88,Meghalaya,19,6,15,5,4
Shillong,2026-01-28,25.57,91.88,Meghalaya,19,7,15,5,4
Shillong,2026-01-29,25.57,91.88,Meghalaya,18,7,15,5,3
Shillong,2026-01-30,25.57,91.88,Meghalaya,16,6,15,5,1
Shillong,2026-02-01,25.57,91.88,Meghalaya,18,7,16,6,2
Shillong,2026-02-02,25.57,91.88,Meghalaya,18,7,16,6,2
Shillong,2026-02-03,25.57,91.88,Meghalaya,20,7,16,6,4
Shillong,2026-02-04,25.57,91.88,Meghalaya,18,7,16,6,2
Shillong,2026-02-08,25.57,91.88,Meghalaya,18,5,16,6,2
Shillong,2026-02-09,25.57,91.88,Meghalaya,20,6,16,6,4
Shillong,2026-02-10,25.57,91.88,Meghalaya,18,6,17,7,1
Shillong,2026-02-11,25.57,91.88,Meghalaya,20,8,17,7,3
Shillong,2026-02-12,25.57,91.88,Meghalaya,19,7,17,7,2
Shillong,2026-02-13,25.57,91.88,Meghalaya,19,7,17,7,2
Shillong,2026-02-14,25.57,91.88,Meghalaya,19,8,17,7,2
Shillong,2026-02-15,25.57,91.88,Meghalaya,24,8,17,7,7
Shillong,2026-02-16,25.57,91.88,Meghalaya,19,7,17,7,2
Shillong,2026-02-17,25.57,91.88,Meghalaya,22,9,17,7,5
Shillong,2026-02-18,25.57,91.88,Meghalaya,24,9,17,7,7
Shillong,2026-02-19,25.57,91.88,Meghalaya,23,10,17,7,6
Shillong,2026-02-20,25.57,91.88,Meghalaya,22,12,18,8,4
Shillong,2026-02-21,25.57,91.88,Meghalaya,22,10,18,8,4
Shillong,2026-02-25,25.57,91.88,Meghalaya,19,9,18,8,1
Shillong,2026-02-26,25.57,91.88,Meghalaya,18,7,18,8,0
Shillong,2026-02-27,25.57,91.88,Meghalaya,18,8,18,8,0
Shillong,2026-02-28,25.57,91.88,Meghalaya,18,8,18,8,0
Shillong,2026-03-01,25.57,91.88,Meghalaya,20,8,18,8,2
Shillong,2026-03-02,25.57,91.88,Meghalaya,20,9,19,9,1
Shillong,2026-03-03,25.57,91.88,Meghalaya,21,8,19,9,2
Shillong,2026-03-04,25.57,91.88,Meghalaya,21,10,19,9,2
Shillong,2026-03-05,25.57,91.88,Meghalaya,21,11,19,9,2
Shillong,2026-03-06,25.57,91.88,Meghalaya,25,13,19,9,6
Shillong,2026-03-07,25.57,91.88,Meghalaya,22,12,20,9,2
Shillong,2026-03-09,25.57,91.88,Meghalaya,20,12,20,9,0
Shillong,2026-03-10,25.57,91.88,Meghalaya,21,12,20,9,1
Shillong,2026-03-11,25.57,91.88,Meghalaya,21,13,20,9,1
Shillong,2026-03-12,25.57,91.88,Meghalaya,20,13,21,11,-1
Shillong,2026-03-13,25.57,91.88,Meghalaya,19,12,21,11,-2
Shillong,2026-03-14,25.57,91.88,Meghalaya,21,12,21,11,0
Shillong,2026-03-17,25.57,91.88,Meghalaya,21,8,21,11,0
Shillong,2026-03-18,25.57,91.88,Meghalaya,22,10,21,11,1
Shillong,2026-03-19,25.57,91.88,Meghalaya,20,9,21,11,-1
Shillong,2026-03-20,25.57,91.88,Meghalaya,18,12,21,11,-3
Shillong,2026-03-21,25.57,91.88,Meghalaya,19,12,21,11,-2
Shillong,2026-03-22,25.57,91.88,Meghalaya,17,9,22,12,-5
Shillong,2026-03-23,25.57,91.88,Meghalaya,17,9,22,12,-5
Shillong,2026-03-24,25.57,91.88,Meghalaya,18,8,22,12,-4
Shillong,2026-03-25,25.57,91.88,Meghalaya,22,10,22,12,0
Shillong,2026-03-26,25.57,91.88,Meghalaya,21,11,22,12,-1
Shillong,2026-03-27,25.57,91.88,Meghalaya,21,11,22,12,-1
Shillong,2026-03-28,25.57,91.88,Meghalaya,16,9,22,12,-6
Shillong,2026-03-29,25.57,91.88,Meghalaya,18,10,22,12,-4
Shillong,2026-03-30,25.57,91.88,Meghalaya,22,11,22,12,0
Shillong,2026-03-31,25.57,91.88,Meghalaya,21,14,22,12,-1
Shillong,2026-04-01,25.57,91.88,Meghalaya,23,13,22,13,1
Shillong,2026-04-02,25.57,91.88,Meghalaya,24,14,22,13,2
Shillong,2026-04-03,25.57,91.88,Meghalaya,25,14,22,13,3
Shillong,2026-04-04,25.57,91.88,Meghalaya,26,15,22,13,4
Shillong,2026-04-16,25.57,91.88,Meghalaya,23,14,23,14,0
Shillong,2026-04-17,25.57,91.88,Meghalaya,23,14,23,14,0
Shillong,2026-04-18,25.57,91.88,Meghalaya,21,14,23,14,-2
Shillong,2026-04-19,25.57,91.88,Meghalaya,21,14,23,14,-2
Shillong,2026-04-20,25.57,91.88,Meghalaya,26,15,23,14,3
Shillong,2026-04-21,25.57,91.88,Meghalaya,25,13,23,14,2
Shillong,2026-04-22,25.57,91.88,Meghalaya,26,15,23,14,3
Shillong,2026-04-23,25.57,91.88,Meghalaya,24,13,23,14,1
Shillong,2026-04-24,25.57,91.88,Meghalaya,25,14,23,14,2
Shillong,2026-04-25,25.57,91.88,Meghalaya,26,16,23,14,3
Shillong,2026-04-26,25.57,91.88,Meghalaya,16,12,23,14,-7
Shillong,2026-04-27,25.57,91.88,Meghalaya,24,11,23,14,1
Shillong,2026-04-28,25.57,91.88,Meghalaya,20,14,23,14,-3
Shillong,2026-04-29,25.57,91.88,Meghalaya,19,13,23,14,-4
Shillong,2026-04-30,25.57,91.88,Meghalaya,21,12,23,14,-2
Shillong,2026-05-20,25.57,91.88,Meghalaya,24,16,23,15,1
Shillong,2026-05-21,25.57,91.88,Meghalaya,24,17,23,16,1
Shillong,2026-05-22,25.57,91.88,Meghalaya,25,17,23,16,2
Shillong,2026-05-23,25.57,91.88,Meghalaya,24,17,23,16,1
Shillong,2026-05-24,25.57,91.88,Meghalaya,25,15,23,16,2
Shillong,2026-05-25,25.57,91.88,Meghalaya,23,16,23,16,0
Shillong,2026-05-26,25.57,91.88,Meghalaya,24,13,23,16,1
Shillong,2026-05-28,25.57,91.88,Meghalaya,22,14,23,16,-1
Shillong,2026-05-29,25.57,91.88,Meghalaya,25,15,23,16,2
Shillong,2026-05-31,25.57,91.88,Meghalaya,25,16,24,16,1
Shillong,2026-06-01,25.57,91.88,Meghalaya,26,16,24,16,2
Shillong,2026-06-02,25.57,91.88,Meghalaya,26,17,24,16,2
Shillong,2026-06-04,25.57,91.88,Meghalaya,26,17,24,16,2
Shillong,2026-06-06,25.57,91.88,Meghalaya,24,15,24,17,0
Shillong,2026-06-07,25.57,91.88,Meghalaya,25,16,24,17,1
Shillong,2026-06-10,25.57,91.88,Meghalaya,24,16,24,17,0
Shillong,2026-06-11,25.57,91.88,Meghalaya,25,16,24,17,1
Shillong,2026-06-18,25.57,91.88,Meghalaya,22,16,24,17,-2
Shillong,2026-06-19,25.57,91.88,Meghalaya,24,16,24,17,0
Shillong,2026-06-22,25.57,91.88,Meghalaya,26,17,24,17,2
Shillong,2026-06-23,25.57,91.88,Meghalaya,27,17,24,17,3
Shillong,2026-06-24,25.57,91.88,Meghalaya,26,15,24,17,2
Shillong,2026-06-25,25.57,91.88,Meghalaya,25,16,24,17,1
Shillong,2026-06-27,25.57,91.88,Meghalaya,28,17,24,17,4
Shillong,2026-07-01,25.57,91.88,Meghalaya,24,17,24,17,0
Shillong,2026-07-02,25.57,91.88,Meghalaya,26,17,24,17,2
Shillong,2026-07-04,25.57,91.88,Meghalaya,28,17,24,17,4
Shillong,2026-07-05,25.57,91.88,Meghalaya,27,18,24,17,3
Shillong,2026-07-08,25.57,91.88,Meghalaya,23,17,24,17,-1
Shillong,2026-07-09,25.57,91.88,Meghalaya,24,17,24,17,0
Shillong,2026-07-10,25.57,91.88,Meghalaya,25,17,23,17,2
Shillong,2026-07-11,25.57,91.88,Meghalaya,23,18,23,17,0
Shillong,2026-07-13,25.57,91.88,Meghalaya,26,18,23,17,3
Shillong,2026-07-14,25.57,91.88,Meghalaya,25,18,23,17,2
Shillong,2026-07-15,25.57,91.88,Meghalaya,26,17,24,17,2
Shillong,2026-07-16,25.57,91.88,Meghalaya,26,18,24,17,2
Shillong,2026-07-20,25.57,91.88,Meghalaya,21,17,23,17,-2
Shillong,2026-07-21,25.57,91.88,Meghalaya,23,16,23,17,0
Shillong,2026-07-22,25.57,91.88,Meghalaya,23,16,23,17,0
Shillong,2026-07-23,25.57,91.88,Meghalaya,24,16,23,17,1
Shillong,2026-07-27,25.57,91.88,Meghalaya,28,17,24,17,4
Aizawl,2025-05-07,23.81,93.02,Mizoram,32,18,32,20,0
Aizawl,2025-05-06,23.81,93.02,Mizoram,32,20,32,20,0
Aizawl,2025-05-08,23.81,93.02,Mizoram,32,21,32,20,0
Aizawl,2025-05-09,23.81,93.02,Mizoram,34,20,32,20,2
Aizawl,2025-05-10,23.81,93.02,Mizoram,35,17,32,20,3
Aizawl,2025-05-11,23.81,93.02,Mizoram,32,22,32,20,0
Aizawl,2025-05-12,23.81,93.02,Mizoram,25,18,32,20,-7
Aizawl,2025-05-13,23.81,93.02,Mizoram,32,19,32,20,0
Aizawl,2025-05-14,23.81,93.02,Mizoram,33,20,32,20,1
Aizawl,2025-05-15,23.81,93.02,Mizoram,31,22,32,20,-1
Aizawl,2025-05-16,23.81,93.02,Mizoram,33,21,32,21,1
Aizawl,2025-05-17,23.81,93.02,Mizoram,31,20,32,21,-1
Aizawl,2025-05-18,23.81,93.02,Mizoram,32,20,32,21,0
Aizawl,2025-05-19,23.81,93.02,Mizoram,32,21,32,21,0
Aizawl,2025-05-20,23.81,93.02,Mizoram,33,21,32,21,1
Aizawl,2025-05-21,23.81,93.02,Mizoram,30,22,31,21,-1
Aizawl,2025-05-22,23.81,93.02,Mizoram,28,19,31,21,-3
Aizawl,2025-05-23,23.81,93.02,Mizoram,32,21,31,21,1
Aizawl,2025-05-24,23.81,93.02,Mizoram,32,23,31,21,1
Aizawl,2025-05-25,23.81,93.02,Mizoram,33,22,31,21,2
Aizawl,2025-05-26,23.81,93.02,Mizoram,33,21,32,22,1
Aizawl,2025-05-27,23.81,93.02,Mizoram,33,20,32,22,1
Aizawl,2025-05-28,23.81,93.02,Mizoram,32,23,32,22,0
Aizawl,2025-05-29,23.81,93.02,Mizoram,27,21,32,22,-5
Aizawl,2025-05-30,23.81,93.02,Mizoram,26,22,32,22,-6
Aizawl,2025-05-31,23.81,93.02,Mizoram,27,21,32,22,-5
Aizawl,2025-06-01,23.81,93.02,Mizoram,25,22,32,22,-7
Aizawl,2025-06-02,23.81,93.02,Mizoram,28,21,32,22,-4
Aizawl,2025-06-03,23.81,93.02,Mizoram,30,19,32,22,-2
Aizawl,2025-06-04,23.81,93.02,Mizoram,25,20,32,22,-7
Aizawl,2025-06-05,23.81,93.02,Mizoram,34,20,32,22,2
Aizawl,2025-06-06,23.81,93.02,Mizoram,33,22,32,22,1
Aizawl,2025-06-07,23.81,93.02,Mizoram,32,21,32,22,0
Aizawl,2025-06-08,23.81,93.02,Mizoram,33,22,32,22,1
Aizawl,2025-06-09,23.81,93.02,Mizoram,33,21,32,22,1
Aizawl,2025-06-10,23.81,93.02,Mizoram,34,22,31,23,3
Aizawl,2025-06-11,23.81,93.02,Mizoram,34,21,31,23,3
Aizawl,2025-06-12,23.81,93.02,Mizoram,34,21,31,23,3
Aizawl,2025-06-13,23.81,93.02,Mizoram,34,22,31,23,3
Aizawl,2025-06-14,23.81,93.02,Mizoram,33,22,31,23,2
Aizawl,2025-06-15,23.81,93.02,Mizoram,31,22,31,23,0
Aizawl,2025-06-16,23.81,93.02,Mizoram,30,22,31,23,-1
Aizawl,2025-06-17,23.81,93.02,Mizoram,31,22,31,23,0
Aizawl,2025-06-18,23.81,93.02,Mizoram,25,23,31,23,-6
Aizawl,2025-06-19,23.81,93.02,Mizoram,32,22,31,23,1
Aizawl,2025-06-20,23.81,93.02,Mizoram,30,22,31,23,-1
Aizawl,2025-06-21,23.81,93.02,Mizoram,32,23,31,23,1
Aizawl,2025-06-22,23.81,93.02,Mizoram,33,23,31,23,2
Aizawl,2025-06-23,23.81,93.02,Mizoram,32,23,31,23,1
Aizawl,2025-06-24,23.81,93.02,Mizoram,32,24,31,23,1
Aizawl,2025-06-25,23.81,93.02,Mizoram,31,23,31,23,0
Aizawl,2025-06-26,23.81,93.02,Mizoram,30,22,31,23,-1
Aizawl,2025-06-27,23.81,93.02,Mizoram,33,22,31,23,2
Aizawl,2025-06-28,23.81,93.02,Mizoram,34,22,31,23,3
Aizawl,2025-06-29,23.81,93.02,Mizoram,30,22,31,23,-1
Aizawl,2025-06-30,23.81,93.02,Mizoram,33,21,31,23,2
Aizawl,2025-07-01,23.81,93.02,Mizoram,33,23,31,23,2
Aizawl,2025-07-02,23.81,93.02,Mizoram,33,22,31,23,2
Aizawl,2025-07-03,23.81,93.02,Mizoram,33,21,31,23,2
Aizawl,2025-07-04,23.81,93.02,Mizoram,27,22,31,23,-4
Aizawl,2025-07-05,23.81,93.02,Mizoram,33,23,31,23,2
Aizawl,2025-07-06,23.81,93.02,Mizoram,33,23,31,23,2
Aizawl,2025-07-07,23.81,93.02,Mizoram,27,22,31,23,-4
Aizawl,2025-07-08,23.81,93.02,Mizoram,26,21,31,23,-5
Aizawl,2025-07-09,23.81,93.02,Mizoram,22,22,31,23,-9
Aizawl,2025-07-10,23.81,93.02,Mizoram,30,22,31,23,-1
Aizawl,2025-07-11,23.81,93.02,Mizoram,34,21,31,23,3
Aizawl,2025-07-12,23.81,93.02,Mizoram,32,22,31,23,1
Aizawl,2025-07-13,23.81,93.02,Mizoram,33,24,31,23,2
Aizawl,2025-07-14,23.81,93.02,Mizoram,31,24,31,23,0
Aizawl,2025-07-16,23.81,93.02,Mizoram,30,23,31,23,-1
Aizawl,2025-07-17,23.81,93.02,Mizoram,31,22,31,23,0
Aizawl,2025-07-18,23.81,93.02,Mizoram,31,22,31,23,0
Aizawl,2025-07-19,23.81,93.02,Mizoram,28,22,31,23,-3
Aizawl,2025-07-20,23.81,93.02,Mizoram,29,22,31,23,-2
Aizawl,2025-07-21,23.81,93.02,Mizoram,33,22,31,23,2
Aizawl,2025-07-22,23.81,93.02,Mizoram,33,23,31,23,2
Aizawl,2025-07-23,23.81,93.02,Mizoram,33,21,31,23,2
Aizawl,2025-07-24,23.81,93.02,Mizoram,31,22,31,23,0
Aizawl,2025-07-25,23.81,93.02,Mizoram,33,24,31,23,2
Aizawl,2025-07-26,23.81,93.02,Mizoram,32,23,31,23,1
Aizawl,2025-07-27,23.81,93.02,Mizoram,25,23,31,23,-6
Aizawl,2025-07-28,23.81,93.02,Mizoram,32,23,31,23,1
Aizawl,2025-07-29,23.81,93.02,Mizoram,34,22,31,23,3
Aizawl,2025-07-30,23.81,93.02,Mizoram,33,22,31,23,2
Aizawl,2025-07-31,23.81,93.02,Mizoram,31,22,31,23,0
Aizawl,2025-08-01,23.81,93.02,Mizoram,31,21,31,23,0
Aizawl,2025-08-02,23.81,93.02,Mizoram,29,23,31,23,-2
Aizawl,2025-08-03,23.81,93.02,Mizoram,30,22,31,23,-1
Aizawl,2025-08-04,23.81,93.02,Mizoram,29,22,32,23,-3
Aizawl,2025-08-05,23.81,93.02,Mizoram,30,22,32,23,-2
Aizawl,2025-08-06,23.81,93.02,Mizoram,30,22,32,23,-2
Aizawl,2025-08-07,23.81,93.02,Mizoram,30,23,32,23,-2
Aizawl,2025-08-08,23.81,93.02,Mizoram,30,23,32,23,-2
Aizawl,2025-08-09,23.81,93.02,Mizoram,31,22,31,23,0
Aizawl,2025-08-10,23.81,93.02,Mizoram,32,20,31,23,1
Aizawl,2025-08-11,23.81,93.02,Mizoram,32,22,31,23,1
Aizawl,2025-08-12,23.81,93.02,Mizoram,29,23,31,23,-2
Aizawl,2025-08-13,23.81,93.02,Mizoram,29,20,31,23,-2
Aizawl,2025-08-14,23.81,93.02,Mizoram,31,22,31,23,0
Aizawl,2025-08-15,23.81,93.02,Mizoram,32,22,31,23,1
Aizawl,2025-08-16,23.81,93.02,Mizoram,33,23,31,23,2
Aizawl,2025-08-17,23.81,93.02,Mizoram,33,22,31,23,2
Aizawl,2025-08-18,23.81,93.02,Mizoram,34,22,31,23,3
Aizawl,2025-08-19,23.81,93.02,Mizoram,31,22,31,23,0
Aizawl,2025-08-20,23.81,93.02,Mizoram,32,22,31,23,1
Aizawl,2025-08-21,23.81,93.02,Mizoram,27,22,31,23,-4
Aizawl,2025-08-22,23.81,93.02,Mizoram,32,21,31,23,1
Aizawl,2025-08-23,23.81,93.02,Mizoram,33,21,31,23,2
Aizawl,2025-08-24,23.81,93.02,Mizoram,32,23,31,22,1
Aizawl,2025-08-25,23.81,93.02,Mizoram,33,22,31,22,2
Aizawl,2025-08-26,23.81,93.02,Mizoram,32,22,31,22,1
Aizawl,2025-08-27,23.81,93.02,Mizoram,32,22,31,22,1
Aizawl,2025-08-29,23.81,93.02,Mizoram,28,21,31,23,-3
Aizawl,2025-08-30,23.81,93.02,Mizoram,31,22,31,23,0
Aizawl,2025-08-31,23.81,93.02,Mizoram,33,22,31,23,2
Aizawl,2025-09-01,23.81,93.02,Mizoram,35,23,31,23,4
Aizawl,2025-09-02,23.81,93.02,Mizoram,33,23,31,23,2
Aizawl,2025-09-03,23.81,93.02,Mizoram,34,22,31,22,3
Aizawl,2025-09-04,23.81,93.02,Mizoram,32,22,31,22,1
Aizawl,2025-09-05,23.81,93.02,Mizoram,29,22,31,22,-2
Aizawl,2025-09-06,23.81,93.02,Mizoram,32,25,31,22,1
Aizawl,2025-09-07,23.81,93.02,Mizoram,31,21,31,22,0
Aizawl,2025-09-08,23.81,93.02,Mizoram,32,23,31,23,1
Aizawl,2025-09-09,23.81,93.02,Mizoram,31,23,31,23,0
Aizawl,2025-09-10,23.81,93.02,Mizoram,32,23,31,23,1
Aizawl,2025-09-11,23.81,93.02,Mizoram,32,22,31,23,1
Aizawl,2025-09-12,23.81,93.02,Mizoram,29,20,31,23,-2
Aizawl,2025-09-13,23.81,93.02,Mizoram,28,23,31,22,-3
Aizawl,2025-09-14,23.81,93.02,Mizoram,25,19,31,22,-6
Aizawl,2025-09-15,23.81,93.02,Mizoram,31,21,31,22,0
Aizawl,2025-09-16,23.81,93.02,Mizoram,34,19,31,22,3
Aizawl,2025-09-17,23.81,93.02,Mizoram,31,21,31,22,0
Aizawl,2025-09-18,23.81,93.02,Mizoram,28,22,31,22,-3
Aizawl,2025-09-19,23.81,93.02,Mizoram,33,22,31,22,2
Aizawl,2025-09-20,23.81,93.02,Mizoram,33,21,31,22,2
Aizawl,2025-09-21,23.81,93.02,Mizoram,33,24,31,22,2
Aizawl,2025-09-22,23.81,93.02,Mizoram,31,22,31,22,0
Aizawl,2025-09-23,23.81,93.02,Mizoram,32,22,31,22,1
Aizawl,2025-09-24,23.81,93.02,Mizoram,32,22,31,22,1
Aizawl,2025-09-25,23.81,93.02,Mizoram,34,22,31,22,3
Aizawl,2025-09-26,23.81,93.02,Mizoram,34,22,31,22,3
Aizawl,2025-09-27,23.81,93.02,Mizoram,32,22,31,22,1
Aizawl,2025-09-28,23.81,93.02,Mizoram,32,22,31,22,1
Aizawl,2025-09-29,23.81,93.02,Mizoram,33,23,31,22,2
Aizawl,2025-09-30,23.81,93.02,Mizoram,34,23,31,22,3
Aizawl,2025-10-01,23.81,93.02,Mizoram,31,21,31,22,0
Aizawl,2025-10-02,23.81,93.02,Mizoram,29,20,31,22,-2
Aizawl,2025-10-03,23.81,93.02,Mizoram,31,21,31,22,0
Aizawl,2025-10-04,23.81,93.02,Mizoram,32,21,31,22,1
Aizawl,2025-10-05,23.81,93.02,Mizoram,32,21,31,22,1
Aizawl,2025-10-06,23.81,93.02,Mizoram,32,21,31,22,1
Aizawl,2025-10-07,23.81,93.02,Mizoram,31,21,31,22,0
Aizawl,2025-10-08,23.81,93.02,Mizoram,32,21,30,21,2
Aizawl,2025-10-09,23.81,93.02,Mizoram,26,21,30,21,-4
Aizawl,2025-10-10,23.81,93.02,Mizoram,30,21,30,21,0
Aizawl,2025-10-11,23.81,93.02,Mizoram,29,21,30,21,-1
Aizawl,2025-10-12,23.81,93.02,Mizoram,28,20,30,21,-2
Aizawl,2025-10-13,23.81,93.02,Mizoram,31,22,30,21,1
Aizawl,2025-10-14,23.81,93.02,Mizoram,32,20,30,21,2
Aizawl,2025-10-15,23.81,93.02,Mizoram,32,21,30,21,2
Aizawl,2025-10-16,23.81,93.02,Mizoram,31,20,30,21,1
Aizawl,2025-10-17,23.81,93.02,Mizoram,32,20,30,21,2
Aizawl,2025-10-18,23.81,93.02,Mizoram,32,21,30,20,2
Aizawl,2025-10-19,23.81,93.02,Mizoram,31,20,30,20,1
Aizawl,2025-10-20,23.81,93.02,Mizoram,32,21,30,20,2
Aizawl,2025-10-21,23.81,93.02,Mizoram,30,21,30,20,0
Aizawl,2025-10-22,23.81,93.02,Mizoram,33,21,30,20,3
Aizawl,2025-10-23,23.81,93.02,Mizoram,31,19,29,19,2
Aizawl,2025-10-24,23.81,93.02,Mizoram,31,21,29,19,2
Aizawl,2025-10-25,23.81,93.02,Mizoram,31,20,29,19,2
Aizawl,2025-10-26,23.81,93.02,Mizoram,31,21,29,19,2
Aizawl,2025-10-27,23.81,93.02,Mizoram,28,20,29,19,-1
Aizawl,2025-10-28,23.81,93.02,Mizoram,32,20,29,19,3
Aizawl,2025-10-29,23.81,93.02,Mizoram,30,20,29,19,1
Aizawl,2025-10-30,23.81,93.02,Mizoram,31,21,29,19,2
Aizawl,2025-10-31,23.81,93.02,Mizoram,31,21,29,19,2
Aizawl,2025-11-01,23.81,93.02,Mizoram,30,20,29,19,1
Aizawl,2025-11-02,23.81,93.02,Mizoram,32,21,29,18,3
Aizawl,2025-11-03,23.81,93.02,Mizoram,29,19,29,18,0
Aizawl,2025-11-04,23.81,93.02,Mizoram,30,21,29,18,1
Aizawl,2025-11-05,23.81,93.02,Mizoram,27,21,29,18,-2
Aizawl,2025-11-06,23.81,93.02,Mizoram,25,20,29,18,-4
Aizawl,2026-01-06,23.81,93.02,Mizoram,22,9,24,9,-2
Aizawl,2026-01-07,23.81,93.02,Mizoram,22,8,24,9,-2
Aizawl,2026-01-08,23.81,93.02,Mizoram,26,7,24,9,2
Aizawl,2026-01-09,23.81,93.02,Mizoram,23,8,24,9,-1
Aizawl,2026-01-10,23.81,93.02,Mizoram,27,10,24,9,3
Aizawl,2026-01-11,23.81,93.02,Mizoram,25,12,24,9,1
Aizawl,2026-01-12,23.81,93.02,Mizoram,22,11,24,9,-2
Aizawl,2026-01-13,23.81,93.02,Mizoram,26,9,24,9,2
Aizawl,2026-01-14,23.81,93.02,Mizoram,26,10,24,9,2
Aizawl,2026-01-15,23.81,93.02,Mizoram,23,13,24,9,-1
Aizawl,2026-01-17,23.81,93.02,Mizoram,27,10,25,9,2
Aizawl,2026-01-18,23.81,93.02,Mizoram,26,13,25,9,1
Aizawl,2026-01-19,23.81,93.02,Mizoram,28,9,25,9,3
Aizawl,2026-01-20,23.81,93.02,Mizoram,27,13,25,9,2
Aizawl,2026-01-21,23.81,93.02,Mizoram,25,9,25,9,0
Aizawl,2026-01-22,23.81,93.02,Mizoram,25,12,25,9,0
Aizawl,2026-01-23,23.81,93.02,Mizoram,28,13,25,9,3
Aizawl,2026-01-24,23.81,93.02,Mizoram,29,9,25,9,4
Aizawl,2026-01-25,23.81,93.02,Mizoram,28,13,25,9,3
Aizawl,2026-01-26,23.81,93.02,Mizoram,26,9,25,9,1
Aizawl,2026-01-27,23.81,93.02,Mizoram,28,8,25,9,3
Aizawl,2026-01-28,23.81,93.02,Mizoram,29,13,25,9,4
Aizawl,2026-01-29,23.81,93.02,Mizoram,28,13,25,9,3
Aizawl,2026-01-30,23.81,93.02,Mizoram,28,10,25,9,3
Aizawl,2026-01-31,23.81,93.02,Mizoram,25,13,,,
Aizawl,2026-02-01,23.81,93.02,Mizoram,27,9,25,9,2
Aizawl,2026-02-02,23.81,93.02,Mizoram,29,9,25,9,4
Aizawl,2026-02-03,23.81,93.02,Mizoram,30,14,25,9,5
Aizawl,2026-02-04,23.81,93.02,Mizoram,29,15,25,9,4
Aizawl,2026-02-08,23.81,93.02,Mizoram,26,12,26,10,0
Aizawl,2026-02-09,23.81,93.02,Mizoram,27,12,26,10,1
Aizawl,2026-02-10,23.81,93.02,Mizoram,24,13,27,10,-3
Aizawl,2026-02-11,23.81,93.02,Mizoram,27,8,27,10,0
Aizawl,2026-02-12,23.81,93.02,Mizoram,27,13,27,10,0
Aizawl,2026-02-13,23.81,93.02,Mizoram,27,10,27,10,0
Aizawl,2026-02-14,23.81,93.02,Mizoram,28,10,27,10,1
Aizawl,2026-02-15,23.81,93.02,Mizoram,27,9,27,11,0
Aizawl,2026-02-16,23.81,93.02,Mizoram,27,9,27,11,0
Aizawl,2026-02-17,23.81,93.02,Mizoram,29,14,27,11,2
Aizawl,2026-02-18,23.81,93.02,Mizoram,33,16,27,11,6
Aizawl,2026-02-19,23.81,93.02,Mizoram,33,10,27,11,6
Aizawl,2026-02-20,23.81,93.02,Mizoram,30,17,29,12,1
Aizawl,2026-02-21,23.81,93.02,Mizoram,30,11,29,12,1
Aizawl,2026-02-25,23.81,93.02,Mizoram,28,16,29,13,-1
Aizawl,2026-02-26,23.81,93.02,Mizoram,26,16,29,13,-3
Aizawl,2026-02-27,23.81,93.02,Mizoram,28,14,29,13,-1
Aizawl,2026-02-28,23.81,93.02,Mizoram,29,14,29,13,0
Aizawl,2026-03-01,23.81,93.02,Mizoram,31,11,29,13,2
Aizawl,2026-03-02,23.81,93.02,Mizoram,30,12,30,14,0
Aizawl,2026-03-03,23.81,93.02,Mizoram,29,15,30,14,-1
Aizawl,2026-03-04,23.81,93.02,Mizoram,29,12,30,14,-1
Aizawl,2026-03-05,23.81,93.02,Mizoram,26,13,30,14,-4
Aizawl,2026-03-06,23.81,93.02,Mizoram,31,13,30,14,1
Aizawl,2026-03-07,23.81,93.02,Mizoram,31,18,30,13,1
Aizawl,2026-03-08,23.81,93.02,Mizoram,29,16,30,13,-1
Aizawl,2026-03-09,23.81,93.02,Mizoram,28,16,30,13,-2
Aizawl,2026-03-10,23.81,93.02,Mizoram,30,18,30,13,0
Aizawl,2026-03-11,23.81,93.02,Mizoram,31,16,30,13,1
Aizawl,2026-03-12,23.81,93.02,Mizoram,32,17,30,14,2
Aizawl,2026-03-13,23.81,93.02,Mizoram,30,17,30,14,0
Aizawl,2026-03-14,23.81,93.02,Mizoram,29,16,30,14,-1
Aizawl,2026-03-15,23.81,93.02,Mizoram,30,13,30,14,0
Aizawl,2026-03-16,23.81,93.02,Mizoram,30,13,30,14,0
Aizawl,2026-03-17,23.81,93.02,Mizoram,31,12,31,15,0
Aizawl,2026-03-18,23.81,93.02,Mizoram,31,14,31,15,0
Aizawl,2026-03-19,23.81,93.02,Mizoram,30,16,31,15,-1
Aizawl,2026-03-20,23.81,93.02,Mizoram,28,18,31,15,-3
Aizawl,2026-03-21,23.81,93.02,Mizoram,25,16,31,15,-6
Aizawl,2026-03-22,23.81,93.02,Mizoram,23,14,31,16,-8
Aizawl,2026-03-23,23.81,93.02,Mizoram,27,14,31,16,-4
Aizawl,2026-03-24,23.81,93.02,Mizoram,28,14,31,16,-3
Aizawl,2026-03-25,23.81,93.02,Mizoram,26,14,31,16,-5
Aizawl,2026-03-26,23.81,93.02,Mizoram,32,18,31,16,1
Aizawl,2026-03-27,23.81,93.02,Mizoram,32,18,31,17,1
Aizawl,2026-03-28,23.81,93.02,Mizoram,26,16,31,17,-5
Aizawl,2026-03-29,23.81,93.02,Mizoram,30,17,31,17,-1
Aizawl,2026-03-30,23.81,93.02,Mizoram,30,15,31,17,-1
Aizawl,2026-03-31,23.81,93.02,Mizoram,30,16,31,17,-1
Aizawl,2026-04-01,23.81,93.02,Mizoram,32,16,31,17,1
Aizawl,2026-04-02,23.81,93.02,Mizoram,33,19,31,17,2
Aizawl,2026-04-03,23.81,93.02,Mizoram,34,18,31,17,3
Aizawl,2026-04-04,23.81,93.02,Mizoram,33,19,31,17,2
Aizawl,2026-04-05,23.81,93.02,Mizoram,29,20,31,17,-2
Aizawl,2026-04-06,23.81,93.02,Mizoram,32,15,32,18,0
Aizawl,2026-04-07,23.81,93.02,Mizoram,30,16,32,18,-2
Aizawl,2026-04-08,23.81,93.02,Mizoram,29,16,32,18,-3
Aizawl,2026-04-09,23.81,93.02,Mizoram,25,18,32,18,-7
Aizawl,2026-04-10,23.81,93.02,Mizoram,30,15,32,18,-2
Aizawl,2026-04-11,23.81,93.02,Mizoram,31,14,33,18,-2
Aizawl,2026-04-12,23.81,93.02,Mizoram,32,18,33,18,-1
Aizawl,2026-04-13,23.81,93.02,Mizoram,33,18,33,18,0
Aizawl,2026-04-14,23.81,93.02,Mizoram,33,18,33,18,0
Aizawl,2026-04-16,23.81,93.02,Mizoram,32,20,32,19,0
Aizawl,2026-04-17,23.81,93.02,Mizoram,33,20,32,19,1
Aizawl,2026-04-18,23.81,93.02,Mizoram,32,20,32,19,0
Aizawl,2026-04-19,23.81,93.02,Mizoram,31,19,32,19,-1
Aizawl,2026-04-20,23.81,93.02,Mizoram,32,19,32,19,0
Aizawl,2026-04-21,23.81,93.02,Mizoram,33,19,32,19,1
Aizawl,2026-04-22,23.81,93.02,Mizoram,34,19,32,19,2
Aizawl,2026-04-23,23.81,93.02,Mizoram,32,18,32,19,0
Aizawl,2026-04-24,23.81,93.02,Mizoram,34,17,32,19,2
Aizawl,2026-04-25,23.81,93.02,Mizoram,34,21,32,19,2
Aizawl,2026-04-26,23.81,93.02,Mizoram,30,18,32,19,-2
Aizawl,2026-04-27,23.81,93.02,Mizoram,27,16,32,19,-5
Aizawl,2026-04-28,23.81,93.02,Mizoram,22,15,32,19,-10
Aizawl,2026-04-29,23.81,93.02,Mizoram,21,16,32,19,-11
Aizawl,2026-04-30,23.81,93.02,Mizoram,28,16,32,19,-4
Aizawl,2026-05-01,23.81,93.02,Mizoram,23,18,31,19,-8
Aizawl,2026-05-02,23.81,93.02,Mizoram,25,17,31,19,-6
Aizawl,2026-05-03,23.81,93.02,Mizoram,24,17,31,19,-7
Aizawl,2026-05-06,23.81,93.02,Mizoram,28,17,31,20,-3
Aizawl,2026-05-08,23.81,93.02,Mizoram,29,19,31,20,-2
Aizawl,2026-05-10,23.81,93.02,Mizoram,26,20,31,20,-5
Aizawl,2026-05-12,23.81,93.02,Mizoram,27,16,32,20,-5
Aizawl,2026-05-14,23.81,93.02,Mizoram,29,20,32,20,-3
Aizawl,2026-05-15,23.81,93.02,Mizoram,28,23,32,20,-4
Aizawl,2026-05-16,23.81,93.02,Mizoram,29,22,31,21,-2
Aizawl,2026-05-17,23.81,93.02,Mizoram,29,23,31,21,-2
Aizawl,2026-05-19,23.81,93.02,Mizoram,29,21,31,21,-2
Aizawl,2026-05-20,23.81,93.02,Mizoram,30,21,31,21,-1
Aizawl,2026-05-21,23.81,93.02,Mizoram,32,21,31,21,1
Aizawl,2026-05-22,23.81,93.02,Mizoram,34,20,31,21,3
Aizawl,2026-05-23,23.81,93.02,Mizoram,31,24,31,21,0
Aizawl,2026-05-24,23.81,93.02,Mizoram,30,20,31,21,-1
Aizawl,2026-05-25,23.81,93.02,Mizoram,32,21,31,21,1
Aizawl,2026-05-26,23.81,93.02,Mizoram,26,17,31,21,-5
Aizawl,2026-05-27,23.81,93.02,Mizoram,31,19,31,21,0
Aizawl,2026-05-28,23.81,93.02,Mizoram,30,19,31,21,-1
Aizawl,2026-05-29,23.81,93.02,Mizoram,33,21,31,21,2
Aizawl,2026-05-31,23.81,93.02,Mizoram,32,20,31,21,1
Aizawl,2026-06-01,23.81,93.02,Mizoram,29,22,31,21,-2
Aizawl,2026-06-02,23.81,93.02,Mizoram,31,22,31,21,0
Aizawl,2026-06-03,23.81,93.02,Mizoram,30,23,31,21,-1
Aizawl,2026-06-04,23.81,93.02,Mizoram,31,23,31,21,0
Aizawl,2026-06-05,23.81,93.02,Mizoram,29,21,31,22,-2
Aizawl,2026-06-06,23.81,93.02,Mizoram,33,20,31,22,2
Aizawl,2026-06-07,23.81,93.02,Mizoram,29,24,31,22,-2
Aizawl,2026-06-08,23.81,93.02,Mizoram,32,24,31,22,1
Aizawl,2026-06-09,23.81,93.02,Mizoram,30,21,31,22,-1
Aizawl,2026-06-10,23.81,93.02,Mizoram,31,19,31,22,0
Aizawl,2026-06-11,23.81,93.02,Mizoram,32,23,31,22,1
Aizawl,2026-06-15,23.81,93.02,Mizoram,30,20,31,22,-1
Aizawl,2026-06-16,23.81,93.02,Mizoram,30,21,31,22,-1
Aizawl,2026-06-18,23.81,93.02,Mizoram,32,23,31,22,1
Aizawl,2026-06-19,23.81,93.02,Mizoram,31,23,31,22,0
Aizawl,2026-06-21,23.81,93.02,Mizoram,32,23,31,22,1
Aizawl,2026-06-22,23.81,93.02,Mizoram,32,21,31,22,1
Aizawl,2026-06-23,23.81,93.02,Mizoram,33,23,31,22,2
Aizawl,2026-06-24,23.81,93.02,Mizoram,28,21,31,22,-3
Aizawl,2026-06-25,23.81,93.02,Mizoram,28,23,31,23,-3
Aizawl,2026-06-27,23.81,93.02,Mizoram,32,23,31,23,1
Aizawl,2026-06-28,23.81,93.02,Mizoram,31,24,31,23,0
Aizawl,2026-06-30,23.81,93.02,Mizoram,31,21,31,23,0
Aizawl,2026-07-01,23.81,93.02,Mizoram,28,23,31,23,-3
Aizawl,2026-07-02,23.81,93.02,Mizoram,32,23,31,23,1
Aizawl,2026-07-03,23.81,93.02,Mizoram,33,23,31,23,2
Aizawl,2026-07-04,23.81,93.02,Mizoram,34,23,31,23,3
Aizawl,2026-07-05,23.81,93.02,Mizoram,33,23,31,23,2
Aizawl,2026-07-06,23.81,93.02,Mizoram,32,24,31,23,1
Aizawl,2026-07-07,23.81,93.02,Mizoram,29,23,31,23,-2
Aizawl,2026-07-08,23.81,93.02,Mizoram,26,19,31,23,-5
Aizawl,2026-07-09,23.81,93.02,Mizoram,24,19,31,23,-7
Aizawl,2026-07-10,23.81,93.02,Mizoram,28,19,31,22,-3
Aizawl,2026-07-11,23.81,93.02,Mizoram,29,19,31,22,-2
Aizawl,2026-07-12,23.81,93.02,Mizoram,29,19,31,22,-2
Aizawl,2026-07-13,23.81,93.02,Mizoram,32,24,31,22,1
Aizawl,2026-07-14,23.81,93.02,Mizoram,29,24,31,22,-2
Aizawl,2026-07-15,23.81,93.02,Mizoram,30,21,31,22,-1
Aizawl,2026-07-16,23.81,93.02,Mizoram,30,23,31,22,-1
Aizawl,2026-07-19,23.81,93.02,Mizoram,28,20,31,22,-3
Aizawl,2026-07-20,23.81,93.02,Mizoram,28,20,31,22,-3
Aizawl,2026-07-21,23.81,93.02,Mizoram,31,22,31,22,0
Aizawl,2026-07-22,23.81,93.02,Mizoram,32,22,31,22,1
Aizawl,2026-07-23,23.81,93.02,Mizoram,31,23,31,22,0
Aizawl,2026-07-24,23.81,93.02,Mizoram,30,20,31,22,-1
Aizawl,2026-07-25,23.81,93.02,Mizoram,33,20,31,22,2
Aizawl,2026-07-26,23.81,93.02,Mizoram,33,24,31,22,2
Aizawl,2026-07-27,23.81,93.02,Mizoram,33,21,31,22,2
Kohima,2025-05-07,25.67,94.1,Nagaland,32,16,24,14,8
Kohima,2025-05-06,25.67,94.1,Nagaland,21,15,24,14,-3
Kohima,2025-05-08,25.67,94.1,Nagaland,20,16,24,14,-4
Kohima,2025-05-09,25.67,94.1,Nagaland,22,17,24,14,-2
Kohima,2025-05-10,25.67,94.1,Nagaland,21,19,24,14,-3
Kohima,2025-05-11,25.67,94.1,Nagaland,22,17,26,15,-4
Kohima,2025-05-12,25.67,94.1,Nagaland,19,17,26,15,-7
Kohima,2025-05-13,25.67,94.1,Nagaland,21,17,26,15,-5
Kohima,2025-05-14,25.67,94.1,Nagaland,22,17,26,15,-4
Kohima,2025-05-15,25.67,94.1,Nagaland,22,17,26,15,-4
Kohima,2025-05-16,25.67,94.1,Nagaland,25,18,25,15,0
Kohima,2025-05-17,25.67,94.1,Nagaland,25,18,25,15,0
Kohima,2025-05-18,25.67,94.1,Nagaland,24,17,25,15,-1
Kohima,2025-05-19,25.67,94.1,Nagaland,26,17,25,15,1
Kohima,2025-05-20,25.67,94.1,Nagaland,19,17,25,15,-6
Kohima,2025-05-21,25.67,94.1,Nagaland,19,16,25,15,-6
Kohima,2025-05-22,25.67,94.1,Nagaland,21,19,25,15,-4
Kohima,2025-05-23,25.67,94.1,Nagaland,25,17,25,15,0
Kohima,2025-05-24,25.67,94.1,Nagaland,25,18,25,15,0
Kohima,2025-05-25,25.67,94.1,Nagaland,21,18,25,15,-4
Kohima,2025-05-26,25.67,94.1,Nagaland,21,19,26,16,-5
Kohima,2025-05-28,25.67,94.1,Nagaland,26,20,26,16,0
Kohima,2025-05-29,25.67,94.1,Nagaland,22,19,26,16,-4
Kohima,2025-05-30,25.67,94.1,Nagaland,22,19,26,16,-4
Kohima,2025-05-31,25.67,94.1,Nagaland,22,20,26,16,-4
Kohima,2025-06-01,25.67,94.1,Nagaland,25,19,26,16,-1
Kohima,2025-06-02,25.67,94.1,Nagaland,24,19,26,16,-2
Kohima,2025-06-03,25.67,94.1,Nagaland,24,17,26,16,-2
Kohima,2025-06-04,25.67,94.1,Nagaland,23,17,26,16,-3
Kohima,2025-06-05,25.67,94.1,Nagaland,23,18,26,16,-3
Kohima,2025-06-06,25.67,94.1,Nagaland,26,17,26,16,0
Kohima,2025-06-07,25.67,94.1,Nagaland,24,18,26,16,-2
Kohima,2025-06-08,25.67,94.1,Nagaland,25,19,26,16,-1
Kohima,2025-06-09,25.67,94.1,Nagaland,27,18,26,16,1
Kohima,2025-06-10,25.67,94.1,Nagaland,28,20,26,16,2
Kohima,2025-06-11,25.67,94.1,Nagaland,30,25,26,16,4
Kohima,2025-06-12,25.67,94.1,Nagaland,31,19,26,16,5
Kohima,2025-06-14,25.67,94.1,Nagaland,30,20,26,16,4
Kohima,2025-06-15,25.67,94.1,Nagaland,27,20,26,17,1
Kohima,2025-06-16,25.67,94.1,Nagaland,27,20,26,17,1
Kohima,2025-06-17,25.67,94.1,Nagaland,23,19,26,17,-3
Kohima,2025-06-18,25.67,94.1,Nagaland,27,19,26,17,1
Kohima,2025-06-19,25.67,94.1,Nagaland,25,20,26,17,-1
Kohima,2025-06-20,25.67,94.1,Nagaland,25,19,26,17,-1
Kohima,2025-06-21,25.67,94.1,Nagaland,25,20,26,17,-1
Kohima,2025-06-22,25.67,94.1,Nagaland,30,20,26,17,4
Kohima,2025-06-23,25.67,94.1,Nagaland,23,15,26,17,-3
Kohima,2025-06-24,25.67,94.1,Nagaland,25,19,26,17,-1
Kohima,2025-06-25,25.67,94.1,Nagaland,23,20,26,17,-3
Kohima,2025-06-26,25.67,94.1,Nagaland,23,19,26,17,-3
Kohima,2025-06-27,25.67,94.1,Nagaland,24,21,26,17,-2
Kohima,2025-06-28,25.67,94.1,Nagaland,24,19,26,17,-2
Kohima,2025-06-29,25.67,94.1,Nagaland,24,20,26,17,-2
Kohima,2025-06-30,25.67,94.1,Nagaland,25,20,26,17,-1
Kohima,2025-07-01,25.67,94.1,Nagaland,28,19,26,17,2
Kohima,2025-07-02,25.67,94.1,Nagaland,27,20,26,17,1
Kohima,2025-07-03,25.67,94.1,Nagaland,23,19,26,17,-3
Kohima,2025-07-04,25.67,94.1,Nagaland,20,20,26,17,-6
Kohima,2025-07-05,25.67,94.1,Nagaland,22,19,26,17,-4
Kohima,2025-07-06,25.67,94.1,Nagaland,29,20,26,17,3
Kohima,2025-07-07,25.67,94.1,Nagaland,24,19,26,17,-2
Kohima,2025-07-08,25.67,94.1,Nagaland,21,19,26,17,-5
Kohima,2025-07-09,25.67,94.1,Nagaland,24,19,26,17,-2
Kohima,2025-07-10,25.67,94.1,Nagaland,23,18,26,17,-3
Kohima,2025-07-11,25.67,94.1,Nagaland,24,20,26,17,-2
Kohima,2025-07-12,25.67,94.1,Nagaland,23,19,26,17,-3
Kohima,2025-07-13,25.67,94.1,Nagaland,26,20,26,17,0
Kohima,2025-07-14,25.67,94.1,Nagaland,25,19,26,17,-1
Kohima,2025-07-15,25.67,94.1,Nagaland,29,20,25,17,4
Kohima,2025-07-16,25.67,94.1,Nagaland,22,20,25,17,-3
Kohima,2025-07-17,25.67,94.1,Nagaland,22,20,25,17,-3
Kohima,2025-07-18,25.67,94.1,Nagaland,23,19,25,17,-2
Kohima,2025-07-19,25.67,94.1,Nagaland,27,20,25,17,2
Kohima,2025-07-20,25.67,94.1,Nagaland,22,19,25,17,-3
Kohima,2025-07-21,25.67,94.1,Nagaland,27,19,25,17,2
Kohima,2025-07-22,25.67,94.1,Nagaland,26,21,25,17,1
Kohima,2025-07-23,25.67,94.1,Nagaland,24,21,25,17,-1
Kohima,2025-07-24,25.67,94.1,Nagaland,26,22,25,17,1
Kohima,2025-07-25,25.67,94.1,Nagaland,28,21,27,17,1
Kohima,2025-07-26,25.67,94.1,Nagaland,25,20,27,17,-2
Kohima,2025-07-27,25.67,94.1,Nagaland,26,20,27,17,-1
Kohima,2025-07-28,25.67,94.1,Nagaland,22,20,27,17,-5
Kohima,2025-07-29,25.67,94.1,Nagaland,24,21,27,17,-3
Kohima,2025-07-30,25.67,94.1,Nagaland,27,19,26,17,1
Kohima,2025-07-31,25.67,94.1,Nagaland,26,20,26,17,0
Kohima,2025-08-01,25.67,94.1,Nagaland,26,20,26,17,0
Kohima,2025-08-02,25.67,94.1,Nagaland,25,20,26,17,-1
Kohima,2025-08-03,25.67,94.1,Nagaland,22,19,26,17,-4
Kohima,2025-08-04,25.67,94.1,Nagaland,24,19,26,16,-2
Kohima,2025-08-05,25.67,94.1,Nagaland,25,21,26,17,-1
Kohima,2025-08-06,25.67,94.1,Nagaland,25,19,26,17,-1
Kohima,2025-08-07,25.67,94.1,Nagaland,25,19,26,17,-1
Kohima,2025-08-08,25.67,94.1,Nagaland,25,19,26,17,-1
Kohima,2025-08-09,25.67,94.1,Nagaland,22,19,27,17,-5
Kohima,2025-08-10,25.67,94.1,Nagaland,23,18,27,17,-4
Kohima,2025-08-11,25.67,94.1,Nagaland,24,18,27,17,-3
Kohima,2025-08-12,25.67,94.1,Nagaland,25,20,27,17,-2
Kohima,2025-08-14,25.67,94.1,Nagaland,22,18,26,18,-4
Kohima,2025-08-15,25.67,94.1,Nagaland,23,19,26,18,-3
Kohima,2025-08-16,25.67,94.1,Nagaland,24,19,26,18,-2
Kohima,2025-08-17,25.67,94.1,Nagaland,24,19,26,18,-2
Kohima,2025-08-18,25.67,94.1,Nagaland,28,19,26,18,2
Kohima,2025-08-19,25.67,94.1,Nagaland,29,19,26,17,3
Kohima,2025-08-20,25.67,94.1,Nagaland,26,18,26,17,0
Kohima,2025-08-21,25.67,94.1,Nagaland,23,19,26,17,-3
Kohima,2025-08-22,25.67,94.1,Nagaland,22,19,26,17,-4
Kohima,2025-08-23,25.67,94.1,Nagaland,23,19,26,17,-3
Kohima,2025-08-24,25.67,94.1,Nagaland,22,19,26,17,-4
Kohima,2025-08-25,25.67,94.1,Nagaland,22,19,26,17,-4
Kohima,2025-08-26,25.67,94.1,Nagaland,24,19,26,17,-2
Kohima,2025-08-27,25.67,94.1,Nagaland,28,19,26,17,2
Kohima,2025-08-28,25.67,94.1,Nagaland,25,19,26,17,-1
Kohima,2025-08-29,25.67,94.1,Nagaland,22,19,26,17,-4
Kohima,2025-08-31,25.67,94.1,Nagaland,23,19,26,17,-3
Kohima,2025-09-03,25.67,94.1,Nagaland,26,18,25,17,1
Kohima,2025-09-04,25.67,94.1,Nagaland,25,19,25,17,0
Kohima,2025-09-05,25.67,94.1,Nagaland,26,19,25,17,1
Kohima,2025-09-06,25.67,94.1,Nagaland,26,19,25,17,1
Kohima,2025-09-07,25.67,94.1,Nagaland,23,18,25,17,-2
Kohima,2025-09-08,25.67,94.1,Nagaland,22,19,26,17,-4
Kohima,2025-09-09,25.67,94.1,Nagaland,23,18,26,17,-3
Kohima,2025-09-10,25.67,94.1,Nagaland,22,20,26,17,-4
Kohima,2025-09-11,25.67,94.1,Nagaland,22,19,26,17,-4
Kohima,2025-09-12,25.67,94.1,Nagaland,23,19,26,17,-3
Kohima,2025-09-13,25.67,94.1,Nagaland,22,19,26,16,-4
Kohima,2025-09-14,25.67,94.1,Nagaland,21,19,26,16,-5
Kohima,2025-09-16,25.67,94.1,Nagaland,22,18,26,16,-4
Kohima,2025-09-17,25.67,94.1,Nagaland,21,18,26,16,-5
Kohima,2025-09-18,25.67,94.1,Nagaland,23,17,26,16,-3
Kohima,2025-09-19,25.67,94.1,Nagaland,24,18,26,16,-2
Kohima,2025-09-20,25.67,94.1,Nagaland,23,18,25,16,-2
Kohima,2025-09-22,25.67,94.1,Nagaland,26,18,26,16,0
Kohima,2025-09-23,25.67,94.1,Nagaland,27,20,25,16,2
Kohima,2025-09-24,25.67,94.1,Nagaland,28,26,25,16,3
Kohima,2025-09-25,25.67,94.1,Nagaland,26,17,25,16,1
Kohima,2025-09-26,25.67,94.1,Nagaland,30,19,25,16,5
Kohima,2025-09-27,25.67,94.1,Nagaland,26,19,25,16,1
Kohima,2025-09-28,25.67,94.1,Nagaland,26,19,26,16,0
Kohima,2025-09-29,25.67,94.1,Nagaland,26,18,26,16,0
Kohima,2025-09-30,25.67,94.1,Nagaland,27,19,26,16,1
Kohima,2025-10-02,25.67,94.1,Nagaland,22,17,26,16,-4
Kohima,2025-10-03,25.67,94.1,Nagaland,24,17,24,15,0
Kohima,2025-10-04,25.67,94.1,Nagaland,24,17,24,15,0
Kohima,2025-10-05,25.67,94.1,Nagaland,24,17,24,15,0
Kohima,2025-10-06,25.67,94.1,Nagaland,22,16,24,15,-2
Kohima,2025-10-07,25.67,94.1,Nagaland,21,17,24,15,-3
Kohima,2025-10-08,25.67,94.1,Nagaland,21,18,25,14,-4
Kohima,2025-10-10,25.67,94.1,Nagaland,21,17,25,14,-4
Kohima,2025-10-11,25.67,94.1,Nagaland,23,16,25,14,-2
Kohima,2025-10-16,25.67,94.1,Nagaland,23,16,25,14,-2
Kohima,2025-10-27,25.67,94.1,Nagaland,27,18,24,12,3
Kohima,2025-10-28,25.67,94.1,Nagaland,28,18,23,11,5
Kohima,2025-10-29,25.67,94.1,Nagaland,28,17,23,11,5
Kohima,2025-10-30,25.67,94.1,Nagaland,24,18,23,11,1
Kohima,2025-10-31,25.67,94.1,Nagaland,25,17,23,11,2
Kohima,2025-11-01,25.67,94.1,Nagaland,25,17,23,11,2
Kohima,2025-11-02,25.67,94.1,Nagaland,23,18,22,10,1
Kohima,2025-11-03,25.67,94.1,Nagaland,26,18,22,10,4
Kohima,2025-11-05,25.67,94.1,Nagaland,25,18,22,10,3
Kohima,2025-11-06,25.67,94.1,Nagaland,20,17,22,10,-2
Kohima,2026-01-06,25.67,94.1,Nagaland,14,4,16,5,-2
Kohima,2026-01-09,25.67,94.1,Nagaland,16,5,16,5,0
Kohima,2026-01-10,25.67,94.1,Nagaland,16,5,16,5,0
Kohima,2026-01-11,25.67,94.1,Nagaland,16,9,15,4,1
Kohima,2026-01-12,25.67,94.1,Nagaland,16,5,15,4,1
Kohima,2026-01-13,25.67,94.1,Nagaland,16,6,15,4,1
Kohima,2026-01-14,25.67,94.1,Nagaland,16,6,15,4,1
Kohima,2026-01-15,25.67,94.1,Nagaland,15,6,15,4,0
Kohima,2026-01-16,25.67,94.1,Nagaland,15,5,16,5,-1
Kohima,2026-01-17,25.67,94.1,Nagaland,15,5,16,5,-1
Kohima,2026-01-18,25.67,94.1,Nagaland,17,6,16,5,1
Kohima,2026-01-19,25.67,94.1,Nagaland,17,6,16,5,1
Kohima,2026-01-20,25.67,94.1,Nagaland,18,6,16,5,2
Kohima,2026-01-21,25.67,94.1,Nagaland,18,7,16,5,2
Kohima,2026-01-22,25.67,94.1,Nagaland,17,6,16,5,1
Kohima,2026-01-23,25.67,94.1,Nagaland,17,6,16,5,1
Kohima,2026-01-24,25.67,94.1,Nagaland,17,7,16,5,1
Kohima,2026-01-25,25.67,94.1,Nagaland,17,7,16,5,1
Kohima,2026-01-26,25.67,94.1,Nagaland,18,7,17,5,1
Kohima,2026-01-27,25.67,94.1,Nagaland,17,7,17,5,0
Kohima,2026-01-28,25.67,94.1,Nagaland,17,7,17,5,0
Kohima,2026-01-29,25.67,94.1,Nagaland,17,7,17,5,0
Kohima,2026-01-30,25.67,94.1,Nagaland,18,7,17,5,1
Kohima,2026-01-31,25.67,94.1,Nagaland,17,7,,,
Kohima,2026-02-01,25.67,94.1,Nagaland,18,8,17,5,1
Kohima,2026-02-02,25.67,94.1,Nagaland,18,8,17,5,1
Kohima,2026-02-03,25.67,94.1,Nagaland,18,8,17,5,1
Kohima,2026-02-04,25.67,94.1,Nagaland,18,8,17,5,1
Kohima,2026-02-08,25.67,94.1,Nagaland,19,8,18,5,1
Kohima,2026-02-09,25.67,94.1,Nagaland,19,8,18,5,1
Kohima,2026-02-10,25.67,94.1,Nagaland,21,8,19,6,2
Kohima,2026-02-11,25.67,94.1,Nagaland,20,8,19,6,1
Kohima,2026-02-12,25.67,94.1,Nagaland,19,8,19,6,0
Kohima,2026-02-13,25.67,94.1,Nagaland,19,8,19,6,0
Kohima,2026-02-14,25.67,94.1,Nagaland,19,8,19,6,0
Kohima,2026-02-16,25.67,94.1,Nagaland,21,8,18,6,3
Kohima,2026-02-17,25.67,94.1,Nagaland,20,8,18,6,2
Kohima,2026-02-18,25.67,94.1,Nagaland,20,10,18,6,2
Kohima,2026-02-19,25.67,94.1,Nagaland,23,10,18,6,5
Kohima,2026-02-20,25.67,94.1,Nagaland,24,10,18,6,6
Kohima,2026-02-21,25.67,94.1,Nagaland,23,10,18,6,5
Kohima,2026-02-25,25.67,94.1,Nagaland,20,11,20,8,0
Kohima,2026-02-27,25.67,94.1,Nagaland,18,10,20,8,-2
Kohima,2026-02-28,25.67,94.1,Nagaland,19,10,20,8,-1
Kohima,2026-03-01,25.67,94.1,Nagaland,18,9,20,8,-2
Kohima,2026-03-02,25.67,94.1,Nagaland,20,9,21,9,-1
Kohima,2026-03-03,25.67,94.1,Nagaland,21,11,21,9,0
Kohima,2026-03-04,25.67,94.1,Nagaland,21,11,21,9,0
Kohima,2026-03-05,25.67,94.1,Nagaland,22,10,21,9,1
Kohima,2026-03-06,25.67,94.1,Nagaland,23,13,21,9,2
Kohima,2026-03-07,25.67,94.1,Nagaland,19,10,22,10,-3
Kohima,2026-03-08,25.67,94.1,Nagaland,21,11,22,10,-1
Kohima,2026-03-09,25.67,94.1,Nagaland,23,13,22,10,1
Kohima,2026-03-10,25.67,94.1,Nagaland,16,13,22,10,-6
Kohima,2026-03-11,25.67,94.1,Nagaland,20,13,22,10,-2
Kohima,2026-03-18,25.67,94.1,Nagaland,23,13,23,10,0
Kohima,2026-03-19,25.67,94.1,Nagaland,18,13,23,10,-5
Kohima,2026-03-22,25.67,94.1,Nagaland,16,12,25,11,-9
Kohima,2026-03-23,25.67,94.1,Nagaland,15,10,25,11,-10
Kohima,2026-03-24,25.67,94.1,Nagaland,17,10,25,11,-8
Kohima,2026-03-25,25.67,94.1,Nagaland,19,11,25,11,-6
Kohima,2026-03-26,25.67,94.1,Nagaland,19,12,25,11,-6
Kohima,2026-03-27,25.67,94.1,Nagaland,20,12,24,12,-4
Kohima,2026-03-28,25.67,94.1,Nagaland,18,10,24,12,-6
Kohima,2026-03-29,25.67,94.1,Nagaland,14,10,24,12,-10
Kohima,2026-03-30,25.67,94.1,Nagaland,22,10,24,12,-2
Kohima,2026-03-31,25.67,94.1,Nagaland,21,10,24,12,-3
Kohima,2026-04-01,25.67,94.1,Nagaland,18,13,24,12,-6
Kohima,2026-04-02,25.67,94.1,Nagaland,23,13,24,12,-1
Kohima,2026-04-03,25.67,94.1,Nagaland,22,16,24,12,-2
Kohima,2026-04-04,25.67,94.1,Nagaland,23,16,24,12,-1
Kohima,2026-04-05,25.67,94.1,Nagaland,23,16,24,12,-1
Kohima,2026-04-09,25.67,94.1,Nagaland,20,13,25,13,-5
Kohima,2026-04-10,25.67,94.1,Nagaland,15,11,25,13,-10
Kohima,2026-04-12,25.67,94.1,Nagaland,17,11,25,14,-8
Kohima,2026-04-13,25.67,94.1,Nagaland,22,13,25,14,-3
Bhubaneswar-airport,2025-05-07,20.27,85.83,Odisha,37,25,38,27,-1
Bhubaneswar-airport,2025-05-06,20.27,85.83,Odisha,38,25,38,25,0
Bhubaneswar-airport,2025-05-08,20.27,85.83,Odisha,38,27,38,27,0
Bhubaneswar-airport,2025-05-09,20.27,85.83,Odisha,39,26,38,27,1
Bhubaneswar-airport,2025-05-10,20.27,85.83,Odisha,40,26,38,27,2
Bhubaneswar-airport,2025-05-11,20.27,85.83,Odisha,41,27,38,27,3
Bhubaneswar-airport,2025-05-12,20.27,85.83,Odisha,40,28,38,27,2
Bhubaneswar-airport,2025-05-13,20.27,85.83,Odisha,37,27,38,27,-1
Bhubaneswar-airport,2025-05-14,20.27,85.83,Odisha,38,28,38,27,0
Bhubaneswar-airport,2025-05-15,20.27,85.83,Odisha,39,27,38,27,1
Bhubaneswar-airport,2025-05-16,20.27,85.83,Odisha,39,28,38,27,1
Bhubaneswar-airport,2025-05-17,20.27,85.83,Odisha,38,27,38,27,0
Bhubaneswar-airport,2025-05-18,20.27,85.83,Odisha,38,28,38,27,0
Bhubaneswar-airport,2025-05-19,20.27,85.83,Odisha,38,28,38,27,0
Bhubaneswar-airport,2025-05-20,20.27,85.83,Odisha,39,27,38,27,1
Bhubaneswar-airport,2025-05-21,20.27,85.83,Odisha,37,29,38,27,-1
Bhubaneswar-airport,2025-05-22,20.27,85.83,Odisha,33,25,38,27,-5
Bhubaneswar-airport,2025-05-23,20.27,85.83,Odisha,36,24,38,27,-2
Bhubaneswar-airport,2025-05-24,20.27,85.83,Odisha,34,27,38,27,-4
Bhubaneswar-airport,2025-05-26,20.27,85.83,Odisha,34,26,38,27,-4
Bhubaneswar-airport,2025-05-27,20.27,85.83,Odisha,32,27,38,27,-6
Bhubaneswar-airport,2025-05-28,20.27,85.83,Odisha,32,26,38,27,-6
Bhubaneswar-airport,2025-05-29,20.27,85.83,Odisha,34,26,38,27,-4
Bhubaneswar-airport,2025-05-30,20.27,85.83,Odisha,36,27,38,27,-2
Bhubaneswar-airport,2025-05-31,20.27,85.83,Odisha,36,26,38,27,-2
Bhubaneswar-airport,2025-06-01,20.27,85.83,Odisha,38,27,38,27,0
Bhubaneswar-airport,2025-06-02,20.27,85.83,Odisha,40,28,38,27,2
Bhubaneswar-airport,2025-06-03,20.27,85.83,Odisha,38,29,38,27,0
Bhubaneswar-airport,2025-06-04,20.27,85.83,Odisha,39,24,38,27,1
Bhubaneswar-airport,2025-06-05,20.27,85.83,Odisha,35,24,37,27,-2
Bhubaneswar-airport,2025-06-06,20.27,85.83,Odisha,37,25,37,27,0
Bhubaneswar-airport,2025-06-07,20.27,85.83,Odisha,37,24,37,27,0
Bhubaneswar-airport,2025-06-08,20.27,85.83,Odisha,38,25,37,27,1
Bhubaneswar-airport,2025-06-09,20.27,85.83,Odisha,37,29,37,27,0
Bhubaneswar-airport,2025-06-10,20.27,85.83,Odisha,34,27,36,26,-2
Bhubaneswar-airport,2025-06-11,20.27,85.83,Odisha,33,27,36,27,-3
Bhubaneswar-airport,2025-06-12,20.27,85.83,Odisha,31,26,36,27,-5
Bhubaneswar-airport,2025-06-13,20.27,85.83,Odisha,36,26,36,27,0
Bhubaneswar-airport,2025-06-14,20.27,85.83,Odisha,36,26,36,27,0
Bhubaneswar-airport,2025-06-15,20.27,85.83,Odisha,36,27,35,26,1
Bhubaneswar-airport,2025-06-16,20.27,85.83,Odisha,32,25,35,26,-3
Bhubaneswar-airport,2025-06-17,20.27,85.83,Odisha,30,25,35,26,-5
Bhubaneswar-airport,2025-06-18,20.27,85.83,Odisha,29,26,35,26,-6
Bhubaneswar-airport,2025-06-19,20.27,85.83,Odisha,32,26,35,26,-3
Bhubaneswar-airport,2025-06-20,20.27,85.83,Odisha,33,27,34,26,-1
Bhubaneswar-airport,2025-06-21,20.27,85.83,Odisha,36,27,34,26,2
Bhubaneswar-airport,2025-06-22,20.27,85.83,Odisha,35,26,34,26,1
Bhubaneswar-airport,2025-06-23,20.27,85.83,Odisha,31,25,34,26,-3
Bhubaneswar-airport,2025-06-24,20.27,85.83,Odisha,33,26,34,26,-1
Bhubaneswar-airport,2025-06-25,20.27,85.83,Odisha,31,26,33,26,-2
Bhubaneswar-airport,2025-06-26,20.27,85.83,Odisha,33,25,33,26,0
Bhubaneswar-airport,2025-06-27,20.27,85.83,Odisha,30,25,33,26,-3
Bhubaneswar-airport,2025-06-28,20.27,85.83,Odisha,29,26,33,26,-4
Bhubaneswar-airport,2025-06-29,20.27,85.83,Odisha,30,23,33,26,-3
Bhubaneswar-airport,2025-06-30,20.27,85.83,Odisha,30,25,33,26,-3
Bhubaneswar-airport,2025-07-01,20.27,85.83,Odisha,31,25,33,26,-2
Bhubaneswar-airport,2025-07-02,20.27,85.83,Odisha,32,25,33,26,-1
Bhubaneswar-airport,2025-07-03,20.27,85.83,Odisha,33,25,33,26,0
Bhubaneswar-airport,2025-07-04,20.27,85.83,Odisha,30,25,33,26,-3
Bhubaneswar-airport,2025-07-05,20.27,85.83,Odisha,31,25,33,26,-2
Bhubaneswar-airport,2025-07-06,20.27,85.83,Odisha,31,25,33,26,-2
Bhubaneswar-airport,2025-07-07,20.27,85.83,Odisha,30,25,33,26,-3
Bhubaneswar-airport,2025-07-08,20.27,85.83,Odisha,31,26,33,26,-2
Bhubaneswar-airport,2025-07-09,20.27,85.83,Odisha,31,26,33,26,-2
Bhubaneswar-airport,2025-07-10,20.27,85.83,Odisha,33,26,33,26,0
Bhubaneswar-airport,2025-07-11,20.27,85.83,Odisha,35,26,33,26,2
Bhubaneswar-airport,2025-07-12,20.27,85.83,Odisha,36,26,33,26,3
Bhubaneswar-airport,2025-07-13,20.27,85.83,Odisha,33,26,33,26,0
Bhubaneswar-airport,2025-07-14,20.27,85.83,Odisha,31,24,33,26,-2
Bhubaneswar-airport,2025-07-16,20.27,85.83,Odisha,33,24,32,26,1
Bhubaneswar-airport,2025-07-17,20.27,85.83,Odisha,34,27,32,26,2
Bhubaneswar-airport,2025-07-18,20.27,85.83,Odisha,35,27,32,26,3
Bhubaneswar-airport,2025-07-19,20.27,85.83,Odisha,34,27,32,26,2
Bhubaneswar-airport,2025-07-20,20.27,85.83,Odisha,35,25,32,26,3
Bhubaneswar-airport,2025-07-21,20.27,85.83,Odisha,35,26,32,26,3
Bhubaneswar-airport,2025-07-22,20.27,85.83,Odisha,34,26,32,26,2
Bhubaneswar-airport,2025-07-23,20.27,85.83,Odisha,36,26,32,26,4
Bhubaneswar-airport,2025-07-24,20.27,85.83,Odisha,30,25,32,26,-2
Bhubaneswar-airport,2025-07-25,20.27,85.83,Odisha,29,26,32,25,-3
Bhubaneswar-airport,2025-07-26,20.27,85.83,Odisha,32,26,32,25,0
Bhubaneswar-airport,2025-07-27,20.27,85.83,Odisha,34,26,32,25,2
Bhubaneswar-airport,2025-07-28,20.27,85.83,Odisha,32,25,32,25,0
Bhubaneswar-airport,2025-07-29,20.27,85.83,Odisha,31,27,32,25,-1
Bhubaneswar-airport,2025-07-30,20.27,85.83,Odisha,31,25,32,26,-1
Bhubaneswar-airport,2025-07-31,20.27,85.83,Odisha,33,26,32,26,1
Bhubaneswar-airport,2025-08-01,20.27,85.83,Odisha,35,26,32,26,3
Bhubaneswar-airport,2025-08-02,20.27,85.83,Odisha,36,26,32,26,4
Bhubaneswar-airport,2025-08-03,20.27,85.83,Odisha,34,25,32,26,2
Bhubaneswar-airport,2025-08-04,20.27,85.83,Odisha,34,27,32,25,2
Bhubaneswar-airport,2025-08-05,20.27,85.83,Odisha,35,27,32,25,3
Bhubaneswar-airport,2025-08-06,20.27,85.83,Odisha,33,27,32,25,1
Bhubaneswar-airport,2025-08-07,20.27,85.83,Odisha,34,26,32,25,2
Bhubaneswar-airport,2025-08-08,20.27,85.83,Odisha,30,25,32,25,-2
Bhubaneswar-airport,2025-08-09,20.27,85.83,Odisha,35,25,32,26,3
Bhubaneswar-airport,2025-08-10,20.27,85.83,Odisha,34,26,32,26,2
Bhubaneswar-airport,1900-02-05,20.27,85.83,Odisha,36,25,32,26,4
Bhubaneswar-airport,2025-08-12,20.27,85.83,Odisha,36,25,32,26,4
Bhubaneswar-airport,2025-08-13,20.27,85.83,Odisha,34,27,32,26,2
Bhubaneswar-airport,2025-08-14,20.27,85.83,Odisha,33,26,32,26,1
Bhubaneswar-airport,2025-08-15,20.27,85.83,Odisha,32,25,32,26,0
Bhubaneswar-airport,2025-08-16,20.27,85.83,Odisha,32,25,32,26,0
Bhubaneswar-airport,2025-08-17,20.27,85.83,Odisha,32,25,32,26,0
Bhubaneswar-airport,2025-08-18,20.27,85.83,Odisha,32,26,32,26,0
Bhubaneswar-airport,2025-08-19,20.27,85.83,Odisha,31,25,32,25,-1
Bhubaneswar-airport,2025-08-20,20.27,85.83,Odisha,33,25,32,25,1
Bhubaneswar-airport,2025-08-21,20.27,85.83,Odisha,30,26,32,25,-2
Bhubaneswar-airport,2025-08-22,20.27,85.83,Odisha,29,26,32,25,-3
Bhubaneswar-airport,2025-08-23,20.27,85.83,Odisha,32,25,32,25,0
Bhubaneswar-airport,2025-08-24,20.27,85.83,Odisha,30,26,32,25,-2
Bhubaneswar-airport,2025-08-25,20.27,85.83,Odisha,30,25,32,25,-2
Bhubaneswar-airport,2025-08-26,20.27,85.83,Odisha,32,25,32,25,0
Bhubaneswar-airport,2025-08-27,20.27,85.83,Odisha,30,25,32,25,-2
Bhubaneswar-airport,2025-08-28,20.27,85.83,Odisha,33,24,32,25,1
Bhubaneswar-airport,2025-08-29,20.27,85.83,Odisha,33,26,32,26,1
Bhubaneswar-airport,2025-08-30,20.27,85.83,Odisha,33,26,32,26,1
Bhubaneswar-airport,2025-08-31,20.27,85.83,Odisha,33,26,32,26,1
Bhubaneswar-airport,2025-09-01,20.27,85.83,Odisha,34,24,32,26,2
Bhubaneswar-airport,2025-09-02,20.27,85.83,Odisha,29,26,32,26,-3
Bhubaneswar-airport,2025-09-03,20.27,85.83,Odisha,29,25,32,25,-3
Bhubaneswar-airport,2025-09-04,20.27,85.83,Odisha,34,25,32,25,2
Bhubaneswar-airport,2025-09-05,20.27,85.83,Odisha,31,26,32,25,-1
Bhubaneswar-airport,2025-09-06,20.27,85.83,Odisha,34,26,32,25,2
Bhubaneswar-airport,2025-09-07,20.27,85.83,Odisha,33,25,32,25,1
Bhubaneswar-airport,2025-09-08,20.27,85.83,Odisha,35,25,33,25,2
Bhubaneswar-airport,2025-09-09,20.27,85.83,Odisha,36,25,33,25,3
Bhubaneswar-airport,2025-09-10,20.27,85.83,Odisha,36,26,33,25,3
Bhubaneswar-airport,2025-09-11,20.27,85.83,Odisha,36,26,33,25,3
Bhubaneswar-airport,2025-09-12,20.27,85.83,Odisha,34,26,33,25,1
Bhubaneswar-airport,2025-09-13,20.27,85.83,Odisha,32,26,33,25,-1
Bhubaneswar-airport,2025-09-14,20.27,85.83,Odisha,32,25,33,25,-1
Bhubaneswar-airport,2025-09-15,20.27,85.83,Odisha,32,26,33,25,-1
Bhubaneswar-airport,2025-09-16,20.27,85.83,Odisha,33,24,33,25,0
Bhubaneswar-airport,2025-09-17,20.27,85.83,Odisha,33,25,33,25,0
Bhubaneswar-airport,2025-09-18,20.27,85.83,Odisha,36,25,32,25,4
Bhubaneswar-airport,2025-09-19,20.27,85.83,Odisha,37,26,32,25,5
Bhubaneswar-airport,2025-09-20,20.27,85.83,Odisha,36,27,32,25,4
Bhubaneswar-airport,2025-09-21,20.27,85.83,Odisha,34,25,32,25,2
Bhubaneswar-airport,2025-09-22,20.27,85.83,Odisha,34,24,32,25,2
Bhubaneswar-airport,2025-09-23,20.27,85.83,Odisha,30,25,33,25,-3
Bhubaneswar-airport,2025-09-24,20.27,85.83,Odisha,33,25,33,25,0
Bhubaneswar-airport,2025-09-25,20.27,85.83,Odisha,34,25,33,25,1
Bhubaneswar-airport,2025-09-26,20.27,85.83,Odisha,28,25,33,25,-5
Bhubaneswar-airport,2025-09-27,20.27,85.83,Odisha,32,25,33,25,-1
Bhubaneswar-airport,2025-09-28,20.27,85.83,Odisha,34,26,33,25,1
Bhubaneswar-airport,2025-09-29,20.27,85.83,Odisha,34,26,33,25,1
Bhubaneswar-airport,2025-09-30,20.27,85.83,Odisha,35,25,33,25,2
Bhubaneswar-airport,2025-10-02,20.27,85.83,Odisha,30,25,33,25,-3
Bhubaneswar-airport,2025-10-03,20.27,85.83,Odisha,33,25,32,25,1
Bhubaneswar-airport,2025-10-04,20.27,85.83,Odisha,33,25,32,25,1
Bhubaneswar-airport,2025-10-05,20.27,85.83,Odisha,30,26,32,25,-2
Bhubaneswar-airport,2025-10-11,20.27,85.83,Odisha,33,23,32,24,1
Bhubaneswar-airport,2025-10-12,20.27,85.83,Odisha,33,24,32,24,1
Bhubaneswar-airport,2025-10-13,20.27,85.83,Odisha,33,24,32,24,1
Bhubaneswar-airport,2025-10-14,20.27,85.83,Odisha,33,24,32,24,1
Bhubaneswar-airport,2025-10-15,20.27,85.83,Odisha,33,23,32,24,1
Bhubaneswar-airport,2025-10-16,20.27,85.83,Odisha,33,23,32,24,1
Bhubaneswar-airport,2025-10-17,20.27,85.83,Odisha,34,22,32,24,2
Bhubaneswar-airport,2025-10-20,20.27,85.83,Odisha,33,25,32,23,1
Bhubaneswar-airport,2025-10-21,20.27,85.83,Odisha,34,24,32,23,2
Bhubaneswar-airport,2025-10-25,20.27,85.83,Odisha,34,25,32,22,2
Bhubaneswar-airport,2025-10-26,20.27,85.83,Odisha,34,24,32,22,2
Bhubaneswar-airport,2025-10-27,20.27,85.83,Odisha,34,25,32,22,2
Bhubaneswar-airport,2025-10-28,20.27,85.83,Odisha,29,24,31,22,-2
Bhubaneswar-airport,2025-10-29,20.27,85.83,Odisha,30,25,31,22,-1
Bhubaneswar-airport,2025-10-30,20.27,85.83,Odisha,31,24,31,22,0
Bhubaneswar-airport,2025-10-31,20.27,85.83,Odisha,33,24,31,22,2
Bhubaneswar-airport,2025-11-01,20.27,85.83,Odisha,33,25,31,22,2
Bhubaneswar-airport,2025-11-02,20.27,85.83,Odisha,33,24,31,21,2
Bhubaneswar-airport,2025-11-03,20.27,85.83,Odisha,32,23,31,21,1
Bhubaneswar-airport,2025-11-04,20.27,85.83,Odisha,32,21,31,21,1
Bhubaneswar-airport,2025-11-05,20.27,85.83,Odisha,32,17,31,21,1
Bhubaneswar-airport,2025-11-06,20.27,85.83,Odisha,33,19,31,21,2
Bhubaneswar-airport,2026-01-07,20.27,85.83,Odisha,26,10,28,15,-2
Bhubaneswar-airport,2026-01-08,20.27,85.83,Odisha,28,9,28,15,0
Bhubaneswar-airport,2026-01-09,20.27,85.83,Odisha,27,9,28,15,-1
Bhubaneswar-airport,2026-01-10,20.27,85.83,Odisha,27,9,28,15,-1
Bhubaneswar-airport,2026-01-11,20.27,85.83,Odisha,27,15,29,15,-2
Bhubaneswar-airport,2026-01-12,20.27,85.83,Odisha,28,12,29,15,-1
Bhubaneswar-airport,2026-01-13,20.27,85.83,Odisha,28,12,29,15,-1
Bhubaneswar-airport,2026-01-14,20.27,85.83,Odisha,28,12,29,15,-1
Bhubaneswar-airport,2026-01-15,20.27,85.83,Odisha,28,11,29,15,-1
Bhubaneswar-airport,2026-01-16,20.27,85.83,Odisha,28,10,29,15,-1
Bhubaneswar-airport,2026-01-17,20.27,85.83,Odisha,29,10,29,15,0
Bhubaneswar-airport,2026-01-18,20.27,85.83,Odisha,30,10,29,15,1
Bhubaneswar-airport,2026-01-19,20.27,85.83,Odisha,31,11,29,15,2
Bhubaneswar-airport,2026-01-20,20.27,85.83,Odisha,31,12,29,15,2
Bhubaneswar-airport,2026-01-21,20.27,85.83,Odisha,32,13,29,16,3
Bhubaneswar-airport,2026-01-22,20.27,85.83,Odisha,30,14,29,16,1
Bhubaneswar-airport,2026-01-23,20.27,85.83,Odisha,30,13,29,16,1
Bhubaneswar-airport,2026-01-24,20.27,85.83,Odisha,30,14,29,16,1
Bhubaneswar-airport,2026-01-25,20.27,85.83,Odisha,32,13,29,16,3
Bhubaneswar-airport,2026-01-26,20.27,85.83,Odisha,31,14,29,16,2
Bhubaneswar-airport,2026-01-27,20.27,85.83,Odisha,31,14,29,16,2
Bhubaneswar-airport,2026-01-28,20.27,85.83,Odisha,31,16,29,16,2
Bhubaneswar-airport,2026-01-29,20.27,85.83,Odisha,31,16,29,16,2
Bhubaneswar-airport,2026-01-30,20.27,85.83,Odisha,30,17,29,16,1
Bhubaneswar-airport,2026-01-31,20.27,85.83,Odisha,29,16,,,
Bhubaneswar-airport,2026-02-01,20.27,85.83,Odisha,29,18,30,16,-1
Bhubaneswar-airport,2026-02-02,20.27,85.83,Odisha,30,15,30,16,0
Bhubaneswar-airport,2026-02-03,20.27,85.83,Odisha,31,15,30,16,1
Bhubaneswar-airport,2026-02-04,20.27,85.83,Odisha,29,15,30,16,-1
Bhubaneswar-airport,2026-02-08,20.27,85.83,Odisha,31,16,31,17,0
Bhubaneswar-airport,2026-02-09,20.27,85.83,Odisha,31,14,31,17,0
Bhubaneswar-airport,2026-02-10,20.27,85.83,Odisha,32,15,31,17,1
Bhubaneswar-airport,2026-02-11,20.27,85.83,Odisha,32,16,31,17,1
Bhubaneswar-airport,2026-02-12,20.27,85.83,Odisha,33,16,31,17,2
Bhubaneswar-airport,2026-02-13,20.27,85.83,Odisha,32,16,31,17,1
Bhubaneswar-airport,2026-02-14,20.27,85.83,Odisha,33,15,31,17,2
Bhubaneswar-airport,2026-02-15,20.27,85.83,Odisha,33,17,33,19,0
Bhubaneswar-airport,2026-02-16,20.27,85.83,Odisha,32,22,33,19,-1
Bhubaneswar-airport,2026-02-17,20.27,85.83,Odisha,33,18,33,19,0
Bhubaneswar-airport,2026-02-18,20.27,85.83,Odisha,33,16,33,19,0
Bhubaneswar-airport,2026-02-19,20.27,85.83,Odisha,33,15,33,19,0
Bhubaneswar-airport,2026-02-20,20.27,85.83,Odisha,35,16,34,19,1
Bhubaneswar-airport,2026-02-21,20.27,85.83,Odisha,35,17,34,19,1
Bhubaneswar-airport,2026-02-25,20.27,85.83,Odisha,33,18,34,20,-1
Bhubaneswar-airport,2026-02-26,20.27,85.83,Odisha,33,21,34,20,-1
Bhubaneswar-airport,2026-02-27,20.27,85.83,Odisha,34,20,34,20,0
Bhubaneswar-airport,2026-02-28,20.27,85.83,Odisha,35,17,34,20,1
Bhubaneswar-airport,2026-03-01,20.27,85.83,Odisha,36,23,34,20,2
Bhubaneswar-airport,2026-03-02,20.27,85.83,Odisha,37,22,35,21,2
Bhubaneswar-airport,2026-03-03,20.27,85.83,Odisha,36,20,35,21,1
Bhubaneswar-airport,2026-03-04,20.27,85.83,Odisha,36,19,35,21,1
Bhubaneswar-airport,2026-03-05,20.27,85.83,Odisha,36,21,35,21,1
Bhubaneswar-airport,2026-03-06,20.27,85.83,Odisha,34,23,35,21,-1
Bhubaneswar-airport,2026-03-07,20.27,85.83,Odisha,33,24,35,21,-2
Bhubaneswar-airport,2026-03-08,20.27,85.83,Odisha,33,23,35,21,-2
Bhubaneswar-airport,2026-03-09,20.27,85.83,Odisha,33,23,35,21,-2
Bhubaneswar-airport,2026-03-10,20.27,85.83,Odisha,33,23,35,21,-2
Bhubaneswar-airport,2026-03-11,20.27,85.83,Odisha,35,23,35,21,0
Bhubaneswar-airport,2026-03-12,20.27,85.83,Odisha,38,23,35,22,3
Bhubaneswar-airport,2026-03-13,20.27,85.83,Odisha,34,24,35,22,-1
Bhubaneswar-airport,2026-03-14,20.27,85.83,Odisha,33,25,35,22,-2
Bhubaneswar-airport,2026-03-15,20.27,85.83,Odisha,32,25,35,22,-3
Bhubaneswar-airport,2026-03-16,20.27,85.83,Odisha,33,22,35,22,-2
Bhubaneswar-airport,2026-03-17,20.27,85.83,Odisha,32,22,36,22,-4
Bhubaneswar-airport,2026-03-18,20.27,85.83,Odisha,34,23,36,22,-2
Bhubaneswar-airport,2026-03-19,20.27,85.83,Odisha,35,22,36,22,-1
Bhubaneswar-airport,2026-03-20,20.27,85.83,Odisha,35,23,36,22,-1
Bhubaneswar-airport,2026-03-21,20.27,85.83,Odisha,33,21,36,22,-3
Bhubaneswar-airport,2026-03-22,20.27,85.83,Odisha,33,22,36,24,-3
Bhubaneswar-airport,2026-03-23,20.27,85.83,Odisha,35,21,36,24,-1
Bhubaneswar-airport,2026-03-24,20.27,85.83,Odisha,35,23,36,24,-1
Bhubaneswar-airport,2026-03-25,20.27,85.83,Odisha,35,24,36,24,-1
Bhubaneswar-airport,2026-03-26,20.27,85.83,Odisha,37,23,36,24,1
Bhubaneswar-airport,2026-03-27,20.27,85.83,Odisha,37,22,36,24,1
Bhubaneswar-airport,2026-03-28,20.27,85.83,Odisha,35,21,36,24,-1
Bhubaneswar-airport,2026-03-29,20.27,85.83,Odisha,35,26,36,24,-1
Bhubaneswar-airport,2026-03-30,20.27,85.83,Odisha,34,26,36,24,-2
Bhubaneswar-airport,2026-03-31,20.27,85.83,Odisha,34,25,36,24,-2
Bhubaneswar-airport,2026-04-01,20.27,85.83,Odisha,37,23,36,24,1
Bhubaneswar-airport,2026-04-02,20.27,85.83,Odisha,36,24,36,24,0
Bhubaneswar-airport,2026-04-03,20.27,85.83,Odisha,38,25,36,24,2
Bhubaneswar-airport,2026-04-04,20.27,85.83,Odisha,38,25,36,24,2
Bhubaneswar-airport,2026-04-05,20.27,85.83,Odisha,36,26,36,24,0
Bhubaneswar-airport,2026-04-06,20.27,85.83,Odisha,34,22,37,25,-3
Bhubaneswar-airport,2026-04-07,20.27,85.83,Odisha,34,22,37,25,-3
Bhubaneswar-airport,2026-04-08,20.27,85.83,Odisha,34,22,37,25,-3
Bhubaneswar-airport,2026-04-09,20.27,85.83,Odisha,34,22,37,25,-3
Bhubaneswar-airport,2026-04-10,20.27,85.83,Odisha,35,24,37,25,-2
Bhubaneswar-airport,2026-04-11,20.27,85.83,Odisha,37,26,37,25,0
Bhubaneswar-airport,2026-04-12,20.27,85.83,Odisha,37,26,37,25,0
Bhubaneswar-airport,2026-04-13,20.27,85.83,Odisha,35,26,37,25,-2
Bhubaneswar-airport,2026-04-14,20.27,85.83,Odisha,37,26,37,25,0
Bhubaneswar-airport,2026-04-16,20.27,85.83,Odisha,35,27,37,25,-2
Bhubaneswar-airport,2026-04-17,20.27,85.83,Odisha,35,26,37,25,-2
Bhubaneswar-airport,2026-04-18,20.27,85.83,Odisha,36,28,37,25,-1
Bhubaneswar-airport,2026-04-19,20.27,85.83,Odisha,36,27,37,25,-1
Bhubaneswar-airport,2026-04-20,20.27,85.83,Odisha,35,25,37,25,-2
Bhubaneswar-airport,2026-04-21,20.27,85.83,Odisha,37,26,38,25,-1
Bhubaneswar-airport,2026-04-22,20.27,85.83,Odisha,41,26,38,25,3
Bhubaneswar-airport,2026-04-23,20.27,85.83,Odisha,42,26,38,25,4
Bhubaneswar-airport,2026-04-24,20.27,85.83,Odisha,39,26,38,25,1
Bhubaneswar-airport,2026-04-25,20.27,85.83,Odisha,36,27,38,25,-2
Bhubaneswar-airport,2026-04-26,20.27,85.83,Odisha,35,26,37,25,-2
Bhubaneswar-airport,2026-04-27,20.27,85.83,Odisha,38,27,37,25,1
Bhubaneswar-airport,2026-04-28,20.27,85.83,Odisha,34,27,37,25,-3
Bhubaneswar-airport,2026-04-29,20.27,85.83,Odisha,38,25,37,25,1
Bhubaneswar-airport,2026-04-30,20.27,85.83,Odisha,37,24,37,25,0
Bhubaneswar-airport,2026-05-03,20.27,85.83,Odisha,30,23,37,26,-7
Bhubaneswar-airport,2026-05-04,20.27,85.83,Odisha,35,23,37,26,-2
Bhubaneswar-airport,2026-05-05,20.27,85.83,Odisha,34,23,37,26,-3
Bhubaneswar-airport,2026-05-06,20.27,85.83,Odisha,36,22,37,26,-1
Bhubaneswar-airport,2026-05-07,20.27,85.83,Odisha,36,26,37,26,-1
Bhubaneswar-airport,2026-05-08,20.27,85.83,Odisha,37,25,37,26,0
Bhubaneswar-airport,2026-05-11,20.27,85.83,Odisha,36,24,37,26,-1
Bhubaneswar-airport,2026-05-12,20.27,85.83,Odisha,37,25,37,26,0
Bhubaneswar-airport,2026-05-13,20.27,85.83,Odisha,37,25,37,26,0
Bhubaneswar-airport,2026-05-14,20.27,85.83,Odisha,37,22,37,26,0
Bhubaneswar-airport,2026-05-16,20.27,85.83,Odisha,37,27,38,26,-1
Bhubaneswar-airport,2026-05-17,20.27,85.83,Odisha,37,27,38,26,-1
Bhubaneswar-airport,2026-05-19,20.27,85.83,Odisha,40,29,38,26,2
Bhubaneswar-airport,2026-05-20,20.27,85.83,Odisha,36,28,38,26,-2
Bhubaneswar-airport,2026-05-21,20.27,85.83,Odisha,42,28,37,26,5
Bhubaneswar-airport,2026-05-22,20.27,85.83,Odisha,37,29,37,26,0
Bhubaneswar-airport,2026-05-23,20.27,85.83,Odisha,39,29,37,26,2
Bhubaneswar-airport,2026-05-24,20.27,85.83,Odisha,38,29,37,26,1
Bhubaneswar-airport,2026-05-25,20.27,85.83,Odisha,38,29,37,26,1
Bhubaneswar-airport,2026-05-26,20.27,85.83,Odisha,39,29,37,27,2
Bhubaneswar-airport,2026-05-27,20.27,85.83,Odisha,37,29,37,27,0
Bhubaneswar-airport,2026-05-28,20.27,85.83,Odisha,37,22,37,27,0
Bhubaneswar-airport,2026-05-29,20.27,85.83,Odisha,37,28,37,27,0
Bhubaneswar-airport,2026-05-31,20.27,85.83,Odisha,37,26,37,27,0
Bhubaneswar-airport,2026-06-01,20.27,85.83,Odisha,38,27,37,27,1
Bhubaneswar-airport,2026-06-02,20.27,85.83,Odisha,38,28,37,27,1
Bhubaneswar-airport,2026-06-03,20.27,85.83,Odisha,39,27,37,27,2
Bhubaneswar-airport,2026-06-04,20.27,85.83,Odisha,39,26,37,27,2
Bhubaneswar-airport,2026-06-05,20.27,85.83,Odisha,41,29,36,26,5
Bhubaneswar-airport,2026-06-06,20.27,85.83,Odisha,40,29,36,26,4
Bhubaneswar-airport,2026-06-07,20.27,85.83,Odisha,39,26,36,26,3
Bhubaneswar-airport,2026-06-08,20.27,85.83,Odisha,40,26,36,26,4
Bhubaneswar-airport,2026-06-09,20.27,85.83,Odisha,38,24,36,26,2
Bhubaneswar-airport,2026-06-10,20.27,85.83,Odisha,38,28,36,26,2
Bhubaneswar-airport,2026-06-11,20.27,85.83,Odisha,39,29,36,26,3
Bhubaneswar-airport,2026-06-15,20.27,85.83,Odisha,37,25,34,26,3
Bhubaneswar-airport,2026-06-16,20.27,85.83,Odisha,39,27,34,26,5
Bhubaneswar-airport,2026-06-18,20.27,85.83,Odisha,38,26,34,26,4
Bhubaneswar-airport,2026-06-19,20.27,85.83,Odisha,35,28,34,26,1
Bhubaneswar-airport,2026-06-21,20.27,85.83,Odisha,37,26,33,26,4
Bhubaneswar-airport,2026-06-22,20.27,85.83,Odisha,31,26,33,26,-2
Bhubaneswar-airport,2026-06-23,20.27,85.83,Odisha,32,25,33,26,-1
Bhubaneswar-airport,2026-06-24,20.27,85.83,Odisha,37,27,33,26,4
Bhubaneswar-airport,2026-06-25,20.27,85.83,Odisha,37,26,33,26,4
Bhubaneswar-airport,2026-06-27,20.27,85.83,Odisha,36,27,33,26,3
Bhubaneswar-airport,2026-06-28,20.27,85.83,Odisha,38,27,33,26,5
Bhubaneswar-airport,2026-06-30,20.27,85.83,Odisha,28,25,32,25,-4
Bhubaneswar-airport,2026-07-01,20.27,85.83,Odisha,29,23,32,25,-3
Bhubaneswar-airport,2026-07-02,20.27,85.83,Odisha,31,25,32,25,-1
Bhubaneswar-airport,2026-07-03,20.27,85.83,Odisha,30,25,32,25,-2
Bhubaneswar-airport,2026-07-05,20.27,85.83,Odisha,28,24,33,25,-5
Bhubaneswar-airport,2026-07-06,20.27,85.83,Odisha,32,24,33,25,-1
Bhubaneswar-airport,2026-07-07,20.27,85.83,Odisha,33,26,33,25,0
Bhubaneswar-airport,2026-07-08,20.27,85.83,Odisha,34,27,33,25,1
Bhubaneswar-airport,2026-07-09,20.27,85.83,Odisha,31,27,33,25,-2
Bhubaneswar-airport,2026-07-10,20.27,85.83,Odisha,34,27,32,25,2
Bhubaneswar-airport,2026-07-11,20.27,85.83,Odisha,35,23,32,25,3
Bhubaneswar-airport,2026-07-12,20.27,85.83,Odisha,36,27,32,25,4
Bhubaneswar-airport,2026-07-13,20.27,85.83,Odisha,36,28,32,25,4
Bhubaneswar-airport,2026-07-14,20.27,85.83,Odisha,29,26,32,25,-3
Bhubaneswar-airport,2026-07-15,20.27,85.83,Odisha,30,24,32,25,-2
Bhubaneswar-airport,2026-07-16,20.27,85.83,Odisha,26,24,32,25,-6
Bhubaneswar-airport,2026-07-19,20.27,85.83,Odisha,34,26,32,25,2
Bhubaneswar-airport,2026-07-20,20.27,85.83,Odisha,33,26,32,25,1
Bhubaneswar-airport,2026-07-22,20.27,85.83,Odisha,32,24,32,25,0
Bhubaneswar-airport,2026-07-23,20.27,85.83,Odisha,32,26,32,25,0
Bhubaneswar-airport,2026-07-24,20.27,85.83,Odisha,33,26,32,25,1
Bhubaneswar-airport,2026-07-25,20.27,85.83,Odisha,28,24,31,25,-3
Bhubaneswar-airport,2026-07-26,20.27,85.83,Odisha,30,24,31,25,-1
Bhubaneswar-airport,2026-07-27,20.27,85.83,Odisha,32,24,31,25,1
Puducherry,2025-05-07,11.93,79.83,Puducherry,33,23,,,
Puducherry,2025-05-06,11.93,79.83,Puducherry,35,27,,,
Puducherry,2025-05-08,11.93,79.83,Puducherry,35,26,,,
Puducherry,2025-05-09,11.93,79.83,Puducherry,35,27,,,
Puducherry,2025-05-10,11.93,79.83,Puducherry,36,28,,,
Puducherry,2025-05-11,11.93,79.83,Puducherry,38,28,,,
Puducherry,2025-05-12,11.93,79.83,Puducherry,39,28,,,
Puducherry,2025-05-13,11.93,79.83,Puducherry,37,28,,,
Puducherry,2025-05-14,11.93,79.83,Puducherry,36,27,,,
Puducherry,2025-05-15,11.93,79.83,Puducherry,36,26,,,
Puducherry,2025-05-16,11.93,79.83,Puducherry,37,28,,,
Puducherry,2025-05-17,11.93,79.83,Puducherry,34,23,,,
Puducherry,2025-05-18,11.93,79.83,Puducherry,34,23,,,
Puducherry,2025-05-19,11.93,79.83,Puducherry,31,25,,,
Puducherry,2025-05-20,11.93,79.83,Puducherry,33,27,,,
Puducherry,2025-05-21,11.93,79.83,Puducherry,35,25,,,
Puducherry,2025-05-22,11.93,79.83,Puducherry,36,26,,,
Puducherry,2025-05-23,11.93,79.83,Puducherry,37,27,,,
Puducherry,2025-05-24,11.93,79.83,Puducherry,32,25,,,
Puducherry,2025-05-25,11.93,79.83,Puducherry,34,27,,,
Puducherry,2025-05-27,11.93,79.83,Puducherry,34,26,,,
Puducherry,2025-05-28,11.93,79.83,Puducherry,36,27,,,
Puducherry,2025-05-29,11.93,79.83,Puducherry,35,27,,,
Puducherry,2025-05-31,11.93,79.83,Puducherry,37,26,,,
Puducherry,2025-06-01,11.93,79.83,Puducherry,39,27,,,
Puducherry,2025-06-02,11.93,79.83,Puducherry,38,28,,,
Puducherry,2025-06-04,11.93,79.83,Puducherry,37,25,,,
Puducherry,2025-06-05,11.93,79.83,Puducherry,38,26,,,
Puducherry,2025-06-07,11.93,79.83,Puducherry,38,28,,,
Puducherry,2025-06-08,11.93,79.83,Puducherry,40,28,,,
Puducherry,2025-06-09,11.93,79.83,Puducherry,38,25,,,
Puducherry,2025-06-11,11.93,79.83,Puducherry,33,24,,,
Puducherry,2025-06-12,11.93,79.83,Puducherry,34,24,,,
Puducherry,2025-06-13,11.93,79.83,Puducherry,36,26,,,
Puducherry,2025-06-14,11.93,79.83,Puducherry,35,27,,,
Puducherry,2025-06-15,11.93,79.83,Puducherry,35,26,,,
Puducherry,2025-06-16,11.93,79.83,Puducherry,35,26,,,
Puducherry,2025-06-17,11.93,79.83,Puducherry,37,27,,,
Puducherry,2025-06-18,11.93,79.83,Puducherry,37,27,,,
Puducherry,2025-06-19,11.93,79.83,Puducherry,37,27,,,
Puducherry,2025-06-21,11.93,79.83,Puducherry,36,28,,,
Puducherry,2025-06-22,11.93,79.83,Puducherry,36,28,,,
Puducherry,2025-06-23,11.93,79.83,Puducherry,33,24,,,
Puducherry,2025-06-24,11.93,79.83,Puducherry,36,26,,,
Puducherry,2025-06-26,11.93,79.83,Puducherry,36,27,,,
Puducherry,2025-06-27,11.93,79.83,Puducherry,37,27,,,
Puducherry,2025-06-28,11.93,79.83,Puducherry,38,27,,,
Puducherry,2025-06-30,11.93,79.83,Puducherry,35,27,,,
Puducherry,2025-07-01,11.93,79.83,Puducherry,36,27,,,
Puducherry,2025-07-02,11.93,79.83,Puducherry,34,27,,,
Puducherry,2025-07-05,11.93,79.83,Puducherry,38,27,,,
Puducherry,2025-07-06,11.93,79.83,Puducherry,38,27,,,
Puducherry,2025-07-07,11.93,79.83,Puducherry,36,28,,,
Puducherry,2025-07-08,11.93,79.83,Puducherry,38,27,,,
Puducherry,2025-07-09,11.93,79.83,Puducherry,38,28,,,
Puducherry,2025-07-10,11.93,79.83,Puducherry,38,28,,,
Puducherry,2025-07-11,11.93,79.83,Puducherry,28,28,,,
Puducherry,2025-07-12,11.93,79.83,Puducherry,38,28,,,
Puducherry,2025-07-13,11.93,79.83,Puducherry,38,28,,,
Puducherry,2025-07-14,11.93,79.83,Puducherry,38,27,,,
Puducherry,2025-07-15,11.93,79.83,Puducherry,38,28,,,
Puducherry,2025-07-16,11.93,79.83,Puducherry,39,28,,,
Puducherry,2025-07-17,11.93,79.83,Puducherry,35,27,,,
Puducherry,2025-07-18,11.93,79.83,Puducherry,35,24,,,
Puducherry,2025-07-19,11.93,79.83,Puducherry,34,25,,,
Puducherry,2025-07-20,11.93,79.83,Puducherry,33,28,,,
Puducherry,2025-07-21,11.93,79.83,Puducherry,34,27,,,
Puducherry,2025-07-22,11.93,79.83,Puducherry,35,23,,,
Puducherry,2025-07-24,11.93,79.83,Puducherry,34,26,,,
Puducherry,2025-07-25,11.93,79.83,Puducherry,33,26,,,
Puducherry,2025-07-26,11.93,79.83,Puducherry,35,26,,,
Puducherry,2025-07-28,11.93,79.83,Puducherry,26,26,,,
Puducherry,2025-07-29,11.93,79.83,Puducherry,37,27,,,
Puducherry,2025-07-30,11.93,79.83,Puducherry,38,27,,,
Puducherry,2025-07-31,11.93,79.83,Puducherry,37,27,,,
Puducherry,2025-08-01,11.93,79.83,Puducherry,37,27,,,
Puducherry,2025-08-02,11.93,79.83,Puducherry,35,23,,,
Puducherry,2025-08-03,11.93,79.83,Puducherry,33,25,,,
Puducherry,2025-08-04,11.93,79.83,Puducherry,33,22,,,
Puducherry,2025-08-05,11.93,79.83,Puducherry,31,23,,,
Puducherry,2025-08-06,11.93,79.83,Puducherry,34,25,,,
Puducherry,2025-08-07,11.93,79.83,Puducherry,33,26,,,
Puducherry,2025-08-08,11.93,79.83,Puducherry,31,25,,,
Puducherry,2025-08-09,11.93,79.83,Puducherry,31,25,,,
Puducherry,2025-08-10,11.93,79.83,Puducherry,32,25,,,
Puducherry,2025-08-11,11.93,79.83,Puducherry,31,24,,,
Puducherry,2025-08-12,11.93,79.83,Puducherry,30,25,,,
Puducherry,2025-08-13,11.93,79.83,Puducherry,31,25,,,
Puducherry,2025-08-14,11.93,79.83,Puducherry,34,25,,,
Puducherry,2025-08-15,11.93,79.83,Puducherry,34,25,,,
Puducherry,2025-08-16,11.93,79.83,Puducherry,32,26,,,
Puducherry,2025-08-17,11.93,79.83,Puducherry,32,26,,,
Puducherry,2025-08-18,11.93,79.83,Puducherry,31,24,,,
Puducherry,2025-08-20,11.93,79.83,Puducherry,36,25,,,
Puducherry,2025-08-21,11.93,79.83,Puducherry,35,26,,,
Puducherry,2025-08-22,11.93,79.83,Puducherry,31,26,,,
Puducherry,2025-08-23,11.93,79.83,Puducherry,31,24,,,
Puducherry,2025-08-24,11.93,79.83,Puducherry,36,25,,,
Puducherry,2025-08-25,11.93,79.83,Puducherry,37,25,,,
Puducherry,2025-08-26,11.93,79.83,Puducherry,36,26,,,
Puducherry,2025-08-27,11.93,79.83,Puducherry,34,27,,,
Puducherry,2025-08-28,11.93,79.83,Puducherry,35,28,,,
Puducherry,2025-08-29,11.93,79.83,Puducherry,37,26,,,
Puducherry,2025-08-30,11.93,79.83,Puducherry,36,26,,,
Puducherry,2025-08-31,11.93,79.83,Puducherry,34,26,,,
Puducherry,2025-09-01,11.93,79.83,Puducherry,31,24,,,
Puducherry,2025-09-02,11.93,79.83,Puducherry,35,25,,,
Puducherry,2025-09-03,11.93,79.83,Puducherry,33,27,,,
Puducherry,2025-09-04,11.93,79.83,Puducherry,35,26,,,
Puducherry,2025-09-05,11.93,79.83,Puducherry,35,26,,,
Puducherry,2025-09-06,11.93,79.83,Puducherry,36,26,,,
Puducherry,2025-09-07,11.93,79.83,Puducherry,36,25,,,
Puducherry,2025-09-08,11.93,79.83,Puducherry,35,23,,,
Puducherry,2025-09-09,11.93,79.83,Puducherry,34,26,,,
Puducherry,2025-09-10,11.93,79.83,Puducherry,35,26,,,
Puducherry,2025-09-11,11.93,79.83,Puducherry,33,24,,,
Puducherry,2025-09-12,11.93,79.83,Puducherry,34,23,,,
Puducherry,2025-09-13,11.93,79.83,Puducherry,30,22,,,
Puducherry,2025-09-14,11.93,79.83,Puducherry,34,25,,,
Puducherry,2025-09-15,11.93,79.83,Puducherry,35,26,,,
Puducherry,2025-09-16,11.93,79.83,Puducherry,31,25,,,
Puducherry,2025-09-17,11.93,79.83,Puducherry,33,25,,,
Puducherry,2025-09-18,11.93,79.83,Puducherry,35,24,,,
Puducherry,2025-09-19,11.93,79.83,Puducherry,30,23,,,
Puducherry,2025-09-20,11.93,79.83,Puducherry,33,25,,,
Puducherry,2025-09-21,11.93,79.83,Puducherry,34,25,,,
Puducherry,2025-09-22,11.93,79.83,Puducherry,32,22,,,
Puducherry,2025-09-23,11.93,79.83,Puducherry,33,24,,,
Puducherry,2025-09-24,11.93,79.83,Puducherry,34,26,,,
Puducherry,2025-09-25,11.93,79.83,Puducherry,35,26,,,
Puducherry,2025-09-26,11.93,79.83,Puducherry,34,23,,,
Puducherry,2025-09-27,11.93,79.83,Puducherry,36,26,,,
Puducherry,2025-09-28,11.93,79.83,Puducherry,35,24,,,
Puducherry,2025-09-29,11.93,79.83,Puducherry,33,26,,,
Puducherry,2025-10-01,11.93,79.83,Puducherry,32,26,,,
Puducherry,2025-10-02,11.93,79.83,Puducherry,32,25,,,
Puducherry,2025-10-03,11.93,79.83,Puducherry,31,26,,,
Puducherry,2025-10-04,11.93,79.83,Puducherry,30,22,,,
Puducherry,2025-10-05,11.93,79.83,Puducherry,35,25,,,
Puducherry,2025-10-06,11.93,79.83,Puducherry,34,24,,,
Puducherry,2025-10-07,11.93,79.83,Puducherry,34,25,,,
Puducherry,2025-10-08,11.93,79.83,Puducherry,33,26,,,
Puducherry,2025-10-10,11.93,79.83,Puducherry,32,23,,,
Puducherry,2025-10-11,11.93,79.83,Puducherry,33,25,,,
Puducherry,2025-10-12,11.93,79.83,Puducherry,33,23,,,
Puducherry,2025-10-13,11.93,79.83,Puducherry,31,24,,,
Puducherry,2025-10-15,11.93,79.83,Puducherry,30,24,,,
Puducherry,2025-10-16,11.93,79.83,Puducherry,31,24,,,
Puducherry,2025-10-17,11.93,79.83,Puducherry,30,24,,,
Puducherry,2025-10-18,11.93,79.83,Puducherry,30,24,,,
Puducherry,2025-10-19,11.93,79.83,Puducherry,31,24,,,
Puducherry,2025-10-20,11.93,79.83,Puducherry,29,24,,,
Puducherry,2025-10-21,11.93,79.83,Puducherry,26,24,,,
Puducherry,2025-10-22,11.93,79.83,Puducherry,32,24,,,
Puducherry,2025-10-23,11.93,79.83,Puducherry,32,25,,,
Puducherry,2025-10-24,11.93,79.83,Puducherry,28,25,,,
Puducherry,2025-10-25,11.93,79.83,Puducherry,32,25,,,
Puducherry,2025-10-26,11.93,79.83,Puducherry,31,25,,,
Puducherry,2025-10-29,11.93,79.83,Puducherry,34,24,,,
Puducherry,2025-10-30,11.93,79.83,Puducherry,34,26,,,
Puducherry,2025-10-31,11.93,79.83,Puducherry,34,26,,,
Puducherry,2025-11-01,11.93,79.83,Puducherry,34,26,,,
Puducherry,2025-11-02,11.93,79.83,Puducherry,35,26,,,
Puducherry,2025-11-03,11.93,79.83,Puducherry,33,26,,,
Puducherry,2025-11-04,11.93,79.83,Puducherry,32,27,,,
Puducherry,2025-11-05,11.93,79.83,Puducherry,33,27,,,
Puducherry,2025-11-06,11.93,79.83,Puducherry,29,24,,,
Puducherry,2026-01-06,11.93,79.83,Puducherry,28,21,,,
Puducherry,2026-01-07,11.93,79.83,Puducherry,29,21,,,
Puducherry,2026-01-08,11.93,79.83,Puducherry,28,20,,,
Puducherry,2026-01-09,11.93,79.83,Puducherry,25,21,,,
Puducherry,2026-01-10,11.93,79.83,Puducherry,26,21,,,
Puducherry,2026-01-11,11.93,79.83,Puducherry,26,20,,,
Puducherry,2026-01-12,11.93,79.83,Puducherry,24,21,,,
Puducherry,2026-01-13,11.93,79.83,Puducherry,29,22,,,
Puducherry,2026-01-14,11.93,79.83,Puducherry,31,21,,,
Puducherry,2026-01-15,11.93,79.83,Puducherry,29,21,,,
Puducherry,2026-01-16,11.93,79.83,Puducherry,29,21,,,
Puducherry,2026-01-17,11.93,79.83,Puducherry,30,20,,,
Puducherry,2026-01-18,11.93,79.83,Puducherry,29,19,,,
Puducherry,2026-01-19,11.93,79.83,Puducherry,30,19,,,
Puducherry,2026-01-22,11.93,79.83,Puducherry,30,19,,,
Puducherry,2026-01-23,11.93,79.83,Puducherry,29,19,,,
Puducherry,2026-01-24,11.93,79.83,Puducherry,23,21,,,
Puducherry,2026-01-25,11.93,79.83,Puducherry,23,21,,,
Puducherry,2026-01-26,11.93,79.83,Puducherry,29,21,,,
Puducherry,2026-01-27,11.93,79.83,Puducherry,28,22,,,
Puducherry,2026-01-28,11.93,79.83,Puducherry,28,20,,,
Puducherry,2026-01-29,11.93,79.83,Puducherry,28,20,,,
Puducherry,2026-01-30,11.93,79.83,Puducherry,28,20,,,
Puducherry,2026-01-31,11.93,79.83,Puducherry,29,19,,,
Puducherry,2026-02-01,11.93,79.83,Puducherry,28,21,,,
Puducherry,2026-02-02,11.93,79.83,Puducherry,28,20,,,
Puducherry,2026-02-03,11.93,79.83,Puducherry,28,20,,,
Puducherry,2026-02-04,11.93,79.83,Puducherry,29,20,,,
Puducherry,2026-02-08,11.93,79.83,Puducherry,29,20,,,
Puducherry,2026-02-09,11.93,79.83,Puducherry,30,20,,,
Puducherry,2026-02-11,11.93,79.83,Puducherry,29,20,,,
Puducherry,2026-02-12,11.93,79.83,Puducherry,29,19,,,
Puducherry,2026-02-13,11.93,79.83,Puducherry,30,21,,,
Puducherry,2026-02-14,11.93,79.83,Puducherry,30,21,,,
Puducherry,2026-02-15,11.93,79.83,Puducherry,29,21,,,
Puducherry,2026-02-16,11.93,79.83,Puducherry,29,21,,,
Puducherry,2026-02-17,11.93,79.83,Puducherry,29,20,,,
Puducherry,2026-02-18,11.93,79.83,Puducherry,29,20,,,
Puducherry,2026-02-19,11.93,79.83,Puducherry,30,21,,,
Puducherry,2026-02-20,11.93,79.83,Puducherry,31,22,,,
Puducherry,2026-02-21,11.93,79.83,Puducherry,31,23,,,
Puducherry,2026-02-25,11.93,79.83,Puducherry,31,23,,,
Puducherry,2026-02-26,11.93,79.83,Puducherry,31,23,,,
Puducherry,2026-02-27,11.93,79.83,Puducherry,31,23,,,
Puducherry,2026-02-28,11.93,79.83,Puducherry,32,23,,,
Puducherry,2026-03-01,11.93,79.83,Puducherry,32,22,,,
Puducherry,2026-03-02,11.93,79.83,Puducherry,31,23,,,
Puducherry,2026-03-03,11.93,79.83,Puducherry,31,22,,,
Puducherry,2026-03-04,11.93,79.83,Puducherry,31,21,,,
Puducherry,2026-03-05,11.93,79.83,Puducherry,33,22,,,
Puducherry,2026-03-06,11.93,79.83,Puducherry,34,23,,,
Puducherry,2026-03-07,11.93,79.83,Puducherry,32,23,,,
Puducherry,2026-03-08,11.93,79.83,Puducherry,32,23,,,
Puducherry,2026-03-09,11.93,79.83,Puducherry,31,23,,,
Puducherry,2026-03-10,11.93,79.83,Puducherry,31,22,,,
Puducherry,2026-03-12,11.93,79.83,Puducherry,32,23,,,
Puducherry,2026-03-13,11.93,79.83,Puducherry,32,24,,,
Puducherry,2026-03-14,11.93,79.83,Puducherry,32,24,,,
Puducherry,2026-03-15,11.93,79.83,Puducherry,32,23,,,
Puducherry,2026-03-17,11.93,79.83,Puducherry,32,24,,,
Puducherry,2026-03-18,11.93,79.83,Puducherry,32,24,,,
Puducherry,2026-03-19,11.93,79.83,Puducherry,31,21,,,
Puducherry,2026-03-20,11.93,79.83,Puducherry,33,24,,,
Puducherry,2026-03-21,11.93,79.83,Puducherry,32,25,,,
Puducherry,2026-03-22,11.93,79.83,Puducherry,32,25,,,
Puducherry,2026-03-23,11.93,79.83,Puducherry,32,24,,,
Puducherry,2026-03-24,11.93,79.83,Puducherry,32,24,,,
Puducherry,2026-03-25,11.93,79.83,Puducherry,32,24,,,
Puducherry,2026-03-26,11.93,79.83,Puducherry,32,24,,,
Puducherry,2026-03-27,11.93,79.83,Puducherry,32,24,,,
Puducherry,2026-03-28,11.93,79.83,Puducherry,33,24,,,
Puducherry,2026-03-29,11.93,79.83,Puducherry,33,25,,,
Puducherry,2026-03-30,11.93,79.83,Puducherry,32,26,,,
Puducherry,2026-03-31,11.93,79.83,Puducherry,32,25,,,
Puducherry,2026-04-01,11.93,79.83,Puducherry,32,24,,,
Puducherry,2026-04-02,11.93,79.83,Puducherry,33,24,,,
Puducherry,2026-04-03,11.93,79.83,Puducherry,33,24,,,
Puducherry,2026-04-04,11.93,79.83,Puducherry,34,27,,,
Puducherry,2026-04-05,11.93,79.83,Puducherry,34,25,,,
Puducherry,2026-04-06,11.93,79.83,Puducherry,34,27,,,
Puducherry,2026-04-07,11.93,79.83,Puducherry,34,27,,,
Puducherry,2026-04-08,11.93,79.83,Puducherry,35,28,,,
Puducherry,2026-04-09,11.93,79.83,Puducherry,35,28,,,
Puducherry,2026-04-10,11.93,79.83,Puducherry,35,27,,,
Puducherry,2026-04-11,11.93,79.83,Puducherry,35,25,,,
Puducherry,2026-04-12,11.93,79.83,Puducherry,34,26,,,
Puducherry,2026-04-13,11.93,79.83,Puducherry,34,26,,,
Puducherry,2026-04-14,11.93,79.83,Puducherry,34,25,,,
Puducherry,2026-04-16,11.93,79.83,Puducherry,33,25,,,
Puducherry,2026-04-17,11.93,79.83,Puducherry,35,27,,,
Puducherry,2026-04-18,11.93,79.83,Puducherry,34,27,,,
Puducherry,2026-04-19,11.93,79.83,Puducherry,35,26,,,
Puducherry,2026-04-20,11.93,79.83,Puducherry,34,27,,,
Puducherry,2026-04-21,11.93,79.83,Puducherry,35,27,,,
Puducherry,2026-04-22,11.93,79.83,Puducherry,35,27,,,
Puducherry,2026-04-23,11.93,79.83,Puducherry,35,26,,,
Puducherry,2026-04-24,11.93,79.83,Puducherry,35,27,,,
Puducherry,2026-04-25,11.93,79.83,Puducherry,35,35,,,
Puducherry,2026-04-26,11.93,79.83,Puducherry,35,27,,,
Puducherry,2026-04-28,11.93,79.83,Puducherry,35,27,,,
Puducherry,2026-04-29,11.93,79.83,Puducherry,36,28,,,
Puducherry,2026-04-30,11.93,79.83,Puducherry,37,36,,,
Puducherry,2026-05-01,11.93,79.83,Puducherry,38,28,,,
Puducherry,2026-05-03,11.93,79.83,Puducherry,38,28,,,
Puducherry,2026-05-04,11.93,79.83,Puducherry,34,28,,,
Puducherry,2026-05-06,11.93,79.83,Puducherry,33,26,,,
Puducherry,2026-05-07,11.93,79.83,Puducherry,34,27,,,
Puducherry,2026-05-08,11.93,79.83,Puducherry,33,27,,,
Puducherry,2026-05-09,11.93,79.83,Puducherry,27,25,,,
Puducherry,2026-05-10,11.93,79.83,Puducherry,32,25,,,
Puducherry,2026-05-11,11.93,79.83,Puducherry,33,25,,,
Puducherry,2026-05-12,11.93,79.83,Puducherry,33,26,,,
Puducherry,2026-05-13,11.93,79.83,Puducherry,35,26,,,
Puducherry,2026-05-14,11.93,79.83,Puducherry,33,27,,,
Puducherry,2026-05-15,11.93,79.83,Puducherry,27,27,,,
Puducherry,2026-05-16,11.93,79.83,Puducherry,34,26,,,
Puducherry,2026-05-17,11.93,79.83,Puducherry,35,26,,,
Puducherry,2026-05-19,11.93,79.83,Puducherry,37,27,,,
Puducherry,2026-05-20,11.93,79.83,Puducherry,37,26,,,
Puducherry,2026-05-21,11.93,79.83,Puducherry,38,28,,,
Puducherry,2026-05-22,11.93,79.83,Puducherry,38,28,,,
Puducherry,2026-05-23,11.93,79.83,Puducherry,31,29,,,
Puducherry,2026-05-24,11.93,79.83,Puducherry,36,22,,,
Puducherry,2026-05-25,11.93,79.83,Puducherry,37,22,,,
Puducherry,2026-05-26,11.93,79.83,Puducherry,39,28,,,
Puducherry,2026-05-27,11.93,79.83,Puducherry,37,27,,,
Puducherry,2026-05-28,11.93,79.83,Puducherry,38,28,,,
Puducherry,2026-05-29,11.93,79.83,Puducherry,37,28,,,
Puducherry,2026-05-31,11.93,79.83,Puducherry,37,28,,,
Puducherry,2026-06-01,11.93,79.83,Puducherry,37,27,,,
Puducherry,2026-06-02,11.93,79.83,Puducherry,36,28,,,
Puducherry,2026-06-03,11.93,79.83,Puducherry,38,27,,,
Puducherry,2026-06-04,11.93,79.83,Puducherry,38,27,,,
Puducherry,2026-06-05,11.93,79.83,Puducherry,40,29,,,
Puducherry,2026-06-06,11.93,79.83,Puducherry,39,29,,,
Puducherry,2026-06-07,11.93,79.83,Puducherry,38,29,,,
Puducherry,2026-06-08,11.93,79.83,Puducherry,38,28,,,
Puducherry,2026-06-09,11.93,79.83,Puducherry,39,29,,,
Puducherry,2026-06-10,11.93,79.83,Puducherry,38,29,,,
Puducherry,2026-06-11,11.93,79.83,Puducherry,36,29,,,
Puducherry,2026-06-15,11.93,79.83,Puducherry,38,25,,,
Puducherry,2026-06-16,11.93,79.83,Puducherry,39,28,,,
Puducherry,2026-06-19,11.93,79.83,Puducherry,36,28,,,
Puducherry,2026-06-21,11.93,79.83,Puducherry,36,25,,,
Puducherry,2026-06-22,11.93,79.83,Puducherry,36,26,,,
Puducherry,2026-06-23,11.93,79.83,Puducherry,38,27,,,
Puducherry,2026-06-24,11.93,79.83,Puducherry,37,29,,,
Puducherry,2026-06-25,11.93,79.83,Puducherry,38,27,,,
Puducherry,2026-06-27,11.93,79.83,Puducherry,37,28,,,
Puducherry,2026-06-30,11.93,79.83,Puducherry,37,28,,,
Puducherry,2026-07-01,11.93,79.83,Puducherry,37,28,,,
Puducherry,2026-07-03,11.93,79.83,Puducherry,36,29,,,
Puducherry,2026-07-04,11.93,79.83,Puducherry,33,28,,,
Puducherry,2026-07-05,11.93,79.83,Puducherry,35,27,,,
Puducherry,2026-07-06,11.93,79.83,Puducherry,38,27,,,
Puducherry,2026-07-07,11.93,79.83,Puducherry,38,28,,,
Puducherry,2026-07-08,11.93,79.83,Puducherry,38,28,,,
Puducherry,2026-07-09,11.93,79.83,Puducherry,38,28,,,
Puducherry,2026-07-10,11.93,79.83,Puducherry,37,28,,,
Puducherry,2026-07-11,11.93,79.83,Puducherry,38,27,,,
Puducherry,2026-07-12,11.93,79.83,Puducherry,37,28,,,
Puducherry,2026-07-13,11.93,79.83,Puducherry,39,29,,,
Puducherry,2026-07-14,11.93,79.83,Puducherry,39,28,,,
Puducherry,2026-07-15,11.93,79.83,Puducherry,38,27,,,
Puducherry,2026-07-16,11.93,79.83,Puducherry,38,27,,,
Puducherry,2026-07-19,11.93,79.83,Puducherry,35,27,,,
Puducherry,2026-07-20,11.93,79.83,Puducherry,34,27,,,
Puducherry,2026-07-21,11.93,79.83,Puducherry,36,27,,,
Puducherry,2026-07-22,11.93,79.83,Puducherry,37,27,,,
Puducherry,2026-07-23,11.93,79.83,Puducherry,35,28,,,
Puducherry,2026-07-24,11.93,79.83,Puducherry,36,27,,,
Puducherry,2026-07-25,11.93,79.83,Puducherry,36,27,,,
Puducherry,2026-07-26,11.93,79.83,Puducherry,38,28,,,
Puducherry,2026-07-27,11.93,79.83,Puducherry,33,27,,,
Ludhiana,2025-05-07,30.9,75.85,Punjab,35,22,38,22,-3
Ludhiana,2025-05-06,30.9,75.85,Punjab,35,21,38,22,-3
Ludhiana,2025-05-08,30.9,75.85,Punjab,34,23,38,22,-4
Ludhiana,2025-05-09,30.9,75.85,Punjab,36,23,38,22,-2
Ludhiana,2025-05-10,30.9,75.85,Punjab,37,24,38,22,-1
Ludhiana,2025-05-11,30.9,75.85,Punjab,39,22,39,23,0
Ludhiana,2025-05-12,30.9,75.85,Punjab,37,20,39,23,-2
Ludhiana,2025-05-13,30.9,75.85,Punjab,39,24,39,23,0
Ludhiana,2025-05-14,30.9,75.85,Punjab,41,24,39,23,2
Ludhiana,2025-05-15,30.9,75.85,Punjab,42,25,39,23,3
Ludhiana,2025-05-16,30.9,75.85,Punjab,42,24,40,24,2
Ludhiana,2025-05-17,30.9,75.85,Punjab,43,26,40,24,3
Ludhiana,2025-05-18,30.9,75.85,Punjab,42,29,40,24,2
Ludhiana,2025-05-19,30.9,75.85,Punjab,41,29,40,24,1
Ludhiana,2025-05-20,30.9,75.85,Punjab,42,29,40,24,2
Ludhiana,2025-05-21,30.9,75.85,Punjab,43,30,39,24,4
Ludhiana,2025-05-22,30.9,75.85,Punjab,40,24,39,24,1
Ludhiana,2025-05-23,30.9,75.85,Punjab,39,27,39,24,0
Ludhiana,2025-05-24,30.9,75.85,Punjab,39,28,39,24,0
Ludhiana,2025-05-25,30.9,75.85,Punjab,35,23,39,24,-4
Ludhiana,2025-05-26,30.9,75.85,Punjab,39,21,39,24,0
Ludhiana,2025-05-27,30.9,75.85,Punjab,39,27,39,24,0
Ludhiana,2025-05-28,30.9,75.85,Punjab,41,29,39,24,2
Ludhiana,2025-05-29,30.9,75.85,Punjab,41,26,39,24,2
Ludhiana,2025-05-30,30.9,75.85,Punjab,38,21,39,24,-1
Ludhiana,2025-05-31,30.9,75.85,Punjab,39,30,40,25,-1
Ludhiana,2025-06-01,30.9,75.85,Punjab,40,24,40,25,0
Ludhiana,2025-06-02,30.9,75.85,Punjab,38,24,40,25,-2
Ludhiana,2025-06-03,30.9,75.85,Punjab,36,20,40,25,-4
Ludhiana,2025-06-04,30.9,75.85,Punjab,35,21,40,25,-5
Ludhiana,2025-06-05,30.9,75.85,Punjab,36,20,39,25,-3
Ludhiana,2025-06-06,30.9,75.85,Punjab,36,25,39,25,-3
Ludhiana,2025-06-07,30.9,75.85,Punjab,40,27,39,25,1
Ludhiana,2025-06-08,30.9,75.85,Punjab,43,27,39,25,4
Ludhiana,2025-06-09,30.9,75.85,Punjab,43,28,39,25,4
Ludhiana,2025-06-10,30.9,75.85,Punjab,44,28,38,26,6
Ludhiana,2025-06-11,30.9,75.85,Punjab,44,30,38,26,6
Ludhiana,2025-06-12,30.9,75.85,Punjab,43,31,38,26,5
Ludhiana,2025-06-13,30.9,75.85,Punjab,43,31,38,26,5
Ludhiana,2025-06-14,30.9,75.85,Punjab,42,27,38,26,4
Ludhiana,2025-06-15,30.9,75.85,Punjab,39,28,37,26,2
Ludhiana,2025-06-16,30.9,75.85,Punjab,37,28,37,26,0
Ludhiana,2025-06-17,30.9,75.85,Punjab,32,21,37,26,-5
Ludhiana,2025-06-18,30.9,75.85,Punjab,34,26,37,26,-3
Ludhiana,2025-06-19,30.9,75.85,Punjab,36,28,37,26,-1
Ludhiana,2025-06-20,30.9,75.85,Punjab,35,29,37,26,-2
Ludhiana,2025-06-21,30.9,75.85,Punjab,35,28,37,26,-2
Ludhiana,2025-06-22,30.9,75.85,Punjab,35,29,37,26,-2
Ludhiana,2025-06-23,30.9,75.85,Punjab,36,28,38,28,-2
Ludhiana,2025-06-24,30.9,75.85,Punjab,34,25,37,26,-3
Ludhiana,2025-06-25,30.9,75.85,Punjab,31,26,36,26,-5
Ludhiana,2025-06-26,30.9,75.85,Punjab,33,27,36,26,-3
Ludhiana,2025-06-27,30.9,75.85,Punjab,36,28,36,26,0
Ludhiana,2025-06-28,30.9,75.85,Punjab,36,27,36,26,0
Ludhiana,2025-06-30,30.9,75.85,Punjab,31,26,35,27,-4
Ludhiana,2025-07-01,30.9,75.85,Punjab,29,24,35,27,-6
Ludhiana,2025-07-02,30.9,75.85,Punjab,36,25,36,27,0
Ludhiana,2025-07-03,30.9,75.85,Punjab,35,27,35,27,0
Ludhiana,2025-07-04,30.9,75.85,Punjab,35,28,35,27,0
Ludhiana,2025-07-05,30.9,75.85,Punjab,35,29,35,27,0
Ludhiana,2025-07-06,30.9,75.85,Punjab,33,28,35,27,-2
Ludhiana,2025-07-07,30.9,75.85,Punjab,35,28,35,27,0
Ludhiana,2025-07-08,30.9,75.85,Punjab,34,28,35,27,-1
Ludhiana,2025-07-09,30.9,75.85,Punjab,32,26,35,27,-3
Ludhiana,2025-07-10,30.9,75.85,Punjab,31,26,34,26,-3
Ludhiana,2025-07-11,30.9,75.85,Punjab,35,26,34,26,1
Ludhiana,2025-07-12,30.9,75.85,Punjab,30,27,34,26,-4
Ludhiana,2025-07-13,30.9,75.85,Punjab,35,28,34,26,1
Ludhiana,2025-07-14,30.9,75.85,Punjab,31,28,34,26,-3
Ludhiana,2025-07-15,30.9,75.85,Punjab,34,27,34,26,0
Ludhiana,2025-07-16,30.9,75.85,Punjab,32,27,34,26,-2
Ludhiana,2025-07-17,30.9,75.85,Punjab,32,26,34,26,-2
Ludhiana,2025-07-18,30.9,75.85,Punjab,32,27,33,27,-1
Ludhiana,2025-07-19,30.9,75.85,Punjab,36,27,34,26,2
Ludhiana,2025-07-20,30.9,75.85,Punjab,35,27,33,26,2
Ludhiana,2025-07-21,30.9,75.85,Punjab,33,27,33,26,0
Ludhiana,2025-07-22,30.9,75.85,Punjab,29,25,33,26,-4
Ludhiana,2025-07-23,30.9,75.85,Punjab,33,25,33,26,0
Ludhiana,2025-07-24,30.9,75.85,Punjab,34,28,33,26,1
Ludhiana,2025-07-25,30.9,75.85,Punjab,35,27,34,26,1
Ludhiana,2025-07-26,30.9,75.85,Punjab,34,27,34,26,0
Ludhiana,2025-07-27,30.9,75.85,Punjab,35,28,34,26,1
Ludhiana,2025-07-28,30.9,75.85,Punjab,33,27,34,26,-1
Ludhiana,2025-07-29,30.9,75.85,Punjab,30,26,34,27,-4
Ludhiana,2025-07-30,30.9,75.85,Punjab,31,26,33,26,-2
Ludhiana,2025-07-31,30.9,75.85,Punjab,30,24,33,26,-3
Ludhiana,2025-08-01,30.9,75.85,Punjab,31,26,33,26,-2
Ludhiana,2025-08-02,30.9,75.85,Punjab,32,25,33,26,-1
Ludhiana,2025-08-03,30.9,75.85,Punjab,33,27,33,26,0
Ludhiana,2025-08-04,30.9,75.85,Punjab,34,27,33,26,1
Ludhiana,2025-08-05,30.9,75.85,Punjab,32,26,33,26,-1
Ludhiana,2025-08-06,30.9,75.85,Punjab,34,25,33,26,1
Ludhiana,2025-08-07,30.9,75.85,Punjab,35,25,33,26,2
Ludhiana,2025-08-08,30.9,75.85,Punjab,35,28,33,26,2
Ludhiana,2025-08-09,30.9,75.85,Punjab,33,26,33,26,0
Ludhiana,2025-08-10,30.9,75.85,Punjab,34,26,33,26,1
Ludhiana,2025-08-11,30.9,75.85,Punjab,33,29,33,26,0
Ludhiana,2025-08-12,30.9,75.85,Punjab,30,25,33,26,-3
Ludhiana,2025-08-13,30.9,75.85,Punjab,33,26,33,26,0
Ludhiana,2025-08-14,30.9,75.85,Punjab,29,26,33,26,-4
Ludhiana,2025-08-15,30.9,75.85,Punjab,34,25,33,26,1
Ludhiana,2025-08-16,30.9,75.85,Punjab,33,26,33,26,0
Ludhiana,2025-08-17,30.9,75.85,Punjab,33,27,33,26,0
Ludhiana,2025-08-18,30.9,75.85,Punjab,33,25,33,26,0
Ludhiana,2025-08-19,30.9,75.85,Punjab,36,27,34,26,2
Ludhiana,2025-08-20,30.9,75.85,Punjab,31,26,34,26,-3
Ludhiana,2025-08-21,30.9,75.85,Punjab,34,24,34,26,0
Ludhiana,2025-08-22,30.9,75.85,Punjab,35,27,34,26,1
Ludhiana,2025-08-23,30.9,75.85,Punjab,32,24,34,26,-2
Ludhiana,2025-08-24,30.9,75.85,Punjab,32,26,33,25,-1
Ludhiana,2025-08-25,30.9,75.85,Punjab,25,22,33,25,-8
Ludhiana,2025-08-26,30.9,75.85,Punjab,28,23,33,25,-5
Ludhiana,2025-08-27,30.9,75.85,Punjab,31,25,33,25,-2
Ludhiana,2025-08-28,30.9,75.85,Punjab,34,26,33,25,1
Ludhiana,2025-08-29,30.9,75.85,Punjab,31,26,33,25,-2
Ludhiana,2025-08-30,30.9,75.85,Punjab,32,26,33,25,-1
Ludhiana,2025-08-31,30.9,75.85,Punjab,27,23,33,25,-6
Ludhiana,2025-09-01,30.9,75.85,Punjab,24,23,33,25,-9
Ludhiana,2025-09-02,30.9,75.85,Punjab,27,22,33,25,-6
Ludhiana,2025-09-03,30.9,75.85,Punjab,29,23,33,24,-4
Ludhiana,2025-09-04,30.9,75.85,Punjab,26,23,33,24,-7
Ludhiana,2025-09-05,30.9,75.85,Punjab,34,23,33,24,1
Ludhiana,2025-09-06,30.9,75.85,Punjab,27,23,33,24,-6
Ludhiana,2025-09-07,30.9,75.85,Punjab,31,23,33,24,-2
Ludhiana,2025-09-08,30.9,75.85,Punjab,34,25,33,24,1
Ludhiana,2025-09-09,30.9,75.85,Punjab,35,26,33,25,2
Ludhiana,2025-09-10,30.9,75.85,Punjab,34,25,33,25,1
Ludhiana,2025-09-11,30.9,75.85,Punjab,34,25,33,25,1
Ludhiana,2025-09-12,30.9,75.85,Punjab,34,25,33,24,1
Ludhiana,2025-09-13,30.9,75.85,Punjab,34,26,33,23,1
Ludhiana,2025-09-14,30.9,75.85,Punjab,35,25,33,23,2
Ludhiana,2025-09-15,30.9,75.85,Punjab,33,26,33,23,0
Ludhiana,2025-09-16,30.9,75.85,Punjab,35,26,33,23,2
Ludhiana,2025-09-17,30.9,75.85,Punjab,34,26,33,23,1
Ludhiana,2025-09-18,30.9,75.85,Punjab,34,25,33,23,1
Ludhiana,2025-09-19,30.9,75.85,Punjab,33,25,33,23,0
Ludhiana,2025-09-20,30.9,75.85,Punjab,34,24,33,23,1
Ludhiana,2025-09-21,30.9,75.85,Punjab,34,26,33,23,1
Ludhiana,2025-09-22,30.9,75.85,Punjab,35,25,33,23,2
Ludhiana,2025-09-23,30.9,75.85,Punjab,35,24,33,21,2
Ludhiana,2025-09-24,30.9,75.85,Punjab,35,24,33,21,2
Ludhiana,2025-09-25,30.9,75.85,Punjab,35,24,33,21,2
Ludhiana,2025-09-26,30.9,75.85,Punjab,35,25,33,21,2
Ludhiana,2025-09-27,30.9,75.85,Punjab,36,24,33,21,3
Ludhiana,2025-09-28,30.9,75.85,Punjab,36,25,34,20,2
Ludhiana,2025-09-29,30.9,75.85,Punjab,35,25,34,20,1
Ludhiana,2025-09-30,30.9,75.85,Punjab,34,25,34,20,0
Ludhiana,2025-10-01,30.9,75.85,Punjab,34,24,34,20,0
Ludhiana,2025-10-02,30.9,75.85,Punjab,34,25,34,20,0
Ludhiana,2025-10-03,30.9,75.85,Punjab,34,23,33,19,1
Ludhiana,2025-10-04,30.9,75.85,Punjab,35,22,33,19,2
Ludhiana,2025-10-05,30.9,75.85,Punjab,33,19,33,19,0
Ludhiana,2025-10-06,30.9,75.85,Punjab,26,20,33,19,-7
Ludhiana,2025-10-07,30.9,75.85,Punjab,21,19,33,19,-12
Ludhiana,2025-10-08,30.9,75.85,Punjab,29,16,33,18,-4
Ludhiana,2025-10-09,30.9,75.85,Punjab,31,18,33,18,-2
Ludhiana,2025-10-10,30.9,75.85,Punjab,30,19,33,18,-3
Ludhiana,2025-10-11,30.9,75.85,Punjab,31,19,33,18,-2
Ludhiana,2025-10-12,30.9,75.85,Punjab,31,20,33,18,-2
Ludhiana,2025-10-13,30.9,75.85,Punjab,32,18,32,16,0
Ludhiana,2025-10-14,30.9,75.85,Punjab,31,19,32,16,-1
Ludhiana,2025-10-15,30.9,75.85,Punjab,32,19,32,16,0
Ludhiana,2025-10-16,30.9,75.85,Punjab,32,19,32,16,0
Ludhiana,2025-10-17,30.9,75.85,Punjab,32,18,32,16,0
Ludhiana,2025-10-18,30.9,75.85,Punjab,32,19,31,16,1
Ludhiana,2025-10-19,30.9,75.85,Punjab,32,17,31,16,1
Ludhiana,2025-10-20,30.9,75.85,Punjab,38,19,31,16,7
Ludhiana,2025-10-21,30.9,75.85,Punjab,32,18,31,16,1
Ludhiana,2025-10-22,30.9,75.85,Punjab,32,19,31,16,1
Ludhiana,2025-10-23,30.9,75.85,Punjab,32,16,31,15,1
Ludhiana,2025-10-24,30.9,75.85,Punjab,32,17,31,15,1
Ludhiana,2025-10-25,30.9,75.85,Punjab,31,17,31,15,0
Ludhiana,2025-10-26,30.9,75.85,Punjab,31,16,31,15,0
Ludhiana,2025-10-27,30.9,75.85,Punjab,31,16,31,15,0
Ludhiana,2025-10-28,30.9,75.85,Punjab,30,16,30,14,0
Ludhiana,2025-10-29,30.9,75.85,Punjab,30,16,30,14,0
Ludhiana,2025-10-30,30.9,75.85,Punjab,32,17,30,14,2
Ludhiana,2025-10-31,30.9,75.85,Punjab,30,17,30,14,0
Ludhiana,2025-11-01,30.9,75.85,Punjab,30,16,30,14,0
Ludhiana,2025-11-02,30.9,75.85,Punjab,30,17,30,14,0
Ludhiana,2025-11-03,30.9,75.85,Punjab,31,15,30,14,1
Ludhiana,2025-11-04,30.9,75.85,Punjab,30,15,30,14,0
Ludhiana,2025-11-05,30.9,75.85,Punjab,31,15,30,14,1
Ludhiana,2025-11-06,30.9,75.85,Punjab,28,14,30,14,-2
Ludhiana,2026-01-06,30.9,75.85,Punjab,15,7,17,5,-2
Ludhiana,2026-01-07,30.9,75.85,Punjab,11,6,17,5,-6
Ludhiana,2026-01-08,30.9,75.85,Punjab,12,6,17,5,-5
Ludhiana,2026-01-09,30.9,75.85,Punjab,14,6,17,5,-3
Ludhiana,2026-01-10,30.9,75.85,Punjab,15,5,17,5,-2
Ludhiana,2026-01-11,30.9,75.85,Punjab,16,4,17,5,-1
Ludhiana,2026-01-12,30.9,75.85,Punjab,11,4,17,5,-6
Ludhiana,2026-01-13,30.9,75.85,Punjab,13,2,17,5,-4
Ludhiana,2026-01-14,30.9,75.85,Punjab,10,5,17,5,-7
Ludhiana,2026-01-15,30.9,75.85,Punjab,14,5,17,5,-3
Ludhiana,2026-01-16,30.9,75.85,Punjab,17,5,17,6,0
Ludhiana,2026-01-17,30.9,75.85,Punjab,21,5,17,6,4
Ludhiana,2026-01-18,30.9,75.85,Punjab,21,6,17,6,4
Ludhiana,2026-01-19,30.9,75.85,Punjab,23,4,17,6,6
Ludhiana,2026-01-20,30.9,75.85,Punjab,23,5,17,6,6
Ludhiana,2026-01-21,30.9,75.85,Punjab,22,6,18,6,4
Ludhiana,2026-01-22,30.9,75.85,Punjab,24,4,18,6,6
Ludhiana,2026-01-23,30.9,75.85,Punjab,13,7,18,6,-5
Ludhiana,2026-01-24,30.9,75.85,Punjab,14,4,18,6,-4
Ludhiana,2026-01-25,30.9,75.85,Punjab,17,7,18,6,-1
Ludhiana,2026-01-26,30.9,75.85,Punjab,20,7,20,6,0
Ludhiana,2026-01-27,30.9,75.85,Punjab,16,7,20,6,-4
Ludhiana,2026-01-28,30.9,75.85,Punjab,18,10,20,6,-2
Ludhiana,2026-01-29,30.9,75.85,Punjab,19,8,20,6,-1
Ludhiana,2026-01-30,30.9,75.85,Punjab,20,10,20,6,0
Ludhiana,2026-01-31,30.9,75.85,Punjab,19,5,,,
Ludhiana,2026-02-01,30.9,75.85,Punjab,20,7,20,6,0
Ludhiana,2026-02-02,30.9,75.85,Punjab,21,8,20,6,1
Ludhiana,2026-02-03,30.9,75.85,Punjab,20,8,20,6,0
Ludhiana,2026-02-04,30.9,75.85,Punjab,21,8,20,6,1
Ludhiana,2026-02-08,30.9,75.85,Punjab,23,9,20,7,3
Ludhiana,2026-02-09,30.9,75.85,Punjab,22,8,20,7,2
Ludhiana,2026-02-10,30.9,75.85,Punjab,25,8,21,8,4
Ludhiana,2026-02-11,30.9,75.85,Punjab,25,11,21,8,4
Ludhiana,2026-02-12,30.9,75.85,Punjab,24,11,21,8,3
Ludhiana,2026-02-13,30.9,75.85,Punjab,25,10,21,8,4
Ludhiana,2026-02-14,30.9,75.85,Punjab,25,9,21,8,4
Ludhiana,2026-02-15,30.9,75.85,Punjab,27,11,22,8,5
Ludhiana,2026-02-16,30.9,75.85,Punjab,26,8,22,8,4
Ludhiana,2026-02-17,30.9,75.85,Punjab,26,9,22,8,4
Ludhiana,2026-02-18,30.9,75.85,Punjab,25,11,22,8,3
Ludhiana,2026-02-19,30.9,75.85,Punjab,26,13,22,8,4
Ludhiana,2026-02-20,30.9,75.85,Punjab,27,12,22,8,5
Ludhiana,2026-02-21,30.9,75.85,Punjab,26,12,22,8,4
Ludhiana,2026-02-25,30.9,75.85,Punjab,27,13,23,10,4
Ludhiana,2026-02-26,30.9,75.85,Punjab,28,13,23,10,5
Ludhiana,2026-02-27,30.9,75.85,Punjab,28,12,23,10,5
Ludhiana,2026-02-28,30.9,75.85,Punjab,29,13,23,10,6
Ludhiana,2026-03-01,30.9,75.85,Punjab,29,13,23,10,6
Ludhiana,2026-03-02,30.9,75.85,Punjab,30,13,24,10,6
Ludhiana,2026-03-03,30.9,75.85,Punjab,30,13,24,10,6
Ludhiana,2026-03-04,30.9,75.85,Punjab,30,13,24,10,6
Ludhiana,2026-03-05,30.9,75.85,Punjab,32,15,24,10,8
Ludhiana,2026-03-06,30.9,75.85,Punjab,32,15,24,10,8
Ludhiana,2026-03-07,30.9,75.85,Punjab,32,16,26,11,6
Ludhiana,2026-03-08,30.9,75.85,Punjab,33,16,26,11,7
Ludhiana,2026-03-09,30.9,75.85,Punjab,33,19,26,11,7
Ludhiana,2026-03-10,30.9,75.85,Punjab,32,18,26,11,6
Ludhiana,2026-03-11,30.9,75.85,Punjab,32,15,26,11,6
Ludhiana,2026-03-12,30.9,75.85,Punjab,30,17,26,12,4
Ludhiana,2026-03-13,30.9,75.85,Punjab,31,18,26,12,5
Ludhiana,2026-03-14,30.9,75.85,Punjab,31,16,26,12,5
Ludhiana,2026-03-15,30.9,75.85,Punjab,22,16,26,12,-4
Ludhiana,2026-03-16,30.9,75.85,Punjab,21,11,26,12,-5
Ludhiana,2026-03-17,30.9,75.85,Punjab,27,12,28,13,-1
Ludhiana,2026-03-18,30.9,75.85,Punjab,26,15,28,13,-2
Ludhiana,2026-03-19,30.9,75.85,Punjab,23,14,28,13,-5
Ludhiana,2026-03-20,30.9,75.85,Punjab,21,14,28,13,-7
Ludhiana,2026-03-21,30.9,75.85,Punjab,25,11,28,13,-3
Ludhiana,2026-03-22,30.9,75.85,Punjab,27,11,28,13,-1
Ludhiana,2026-03-23,30.9,75.85,Punjab,29,16,28,13,1
Ludhiana,2026-03-24,30.9,75.85,Punjab,29,16,28,13,1
Ludhiana,2026-03-25,30.9,75.85,Punjab,32,15,28,13,4
Ludhiana,2026-03-26,30.9,75.85,Punjab,33,16,28,13,5
Ludhiana,2026-03-27,30.9,75.85,Punjab,30,17,30,14,0
Ludhiana,2026-03-28,30.9,75.85,Punjab,32,16,30,14,2
Ludhiana,2026-03-29,30.9,75.85,Punjab,30,17,30,14,0
Ludhiana,2026-03-30,30.9,75.85,Punjab,31,17,30,14,1
Ludhiana,2026-03-31,30.9,75.85,Punjab,33,15,30,14,3
Ludhiana,2026-04-01,30.9,75.85,Punjab,32,15,32,15,0
Ludhiana,2026-04-02,30.9,75.85,Punjab,35,17,32,15,3
Ludhiana,2026-04-03,30.9,75.85,Punjab,30,20,32,15,-2
Ludhiana,2026-04-04,30.9,75.85,Punjab,29,18,32,15,-3
Ludhiana,2026-04-05,30.9,75.85,Punjab,31,17,32,15,-1
Ludhiana,2026-04-06,30.9,75.85,Punjab,31,15,33,16,-2
Ludhiana,2026-04-07,30.9,75.85,Punjab,24,18,33,16,-9
Ludhiana,2026-04-08,30.9,75.85,Punjab,26,14,33,16,-7
Ludhiana,2026-04-09,30.9,75.85,Punjab,27,13,33,16,-6
Ludhiana,2026-04-10,30.9,75.85,Punjab,30,14,33,16,-3
Ludhiana,2026-04-11,30.9,75.85,Punjab,30,15,34,17,-4
Ludhiana,2026-04-12,30.9,75.85,Punjab,31,16,34,17,-3
Ludhiana,2026-04-13,30.9,75.85,Punjab,34,15,34,17,0
Ludhiana,2026-04-14,30.9,75.85,Punjab,35,15,34,17,1
Ludhiana,2026-04-16,30.9,75.85,Punjab,39,18,35,18,4
Ludhiana,2026-04-17,30.9,75.85,Punjab,36,20,35,18,1
Ludhiana,2026-04-18,30.9,75.85,Punjab,39,18,35,18,4
Ludhiana,2026-04-19,30.9,75.85,Punjab,40,19,35,18,5
Ludhiana,2026-04-20,30.9,75.85,Punjab,39,19,35,18,4
Ludhiana,2026-04-21,30.9,75.85,Punjab,39,19,36,19,3
Ludhiana,2026-04-22,30.9,75.85,Punjab,40,20,36,19,4
Ludhiana,2026-04-23,30.9,75.85,Punjab,40,22,36,19,4
Ludhiana,2026-04-24,30.9,75.85,Punjab,42,24,36,19,6
Ludhiana,2026-04-25,30.9,75.85,Punjab,42,24,36,19,6
Ludhiana,2026-04-26,30.9,75.85,Punjab,42,25,38,20,4
Ludhiana,2026-04-27,30.9,75.85,Punjab,43,24,38,20,5
Ludhiana,2026-04-28,30.9,75.85,Punjab,34,23,38,20,-4
Ludhiana,2026-04-29,30.9,75.85,Punjab,35,22,38,20,-3
Ludhiana,2026-04-30,30.9,75.85,Punjab,38,21,38,20,0
Ludhiana,2026-05-01,30.9,75.85,Punjab,35,20,38,21,-3
Ludhiana,2026-05-02,30.9,75.85,Punjab,38,21,38,21,0
Ludhiana,2026-05-03,30.9,75.85,Punjab,33,18,38,21,-5
Ludhiana,2026-05-04,30.9,75.85,Punjab,31,17,38,21,-7
Ludhiana,2026-05-05,30.9,75.85,Punjab,32,17,38,21,-6
Ludhiana,2026-05-06,30.9,75.85,Punjab,34,20,38,22,-4
Ludhiana,2026-05-07,30.9,75.85,Punjab,31,20,38,22,-7
Ludhiana,2026-05-08,30.9,75.85,Punjab,33,20,38,22,-5
Ludhiana,2026-05-09,30.9,75.85,Punjab,35,22,38,22,-3
Ludhiana,2026-05-11,30.9,75.85,Punjab,36,23,38,23,-2
Ludhiana,2026-05-12,30.9,75.85,Punjab,36,24,38,23,-2
Ludhiana,2026-05-13,30.9,75.85,Punjab,38,24,38,23,0
Ludhiana,2026-05-14,30.9,75.85,Punjab,38,19,38,23,0
Ludhiana,2026-05-15,30.9,75.85,Punjab,36,19,38,23,-2
Ludhiana,2026-05-16,30.9,75.85,Punjab,39,23,39,24,0
Ludhiana,2026-05-17,30.9,75.85,Punjab,41,24,39,24,2
Ludhiana,2026-05-19,30.9,75.85,Punjab,44,28,39,24,5
Ludhiana,2026-05-20,30.9,75.85,Punjab,44,27,39,24,5
Ludhiana,2026-05-21,30.9,75.85,Punjab,43,27,38,24,5
Ludhiana,2026-05-22,30.9,75.85,Punjab,42,27,38,24,4
Ludhiana,2026-05-23,30.9,75.85,Punjab,41,26,38,24,3
Ludhiana,2026-05-24,30.9,75.85,Punjab,41,27,38,24,3
Ludhiana,2026-05-25,30.9,75.85,Punjab,42,25,38,24,4
Ludhiana,2026-05-26,30.9,75.85,Punjab,42,25,39,23,3
Ludhiana,2026-05-27,30.9,75.85,Punjab,43,25,39,23,4
Ludhiana,2026-05-28,30.9,75.85,Punjab,40,26,39,23,1
Ludhiana,2026-05-29,30.9,75.85,Punjab,37,24,39,23,-2
Ludhiana,2026-05-31,30.9,75.85,Punjab,31,20,39,24,-8
Ludhiana,2026-06-01,30.9,75.85,Punjab,35,24,39,24,-4
Ludhiana,2026-06-02,30.9,75.85,Punjab,36,24,39,24,-3
Ludhiana,2026-06-03,30.9,75.85,Punjab,36,24,39,24,-3
Ludhiana,2026-06-04,30.9,75.85,Punjab,40,24,39,24,1
Ludhiana,2026-06-05,30.9,75.85,Punjab,36,23,39,25,-3
Ludhiana,2026-06-06,30.9,75.85,Punjab,40,25,39,25,1
Ludhiana,2026-06-07,30.9,75.85,Punjab,42,26,39,25,3
Ludhiana,2026-06-08,30.9,75.85,Punjab,42,25,39,25,3
Ludhiana,2026-06-09,30.9,75.85,Punjab,43,26,39,25,4
Ludhiana,2026-06-10,30.9,75.85,Punjab,43,28,38,25,5
Ludhiana,2026-06-11,30.9,75.85,Punjab,35,21,38,25,-3
Ludhiana,2026-06-15,30.9,75.85,Punjab,35,24,36,25,-1
Ludhiana,2026-06-18,30.9,75.85,Punjab,37,26,36,25,1
Ludhiana,2026-06-21,30.9,75.85,Punjab,39,29,36,26,3
Ludhiana,2026-06-22,30.9,75.85,Punjab,34,23,36,26,-2
Ludhiana,2026-06-23,30.9,75.85,Punjab,37,25,36,26,1
Ludhiana,2026-06-24,30.9,75.85,Punjab,37,25,36,26,1
Ludhiana,2026-06-25,30.9,75.85,Punjab,36,26,35,26,1
Ludhiana,2026-06-27,30.9,75.85,Punjab,39,29,35,26,4
Ludhiana,2026-06-28,30.9,75.85,Punjab,39,29,35,26,4
Ludhiana,2026-06-30,30.9,75.85,Punjab,38,28,35,26,3
Ludhiana,2026-07-01,30.9,75.85,Punjab,32,27,35,26,-3
Ludhiana,2026-07-02,30.9,75.85,Punjab,33,23,35,26,-2
Ludhiana,2026-07-03,30.9,75.85,Punjab,35,25,35,26,0
Ludhiana,2026-07-04,30.9,75.85,Punjab,34,28,35,26,-1
Ludhiana,2026-07-05,30.9,75.85,Punjab,36,26,34,26,2
Ludhiana,2026-07-06,30.9,75.85,Punjab,33,27,34,26,-1
Ludhiana,2026-07-07,30.9,75.85,Punjab,35,28,34,26,1
Ludhiana,2026-07-08,30.9,75.85,Punjab,33,27,34,26,-1
Ludhiana,2026-07-09,30.9,75.85,Punjab,32,28,34,26,-2
Ludhiana,2026-07-10,30.9,75.85,Punjab,34,25,33,25,1
Ludhiana,2026-07-11,30.9,75.85,Punjab,32,23,33,25,-1
Ludhiana,2026-07-12,30.9,75.85,Punjab,34,26,33,25,1
Ludhiana,2026-07-13,30.9,75.85,Punjab,35,22,33,25,2
Ludhiana,2026-07-14,30.9,75.85,Punjab,36,27,33,25,3
Ludhiana,2026-07-15,30.9,75.85,Punjab,36,27,33,26,3
Ludhiana,2026-07-16,30.9,75.85,Punjab,36,29,33,26,3
Ludhiana,2026-07-19,30.9,75.85,Punjab,34,29,33,26,1
Ludhiana,2026-07-20,30.9,75.85,Punjab,29,27,33,26,-4
Ludhiana,2026-07-21,30.9,75.85,Punjab,31,26,33,26,-2
Ludhiana,2026-07-22,30.9,75.85,Punjab,32,26,33,26,-1
Ludhiana,2026-07-23,30.9,75.85,Punjab,33,27,33,26,0
Ludhiana,2026-07-24,30.9,75.85,Punjab,34,26,33,26,1
Ludhiana,2026-07-25,30.9,75.85,Punjab,33,27,33,26,0
Ludhiana,2026-07-26,30.9,75.85,Punjab,35,27,33,26,2
Ludhiana,2026-07-27,30.9,75.85,Punjab,35,27,33,26,2
Chandigarh,2025-05-06,30.73,76.77,Chandigarh,34,20,38,25,-4
Chandigarh,2025-05-07,30.73,76.77,Chandigarh,34,24,38,25,-4
Chandigarh,2025-05-08,30.73,76.77,Chandigarh,37,24,38,25,-1
Chandigarh,2025-05-09,30.73,76.77,Chandigarh,38,24,38,25,0
Chandigarh,2025-05-10,30.73,76.77,Chandigarh,37,24,38,25,-1
Chandigarh,2025-05-11,30.73,76.77,Chandigarh,39,23,38,24,1
Chandigarh,2025-05-12,30.73,76.77,Chandigarh,39,23,38,24,1
Chandigarh,2025-05-13,30.73,76.77,Chandigarh,40,24,38,24,2
Chandigarh,2025-05-14,30.73,76.77,Chandigarh,41,25,38,24,3
Chandigarh,2025-05-15,30.73,76.77,Chandigarh,42,25,38,24,4
Chandigarh,2025-05-16,30.73,76.77,Chandigarh,39,20,39,25,0
Chandigarh,2025-05-17,30.73,76.77,Chandigarh,41,26,39,25,2
Chandigarh,2025-05-18,30.73,76.77,Chandigarh,38,29,39,25,-1
Chandigarh,2025-05-19,30.73,76.77,Chandigarh,40,29,39,25,1
Chandigarh,2025-05-20,30.73,76.77,Chandigarh,41,30,39,25,2
Chandigarh,2025-05-21,30.73,76.77,Chandigarh,39,31,40,26,-1
Chandigarh,2025-05-22,30.73,76.77,Chandigarh,34,22,40,26,-6
Chandigarh,2025-05-23,30.73,76.77,Chandigarh,37,28,40,26,-3
Chandigarh,2025-05-24,30.73,76.77,Chandigarh,37,30,40,26,-3
Chandigarh,2025-05-25,30.73,76.77,Chandigarh,35,23,40,26,-5
Chandigarh,2025-05-26,30.73,76.77,Chandigarh,37,24,40,26,-3
Chandigarh,2025-05-27,30.73,76.77,Chandigarh,38,27,40,26,-2
Chandigarh,2025-05-28,30.73,76.77,Chandigarh,39,29,40,26,-1
Chandigarh,2025-05-29,30.73,76.77,Chandigarh,41,28,40,26,1
Chandigarh,2025-05-30,30.73,76.77,Chandigarh,36,21,40,26,-4
Chandigarh,2025-05-31,30.73,76.77,Chandigarh,40,24,39,26,1
Chandigarh,2025-06-01,30.73,76.77,Chandigarh,40,22,39,26,1
Chandigarh,2025-06-02,30.73,76.77,Chandigarh,27,24,39,26,-12
Chandigarh,2025-06-03,30.73,76.77,Chandigarh,36,21,39,26,-3
Chandigarh,2025-06-04,30.73,76.77,Chandigarh,35,22,39,26,-4
Chandigarh,2025-06-05,30.73,76.77,Chandigarh,36,21,39,26,-3
Chandigarh,2025-06-06,30.73,76.77,Chandigarh,38,25,39,26,-1
Chandigarh,2025-06-07,30.73,76.77,Chandigarh,40,27,39,26,1
Chandigarh,2025-06-08,30.73,76.77,Chandigarh,42,29,39,26,3
Chandigarh,2025-06-09,30.73,76.77,Chandigarh,44,28,39,26,5
Chandigarh,2025-06-10,30.73,76.77,Chandigarh,44,29,39,26,5
Chandigarh,2025-06-11,30.73,76.77,Chandigarh,42,32,39,26,3
Chandigarh,2025-06-12,30.73,76.77,Chandigarh,42,32,39,26,3
Chandigarh,2025-06-13,30.73,76.77,Chandigarh,40,33,39,26,1
Chandigarh,2025-06-14,30.73,76.77,Chandigarh,42,29,39,26,3
Chandigarh,2025-06-15,30.73,76.77,Chandigarh,38,28,37,27,1
Chandigarh,2025-06-16,30.73,76.77,Chandigarh,37,28,37,27,0
Chandigarh,2025-06-17,30.73,76.77,Chandigarh,31,25,37,27,-6
Chandigarh,2025-06-18,30.73,76.77,Chandigarh,36,26,37,27,-1
Chandigarh,2025-06-19,30.73,76.77,Chandigarh,37,28,37,27,0
Chandigarh,2025-06-20,30.73,76.77,Chandigarh,34,27,38,28,-4
Chandigarh,2025-06-21,30.73,76.77,Chandigarh,36,28,38,28,-2
Chandigarh,2025-06-22,30.73,76.77,Chandigarh,34,28,38,28,-4
Chandigarh,2025-06-23,30.73,76.77,Chandigarh,35,25,37,26,-2
Chandigarh,2025-06-24,30.73,76.77,Chandigarh,34,27,38,28,-4
Chandigarh,2025-06-25,30.73,76.77,Chandigarh,29,27,36,27,-7
Chandigarh,2025-06-26,30.73,76.77,Chandigarh,37,27,36,27,1
Chandigarh,2025-06-27,30.73,76.77,Chandigarh,37,29,36,27,1
Chandigarh,2025-06-28,30.73,76.77,Chandigarh,34,24,36,27,-2
Chandigarh,2025-06-29,30.73,76.77,Chandigarh,30,24,36,27,-6
Chandigarh,2025-06-30,30.73,76.77,Chandigarh,31,24,36,27,-5
Chandigarh,2025-07-01,30.73,76.77,Chandigarh,30,25,36,27,-6
Chandigarh,2025-07-02,30.73,76.77,Chandigarh,36,26,35,27,1
Chandigarh,2025-07-03,30.73,76.77,Chandigarh,35,28,36,27,-1
Chandigarh,2025-07-04,30.73,76.77,Chandigarh,34,28,36,27,-2
Chandigarh,2025-07-05,30.73,76.77,Chandigarh,34,28,34,27,0
Chandigarh,2025-07-06,30.73,76.77,Chandigarh,33,28,34,27,-1
Chandigarh,2025-07-07,30.73,76.77,Chandigarh,36,28,34,27,2
Chandigarh,2025-07-08,30.73,76.77,Chandigarh,35,27,34,27,1
Chandigarh,2025-07-09,30.73,76.77,Chandigarh,34,27,34,27,0
Chandigarh,2025-07-10,30.73,76.77,Chandigarh,31,24,34,27,-3
Chandigarh,2025-07-11,30.73,76.77,Chandigarh,35,26,34,27,1
Chandigarh,2025-07-12,30.73,76.77,Chandigarh,34,27,34,27,0
Chandigarh,2025-07-13,30.73,76.77,Chandigarh,35,27,34,27,1
Chandigarh,2025-07-14,30.73,76.77,Chandigarh,34,26,34,27,0
Chandigarh,2025-07-15,30.73,76.77,Chandigarh,35,27,33,27,2
Chandigarh,2025-07-16,30.73,76.77,Chandigarh,32,24,33,27,-1
Chandigarh,2025-07-17,30.73,76.77,Chandigarh,34,26,33,27,1
Chandigarh,2025-07-18,30.73,76.77,Chandigarh,31,28,34,26,-3
Chandigarh,2025-07-19,30.73,76.77,Chandigarh,35,27,33,27,2
Chandigarh,2025-07-20,30.73,76.77,Chandigarh,34,28,34,27,0
Chandigarh,2025-07-21,30.73,76.77,Chandigarh,28,27,34,27,-6
Chandigarh,2025-07-22,30.73,76.77,Chandigarh,29,25,34,27,-5
Chandigarh,2025-07-23,30.73,76.77,Chandigarh,35,25,34,27,1
Chandigarh,2025-07-24,30.73,76.77,Chandigarh,36,26,34,27,2
Chandigarh,2025-07-25,30.73,76.77,Chandigarh,37,27,34,27,3
Chandigarh,2025-07-26,30.73,76.77,Chandigarh,37,28,34,27,3
Chandigarh,2025-07-27,30.73,76.77,Chandigarh,33,29,34,27,-1
Chandigarh,2025-07-28,30.73,76.77,Chandigarh,32,27,34,27,-2
Chandigarh,2025-07-29,30.73,76.77,Chandigarh,30,25,34,26,-4
Chandigarh,2025-07-30,30.73,76.77,Chandigarh,34,27,33,27,1
Chandigarh,2025-07-31,30.73,76.77,Chandigarh,30,24,33,27,-3
Chandigarh,2025-08-01,30.73,76.77,Chandigarh,31,26,33,27,-2
Chandigarh,2025-08-02,30.73,76.77,Chandigarh,33,26,33,27,0
Chandigarh,2025-08-03,30.73,76.77,Chandigarh,35,26,33,27,2
Chandigarh,2025-08-04,30.73,76.77,Chandigarh,34,26,33,27,1
Chandigarh,2025-08-05,30.73,76.77,Chandigarh,31,25,33,27,-2
Chandigarh,2025-08-06,30.73,76.77,Chandigarh,35,24,33,27,2
Chandigarh,2025-08-07,30.73,76.77,Chandigarh,35,24,33,27,2
Chandigarh,2025-08-08,30.73,76.77,Chandigarh,36,26,33,27,3
Chandigarh,2025-08-09,30.73,76.77,Chandigarh,33,24,34,26,-1
Chandigarh,2025-08-10,30.73,76.77,Chandigarh,35,26,34,26,1
Chandigarh,2025-08-11,30.73,76.77,Chandigarh,30,27,34,26,-4
Chandigarh,2025-08-12,30.73,76.77,Chandigarh,32,24,34,26,-2
Chandigarh,2025-08-13,30.73,76.77,Chandigarh,35,26,34,26,1
Chandigarh,2025-08-14,30.73,76.77,Chandigarh,29,26,33,26,-4
Chandigarh,2025-08-15,30.73,76.77,Chandigarh,34,25,33,26,1
Chandigarh,2025-08-16,30.73,76.77,Chandigarh,34,26,33,26,1
Chandigarh,2025-08-17,30.73,76.77,Chandigarh,29,26,33,26,-4
Chandigarh,2025-08-18,30.73,76.77,Chandigarh,34,26,33,26,1
Chandigarh,2025-08-19,30.73,76.77,Chandigarh,36,25,33,26,3
Chandigarh,2025-08-20,30.73,76.77,Chandigarh,33,25,33,26,0
Chandigarh,2025-08-21,30.73,76.77,Chandigarh,35,25,33,26,2
Chandigarh,2025-08-22,30.73,76.77,Chandigarh,36,26,33,26,3
Chandigarh,2025-08-23,30.73,76.77,Chandigarh,34,26,33,26,1
Chandigarh,2025-08-24,30.73,76.77,Chandigarh,35,27,34,26,1
Chandigarh,2025-08-25,30.73,76.77,Chandigarh,30,24,34,26,-4
Chandigarh,2025-08-26,30.73,76.77,Chandigarh,30,24,34,26,-4
Chandigarh,2025-08-27,30.73,76.77,Chandigarh,34,25,34,26,0
Chandigarh,2025-08-28,30.73,76.77,Chandigarh,35,26,34,26,1
Chandigarh,2025-08-29,30.73,76.77,Chandigarh,32,24,34,26,-2
Chandigarh,2025-08-30,30.73,76.77,Chandigarh,34,25,34,26,0
Chandigarh,2025-08-31,30.73,76.77,Chandigarh,28,27,34,26,-6
Chandigarh,2025-09-01,30.73,76.77,Chandigarh,26,23,34,26,-8
Chandigarh,2025-09-02,30.73,76.77,Chandigarh,28,22,34,26,-6
Chandigarh,2025-09-03,30.73,76.77,Chandigarh,29,22,33,25,-4
Chandigarh,2025-09-04,30.73,76.77,Chandigarh,29,24,33,25,-4
Chandigarh,2025-09-05,30.73,76.77,Chandigarh,35,23,33,25,2
Chandigarh,2025-09-07,30.73,76.77,Chandigarh,34,24,33,25,1
Chandigarh,2025-09-08,30.73,76.77,Chandigarh,35,25,33,25,2
Chandigarh,2025-09-09,30.73,76.77,Chandigarh,33,25,33,24,0
Chandigarh,2025-09-10,30.73,76.77,Chandigarh,33,26,33,24,0
Chandigarh,2025-09-11,30.73,76.77,Chandigarh,34,24,33,24,1
Chandigarh,2025-09-12,30.73,76.77,Chandigarh,33,26,33,25,0
Chandigarh,2025-09-13,30.73,76.77,Chandigarh,34,26,33,24,1
Chandigarh,2025-09-14,30.73,76.77,Chandigarh,34,25,33,24,1
Chandigarh,2025-09-15,30.73,76.77,Chandigarh,34,26,33,24,1
Chandigarh,2025-09-16,30.73,76.77,Chandigarh,33,24,33,24,0
Chandigarh,2025-09-17,30.73,76.77,Chandigarh,35,25,33,24,2
Chandigarh,2025-09-18,30.73,76.77,Chandigarh,32,24,33,24,-1
Chandigarh,2025-09-19,30.73,76.77,Chandigarh,34,25,33,24,1
Chandigarh,2025-09-20,30.73,76.77,Chandigarh,34,23,33,24,1
Chandigarh,2025-09-21,30.73,76.77,Chandigarh,34,24,33,24,1
Chandigarh,2025-09-22,30.73,76.77,Chandigarh,35,25,33,24,2
Chandigarh,2025-09-23,30.73,76.77,Chandigarh,35,25,32,23,3
Chandigarh,2025-09-24,30.73,76.77,Chandigarh,35,24,32,23,3
Chandigarh,2025-09-25,30.73,76.77,Chandigarh,36,24,32,23,4
Chandigarh,2025-09-26,30.73,76.77,Chandigarh,36,24,32,23,4
Chandigarh,2025-09-27,30.73,76.77,Chandigarh,37,24,32,23,5
Chandigarh,2025-09-28,30.73,76.77,Chandigarh,36,25,33,22,3
Chandigarh,2025-09-29,30.73,76.77,Chandigarh,37,25,33,22,4
Chandigarh,2025-09-30,30.73,76.77,Chandigarh,37,24,33,22,4
Chandigarh,2025-10-01,30.73,76.77,Chandigarh,34,23,33,22,1
Chandigarh,2025-10-02,30.73,76.77,Chandigarh,35,24,33,22,2
Chandigarh,2025-10-03,30.73,76.77,Chandigarh,34,23,33,21,1
Chandigarh,2025-10-04,30.73,76.77,Chandigarh,34,23,33,21,1
Chandigarh,2025-10-06,30.73,76.77,Chandigarh,25,22,33,21,-8
Chandigarh,2025-10-07,30.73,76.77,Chandigarh,22,18,33,21,-11
Chandigarh,2025-10-08,30.73,76.77,Chandigarh,30,16,32,19,-2
Chandigarh,2025-10-09,30.73,76.77,Chandigarh,31,17,32,19,-1
Chandigarh,2025-10-10,30.73,76.77,Chandigarh,31,18,32,19,-1
Chandigarh,2025-10-11,30.73,76.77,Chandigarh,32,18,32,19,0
Chandigarh,2025-10-12,30.73,76.77,Chandigarh,32,17,32,19,0
Chandigarh,2025-10-13,30.73,76.77,Chandigarh,33,18,32,18,1
Chandigarh,2025-10-14,30.73,76.77,Chandigarh,32,18,32,18,0
Chandigarh,2025-10-15,30.73,76.77,Chandigarh,33,19,32,18,1
Chandigarh,2025-10-16,30.73,76.77,Chandigarh,33,19,32,18,1
Chandigarh,2025-10-17,30.73,76.77,Chandigarh,33,18,32,18,1
Chandigarh,2025-10-18,30.73,76.77,Chandigarh,34,18,31,16,3
Chandigarh,2025-10-19,30.73,76.77,Chandigarh,34,17,31,16,3
Chandigarh,2025-10-20,30.73,76.77,Chandigarh,33,17,31,16,2
Chandigarh,2025-10-21,30.73,76.77,Chandigarh,34,19,31,16,3
Chandigarh,2025-10-22,30.73,76.77,Chandigarh,33,20,31,16,2
Chandigarh,2025-10-23,30.73,76.77,Chandigarh,33,18,30,15,3
Chandigarh,2025-10-24,30.73,76.77,Chandigarh,33,17,30,15,3
Chandigarh,2025-10-25,30.73,76.77,Chandigarh,32,17,30,15,2
Chandigarh,2025-10-26,30.73,76.77,Chandigarh,32,17,30,15,2
Chandigarh,2025-10-27,30.73,76.77,Chandigarh,33,16,30,15,3
Chandigarh,2025-10-29,30.73,76.77,Chandigarh,30,17,29,14,1
Chandigarh,2025-10-30,30.73,76.77,Chandigarh,32,17,29,14,3
Chandigarh,2025-10-31,30.73,76.77,Chandigarh,31,19,29,14,2
Chandigarh,2025-11-01,30.73,76.77,Chandigarh,30,16,29,14,1
Chandigarh,2025-11-02,30.73,76.77,Chandigarh,30,17,29,15,1
Chandigarh,2025-11-03,30.73,76.77,Chandigarh,31,15,29,15,2
Chandigarh,2025-11-04,30.73,76.77,Chandigarh,30,14,29,15,1
Chandigarh,2025-11-05,30.73,76.77,Chandigarh,30,16,29,15,1
Chandigarh,2025-11-06,30.73,76.77,Chandigarh,28,13,29,15,-1
Chandigarh,2026-01-06,30.73,76.77,Chandigarh,13,7,16,6,-3
Chandigarh,2026-01-07,30.73,76.77,Chandigarh,13,7,16,6,-3
Chandigarh,2026-01-08,30.73,76.77,Chandigarh,16,7,16,6,0
Chandigarh,2026-01-09,30.73,76.77,Chandigarh,17,6,16,6,1
Chandigarh,2026-01-10,30.73,76.77,Chandigarh,18,4,16,6,2
Chandigarh,2026-01-11,30.73,76.77,Chandigarh,14,5,18,6,-4
Chandigarh,2026-01-12,30.73,76.77,Chandigarh,14,3,18,6,-4
Chandigarh,2026-01-13,30.73,76.77,Chandigarh,15,2,18,6,-3
Chandigarh,2026-01-14,30.73,76.77,Chandigarh,8,3,18,6,-10
Chandigarh,2026-01-15,30.73,76.77,Chandigarh,13,4,18,6,-5
Chandigarh,2026-01-16,30.73,76.77,Chandigarh,19,5,18,7,1
Chandigarh,2026-01-17,30.73,76.77,Chandigarh,22,6,18,7,4
Chandigarh,2026-01-18,30.73,76.77,Chandigarh,23,5,18,7,5
Chandigarh,2026-01-19,30.73,76.77,Chandigarh,24,6,18,7,6
Chandigarh,2026-01-20,30.73,76.77,Chandigarh,25,6,18,7,7
Chandigarh,2026-01-21,30.73,76.77,Chandigarh,24,5,18,7,6
Chandigarh,2026-01-22,30.73,76.77,Chandigarh,26,4,18,7,8
Chandigarh,2026-01-23,30.73,76.77,Chandigarh,13,10,18,7,-5
Chandigarh,2026-01-24,30.73,76.77,Chandigarh,14,5,18,7,-4
Chandigarh,2026-01-25,30.73,76.77,Chandigarh,19,6,18,7,1
Chandigarh,2026-01-26,30.73,76.77,Chandigarh,20,6,19,7,1
Chandigarh,2026-01-27,30.73,76.77,Chandigarh,15,10,19,7,-4
Chandigarh,2026-01-28,30.73,76.77,Chandigarh,18,10,19,7,-1
Chandigarh,2026-01-29,30.73,76.77,Chandigarh,21,6,19,7,2
Chandigarh,2026-01-30,30.73,76.77,Chandigarh,22,8,19,7,3
Chandigarh,2026-01-31,30.73,76.77,Chandigarh,20,7,,,
Chandigarh,2026-02-01,30.73,76.77,Chandigarh,21,11,21,8,0
Chandigarh,2026-02-02,30.73,76.77,Chandigarh,21,9,21,8,0
Chandigarh,2026-02-03,30.73,76.77,Chandigarh,20,9,21,8,-1
Chandigarh,2026-02-04,30.73,76.77,Chandigarh,22,7,21,8,1
Chandigarh,2026-02-08,30.73,76.77,Chandigarh,23,8,21,9,2
Chandigarh,2026-02-09,30.73,76.77,Chandigarh,22,9,21,9,1
Chandigarh,2026-02-10,30.73,76.77,Chandigarh,25,9,22,9,3
Chandigarh,2026-02-11,30.73,76.77,Chandigarh,25,9,22,9,3
Chandigarh,2026-02-12,30.73,76.77,Chandigarh,24,9,22,9,2
Chandigarh,2026-02-13,30.73,76.77,Chandigarh,25,10,22,9,3
Chandigarh,2026-02-14,30.73,76.77,Chandigarh,25,9,22,9,3
Chandigarh,2026-02-15,30.73,76.77,Chandigarh,26,10,22,10,4
Chandigarh,2026-02-16,30.73,76.77,Chandigarh,27,9,22,10,5
Chandigarh,2026-02-17,30.73,76.77,Chandigarh,29,11,22,10,7
Chandigarh,2026-02-18,30.73,76.77,Chandigarh,25,15,22,10,3
Chandigarh,2026-02-19,30.73,76.77,Chandigarh,27,13,22,10,5
Chandigarh,2026-02-20,30.73,76.77,Chandigarh,28,11,24,12,4
Chandigarh,2026-02-21,30.73,76.77,Chandigarh,26,12,24,12,2
Chandigarh,2026-02-25,30.73,76.77,Chandigarh,27,13,24,11,3
Chandigarh,2026-02-26,30.73,76.77,Chandigarh,27,14,24,11,3
Chandigarh,2026-02-27,30.73,76.77,Chandigarh,29,12,24,11,5
Chandigarh,2026-02-28,30.73,76.77,Chandigarh,29,14,24,11,5
Chandigarh,2026-03-01,30.73,76.77,Chandigarh,29,12,24,11,5
Chandigarh,2026-03-02,30.73,76.77,Chandigarh,29,13,25,12,4
Chandigarh,2026-03-03,30.73,76.77,Chandigarh,29,13,25,12,4
Chandigarh,2026-03-04,30.73,76.77,Chandigarh,31,13,25,12,6
Chandigarh,2026-03-05,30.73,76.77,Chandigarh,33,16,25,12,8
Chandigarh,2026-03-06,30.73,76.77,Chandigarh,31,16,25,12,6
Chandigarh,2026-03-07,30.73,76.77,Chandigarh,32,18,26,12,6
Chandigarh,2026-03-08,30.73,76.77,Chandigarh,32,17,26,12,6
Chandigarh,2026-03-09,30.73,76.77,Chandigarh,33,16,26,12,7
Chandigarh,2026-03-10,30.73,76.77,Chandigarh,32,19,26,12,6
Chandigarh,2026-03-11,30.73,76.77,Chandigarh,34,15,26,12,8
Chandigarh,2026-03-12,30.73,76.77,Chandigarh,33,16,26,13,7
Chandigarh,2026-03-13,30.73,76.77,Chandigarh,30,17,26,13,4
Chandigarh,2026-03-14,30.73,76.77,Chandigarh,30,15,26,13,4
Chandigarh,2026-03-15,30.73,76.77,Chandigarh,26,14,26,13,0
Chandigarh,2026-03-16,30.73,76.77,Chandigarh,26,12,26,13,0
Chandigarh,2026-03-17,30.73,76.77,Chandigarh,29,12,28,15,1
Chandigarh,2026-03-18,30.73,76.77,Chandigarh,27,13,28,15,-1
Chandigarh,2026-03-19,30.73,76.77,Chandigarh,20,14,28,15,-8
Chandigarh,2026-03-20,30.73,76.77,Chandigarh,18,14,28,15,-10
Chandigarh,2026-03-21,30.73,76.77,Chandigarh,25,9,28,15,-3
Chandigarh,2026-03-22,30.73,76.77,Chandigarh,28,13,30,16,-2
Chandigarh,2026-03-23,30.73,76.77,Chandigarh,29,15,30,16,-1
Chandigarh,2026-03-24,30.73,76.77,Chandigarh,29,14,30,16,-1
Chandigarh,2026-03-25,30.73,76.77,Chandigarh,31,14,30,16,1
Chandigarh,2026-03-26,30.73,76.77,Chandigarh,32,18,30,16,2
Chandigarh,2026-03-27,30.73,76.77,Chandigarh,30,18,31,17,-1
Chandigarh,2026-03-28,30.73,76.77,Chandigarh,32,16,31,17,1
Chandigarh,2026-03-29,30.73,76.77,Chandigarh,27,19,31,17,-4
Chandigarh,2026-03-30,30.73,76.77,Chandigarh,31,19,31,17,0
Chandigarh,2026-03-31,30.73,76.77,Chandigarh,33,16,31,17,2
Chandigarh,2026-04-01,30.73,76.77,Chandigarh,32,15,32,18,0
Chandigarh,2026-04-02,30.73,76.77,Chandigarh,35,17,32,18,3
Chandigarh,2026-04-03,30.73,76.77,Chandigarh,31,19,32,18,-1
Chandigarh,2026-04-04,30.73,76.77,Chandigarh,30,17,32,18,-2
Chandigarh,2026-04-05,30.73,76.77,Chandigarh,30,16,32,18,-2
Chandigarh,2026-04-06,30.73,76.77,Chandigarh,31,14,33,18,-2
Chandigarh,2026-04-07,30.73,76.77,Chandigarh,27,18,33,18,-6
Chandigarh,2026-04-08,30.73,76.77,Chandigarh,24,13,33,18,-9
Chandigarh,2026-04-09,30.73,76.77,Chandigarh,28,12,33,18,-5
Chandigarh,2026-04-10,30.73,76.77,Chandigarh,29,12,33,18,-4
Chandigarh,2026-04-11,30.73,76.77,Chandigarh,32,15,34,19,-2
Chandigarh,2026-04-12,30.73,76.77,Chandigarh,31,14,34,19,-3
Chandigarh,2026-04-13,30.73,76.77,Chandigarh,33,15,34,19,-1
Chandigarh,2026-04-14,30.73,76.77,Chandigarh,35,15,34,19,1
Chandigarh,2026-04-16,30.73,76.77,Chandigarh,38,16,35,21,3
Chandigarh,2026-04-17,30.73,76.77,Chandigarh,36,20,35,21,1
Chandigarh,2026-04-18,30.73,76.77,Chandigarh,40,19,35,21,5
Chandigarh,2026-04-19,30.73,76.77,Chandigarh,39,20,35,21,4
Chandigarh,2026-04-20,30.73,76.77,Chandigarh,38,18,35,21,3
Chandigarh,2026-04-21,30.73,76.77,Chandigarh,38,18,35,21,3
Chandigarh,2026-04-22,30.73,76.77,Chandigarh,39,20,35,21,4
Chandigarh,2026-04-23,30.73,76.77,Chandigarh,40,20,35,21,5
Chandigarh,2026-04-24,30.73,76.77,Chandigarh,41,23,35,21,6
Chandigarh,2026-04-25,30.73,76.77,Chandigarh,41,23,35,21,6
Chandigarh,2026-04-26,30.73,76.77,Chandigarh,40,22,36,22,4
Chandigarh,2026-04-27,30.73,76.77,Chandigarh,41,20,36,22,5
Chandigarh,2026-04-28,30.73,76.77,Chandigarh,33,24,36,22,-3
Chandigarh,2026-04-29,30.73,76.77,Chandigarh,36,21,36,22,0
Chandigarh,2026-04-30,30.73,76.77,Chandigarh,36,20,36,22,0
Chandigarh,2026-05-01,30.73,76.77,Chandigarh,35,19,37,23,-2
Chandigarh,2026-05-02,30.73,76.77,Chandigarh,36,21,37,23,-1
Chandigarh,2026-05-03,30.73,76.77,Chandigarh,33,17,37,23,-4
Chandigarh,2026-05-04,30.73,76.77,Chandigarh,31,20,37,23,-6
Chandigarh,2026-05-05,30.73,76.77,Chandigarh,31,20,37,23,-6
Chandigarh,2026-05-06,30.73,76.77,Chandigarh,34,18,37,24,-3
Chandigarh,2026-05-07,30.73,76.77,Chandigarh,30,20,37,24,-7
Chandigarh,2026-05-08,30.73,76.77,Chandigarh,33,19,37,24,-4
Chandigarh,2026-05-09,30.73,76.77,Chandigarh,35,21,37,24,-2
Chandigarh,2026-05-11,30.73,76.77,Chandigarh,36,21,37,23,-1
Chandigarh,2026-05-12,30.73,76.77,Chandigarh,34,22,37,23,-3
Chandigarh,2026-05-13,30.73,76.77,Chandigarh,38,23,37,23,1
Chandigarh,2026-05-14,30.73,76.77,Chandigarh,38,19,37,23,1
Chandigarh,2026-05-15,30.73,76.77,Chandigarh,37,24,37,23,0
Chandigarh,2026-05-16,30.73,76.77,Chandigarh,39,22,38,25,1
Chandigarh,2026-05-17,30.73,76.77,Chandigarh,40,22,38,25,2
Jaipur (amo),2025-05-07,26.91,75.79,Rajasthan,35,25,41,27,-6
Jaipur (amo),2025-05-06,26.91,75.79,Rajasthan,33,23,41,27,-8
Jaipur (amo),2025-05-08,26.91,75.79,Rajasthan,35,27,41,27,-6
Jaipur (amo),2025-05-09,26.91,75.79,Rajasthan,35,23,41,27,-6
Jaipur (amo),2025-05-10,26.91,75.79,Rajasthan,38,27,41,27,-3
Jaipur (amo),2025-05-11,26.91,75.79,Rajasthan,40,27,41,26,-1
Jaipur (amo),2025-05-12,26.91,75.79,Rajasthan,40,27,41,26,-1
Jaipur (amo),2025-05-13,26.91,75.79,Rajasthan,40,26,41,26,-1
Jaipur (amo),2025-05-14,26.91,75.79,Rajasthan,42,26,41,26,1
Jaipur (amo),2025-05-15,26.91,75.79,Rajasthan,42,27,41,26,1
Jaipur (amo),2025-05-16,26.91,75.79,Rajasthan,43,31,42,28,1
Jaipur (amo),2025-05-17,26.91,75.79,Rajasthan,43,31,42,28,1
Jaipur (amo),2025-05-18,26.91,75.79,Rajasthan,44,31,42,28,2
Jaipur (amo),2025-05-19,26.91,75.79,Rajasthan,45,32,42,28,3
Jaipur (amo),2025-05-20,26.91,75.79,Rajasthan,44,31,42,28,2
Jaipur (amo),2025-05-21,26.91,75.79,Rajasthan,45,32,41,28,4
Jaipur (amo),2025-05-22,26.91,75.79,Rajasthan,43,27,41,28,2
Jaipur (amo),2025-05-23,26.91,75.79,Rajasthan,43,30,41,28,2
Jaipur (amo),2025-05-24,26.91,75.79,Rajasthan,42,31,41,28,1
Jaipur (amo),2025-05-25,26.91,75.79,Rajasthan,39,24,41,28,-2
Jaipur (amo),2025-05-26,26.91,75.79,Rajasthan,39,28,42,28,-3
Jaipur (amo),2025-05-27,26.91,75.79,Rajasthan,41,29,42,28,-1
Jaipur (amo),2025-05-28,26.91,75.79,Rajasthan,42,31,42,28,0
Jaipur (amo),2025-05-29,26.91,75.79,Rajasthan,40,31,42,28,-2
Jaipur (amo),2025-05-30,26.91,75.79,Rajasthan,36,30,42,28,-6
Jaipur (amo),2025-05-31,26.91,75.79,Rajasthan,40,27,41,28,-1
Jaipur (amo),2025-06-01,26.91,75.79,Rajasthan,40,30,41,28,-1
Jaipur (amo),2025-06-02,26.91,75.79,Rajasthan,37,26,41,28,-4
Jaipur (amo),2025-06-03,26.91,75.79,Rajasthan,30,22,41,28,-11
Jaipur (amo),2025-06-04,26.91,75.79,Rajasthan,32,22,41,28,-9
Jaipur (amo),2025-06-05,26.91,75.79,Rajasthan,35,20,41,28,-6
Jaipur (amo),2025-06-06,26.91,75.79,Rajasthan,40,26,41,28,-1
Jaipur (amo),2025-06-07,26.91,75.79,Rajasthan,42,28,41,28,1
Jaipur (amo),2025-06-08,26.91,75.79,Rajasthan,44,32,41,28,3
Jaipur (amo),2025-06-09,26.91,75.79,Rajasthan,44,32,41,28,3
Jaipur (amo),2025-06-10,26.91,75.79,Rajasthan,44,32,40,28,4
Jaipur (amo),2025-06-11,26.91,75.79,Rajasthan,44,32,40,28,4
Jaipur (amo),2025-06-13,26.91,75.79,Rajasthan,45,34,40,28,5
Jaipur (amo),2025-06-14,26.91,75.79,Rajasthan,42,31,40,28,2
Jaipur (amo),2025-06-15,26.91,75.79,Rajasthan,40,30,40,28,0
Jaipur (amo),2025-06-16,26.91,75.79,Rajasthan,36,25,40,28,-4
Jaipur (amo),2025-06-17,26.91,75.79,Rajasthan,34,26,40,28,-6
Jaipur (amo),2025-06-18,26.91,75.79,Rajasthan,33,25,40,28,-7
Jaipur (amo),2025-06-19,26.91,75.79,Rajasthan,35,26,40,28,-5
Jaipur (amo),2025-06-20,26.91,75.79,Rajasthan,28,25,39,28,-11
Jaipur (amo),2025-06-21,26.91,75.79,Rajasthan,34,25,39,28,-5
Jaipur (amo),2025-06-22,26.91,75.79,Rajasthan,36,26,39,28,-3
Jaipur (amo),2025-06-23,26.91,75.79,Rajasthan,32,26,39,28,-7
Jaipur (amo),2025-06-24,26.91,75.79,Rajasthan,34,26,39,28,-5
Jaipur (amo),2025-06-25,26.91,75.79,Rajasthan,35,26,38,27,-3
Jaipur (amo),2025-06-26,26.91,75.79,Rajasthan,34,27,38,27,-4
Jaipur (amo),2025-06-27,26.91,75.79,Rajasthan,33,25,38,27,-5
Jaipur (amo),2025-06-28,26.91,75.79,Rajasthan,34,26,38,27,-4
Jaipur (amo),2025-06-29,26.91,75.79,Rajasthan,35,26,38,27,-3
Jaipur (amo),2025-06-30,26.91,75.79,Rajasthan,34,26,37,27,-3
Jaipur (amo),2025-07-01,26.91,75.79,Rajasthan,32,28,37,27,-5
Jaipur (amo),2025-07-02,26.91,75.79,Rajasthan,34,27,37,27,-3
Jaipur (amo),2025-07-03,26.91,75.79,Rajasthan,34,26,37,27,-3
Jaipur (amo),2025-07-04,26.91,75.79,Rajasthan,35,27,37,27,-2
Jaipur (amo),2025-07-05,26.91,75.79,Rajasthan,31,28,37,27,-6
Jaipur (amo),2025-07-06,26.91,75.79,Rajasthan,34,26,37,27,-3
Jaipur (amo),2025-07-07,26.91,75.79,Rajasthan,34,24,37,27,-3
Jaipur (amo),2025-07-08,26.91,75.79,Rajasthan,35,27,37,27,-2
Jaipur (amo),2025-07-09,26.91,75.79,Rajasthan,35,28,37,27,-2
Jaipur (amo),2025-07-10,26.91,75.79,Rajasthan,33,26,35,26,-2
Jaipur (amo),2025-07-11,26.91,75.79,Rajasthan,29,24,35,26,-6
Jaipur (amo),2025-07-12,26.91,75.79,Rajasthan,32,25,35,26,-3
Jaipur (amo),2025-07-13,26.91,75.79,Rajasthan,32,26,35,26,-3
Jaipur (amo),2025-07-14,26.91,75.79,Rajasthan,29,25,35,26,-6
Jaipur (amo),2025-07-16,26.91,75.79,Rajasthan,33,24,34,26,-1
Jaipur (amo),2025-07-17,26.91,75.79,Rajasthan,30,26,34,26,-4
Jaipur (amo),2025-07-18,26.91,75.79,Rajasthan,32,26,34,26,-2
Jaipur (amo),2025-07-20,26.91,75.79,Rajasthan,31,25,34,26,-3
Jaipur (amo),2025-07-21,26.91,75.79,Rajasthan,32,27,34,26,-2
Jaipur (amo),2025-07-22,26.91,75.79,Rajasthan,35,28,34,26,1
Jaipur (amo),2025-07-23,26.91,75.79,Rajasthan,34,27,34,26,0
Jaipur (amo),2025-07-24,26.91,75.79,Rajasthan,36,26,34,26,2
Jaipur (amo),2025-07-25,26.91,75.79,Rajasthan,36,27,33,26,3
Jaipur (amo),2025-07-26,26.91,75.79,Rajasthan,32,23,33,26,-1
Jaipur (amo),2025-07-28,26.91,75.79,Rajasthan,34,28,33,26,1
Jaipur (amo),2025-07-30,26.91,75.79,Rajasthan,28,25,33,25,-5
Jaipur (amo),2025-07-31,26.91,75.79,Rajasthan,26,25,33,25,-7
Jaipur (amo),2025-08-01,26.91,75.79,Rajasthan,32,25,33,25,-1
Jaipur (amo),2025-08-02,26.91,75.79,Rajasthan,34,25,33,25,1
Jaipur (amo),2025-08-03,26.91,75.79,Rajasthan,33,27,33,25,0
Jaipur (amo),2025-08-04,26.91,75.79,Rajasthan,32,26,33,25,-1
Jaipur (amo),2025-08-05,26.91,75.79,Rajasthan,34,26,33,25,1
Jaipur (amo),2025-08-06,26.91,75.79,Rajasthan,34,26,33,25,1
Jaipur (amo),2025-08-07,26.91,75.79,Rajasthan,35,26,33,25,2
Jaipur (amo),2025-08-08,26.91,75.79,Rajasthan,35,26,33,25,2
Jaipur (amo),2025-08-09,26.91,75.79,Rajasthan,33,27,32,25,1
Jaipur (amo),2025-08-10,26.91,75.79,Rajasthan,31,27,32,25,-1
Jaipur (amo),2025-08-11,26.91,75.79,Rajasthan,35,27,32,25,3
Jaipur (amo),2025-08-12,26.91,75.79,Rajasthan,35,27,32,25,3
Jaipur (amo),2025-08-13,26.91,75.79,Rajasthan,35,28,32,25,3
Jaipur (amo),2025-08-14,26.91,75.79,Rajasthan,30,27,32,25,-2
Jaipur (amo),2025-08-15,26.91,75.79,Rajasthan,34,26,32,25,2
Jaipur (amo),2025-08-16,26.91,75.79,Rajasthan,33,28,32,25,1
Jaipur (amo),2025-08-17,26.91,75.79,Rajasthan,35,27,32,25,3
Jaipur (amo),2025-08-18,26.91,75.79,Rajasthan,35,28,32,25,3
Jaipur (amo),2025-08-19,26.91,75.79,Rajasthan,35,27,33,25,2
Jaipur (amo),2025-08-20,26.91,75.79,Rajasthan,34,27,33,25,1
Jaipur (amo),2025-08-21,26.91,75.79,Rajasthan,31,23,33,25,-2
Jaipur (amo),2025-08-22,26.91,75.79,Rajasthan,29,25,33,25,-4
Jaipur (amo),2025-08-23,26.91,75.79,Rajasthan,28,26,33,25,-5
Jaipur (amo),2025-08-24,26.91,75.79,Rajasthan,31,23,33,25,-2
Jaipur (amo),2025-08-25,26.91,75.79,Rajasthan,32,25,33,25,-1
Jaipur (amo),2025-08-26,26.91,75.79,Rajasthan,32,26,33,25,-1
Jaipur (amo),2025-08-27,26.91,75.79,Rajasthan,33,26,33,25,0
Jaipur (amo),2025-08-28,26.91,75.79,Rajasthan,33,26,33,25,0
Jaipur (amo),2025-08-29,26.91,75.79,Rajasthan,31,26,34,25,-3
Jaipur (amo),2025-08-30,26.91,75.79,Rajasthan,34,26,34,25,0
Jaipur (amo),2025-08-31,26.91,75.79,Rajasthan,32,24,34,25,-2
Jaipur (amo),2025-09-01,26.91,75.79,Rajasthan,28,25,34,25,-6
Jaipur (amo),2025-09-02,26.91,75.79,Rajasthan,32,25,34,25,-2
Jaipur (amo),2025-09-03,26.91,75.79,Rajasthan,30,26,34,24,-4
Jaipur (amo),2025-09-04,26.91,75.79,Rajasthan,32,23,34,24,-2
Jaipur (amo),2025-09-05,26.91,75.79,Rajasthan,29,24,34,24,-5
Jaipur (amo),2025-09-06,26.91,75.79,Rajasthan,31,24,34,24,-3
Jaipur (amo),2025-09-07,26.91,75.79,Rajasthan,32,25,34,24,-2
Jaipur (amo),2025-09-08,26.91,75.79,Rajasthan,32,24,33,24,-1
Jaipur (amo),2025-09-09,26.91,75.79,Rajasthan,34,25,33,24,1
Jaipur (amo),2025-09-10,26.91,75.79,Rajasthan,34,26,33,24,1
Jaipur (amo),2025-09-11,26.91,75.79,Rajasthan,34,25,33,24,1
Jaipur (amo),2025-09-12,26.91,75.79,Rajasthan,32,25,33,24,-1
Jaipur (amo),2025-09-13,26.91,75.79,Rajasthan,35,26,34,24,1
Jaipur (amo),2025-09-14,26.91,75.79,Rajasthan,35,27,34,24,1
Jaipur (amo),2025-09-15,26.91,75.79,Rajasthan,35,27,34,24,1
Jaipur (amo),2025-09-16,26.91,75.79,Rajasthan,33,26,34,24,-1
Jaipur (amo),2025-09-17,26.91,75.79,Rajasthan,35,26,34,24,1
Jaipur (amo),2025-09-18,26.91,75.79,Rajasthan,36,27,35,24,1
Jaipur (amo),2025-09-19,26.91,75.79,Rajasthan,34,26,35,25,-1
Jaipur (amo),2025-09-20,26.91,75.79,Rajasthan,35,26,35,24,0
Jaipur (amo),2025-09-21,26.91,75.79,Rajasthan,37,26,35,24,2
Jaipur (amo),2025-09-22,26.91,75.79,Rajasthan,37,27,35,24,2
Jaipur (amo),2025-09-23,26.91,75.79,Rajasthan,37,26,35,23,2
Jaipur (amo),2025-09-24,26.91,75.79,Rajasthan,36,26,35,23,1
Jaipur (amo),2025-09-25,26.91,75.79,Rajasthan,36,26,35,23,1
Jaipur (amo),2025-09-26,26.91,75.79,Rajasthan,37,27,35,23,2
Jaipur (amo),2025-09-27,26.91,75.79,Rajasthan,36,26,35,23,1
Jaipur (amo),2025-09-28,26.91,75.79,Rajasthan,36,27,36,23,0
Jaipur (amo),2025-09-29,26.91,75.79,Rajasthan,35,27,36,23,-1
Jaipur (amo),2025-09-30,26.91,75.79,Rajasthan,32,27,36,23,-4
Jaipur (amo),2025-10-01,26.91,75.79,Rajasthan,30,23,36,23,-6
Jaipur (amo),2025-10-02,26.91,75.79,Rajasthan,32,24,36,23,-4
Jaipur (amo),2025-10-03,26.91,75.79,Rajasthan,32,25,35,22,-3
Jaipur (amo),2025-10-04,26.91,75.79,Rajasthan,34,25,35,22,-1
Jaipur (amo),2025-10-05,26.91,75.79,Rajasthan,34,24,35,22,-1
Jaipur (amo),2025-10-06,26.91,75.79,Rajasthan,25,23,35,22,-10
Jaipur (amo),2025-10-07,26.91,75.79,Rajasthan,30,20,35,22,-5
Jaipur (amo),2025-10-08,26.91,75.79,Rajasthan,29,21,35,22,-6
Jaipur (amo),2025-10-09,26.91,75.79,Rajasthan,30,20,35,22,-5
Jaipur (amo),2025-10-10,26.91,75.79,Rajasthan,31,19,35,22,-4
Jaipur (amo),2025-10-11,26.91,75.79,Rajasthan,31,20,35,22,-4
Jaipur (amo),2025-10-12,26.91,75.79,Rajasthan,32,21,35,22,-3
Jaipur (amo),2025-10-13,26.91,75.79,Rajasthan,30,20,34,20,-4
Jaipur (amo),2025-10-14,26.91,75.79,Rajasthan,30,18,34,20,-4
Jaipur (amo),2025-10-15,26.91,75.79,Rajasthan,32,19,34,20,-2
Jaipur (amo),2025-10-16,26.91,75.79,Rajasthan,32,20,34,20,-2
Jaipur (amo),2025-10-17,26.91,75.79,Rajasthan,33,19,34,20,-1
Jaipur (amo),2025-10-18,26.91,75.79,Rajasthan,32,20,34,20,-2
Jaipur (amo),2025-10-19,26.91,75.79,Rajasthan,32,19,34,20,-2
Jaipur (amo),2025-10-20,26.91,75.79,Rajasthan,33,20,34,20,-1
Jaipur (amo),2025-10-21,26.91,75.79,Rajasthan,33,21,34,20,-1
Jaipur (amo),2025-10-22,26.91,75.79,Rajasthan,33,21,34,20,-1
Jaipur (amo),2025-10-23,26.91,75.79,Rajasthan,33,20,33,18,0
Jaipur (amo),2025-10-24,26.91,75.79,Rajasthan,32,19,33,18,-1
Jaipur (amo),2025-10-25,26.91,75.79,Rajasthan,32,18,33,18,-1
Jaipur (amo),2025-10-26,26.91,75.79,Rajasthan,31,20,33,18,-2
Jaipur (amo),2025-10-27,26.91,75.79,Rajasthan,25,23,33,18,-8
Jaipur (amo),2025-10-28,26.91,75.79,Rajasthan,22,18,32,17,-10
Jaipur (amo),2025-10-29,26.91,75.79,Rajasthan,27,19,32,17,-5
Jaipur (amo),2025-10-30,26.91,75.79,Rajasthan,24,21,32,17,-8
Jaipur (amo),2025-10-31,26.91,75.79,Rajasthan,28,21,32,17,-4
Jaipur (amo),2025-11-01,26.91,75.79,Rajasthan,30,21,32,17,-2
Jaipur (amo),2025-11-02,26.91,75.79,Rajasthan,31,20,32,17,-1
Jaipur (amo),2025-11-03,26.91,75.79,Rajasthan,33,17,32,17,1
Jaipur (amo),2025-11-04,26.91,75.79,Rajasthan,28,20,32,17,-4
Jaipur (amo),2025-11-05,26.91,75.79,Rajasthan,31,20,32,17,-1
Jaipur (amo),2025-11-06,26.91,75.79,Rajasthan,28,17,32,17,-4
Jaipur (amo),2026-01-07,26.91,75.79,Rajasthan,17,6,22,8,-5
Jaipur (amo),2026-01-08,26.91,75.79,Rajasthan,19,4,23,8,-4
Jaipur (amo),2026-01-09,26.91,75.79,Rajasthan,18,9,22,8,-4
Jaipur (amo),2026-01-10,26.91,75.79,Rajasthan,21,7,22,8,-1
Jaipur (amo),2026-01-11,26.91,75.79,Rajasthan,22,9,22,8,0
Jaipur (amo),2026-01-12,26.91,75.79,Rajasthan,22,7,22,8,0
Jaipur (amo),2026-01-13,26.91,75.79,Rajasthan,23,10,22,8,1
Jaipur (amo),2026-01-14,26.91,75.79,Rajasthan,23,10,22,8,1
Jaipur (amo),2026-01-15,26.91,75.79,Rajasthan,23,7,22,8,1
Jaipur (amo),2026-01-16,26.91,75.79,Rajasthan,25,9,22,7,3
Jaipur (amo),2026-01-17,26.91,75.79,Rajasthan,26,10,22,7,4
Jaipur (amo),2026-01-18,26.91,75.79,Rajasthan,26,13,22,7,4
Jaipur (amo),2026-01-19,26.91,75.79,Rajasthan,24,13,22,7,2
Jaipur (amo),2026-01-20,26.91,75.79,Rajasthan,25,12,22,7,3
Jaipur (amo),2026-01-21,26.91,75.79,Rajasthan,25,10,22,8,3
Jaipur (amo),2026-01-22,26.91,75.79,Rajasthan,25,12,22,8,3
Jaipur (amo),2026-01-23,26.91,75.79,Rajasthan,20,15,22,8,-2
Jaipur (amo),2026-01-24,26.91,75.79,Rajasthan,18,9,22,8,-4
Jaipur (amo),2026-01-25,26.91,75.79,Rajasthan,19,5,22,8,-3
Jaipur (amo),2026-01-26,26.91,75.79,Rajasthan,20,6,23,9,-3
Jaipur (amo),2026-01-27,26.91,75.79,Rajasthan,21,13,23,9,-2
Jaipur (amo),2026-01-28,26.91,75.79,Rajasthan,22,11,23,9,-1
Jaipur (amo),2026-01-29,26.91,75.79,Rajasthan,21,8,23,9,-2
Jaipur (amo),2026-01-30,26.91,75.79,Rajasthan,23,10,23,9,0
Jaipur (amo),2026-01-31,26.91,75.79,Rajasthan,23,12,,,
Jaipur (amo),2026-02-01,26.91,75.79,Rajasthan,25,12,24,10,1
Jaipur (amo),2026-02-02,26.91,75.79,Rajasthan,25,11,24,10,1
Jaipur (amo),2026-02-03,26.91,75.79,Rajasthan,24,11,24,10,0
Jaipur (amo),2026-02-04,26.91,75.79,Rajasthan,25,11,24,10,1
Jaipur (amo),2026-02-08,26.91,75.79,Rajasthan,27,11,25,10,2
Jaipur (amo),2026-02-09,26.91,75.79,Rajasthan,27,13,25,10,2
Jaipur (amo),2026-02-10,26.91,75.79,Rajasthan,27,14,25,11,2
Jaipur (amo),2026-02-11,26.91,75.79,Rajasthan,28,16,25,11,3
Jaipur (amo),2026-02-12,26.91,75.79,Rajasthan,27,15,25,11,2
Jaipur (amo),2026-02-13,26.91,75.79,Rajasthan,28,14,25,11,3
Jaipur (amo),2026-02-14,26.91,75.79,Rajasthan,29,14,25,11,4
Jaipur (amo),2026-02-15,26.91,75.79,Rajasthan,30,14,26,12,4
Jaipur (amo),2026-02-16,26.91,75.79,Rajasthan,30,15,26,12,4
Jaipur (amo),2026-02-17,26.91,75.79,Rajasthan,29,18,26,12,3
Jaipur (amo),2026-02-18,26.91,75.79,Rajasthan,22,17,26,12,-4
Jaipur (amo),2026-02-19,26.91,75.79,Rajasthan,25,12,26,12,-1
Jaipur (amo),2026-02-20,26.91,75.79,Rajasthan,28,14,27,13,1
Jaipur (amo),2026-02-21,26.91,75.79,Rajasthan,28,15,27,13,1
Jaipur (amo),2026-02-25,26.91,75.79,Rajasthan,30,18,28,14,2
Jaipur (amo),2026-02-26,26.91,75.79,Rajasthan,31,17,28,14,3
Jaipur (amo),2026-02-27,26.91,75.79,Rajasthan,32,18,28,14,4
Jaipur (amo),2026-02-28,26.91,75.79,Rajasthan,32,20,28,14,4
Jaipur (amo),2026-03-01,26.91,75.79,Rajasthan,32,18,28,14,4
Jaipur (amo),2026-03-02,26.91,75.79,Rajasthan,33,18,29,15,4
Jaipur (amo),2026-03-03,26.91,75.79,Rajasthan,33,18,29,15,4
Jaipur (amo),2026-03-04,26.91,75.79,Rajasthan,35,20,29,15,6
Jaipur (amo),2026-03-05,26.91,75.79,Rajasthan,35,20,29,15,6
Jaipur (amo),2026-03-06,26.91,75.79,Rajasthan,36,20,29,15,7
Jaipur (amo),2026-03-07,26.91,75.79,Rajasthan,36,20,30,15,6
Jaipur (amo),2026-03-08,26.91,75.79,Rajasthan,37,19,30,15,7
Jaipur (amo),2026-03-09,26.91,75.79,Rajasthan,37,22,30,15,7
Jaipur (amo),2026-03-10,26.91,75.79,Rajasthan,37,20,30,15,7
Jaipur (amo),2026-03-11,26.91,75.79,Rajasthan,37,20,30,15,7
Jaipur (amo),2026-03-12,26.91,75.79,Rajasthan,36,23,31,16,5
Jaipur (amo),2026-03-13,26.91,75.79,Rajasthan,35,22,31,16,4
Jaipur (amo),2026-03-14,26.91,75.79,Rajasthan,33,20,31,16,2
Jaipur (amo),2026-03-15,26.91,75.79,Rajasthan,35,22,31,16,4
Jaipur (amo),2026-03-16,26.91,75.79,Rajasthan,33,18,31,16,2
Jaipur (amo),2026-03-17,26.91,75.79,Rajasthan,32,19,33,18,-1
Jaipur (amo),2026-03-18,26.91,75.79,Rajasthan,33,21,33,18,0
Jaipur (amo),2026-03-19,26.91,75.79,Rajasthan,30,21,33,18,-3
Jaipur (amo),2026-03-20,26.91,75.79,Rajasthan,26,16,33,18,-7
Jaipur (amo),2026-03-21,26.91,75.79,Rajasthan,28,16,33,18,-5
Jaipur (amo),2026-03-22,26.91,75.79,Rajasthan,31,19,33,18,-2
Jaipur (amo),2026-03-23,26.91,75.79,Rajasthan,28,19,33,18,-5
Jaipur (amo),2026-03-24,26.91,75.79,Rajasthan,33,20,33,18,0
Jaipur (amo),2026-03-25,26.91,75.79,Rajasthan,34,20,33,18,1
Jaipur (amo),2026-03-26,26.91,75.79,Rajasthan,35,22,33,18,2
Jaipur (amo),2026-03-27,26.91,75.79,Rajasthan,33,23,34,20,-1
Jaipur (amo),2026-03-28,26.91,75.79,Rajasthan,34,21,34,20,0
Jaipur (amo),2026-03-29,26.91,75.79,Rajasthan,36,24,34,20,2
Jaipur (amo),2026-03-30,26.91,75.79,Rajasthan,33,24,34,20,-1
Jaipur (amo),2026-03-31,26.91,75.79,Rajasthan,34,22,34,20,0
Jaipur (amo),2026-04-01,26.91,75.79,Rajasthan,33,21,35,20,-2
Jaipur (amo),2026-04-02,26.91,75.79,Rajasthan,36,25,35,20,1
Jaipur (amo),2026-04-03,26.91,75.79,Rajasthan,32,23,35,20,-3
Jaipur (amo),2026-04-04,26.91,75.79,Rajasthan,31,21,35,20,-4
Jaipur (amo),2026-04-05,26.91,75.79,Rajasthan,32,21,35,20,-3
Jaipur (amo),2026-04-06,26.91,75.79,Rajasthan,33,20,36,21,-3
Jaipur (amo),2026-04-07,26.91,75.79,Rajasthan,28,22,36,21,-8
Jaipur (amo),2026-04-08,26.91,75.79,Rajasthan,28,17,36,21,-8
Jaipur (amo),2026-04-09,26.91,75.79,Rajasthan,30,18,36,21,-6
Jaipur (amo),2026-04-10,26.91,75.79,Rajasthan,33,21,36,21,-3
Jaipur (amo),2026-04-11,26.91,75.79,Rajasthan,36,20,37,22,-1
Jaipur (amo),2026-04-12,26.91,75.79,Rajasthan,34,24,37,22,-3
Jaipur (amo),2026-04-13,26.91,75.79,Rajasthan,37,21,37,22,0
Jaipur (amo),2026-04-14,26.91,75.79,Rajasthan,38,23,37,22,1
Jaipur (amo),2026-04-16,26.91,75.79,Rajasthan,39,24,37,23,2
Jaipur (amo),2026-04-17,26.91,75.79,Rajasthan,39,28,37,23,2
Jaipur (amo),2026-04-18,26.91,75.79,Rajasthan,40,25,37,23,3
Jaipur (amo),2026-04-19,26.91,75.79,Rajasthan,40,27,37,23,3
Jaipur (amo),2026-04-20,26.91,75.79,Rajasthan,40,27,37,23,3
Jaipur (amo),2026-04-21,26.91,75.79,Rajasthan,39,26,38,24,1
Jaipur (amo),2026-04-22,26.91,75.79,Rajasthan,40,27,38,24,2
Jaipur (amo),2026-04-23,26.91,75.79,Rajasthan,39,26,38,24,1
Jaipur (amo),2026-04-24,26.91,75.79,Rajasthan,41,28,38,24,3
Jaipur (amo),2026-04-25,26.91,75.79,Rajasthan,41,31,38,24,3
Jaipur (amo),2026-04-26,26.91,75.79,Rajasthan,42,30,40,25,2
Jaipur (amo),2026-04-27,26.91,75.79,Rajasthan,42,30,40,25,2
Jaipur (amo),2026-04-28,26.91,75.79,Rajasthan,40,28,40,25,0
Jaipur (amo),2026-04-29,26.91,75.79,Rajasthan,41,28,40,25,1
Jaipur (amo),2026-04-30,26.91,75.79,Rajasthan,40,27,40,25,0
Jaipur (amo),2026-05-21,26.91,75.79,Rajasthan,42,30,41,27,1
Jaipur (amo),2026-05-23,26.91,75.79,Rajasthan,42,30,41,27,1
Jaipur (amo),2026-05-24,26.91,75.79,Rajasthan,43,31,41,27,2
Jaipur (amo),2026-05-25,26.91,75.79,Rajasthan,43,30,41,27,2
Jaipur (amo),2026-05-26,26.91,75.79,Rajasthan,43,32,41,28,2
Jaipur (amo),2026-05-27,26.91,75.79,Rajasthan,43,32,41,28,2
Jaipur (amo),2026-05-28,26.91,75.79,Rajasthan,45,32,41,28,4
Jaipur (amo),2026-05-29,26.91,75.79,Rajasthan,41,28,41,28,0
Jaipur (amo),2026-05-31,26.91,75.79,Rajasthan,35,21,41,27,-6
Jaipur (amo),2026-06-01,26.91,75.79,Rajasthan,38,26,41,27,-3
Jaipur (amo),2026-06-02,26.91,75.79,Rajasthan,35,24,41,27,-6
Jaipur (amo),2026-06-03,26.91,75.79,Rajasthan,39,29,41,27,-2
Jaipur (amo),2026-06-04,26.91,75.79,Rajasthan,39,26,41,27,-2
Jaipur (amo),2026-06-05,26.91,75.79,Rajasthan,34,21,41,28,-7
Jaipur (amo),2026-06-06,26.91,75.79,Rajasthan,39,28,41,28,-2
Jaipur (amo),2026-06-07,26.91,75.79,Rajasthan,38,25,41,28,-3
Jaipur (amo),2026-06-08,26.91,75.79,Rajasthan,40,27,41,28,-1
Jaipur (amo),2026-06-09,26.91,75.79,Rajasthan,41,31,41,28,0
Jaipur (amo),2026-06-10,26.91,75.79,Rajasthan,42,30,40,28,2
Jaipur (amo),2026-06-11,26.91,75.79,Rajasthan,40,31,40,28,0
Jaipur (amo),2026-06-16,26.91,75.79,Rajasthan,37,23,39,28,-2
Jaipur (amo),2026-06-17,26.91,75.79,Rajasthan,37,28,39,28,-2
Jaipur (amo),2026-06-18,26.91,75.79,Rajasthan,39,28,39,28,0
Jaipur (amo),2026-06-19,26.91,75.79,Rajasthan,37,27,39,28,-2
Jaipur (amo),2026-06-21,26.91,75.79,Rajasthan,36,24,39,27,-3
Jaipur (amo),2026-06-22,26.91,75.79,Rajasthan,37,27,39,27,-2
Jaipur (amo),2026-06-23,26.91,75.79,Rajasthan,38,26,39,27,-1
Jaipur (amo),2026-06-24,26.91,75.79,Rajasthan,38,27,39,27,-1
Jaipur (amo),2026-06-25,26.91,75.79,Rajasthan,37,28,37,27,0
Jaipur (amo),2026-06-27,26.91,75.79,Rajasthan,39,29,37,27,2
Jaipur (amo),2026-06-28,26.91,75.79,Rajasthan,40,29,37,27,3
Jaipur (amo),2026-06-30,26.91,75.79,Rajasthan,39,31,37,27,2
Jaipur (amo),2026-07-01,26.91,75.79,Rajasthan,38,29,37,27,1
Jaipur (amo),2026-07-02,26.91,75.79,Rajasthan,33,26,37,27,-4
Jaipur (amo),2026-07-03,26.91,75.79,Rajasthan,34,22,37,27,-3
Jaipur (amo),2026-07-04,26.91,75.79,Rajasthan,33,27,37,27,-4
Jaipur (amo),2026-07-05,26.91,75.79,Rajasthan,38,28,36,27,2
Jaipur (amo),2026-07-06,26.91,75.79,Rajasthan,35,22,36,27,-1
Jaipur (amo),2026-07-07,26.91,75.79,Rajasthan,34,27,36,27,-2
Jaipur (amo),2026-07-08,26.91,75.79,Rajasthan,33,26,36,27,-3
Jaipur (amo),2026-07-09,26.91,75.79,Rajasthan,34,25,36,27,-2
Jaipur (amo),2026-07-10,26.91,75.79,Rajasthan,35,28,34,26,1
Jaipur (amo),2026-07-11,26.91,75.79,Rajasthan,35,24,34,26,1
Jaipur (amo),2026-07-12,26.91,75.79,Rajasthan,35,27,34,26,1
Jaipur (amo),2026-07-13,26.91,75.79,Rajasthan,35,28,34,26,1
Jaipur (amo),2026-07-14,26.91,75.79,Rajasthan,35,29,34,26,1
Jaipur (amo),2026-07-16,26.91,75.79,Rajasthan,37,29,34,26,3
Jaipur (amo),2026-07-19,26.91,75.79,Rajasthan,36,30,34,26,2
Jaipur (amo),2026-07-20,26.91,75.79,Rajasthan,34,30,33,25,1
Jaipur (amo),2026-07-21,26.91,75.79,Rajasthan,30,25,33,25,-3
Jaipur (amo),2026-07-22,26.91,75.79,Rajasthan,32,25,33,25,-1
Jaipur (amo),2026-07-23,26.91,75.79,Rajasthan,32,25,33,25,-1
Jaipur (amo),2026-07-24,26.91,75.79,Rajasthan,32,25,33,25,-1
Jaipur (amo),2026-07-25,26.91,75.79,Rajasthan,32,25,33,25,-1
Jaipur (amo),2026-07-26,26.91,75.79,Rajasthan,33,26,33,25,0
Jaipur (amo),2026-07-27,26.91,75.79,Rajasthan,35,27,33,25,2
Gangtok,2025-05-07,27.54,88.63,Sikkim,20,14,21,14,-1
Gangtok,2025-05-06,27.54,88.63,Sikkim,21,14,21,14,0
Gangtok,2025-05-08,27.54,88.63,Sikkim,24,14,21,14,3
Gangtok,2025-05-09,27.54,88.63,Sikkim,24,15,21,14,3
Gangtok,2025-05-10,27.54,88.63,Sikkim,24,16,21,14,3
Gangtok,2025-05-11,27.54,88.63,Sikkim,23,15,22,15,1
Gangtok,2025-05-12,27.54,88.63,Sikkim,18,16,22,15,-4
Gangtok,2025-05-13,27.54,88.63,Sikkim,19,16,22,15,-3
Gangtok,2025-05-14,27.54,88.63,Sikkim,19,17,22,15,-3
Gangtok,2025-05-15,27.54,88.63,Sikkim,20,16,22,15,-2
Gangtok,2025-05-16,27.54,88.63,Sikkim,20,16,22,15,-2
Gangtok,2025-05-17,27.54,88.63,Sikkim,19,14,22,15,-3
Gangtok,2025-05-18,27.54,88.63,Sikkim,23,15,22,15,1
Gangtok,2025-05-19,27.54,88.63,Sikkim,19,16,22,15,-3
Gangtok,2025-05-20,27.54,88.63,Sikkim,19,16,22,15,-3
Gangtok,2025-05-21,27.54,88.63,Sikkim,21,15,22,15,-1
Gangtok,2025-05-22,27.54,88.63,Sikkim,23,16,22,15,1
Gangtok,2025-05-23,27.54,88.63,Sikkim,21,17,22,15,-1
Gangtok,2025-05-24,27.54,88.63,Sikkim,21,17,22,15,-1
Gangtok,2025-05-25,27.54,88.63,Sikkim,22,17,22,15,0
Gangtok,2025-05-26,27.54,88.63,Sikkim,20,17,22,16,-2
Gangtok,2025-05-27,27.54,88.63,Sikkim,25,17,22,16,3
Gangtok,2025-05-28,27.54,88.63,Sikkim,26,18,22,16,4
Gangtok,2025-05-29,27.54,88.63,Sikkim,22,18,22,16,0
Gangtok,2025-05-30,27.54,88.63,Sikkim,24,18,22,16,2
Gangtok,2025-05-31,27.54,88.63,Sikkim,22,19,22,16,0
Gangtok,2025-06-01,27.54,88.63,Sikkim,23,18,22,16,1
Gangtok,2025-06-02,27.54,88.63,Sikkim,24,16,22,16,2
Gangtok,2025-06-03,27.54,88.63,Sikkim,20,16,22,16,-2
Gangtok,2025-06-04,27.54,88.63,Sikkim,19,16,22,16,-3
Gangtok,2025-06-05,27.54,88.63,Sikkim,22,16,22,17,0
Gangtok,2025-06-06,27.54,88.63,Sikkim,24,16,22,17,2
Gangtok,2025-06-07,27.54,88.63,Sikkim,24,16,22,17,2
Gangtok,2025-06-08,27.54,88.63,Sikkim,26,16,22,17,4
Gangtok,2025-06-09,27.54,88.63,Sikkim,26,18,22,17,4
Gangtok,2025-06-10,27.54,88.63,Sikkim,27,19,22,17,5
Gangtok,2025-06-11,27.54,88.63,Sikkim,26,18,22,17,4
Gangtok,2025-06-12,27.54,88.63,Sikkim,27,19,22,17,5
Gangtok,2025-06-13,27.54,88.63,Sikkim,28,19,22,17,6
Gangtok,2025-06-14,27.54,88.63,Sikkim,25,19,22,17,3
Gangtok,2025-06-15,27.54,88.63,Sikkim,26,19,22,17,4
Gangtok,2025-06-16,27.54,88.63,Sikkim,25,18,22,17,3
Gangtok,2025-06-17,27.54,88.63,Sikkim,23,18,22,17,1
Gangtok,2025-06-18,27.54,88.63,Sikkim,21,18,22,17,-1
Gangtok,2025-06-19,27.54,88.63,Sikkim,20,19,22,17,-2
Gangtok,2025-06-20,27.54,88.63,Sikkim,21,18,22,18,-1
Gangtok,2025-06-21,27.54,88.63,Sikkim,23,19,22,18,1
Gangtok,2025-06-22,27.54,88.63,Sikkim,26,18,22,18,4
Gangtok,2025-06-23,27.54,88.63,Sikkim,23,18,22,18,1
Gangtok,2025-06-24,27.54,88.63,Sikkim,21,18,22,18,-1
Gangtok,2025-06-25,27.54,88.63,Sikkim,25,17,22,18,3
Gangtok,2025-06-26,27.54,88.63,Sikkim,22,18,22,18,0
Gangtok,2025-06-27,27.54,88.63,Sikkim,22,19,22,18,0
Gangtok,2025-06-28,27.54,88.63,Sikkim,23,18,22,18,1
Gangtok,2025-06-29,27.54,88.63,Sikkim,22,19,22,18,0
Gangtok,2025-06-30,27.54,88.63,Sikkim,21,18,22,18,-1
Gangtok,2025-07-01,27.54,88.63,Sikkim,23,18,22,18,1
Gangtok,2025-07-02,27.54,88.63,Sikkim,22,18,22,18,0
Gangtok,2025-07-03,27.54,88.63,Sikkim,22,18,22,18,0
Gangtok,2025-07-04,27.54,88.63,Sikkim,22,19,22,18,0
Gangtok,2025-07-05,27.54,88.63,Sikkim,21,19,22,18,-1
Gangtok,2025-07-06,27.54,88.63,Sikkim,22,19,22,18,0
Gangtok,2025-07-07,27.54,88.63,Sikkim,24,18,22,18,2
Gangtok,2025-07-08,27.54,88.63,Sikkim,22,18,22,18,0
Gangtok,2025-07-09,27.54,88.63,Sikkim,21,18,22,18,-1
Gangtok,2025-07-10,27.54,88.63,Sikkim,20,18,21,18,-1
Gangtok,2025-07-11,27.54,88.63,Sikkim,23,18,21,18,2
Gangtok,2025-07-12,27.54,88.63,Sikkim,24,18,21,18,3
Gangtok,2025-07-13,27.54,88.63,Sikkim,25,19,21,18,4
Gangtok,2025-07-14,27.54,88.63,Sikkim,23,18,21,18,2
Gangtok,2025-07-16,27.54,88.63,Sikkim,21,18,22,18,-1
Gangtok,2025-07-17,27.54,88.63,Sikkim,25,18,22,18,3
Gangtok,2025-07-18,27.54,88.63,Sikkim,24,20,22,18,2
Gangtok,2025-07-19,27.54,88.63,Sikkim,24,20,22,18,2
Gangtok,2025-07-20,27.54,88.63,Sikkim,22,18,21,18,1
Gangtok,2025-07-21,27.54,88.63,Sikkim,26,19,21,18,5
Gangtok,2025-07-22,27.54,88.63,Sikkim,27,18,21,18,6
Gangtok,2025-07-23,27.54,88.63,Sikkim,27,19,21,18,6
Gangtok,2025-07-24,27.54,88.63,Sikkim,27,20,21,18,6
Gangtok,2025-07-25,27.54,88.63,Sikkim,24,19,22,18,2
Gangtok,2025-07-26,27.54,88.63,Sikkim,21,19,22,18,-1
Gangtok,2025-07-28,27.54,88.63,Sikkim,21,19,22,18,-1
Gangtok,2025-07-29,27.54,88.63,Sikkim,21,18,22,18,-1
Gangtok,2025-07-30,27.54,88.63,Sikkim,21,19,22,18,-1
Gangtok,2025-07-31,27.54,88.63,Sikkim,23,18,22,18,1
Gangtok,2025-08-01,27.54,88.63,Sikkim,24,19,22,18,2
Gangtok,2025-08-02,27.54,88.63,Sikkim,21,19,22,18,-1
Gangtok,2025-08-03,27.54,88.63,Sikkim,21,19,22,18,-1
Gangtok,2025-08-04,27.54,88.63,Sikkim,22,18,22,18,0
Gangtok,2025-08-05,27.54,88.63,Sikkim,21,19,22,18,-1
Gangtok,2025-08-06,27.54,88.63,Sikkim,23,19,22,18,1
Gangtok,2025-08-07,27.54,88.63,Sikkim,23,19,22,18,1
Gangtok,2025-08-08,27.54,88.63,Sikkim,21,18,22,18,-1
Gangtok,2025-08-09,27.54,88.63,Sikkim,22,19,22,18,0
Gangtok,2025-08-10,27.54,88.63,Sikkim,21,19,22,18,-1
Gangtok,2025-08-11,27.54,88.63,Sikkim,21,19,22,18,-1
Gangtok,2025-08-12,27.54,88.63,Sikkim,23,19,22,18,1
Gangtok,2025-08-13,27.54,88.63,Sikkim,21,18,22,18,-1
Gangtok,2025-08-14,27.54,88.63,Sikkim,22,18,22,18,0
Gangtok,2025-08-15,27.54,88.63,Sikkim,24,18,22,18,2
Gangtok,2025-08-16,27.54,88.63,Sikkim,26,19,22,18,4
Gangtok,2025-08-17,27.54,88.63,Sikkim,24,18,22,18,2
Gangtok,2025-08-18,27.54,88.63,Sikkim,25,18,22,18,3
Gangtok,2025-08-19,27.54,88.63,Sikkim,25,17,22,18,3
Gangtok,2025-08-20,27.54,88.63,Sikkim,21,18,22,18,-1
Gangtok,2025-08-21,27.54,88.63,Sikkim,23,18,22,18,1
Gangtok,2025-08-22,27.54,88.63,Sikkim,21,18,22,18,-1
Gangtok,2025-08-23,27.54,88.63,Sikkim,21,18,22,18,-1
Gangtok,2025-08-24,27.54,88.63,Sikkim,20,18,22,18,-2
Gangtok,2025-08-25,27.54,88.63,Sikkim,23,18,22,18,1
Gangtok,2025-08-26,27.54,88.63,Sikkim,23,18,22,18,1
Gangtok,2025-08-27,27.54,88.63,Sikkim,22,18,22,18,0
Gangtok,2025-08-28,27.54,88.63,Sikkim,23,18,22,18,1
Gangtok,2025-08-29,27.54,88.63,Sikkim,21,18,22,18,-1
Gangtok,2025-08-30,27.54,88.63,Sikkim,21,17,22,18,-1
Gangtok,2025-08-31,27.54,88.63,Sikkim,22,18,22,18,0
Gangtok,2025-09-01,27.54,88.63,Sikkim,26,18,22,18,4
Gangtok,2025-09-02,27.54,88.63,Sikkim,23,19,22,18,1
Gangtok,2025-09-03,27.54,88.63,Sikkim,25,18,22,17,3
Gangtok,2025-09-04,27.54,88.63,Sikkim,26,18,22,17,4
Gangtok,2025-09-05,27.54,88.63,Sikkim,25,18,22,17,3
Gangtok,2025-09-06,27.54,88.63,Sikkim,22,18,22,17,0
Gangtok,2025-09-07,27.54,88.63,Sikkim,21,18,22,17,-1
Gangtok,2025-09-08,27.54,88.63,Sikkim,23,18,22,17,1
Gangtok,2025-09-09,27.54,88.63,Sikkim,24,19,22,17,2
Gangtok,2025-09-10,27.54,88.63,Sikkim,23,19,22,17,1
Gangtok,2025-09-11,27.54,88.63,Sikkim,23,19,22,17,1
Gangtok,2025-09-12,27.54,88.63,Sikkim,22,18,22,17,0
Gangtok,2025-09-13,27.54,88.63,Sikkim,23,18,22,17,1
Gangtok,2025-09-14,27.54,88.63,Sikkim,21,18,22,17,-1
Gangtok,2025-09-15,27.54,88.63,Sikkim,20,18,22,17,-2
Gangtok,2025-09-16,27.54,88.63,Sikkim,20,18,22,17,-2
Gangtok,2025-09-17,27.54,88.63,Sikkim,21,18,22,17,-1
Gangtok,2025-09-18,27.54,88.63,Sikkim,23,17,22,17,1
Gangtok,2025-09-19,27.54,88.63,Sikkim,21,18,22,17,-1
Gangtok,2025-09-20,27.54,88.63,Sikkim,23,18,22,17,1
Gangtok,2025-09-21,27.54,88.63,Sikkim,25,17,22,17,3
Gangtok,2025-09-22,27.54,88.63,Sikkim,24,17,22,17,2
Gangtok,2025-09-23,27.54,88.63,Sikkim,25,18,21,16,4
Gangtok,2025-09-24,27.54,88.63,Sikkim,27,19,21,16,6
Gangtok,2025-09-25,27.54,88.63,Sikkim,26,17,21,16,5
Gangtok,2025-09-26,27.54,88.63,Sikkim,25,18,21,16,4
Gangtok,2025-09-27,27.54,88.63,Sikkim,27,17,21,16,6
Gangtok,2025-09-28,27.54,88.63,Sikkim,24,18,21,16,3
Gangtok,2025-09-29,27.54,88.63,Sikkim,25,18,21,16,4
Gangtok,2025-09-30,27.54,88.63,Sikkim,25,17,21,16,4
Gangtok,2025-10-01,27.54,88.63,Sikkim,21,17,21,16,0
Gangtok,2025-10-02,27.54,88.63,Sikkim,20,16,21,16,-1
Gangtok,2025-10-03,27.54,88.63,Sikkim,21,17,21,15,0
Gangtok,2025-10-04,27.54,88.63,Sikkim,20,17,21,15,-1
Gangtok,2025-10-05,27.54,88.63,Sikkim,18,14,21,15,-3
Gangtok,2025-10-06,27.54,88.63,Sikkim,23,15,21,15,2
Gangtok,2025-10-07,27.54,88.63,Sikkim,22,16,21,15,1
Gangtok,2025-10-08,27.54,88.63,Sikkim,23,16,21,15,2
Gangtok,2025-10-09,27.54,88.63,Sikkim,23,15,21,15,2
Gangtok,2025-10-10,27.54,88.63,Sikkim,23,15,21,15,2
Gangtok,2025-10-11,27.54,88.63,Sikkim,23,15,21,15,2
Gangtok,2025-10-12,27.54,88.63,Sikkim,23,14,21,15,2
Gangtok,2025-10-13,27.54,88.63,Sikkim,22,15,21,14,1
Gangtok,2025-10-14,27.54,88.63,Sikkim,23,14,21,14,2
Gangtok,2025-10-15,27.54,88.63,Sikkim,24,15,21,14,3
Gangtok,2025-10-16,27.54,88.63,Sikkim,24,14,21,14,3
Gangtok,2025-10-17,27.54,88.63,Sikkim,24,14,21,14,3
Gangtok,2025-10-18,27.54,88.63,Sikkim,24,15,20,13,4
Gangtok,2025-10-19,27.54,88.63,Sikkim,24,14,20,13,4
Gangtok,2025-10-20,27.54,88.63,Sikkim,24,14,20,13,4
Gangtok,2025-10-21,27.54,88.63,Sikkim,24,15,20,13,4
Gangtok,2025-10-22,27.54,88.63,Sikkim,24,14,20,13,4
Gangtok,2025-10-23,27.54,88.63,Sikkim,24,15,19,12,5
Gangtok,2025-10-24,27.54,88.63,Sikkim,23,14,19,12,4
Gangtok,2025-10-25,27.54,88.63,Sikkim,21,15,19,12,2
Gangtok,2025-10-26,27.54,88.63,Sikkim,23,13,19,12,4
Gangtok,2025-10-27,27.54,88.63,Sikkim,22,13,19,12,3
Gangtok,2025-10-28,27.54,88.63,Sikkim,16,14,19,12,-3
Gangtok,2025-10-29,27.54,88.63,Sikkim,17,15,19,12,-2
Gangtok,2025-10-30,27.54,88.63,Sikkim,16,14,19,12,-3
Gangtok,2025-10-31,27.54,88.63,Sikkim,14,14,19,12,-5
Gangtok,2025-11-01,27.54,88.63,Sikkim,16,13,19,12,-3
Gangtok,2025-11-02,27.54,88.63,Sikkim,20,14,19,12,1
Gangtok,2025-11-03,27.54,88.63,Sikkim,19,15,19,12,0
Gangtok,2025-11-04,27.54,88.63,Sikkim,22,13,19,12,3
Gangtok,2025-11-05,27.54,88.63,Sikkim,24,13,19,12,5
Gangtok,2025-11-06,27.54,88.63,Sikkim,23,13,19,12,4
Gangtok,2026-01-06,27.54,88.63,Sikkim,14,5,12,5,2
Gangtok,2026-01-07,27.54,88.63,Sikkim,18,5,12,5,6
Gangtok,2026-01-08,27.54,88.63,Sikkim,16,6,12,5,4
Gangtok,2026-01-09,27.54,88.63,Sikkim,16,5,12,5,4
Gangtok,2026-01-10,27.54,88.63,Sikkim,15,5,12,5,3
Gangtok,2026-01-11,27.54,88.63,Sikkim,15,5,12,5,3
Gangtok,2026-01-12,27.54,88.63,Sikkim,18,5,12,5,6
Gangtok,2026-01-13,27.54,88.63,Sikkim,18,8,12,5,6
Gangtok,2026-01-14,27.54,88.63,Sikkim,16,6,12,5,4
Gangtok,2026-01-15,27.54,88.63,Sikkim,15,6,12,5,3
Gangtok,2026-01-16,27.54,88.63,Sikkim,17,5,12,5,5
Gangtok,2026-01-17,27.54,88.63,Sikkim,18,6,12,5,6
Gangtok,2026-01-18,27.54,88.63,Sikkim,14,7,12,5,2
Gangtok,2026-01-19,27.54,88.63,Sikkim,15,6,12,5,3
Gangtok,2026-01-20,27.54,88.63,Sikkim,14,8,12,5,2
Gangtok,2026-01-21,27.54,88.63,Sikkim,16,7,11,5,5
Gangtok,2026-01-22,27.54,88.63,Sikkim,16,7,11,5,5
Gangtok,2026-01-23,27.54,88.63,Sikkim,17,7,11,5,6
Gangtok,2026-01-24,27.54,88.63,Sikkim,18,7,11,5,7
Gangtok,2026-01-25,27.54,88.63,Sikkim,15,6,11,5,4
Gangtok,2026-01-26,27.54,88.63,Sikkim,16,6,12,6,4
Gangtok,2026-01-27,27.54,88.63,Sikkim,17,7,12,6,5
Gangtok,2026-01-28,27.54,88.63,Sikkim,14,8,12,6,2
Gangtok,2026-01-29,27.54,88.63,Sikkim,17,7,12,6,5
Gangtok,2026-01-30,27.54,88.63,Sikkim,17,7,12,6,5
Gangtok,2026-01-31,27.54,88.63,Sikkim,15,8,13,6,2
Gangtok,2026-02-01,27.54,88.63,Sikkim,17,9,13,6,4
Gangtok,2026-02-02,27.54,88.63,Sikkim,18,8,13,6,5
Gangtok,2026-02-03,27.54,88.63,Sikkim,18,8,13,6,5
Gangtok,2026-02-04,27.54,88.63,Sikkim,17,8,13,6,4
Gangtok,2026-02-08,27.54,88.63,Sikkim,16,7,13,6,3
Gangtok,2026-02-09,27.54,88.63,Sikkim,16,7,13,6,3
Gangtok,2026-02-10,27.54,88.63,Sikkim,17,9,14,7,3
Gangtok,2026-02-11,27.54,88.63,Sikkim,17,8,14,7,3
Gangtok,2026-02-12,27.54,88.63,Sikkim,17,8,14,7,3
Gangtok,2026-02-13,27.54,88.63,Sikkim,18,8,14,7,4
Gangtok,2026-02-14,27.54,88.63,Sikkim,17,9,14,7,3
Gangtok,2026-02-15,27.54,88.63,Sikkim,18,9,14,7,4
Gangtok,2026-02-16,27.54,88.63,Sikkim,17,8,14,7,3
Gangtok,2026-02-17,27.54,88.63,Sikkim,20,9,14,7,6
Gangtok,2026-02-18,27.54,88.63,Sikkim,20,10,14,7,6
Gangtok,2026-02-19,27.54,88.63,Sikkim,20,10,14,7,6
Gangtok,2026-02-20,27.54,88.63,Sikkim,20,10,14,7,6
Gangtok,2026-02-21,27.54,88.63,Sikkim,19,10,14,7,5
Gangtok,2026-02-25,27.54,88.63,Sikkim,16,8,15,8,1
Gangtok,2026-02-26,27.54,88.63,Sikkim,16,9,15,8,1
Gangtok,2026-02-27,27.54,88.63,Sikkim,11,9,15,8,-4
Gangtok,2026-02-28,27.54,88.63,Sikkim,10,8,15,8,-5
Gangtok,2026-03-01,27.54,88.63,Sikkim,12,9,15,8,-3
Gangtok,2026-03-02,27.54,88.63,Sikkim,14,9,15,9,-1
Gangtok,2026-03-03,27.54,88.63,Sikkim,13,10,15,9,-2
Gangtok,2026-03-04,27.54,88.63,Sikkim,19,11,15,9,4
Gangtok,2026-03-05,27.54,88.63,Sikkim,21,12,15,9,6
Gangtok,2026-03-06,27.54,88.63,Sikkim,17,13,15,9,2
Gangtok,2026-03-07,27.54,88.63,Sikkim,16,13,17,9,-1
Gangtok,2026-03-08,27.54,88.63,Sikkim,17,13,17,9,0
Gangtok,2026-03-09,27.54,88.63,Sikkim,18,13,17,9,1
Gangtok,2026-03-10,27.54,88.63,Sikkim,22,12,17,9,5
Gangtok,2026-03-11,27.54,88.63,Sikkim,20,14,17,9,3
Gangtok,2026-03-12,27.54,88.63,Sikkim,17,13,17,9,0
Gangtok,2026-03-13,27.54,88.63,Sikkim,13,13,17,9,-4
Gangtok,2026-03-14,27.54,88.63,Sikkim,16,12,17,9,-1
Gangtok,2026-03-15,27.54,88.63,Sikkim,16,11,17,9,-1
Gangtok,2026-03-16,27.54,88.63,Sikkim,19,10,17,9,2
Gangtok,2026-03-17,27.54,88.63,Sikkim,19,10,18,10,1
Gangtok,2026-03-18,27.54,88.63,Sikkim,20,10,18,10,2
Gangtok,2026-03-19,27.54,88.63,Sikkim,20,8,18,10,2
Gangtok,2026-03-20,27.54,88.63,Sikkim,17,11,18,10,-1
Gangtok,2026-03-21,27.54,88.63,Sikkim,10,8,18,10,-8
Gangtok,2026-03-22,27.54,88.63,Sikkim,16,7,18,11,-2
Gangtok,2026-03-23,27.54,88.63,Sikkim,15,9,18,11,-3
Gangtok,2026-03-24,27.54,88.63,Sikkim,13,11,18,11,-5
Gangtok,2026-03-25,27.54,88.63,Sikkim,17,9,18,11,-1
Gangtok,2026-03-26,27.54,88.63,Sikkim,14,11,18,11,-4
Gangtok,2026-03-27,27.54,88.63,Sikkim,15,11,18,11,-3
Gangtok,2026-03-28,27.54,88.63,Sikkim,12,10,18,11,-6
Gangtok,2026-03-29,27.54,88.63,Sikkim,17,10,18,11,-1
Gangtok,2026-03-30,27.54,88.63,Sikkim,18,11,18,11,0
Gangtok,2026-03-31,27.54,88.63,Sikkim,18,13,18,11,0
Gangtok,2026-04-01,27.54,88.63,Sikkim,20,12,19,11,1
Gangtok,2026-04-02,27.54,88.63,Sikkim,22,12,19,11,3
Gangtok,2026-04-03,27.54,88.63,Sikkim,22,15,19,11,3
Gangtok,2026-04-04,27.54,88.63,Sikkim,22,15,19,11,3
Gangtok,2026-04-05,27.54,88.63,Sikkim,22,14,19,11,3
Gangtok,2026-04-06,27.54,88.63,Sikkim,20,12,20,12,0
Gangtok,2026-04-07,27.54,88.63,Sikkim,21,11,20,12,1
Gangtok,2026-04-08,27.54,88.63,Sikkim,15,10,20,12,-5
Gangtok,2026-04-09,27.54,88.63,Sikkim,13,9,20,12,-7
Gangtok,2026-04-10,27.54,88.63,Sikkim,16,9,20,12,-4
Gangtok,2026-04-11,27.54,88.63,Sikkim,14,10,20,12,-6
Gangtok,2026-04-12,27.54,88.63,Sikkim,11,10,20,12,-9
Gangtok,2026-04-13,27.54,88.63,Sikkim,19,11,20,12,-1
Gangtok,2026-04-14,27.54,88.63,Sikkim,15,13,20,12,-5
Gangtok,2026-04-16,27.54,88.63,Sikkim,20,13,20,13,0
Gangtok,2026-04-17,27.54,88.63,Sikkim,19,13,20,13,-1
Gangtok,2026-04-18,27.54,88.63,Sikkim,18,14,20,13,-2
Gangtok,2026-04-19,27.54,88.63,Sikkim,19,15,20,13,-1
Gangtok,2026-04-20,27.54,88.63,Sikkim,22,14,20,13,2
Gangtok,2026-04-21,27.54,88.63,Sikkim,24,14,20,13,4
Gangtok,2026-04-22,27.54,88.63,Sikkim,22,13,20,13,2
Gangtok,2026-04-23,27.54,88.63,Sikkim,24,14,20,13,4
Gangtok,2026-04-25,27.54,88.63,Sikkim,20,14,20,13,0
Gangtok,2026-04-26,27.54,88.63,Sikkim,16,13,20,13,-4
Gangtok,2026-04-28,27.54,88.63,Sikkim,22,14,20,13,2
Gangtok,2026-04-29,27.54,88.63,Sikkim,15,13,20,13,-5
Gangtok,2026-04-30,27.54,88.63,Sikkim,15,12,20,13,-5
Gangtok,2026-05-14,27.54,88.63,Sikkim,20,14,21,14,-1
Gangtok,2026-05-20,27.54,88.63,Sikkim,22,18,21,15,1
Gangtok,2026-05-21,27.54,88.63,Sikkim,20,17,21,15,-1
Gangtok,2026-05-22,27.54,88.63,Sikkim,17,16,21,15,-4
Gangtok,2026-05-23,27.54,88.63,Sikkim,21,17,21,15,0
Gangtok,2026-05-24,27.54,88.63,Sikkim,21,16,21,15,0
Gangtok,2026-05-25,27.54,88.63,Sikkim,22,15,21,15,1
Gangtok,2026-05-26,27.54,88.63,Sikkim,22,15,21,15,1
Gangtok,2026-05-27,27.54,88.63,Sikkim,17,13,21,15,-4
Gangtok,2026-05-28,27.54,88.63,Sikkim,20,14,21,15,-1
Gangtok,2026-05-29,27.54,88.63,Sikkim,21,15,21,15,0
Gangtok,2026-05-31,27.54,88.63,Sikkim,26,16,21,16,5
Gangtok,2026-06-01,27.54,88.63,Sikkim,25,17,21,16,4
Gangtok,2026-06-02,27.54,88.63,Sikkim,25,16,21,16,4
Gangtok,2026-06-03,27.54,88.63,Sikkim,24,18,21,16,3
Gangtok,2026-06-04,27.54,88.63,Sikkim,23,16,21,16,2
Gangtok,2026-06-05,27.54,88.63,Sikkim,23,16,21,16,2
Gangtok,2026-06-06,27.54,88.63,Sikkim,21,18,21,16,0
Gangtok,2026-06-07,27.54,88.63,Sikkim,24,17,21,16,3
Gangtok,2026-06-08,27.54,88.63,Sikkim,23,17,21,16,2
Gangtok,2026-06-09,27.54,88.63,Sikkim,23,17,21,16,2
Gangtok,2026-06-10,27.54,88.63,Sikkim,22,17,22,17,0
Gangtok,2026-06-11,27.54,88.63,Sikkim,22,16,22,17,0
Gangtok,2026-06-15,27.54,88.63,Sikkim,23,17,21,17,2
Gangtok,2026-06-16,27.54,88.63,Sikkim,23,17,21,17,2
Gangtok,2026-06-18,27.54,88.63,Sikkim,23,18,21,17,2
Gangtok,2026-06-19,27.54,88.63,Sikkim,23,17,21,17,2
Gangtok,2026-06-21,27.54,88.63,Sikkim,20,18,21,17,-1
Gangtok,2026-06-22,27.54,88.63,Sikkim,19,17,21,17,-2
Gangtok,2026-06-23,27.54,88.63,Sikkim,22,17,21,17,1
Gangtok,2026-06-24,27.54,88.63,Sikkim,25,17,21,17,4
Gangtok,2026-06-25,27.54,88.63,Sikkim,25,18,21,17,4
Gangtok,2026-06-27,27.54,88.63,Sikkim,24,18,21,17,3
Gangtok,2026-06-28,27.54,88.63,Sikkim,21,19,21,17,0
Gangtok,2026-06-30,27.54,88.63,Sikkim,20,18,21,17,-1
Gangtok,2026-07-01,27.54,88.63,Sikkim,22,18,21,17,1
Gangtok,2026-07-02,27.54,88.63,Sikkim,23,18,21,17,2
Gangtok,2026-07-03,27.54,88.63,Sikkim,24,17,21,17,3
Gangtok,2026-07-04,27.54,88.63,Sikkim,24,18,21,17,3
Gangtok,2026-07-05,27.54,88.63,Sikkim,23,17,21,17,2
Gangtok,2026-07-06,27.54,88.63,Sikkim,22,19,21,17,1
Gangtok,2026-07-07,27.54,88.63,Sikkim,20,19,21,17,-1
Gangtok,2026-07-08,27.54,88.63,Sikkim,21,18,21,17,0
Gangtok,2026-07-09,27.54,88.63,Sikkim,21,19,21,17,0
Gangtok,2026-07-10,27.54,88.63,Sikkim,23,18,21,17,2
Gangtok,2026-07-11,27.54,88.63,Sikkim,24,18,21,17,3
Gangtok,2026-07-12,27.54,88.63,Sikkim,25,19,21,17,4
Gangtok,2026-07-13,27.54,88.63,Sikkim,22,19,21,17,1
Gangtok,2026-07-14,27.54,88.63,Sikkim,22,18,21,17,1
Gangtok,2026-07-15,27.54,88.63,Sikkim,24,18,21,17,3
Gangtok,2026-07-16,27.54,88.63,Sikkim,23,19,21,17,2
Gangtok,2026-07-19,27.54,88.63,Sikkim,21,18,21,17,0
Gangtok,2026-07-20,27.54,88.63,Sikkim,21,17,21,17,0
Gangtok,2026-07-21,27.54,88.63,Sikkim,19,17,21,17,-2
Gangtok,2026-07-22,27.54,88.63,Sikkim,21,18,21,17,0
Gangtok,2026-07-23,27.54,88.63,Sikkim,21,16,21,17,0
Gangtok,2026-07-25,27.54,88.63,Sikkim,23,18,22,17,1
Gangtok,2026-07-26,27.54,88.63,Sikkim,24,18,22,17,2
Gangtok,2026-07-27,27.54,88.63,Sikkim,22,18,22,17,0
Chennai (Nungambakkam),2025-05-07,13.05,80.27,Tamil Nadu,36,25,36,28,0
Chennai (Nungambakkam),2025-05-06,13.05,80.27,Tamil Nadu,36,28,36,28,0
Chennai (Nungambakkam),2025-05-08,13.05,80.27,Tamil Nadu,35,28,36,28,-1
Chennai (Nungambakkam),2025-05-09,13.05,80.27,Tamil Nadu,36,28,36,28,0
Chennai (Nungambakkam),2025-05-10,13.05,80.27,Tamil Nadu,35,29,36,28,-1
Chennai (Nungambakkam),2025-05-11,13.05,80.27,Tamil Nadu,36,30,37,28,-1
Chennai (Nungambakkam),2025-05-12,13.05,80.27,Tamil Nadu,39,29,37,28,2
Chennai (Nungambakkam),2025-05-13,13.05,80.27,Tamil Nadu,38,29,37,28,1
Chennai (Nungambakkam),2025-05-14,13.05,80.27,Tamil Nadu,36,30,37,28,-1
Chennai (Nungambakkam),2025-05-15,13.05,80.27,Tamil Nadu,37,29,37,28,0
Chennai (Nungambakkam),2025-05-16,13.05,80.27,Tamil Nadu,37,30,37,28,0
Chennai (Nungambakkam),2025-05-17,13.05,80.27,Tamil Nadu,35,27,37,28,-2
Chennai (Nungambakkam),2025-05-18,13.05,80.27,Tamil Nadu,36,28,37,28,-1
Chennai (Nungambakkam),2025-05-19,13.05,80.27,Tamil Nadu,34,27,37,28,-3
Chennai (Nungambakkam),2025-05-20,13.05,80.27,Tamil Nadu,34,29,37,28,-3
Chennai (Nungambakkam),2025-05-21,13.05,80.27,Tamil Nadu,36,27,38,28,-2
Chennai (Nungambakkam),2025-05-22,13.05,80.27,Tamil Nadu,37,29,38,28,-1
Chennai (Nungambakkam),2025-05-23,13.05,80.27,Tamil Nadu,38,29,38,28,0
Chennai (Nungambakkam),2025-05-24,13.05,80.27,Tamil Nadu,36,27,38,28,-2
Chennai (Nungambakkam),2025-05-25,13.05,80.27,Tamil Nadu,37,29,38,28,-1
Chennai (Nungambakkam),2025-05-26,13.05,80.27,Tamil Nadu,35,28,38,29,-3
Chennai (Nungambakkam),2025-05-27,13.05,80.27,Tamil Nadu,35,29,38,29,-3
Chennai (Nungambakkam),2025-05-28,13.05,80.27,Tamil Nadu,37,28,38,29,-1
Chennai (Nungambakkam),2025-05-29,13.05,80.27,Tamil Nadu,37,29,38,29,-1
Chennai (Nungambakkam),2025-05-30,13.05,80.27,Tamil Nadu,34,29,38,29,-4
Chennai (Nungambakkam),2025-05-31,13.05,80.27,Tamil Nadu,37,25,38,28,-1
Chennai (Nungambakkam),2025-06-01,13.05,80.27,Tamil Nadu,39,29,38,28,1
Chennai (Nungambakkam),2025-06-02,13.05,80.27,Tamil Nadu,38,29,38,28,0
Chennai (Nungambakkam),2025-06-03,13.05,80.27,Tamil Nadu,39,30,38,28,1
Chennai (Nungambakkam),2025-06-04,13.05,80.27,Tamil Nadu,38,27,38,28,0
Chennai (Nungambakkam),2025-06-05,13.05,80.27,Tamil Nadu,36,26,38,28,-2
Chennai (Nungambakkam),2025-06-06,13.05,80.27,Tamil Nadu,37,30,38,28,-1
Chennai (Nungambakkam),2025-06-07,13.05,80.27,Tamil Nadu,38,29,38,28,0
Chennai (Nungambakkam),2025-06-08,13.05,80.27,Tamil Nadu,38,30,38,28,0
Chennai (Nungambakkam),2025-06-09,13.05,80.27,Tamil Nadu,38,28,38,28,0
Chennai (Nungambakkam),2025-06-10,13.05,80.27,Tamil Nadu,38,28,37,28,1
Chennai (Nungambakkam),2025-06-11,13.05,80.27,Tamil Nadu,35,26,37,28,-2
Chennai (Nungambakkam),2025-06-12,13.05,80.27,Tamil Nadu,35,27,37,28,-2
Chennai (Nungambakkam),2025-06-13,13.05,80.27,Tamil Nadu,37,26,37,28,0
Chennai (Nungambakkam),2025-06-14,13.05,80.27,Tamil Nadu,37,28,37,28,0
Chennai (Nungambakkam),2025-06-15,13.05,80.27,Tamil Nadu,35,29,37,28,-2
Chennai (Nungambakkam),2025-06-16,13.05,80.27,Tamil Nadu,35,28,37,28,-2
Chennai (Nungambakkam),2025-06-17,13.05,80.27,Tamil Nadu,37,29,37,28,0
Chennai (Nungambakkam),2025-06-18,13.05,80.27,Tamil Nadu,38,29,37,28,1
Chennai (Nungambakkam),2025-06-19,13.05,80.27,Tamil Nadu,37,29,37,28,0
Chennai (Nungambakkam),2025-06-20,13.05,80.27,Tamil Nadu,38,30,37,28,1
Chennai (Nungambakkam),2025-06-21,13.05,80.27,Tamil Nadu,36,27,37,28,-1
Chennai (Nungambakkam),2025-06-22,13.05,80.27,Tamil Nadu,35,30,37,28,-2
Chennai (Nungambakkam),2025-06-23,13.05,80.27,Tamil Nadu,34,25,37,28,-3
Chennai (Nungambakkam),2025-06-24,13.05,80.27,Tamil Nadu,36,28,37,28,-1
Chennai (Nungambakkam),2025-06-25,13.05,80.27,Tamil Nadu,34,29,37,27,-3
Chennai (Nungambakkam),2025-06-26,13.05,80.27,Tamil Nadu,36,29,37,27,-1
Chennai (Nungambakkam),2025-06-27,13.05,80.27,Tamil Nadu,37,29,37,27,0
Chennai (Nungambakkam),2025-06-28,13.05,80.27,Tamil Nadu,38,30,37,27,1
Chennai (Nungambakkam),2025-06-29,13.05,80.27,Tamil Nadu,38,28,37,27,1
Chennai (Nungambakkam),2025-06-30,13.05,80.27,Tamil Nadu,37,30,37,27,0
Chennai (Nungambakkam),2025-07-01,13.05,80.27,Tamil Nadu,36,30,37,27,-1
Chennai (Nungambakkam),2025-07-02,13.05,80.27,Tamil Nadu,36,30,37,27,-1
Chennai (Nungambakkam),2025-07-03,13.05,80.27,Tamil Nadu,34,26,37,27,-3
Chennai (Nungambakkam),2025-07-04,13.05,80.27,Tamil Nadu,36,28,37,27,-1
Chennai (Nungambakkam),2025-07-05,13.05,80.27,Tamil Nadu,38,29,36,27,2
Chennai (Nungambakkam),2025-07-06,13.05,80.27,Tamil Nadu,38,30,36,27,2
Chennai (Nungambakkam),2025-07-07,13.05,80.27,Tamil Nadu,39,30,36,27,3
Chennai (Nungambakkam),2025-07-08,13.05,80.27,Tamil Nadu,39,30,36,27,3
Chennai (Nungambakkam),2025-07-09,13.05,80.27,Tamil Nadu,38,26,36,27,2
Chennai (Nungambakkam),2025-07-10,13.05,80.27,Tamil Nadu,38,29,36,27,2
Chennai (Nungambakkam),2025-07-11,13.05,80.27,Tamil Nadu,38,29,36,27,2
Chennai (Nungambakkam),2025-07-12,13.05,80.27,Tamil Nadu,38,26,36,27,2
Chennai (Nungambakkam),2025-07-13,13.05,80.27,Tamil Nadu,37,26,36,27,1
Chennai (Nungambakkam),2025-07-14,13.05,80.27,Tamil Nadu,38,28,36,27,2
Chennai (Nungambakkam),2025-07-15,13.05,80.27,Tamil Nadu,38,27,35,27,3
Chennai (Nungambakkam),2025-07-16,13.05,80.27,Tamil Nadu,36,29,35,27,1
Chennai (Nungambakkam),2025-07-17,13.05,80.27,Tamil Nadu,37,27,35,27,2
Chennai (Nungambakkam),2025-07-18,13.05,80.27,Tamil Nadu,34,27,35,27,-1
Chennai (Nungambakkam),2025-07-19,13.05,80.27,Tamil Nadu,34,25,35,27,-1
Chennai (Nungambakkam),2025-07-20,13.05,80.27,Tamil Nadu,33,27,36,27,-3
Chennai (Nungambakkam),2025-07-21,13.05,80.27,Tamil Nadu,31,26,36,27,-5
Chennai (Nungambakkam),2025-07-22,13.05,80.27,Tamil Nadu,32,27,36,27,-4
Chennai (Nungambakkam),2025-07-23,13.05,80.27,Tamil Nadu,31,28,36,27,-5
Chennai (Nungambakkam),2025-07-24,13.05,80.27,Tamil Nadu,35,25,36,27,-1
Chennai (Nungambakkam),2025-07-25,13.05,80.27,Tamil Nadu,33,28,35,26,-2
Chennai (Nungambakkam),2025-07-26,13.05,80.27,Tamil Nadu,35,28,35,26,0
Chennai (Nungambakkam),2025-07-27,13.05,80.27,Tamil Nadu,35,28,35,26,0
Chennai (Nungambakkam),2025-07-28,13.05,80.27,Tamil Nadu,36,28,35,26,1
Chennai (Nungambakkam),2025-07-29,13.05,80.27,Tamil Nadu,37,28,35,26,2
Chennai (Nungambakkam),2025-07-30,13.05,80.27,Tamil Nadu,38,29,35,27,3
Chennai (Nungambakkam),2025-07-31,13.05,80.27,Tamil Nadu,36,29,35,27,1
Chennai (Nungambakkam),2025-08-01,13.05,80.27,Tamil Nadu,37,28,35,27,2
Chennai (Nungambakkam),2025-08-02,13.05,80.27,Tamil Nadu,37,28,35,27,2
Chennai (Nungambakkam),2025-08-03,13.05,80.27,Tamil Nadu,36,28,35,27,1
Chennai (Nungambakkam),2025-08-04,13.05,80.27,Tamil Nadu,35,28,35,26,0
Chennai (Nungambakkam),2025-08-05,13.05,80.27,Tamil Nadu,34,27,35,26,-1
Chennai (Nungambakkam),2025-08-06,13.05,80.27,Tamil Nadu,35,27,35,26,0
Chennai (Nungambakkam),2025-08-07,13.05,80.27,Tamil Nadu,35,27,35,26,0
Chennai (Nungambakkam),2025-08-08,13.05,80.27,Tamil Nadu,35,35,35,26,0
Chennai (Nungambakkam),2025-08-09,13.05,80.27,Tamil Nadu,34,27,35,26,-1
Chennai (Nungambakkam),2025-08-10,13.05,80.27,Tamil Nadu,35,27,35,26,0
Chennai (Nungambakkam),2025-08-11,13.05,80.27,Tamil Nadu,35,25,35,26,0
Chennai (Nungambakkam),2025-08-12,13.05,80.27,Tamil Nadu,31,26,35,26,-4
Chennai (Nungambakkam),2025-08-13,13.05,80.27,Tamil Nadu,29,27,35,26,-6
Chennai (Nungambakkam),2025-08-14,13.05,80.27,Tamil Nadu,34,26,35,26,-1
Chennai (Nungambakkam),2025-08-15,13.05,80.27,Tamil Nadu,35,27,35,26,0
Chennai (Nungambakkam),2025-08-16,13.05,80.27,Tamil Nadu,34,28,35,26,-1
Chennai (Nungambakkam),2025-08-17,13.05,80.27,Tamil Nadu,32,26,35,26,-3
Chennai (Nungambakkam),2025-08-18,13.05,80.27,Tamil Nadu,33,25,35,26,-2
Chennai (Nungambakkam),2025-08-19,13.05,80.27,Tamil Nadu,34,27,35,26,-1
Chennai (Nungambakkam),2025-08-20,13.05,80.27,Tamil Nadu,36,27,35,26,1
Chennai (Nungambakkam),2025-08-21,13.05,80.27,Tamil Nadu,36,28,35,26,1
Chennai (Nungambakkam),2025-08-22,13.05,80.27,Tamil Nadu,34,25,35,26,-1
Chennai (Nungambakkam),2025-08-23,13.05,80.27,Tamil Nadu,32,23,35,26,-3
Chennai (Nungambakkam),2025-08-24,13.05,80.27,Tamil Nadu,35,27,35,26,0
Chennai (Nungambakkam),2025-08-25,13.05,80.27,Tamil Nadu,35,27,35,26,0
Chennai (Nungambakkam),2025-08-26,13.05,80.27,Tamil Nadu,36,28,35,26,1
Chennai (Nungambakkam),2025-08-27,13.05,80.27,Tamil Nadu,34,28,35,26,-1
Chennai (Nungambakkam),2025-08-28,13.05,80.27,Tamil Nadu,35,28,35,26,0
Chennai (Nungambakkam),2025-08-29,13.05,80.27,Tamil Nadu,36,28,35,26,1
Chennai (Nungambakkam),2025-08-30,13.05,80.27,Tamil Nadu,36,28,35,26,1
Chennai (Nungambakkam),2025-08-31,13.05,80.27,Tamil Nadu,33,25,35,26,-2
Chennai (Nungambakkam),2025-09-01,13.05,80.27,Tamil Nadu,34,26,35,26,-1
Chennai (Nungambakkam),2025-09-02,13.05,80.27,Tamil Nadu,34,28,35,26,-1
Chennai (Nungambakkam),2025-09-03,13.05,80.27,Tamil Nadu,34,27,35,26,-1
Chennai (Nungambakkam),2025-09-04,13.05,80.27,Tamil Nadu,35,28,35,26,0
Chennai (Nungambakkam),2025-09-05,13.05,80.27,Tamil Nadu,35,26,35,26,0
Chennai (Nungambakkam),2025-09-06,13.05,80.27,Tamil Nadu,36,27,35,26,1
Chennai (Nungambakkam),2025-09-07,13.05,80.27,Tamil Nadu,35,26,35,26,0
Chennai (Nungambakkam),2025-09-08,13.05,80.27,Tamil Nadu,35,28,34,26,1
Chennai (Nungambakkam),2025-09-09,13.05,80.27,Tamil Nadu,35,29,34,26,1
Chennai (Nungambakkam),2025-09-10,13.05,80.27,Tamil Nadu,37,29,34,26,3
Chennai (Nungambakkam),2025-09-11,13.05,80.27,Tamil Nadu,34,26,34,26,0
Chennai (Nungambakkam),2025-09-12,13.05,80.27,Tamil Nadu,35,28,34,26,1
Chennai (Nungambakkam),2025-09-13,13.05,80.27,Tamil Nadu,31,28,34,26,-3
Chennai (Nungambakkam),2025-09-14,13.05,80.27,Tamil Nadu,34,25,34,26,0
Chennai (Nungambakkam),2025-09-15,13.05,80.27,Tamil Nadu,36,28,34,26,2
Chennai (Nungambakkam),2025-09-16,13.05,80.27,Tamil Nadu,34,24,34,26,0
Chennai (Nungambakkam),2025-09-17,13.05,80.27,Tamil Nadu,34,25,34,26,0
Chennai (Nungambakkam),2025-09-18,13.05,80.27,Tamil Nadu,36,26,34,26,2
Chennai (Nungambakkam),2025-09-19,13.05,80.27,Tamil Nadu,31,25,34,26,-3
Chennai (Nungambakkam),2025-09-20,13.05,80.27,Tamil Nadu,31,25,34,26,-3
Chennai (Nungambakkam),2025-09-21,13.05,80.27,Tamil Nadu,33,27,34,26,-1
Chennai (Nungambakkam),2025-09-22,13.05,80.27,Tamil Nadu,33,26,34,26,-1
Chennai (Nungambakkam),2025-09-23,13.05,80.27,Tamil Nadu,35,25,34,26,1
Chennai (Nungambakkam),2025-09-24,13.05,80.27,Tamil Nadu,35,28,34,26,1
Chennai (Nungambakkam),2025-09-25,13.05,80.27,Tamil Nadu,36,28,34,26,2
Chennai (Nungambakkam),2025-09-26,13.05,80.27,Tamil Nadu,35,27,34,26,1
Chennai (Nungambakkam),2025-09-27,13.05,80.27,Tamil Nadu,36,26,34,26,2
Chennai (Nungambakkam),2025-09-28,13.05,80.27,Tamil Nadu,35,27,34,26,1
Chennai (Nungambakkam),2025-09-29,13.05,80.27,Tamil Nadu,34,28,34,26,0
Chennai (Nungambakkam),2025-09-30,13.05,80.27,Tamil Nadu,33,25,34,26,-1
Chennai (Nungambakkam),2025-10-01,13.05,80.27,Tamil Nadu,31,28,34,26,-3
Chennai (Nungambakkam),2025-10-02,13.05,80.27,Tamil Nadu,34,26,34,26,0
Chennai (Nungambakkam),2025-10-03,13.05,80.27,Tamil Nadu,32,24,34,26,-2
Chennai (Nungambakkam),2025-10-04,13.05,80.27,Tamil Nadu,35,25,34,26,1
Chennai (Nungambakkam),2025-10-05,13.05,80.27,Tamil Nadu,36,27,34,26,2
Chennai (Nungambakkam),2025-10-06,13.05,80.27,Tamil Nadu,34,25,34,26,0
Chennai (Nungambakkam),2025-10-07,13.05,80.27,Tamil Nadu,33,27,34,26,-1
Chennai (Nungambakkam),2025-10-08,13.05,80.27,Tamil Nadu,34,27,33,26,1
Chennai (Nungambakkam),2025-10-09,13.05,80.27,Tamil Nadu,34,27,33,26,1
Chennai (Nungambakkam),2025-10-10,13.05,80.27,Tamil Nadu,33,25,33,26,0
Chennai (Nungambakkam),2025-10-11,13.05,80.27,Tamil Nadu,34,27,33,26,1
Chennai (Nungambakkam),2025-10-12,13.05,80.27,Tamil Nadu,32,27,33,26,-1
Chennai (Nungambakkam),2025-10-13,13.05,80.27,Tamil Nadu,33,26,33,25,0
Chennai (Nungambakkam),2025-10-14,13.05,80.27,Tamil Nadu,33,27,33,25,0
Chennai (Nungambakkam),2025-10-15,13.05,80.27,Tamil Nadu,31,25,33,25,-2
Chennai (Nungambakkam),2025-10-16,13.05,80.27,Tamil Nadu,32,26,33,25,-1
Chennai (Nungambakkam),2025-10-17,13.05,80.27,Tamil Nadu,30,25,33,25,-3
Chennai (Nungambakkam),2025-10-18,13.05,80.27,Tamil Nadu,28,26,32,25,-4
Chennai (Nungambakkam),2025-10-19,13.05,80.27,Tamil Nadu,30,25,32,25,-2
Chennai (Nungambakkam),2025-10-20,13.05,80.27,Tamil Nadu,30,25,32,25,-2
Chennai (Nungambakkam),2025-10-21,13.05,80.27,Tamil Nadu,28,25,32,25,-4
Chennai (Nungambakkam),2025-10-22,13.05,80.27,Tamil Nadu,30,25,32,25,-2
Chennai (Nungambakkam),2025-10-23,13.05,80.27,Tamil Nadu,32,25,32,24,0
Chennai (Nungambakkam),2025-10-24,13.05,80.27,Tamil Nadu,27,25,32,24,-5
Chennai (Nungambakkam),2025-10-25,13.05,80.27,Tamil Nadu,31,26,32,24,-1
Chennai (Nungambakkam),2025-10-26,13.05,80.27,Tamil Nadu,31,25,32,24,-1
Chennai (Nungambakkam),2025-10-27,13.05,80.27,Tamil Nadu,27,26,32,24,-5
Chennai (Nungambakkam),2025-10-28,13.05,80.27,Tamil Nadu,25,23,31,24,-6
Chennai (Nungambakkam),2025-10-29,13.05,80.27,Tamil Nadu,34,24,31,24,3
Chennai (Nungambakkam),2025-10-30,13.05,80.27,Tamil Nadu,35,26,31,24,4
Chennai (Nungambakkam),2025-10-31,13.05,80.27,Tamil Nadu,36,25,31,24,5
Chennai (Nungambakkam),2025-11-01,13.05,80.27,Tamil Nadu,34,26,31,24,3
Chennai (Nungambakkam),2025-11-02,13.05,80.27,Tamil Nadu,35,28,31,24,4
Chennai (Nungambakkam),2025-11-03,13.05,80.27,Tamil Nadu,36,27,31,24,5
Chennai (Nungambakkam),2025-11-04,13.05,80.27,Tamil Nadu,34,28,31,24,3
Chennai (Nungambakkam),2025-11-05,13.05,80.27,Tamil Nadu,34,25,31,24,3
Chennai (Nungambakkam),2025-11-06,13.05,80.27,Tamil Nadu,32,26,31,24,1
Chennai (Nungambakkam),2026-01-06,13.05,80.27,Tamil Nadu,29,24,29,21,0
Chennai (Nungambakkam),2026-01-07,13.05,80.27,Tamil Nadu,28,23,29,21,-1
Chennai (Nungambakkam),2026-01-08,13.05,80.27,Tamil Nadu,29,24,29,21,0
Chennai (Nungambakkam),2026-01-09,13.05,80.27,Tamil Nadu,27,24,29,21,-2
Chennai (Nungambakkam),2026-01-10,13.05,80.27,Tamil Nadu,27,21,29,21,-2
Chennai (Nungambakkam),2026-01-11,13.05,80.27,Tamil Nadu,24,20,29,21,-5
Chennai (Nungambakkam),2026-01-12,13.05,80.27,Tamil Nadu,28,21,29,21,-1
Chennai (Nungambakkam),2026-01-13,13.05,80.27,Tamil Nadu,29,24,29,21,0
Chennai (Nungambakkam),2026-01-14,13.05,80.27,Tamil Nadu,30,22,29,21,1
Chennai (Nungambakkam),2026-01-15,13.05,80.27,Tamil Nadu,30,21,29,21,1
Chennai (Nungambakkam),2026-01-16,13.05,80.27,Tamil Nadu,30,22,29,21,1
Chennai (Nungambakkam),2026-01-17,13.05,80.27,Tamil Nadu,30,21,29,21,1
Chennai (Nungambakkam),2026-01-18,13.05,80.27,Tamil Nadu,30,19,29,21,1
Chennai (Nungambakkam),2026-01-19,13.05,80.27,Tamil Nadu,29,20,29,21,0
Chennai (Nungambakkam),2026-01-20,13.05,80.27,Tamil Nadu,29,20,29,21,0
Chennai (Nungambakkam),2026-01-21,13.05,80.27,Tamil Nadu,30,21,30,21,0
Chennai (Nungambakkam),2026-01-22,13.05,80.27,Tamil Nadu,30,21,30,21,0
Chennai (Nungambakkam),2026-01-23,13.05,80.27,Tamil Nadu,28,22,30,21,-2
Chennai (Nungambakkam),2026-01-24,13.05,80.27,Tamil Nadu,26,22,30,21,-4
Chennai (Nungambakkam),2026-01-25,13.05,80.27,Tamil Nadu,26,23,30,21,-4
Chennai (Nungambakkam),2026-01-26,13.05,80.27,Tamil Nadu,28,22,30,21,-2
Chennai (Nungambakkam),2026-01-27,13.05,80.27,Tamil Nadu,29,22,30,21,-1
Chennai (Nungambakkam),2026-01-28,13.05,80.27,Tamil Nadu,29,22,30,21,-1
Chennai (Nungambakkam),2026-01-29,13.05,80.27,Tamil Nadu,29,22,30,21,-1
Chennai (Nungambakkam),2026-01-30,13.05,80.27,Tamil Nadu,29,21,30,21,-1
Chennai (Nungambakkam),2026-01-31,13.05,80.27,Tamil Nadu,29,21,,,
Chennai (Nungambakkam),2026-02-01,13.05,80.27,Tamil Nadu,30,24,30,21,0
Chennai (Nungambakkam),2026-02-02,13.05,80.27,Tamil Nadu,29,23,30,21,-1
Chennai (Nungambakkam),2026-02-03,13.05,80.27,Tamil Nadu,29,21,30,21,-1
Chennai (Nungambakkam),2026-02-04,13.05,80.27,Tamil Nadu,30,23,30,21,0
Chennai (Nungambakkam),2026-02-08,13.05,80.27,Tamil Nadu,31,22,30,21,1
Chennai (Nungambakkam),2026-02-09,13.05,80.27,Tamil Nadu,30,21,30,21,0
Chennai (Nungambakkam),2026-02-10,13.05,80.27,Tamil Nadu,30,22,31,22,-1
Chennai (Nungambakkam),2026-02-11,13.05,80.27,Tamil Nadu,28,21,31,22,-3
Chennai (Nungambakkam),2026-02-12,13.05,80.27,Tamil Nadu,31,21,31,22,0
Chennai (Nungambakkam),2026-02-13,13.05,80.27,Tamil Nadu,31,22,31,22,0
Chennai (Nungambakkam),2026-02-14,13.05,80.27,Tamil Nadu,31,22,31,22,0
Chennai (Nungambakkam),2026-02-15,13.05,80.27,Tamil Nadu,31,22,31,22,0
Chennai (Nungambakkam),2026-02-16,13.05,80.27,Tamil Nadu,30,21,31,22,-1
Chennai (Nungambakkam),2026-02-17,13.05,80.27,Tamil Nadu,30,22,31,22,-1
Chennai (Nungambakkam),2026-02-18,13.05,80.27,Tamil Nadu,30,22,31,22,-1
Chennai (Nungambakkam),2026-02-19,13.05,80.27,Tamil Nadu,30,23,31,22,-1
Chennai (Nungambakkam),2026-02-20,13.05,80.27,Tamil Nadu,31,24,31,22,0
Chennai (Nungambakkam),2026-02-21,13.05,80.27,Tamil Nadu,32,24,31,22,1
Chennai (Nungambakkam),2026-02-25,13.05,80.27,Tamil Nadu,31,24,31,22,0
Chennai (Nungambakkam),2026-02-26,13.05,80.27,Tamil Nadu,32,23,31,22,1
Chennai (Nungambakkam),2026-02-27,13.05,80.27,Tamil Nadu,32,24,31,22,1
Chennai (Nungambakkam),2026-02-28,13.05,80.27,Tamil Nadu,32,24,31,22,1
Chennai (Nungambakkam),2026-03-01,13.05,80.27,Tamil Nadu,32,24,31,22,1
Chennai (Nungambakkam),2026-03-02,13.05,80.27,Tamil Nadu,32,24,32,23,0
Chennai (Nungambakkam),2026-03-03,13.05,80.27,Tamil Nadu,32,23,32,23,0
Chennai (Nungambakkam),2026-03-04,13.05,80.27,Tamil Nadu,32,23,32,23,0
Chennai (Nungambakkam),2026-03-05,13.05,80.27,Tamil Nadu,36,24,32,23,4
Chennai (Nungambakkam),2026-03-06,13.05,80.27,Tamil Nadu,35,25,32,23,3
Chennai (Nungambakkam),2026-03-07,13.05,80.27,Tamil Nadu,32,25,32,23,0
Chennai (Nungambakkam),2026-03-08,13.05,80.27,Tamil Nadu,32,24,32,23,0
Chennai (Nungambakkam),2026-03-09,13.05,80.27,Tamil Nadu,31,25,32,23,-1
Chennai (Nungambakkam),2026-03-10,13.05,80.27,Tamil Nadu,32,23,32,23,0
Chennai (Nungambakkam),2026-03-11,13.05,80.27,Tamil Nadu,32,23,32,23,0
Chennai (Nungambakkam),2026-03-12,13.05,80.27,Tamil Nadu,32,24,32,24,0
Chennai (Nungambakkam),2026-03-13,13.05,80.27,Tamil Nadu,32,24,32,24,0
Chennai (Nungambakkam),2026-03-14,13.05,80.27,Tamil Nadu,32,24,32,24,0
Chennai (Nungambakkam),2026-03-15,13.05,80.27,Tamil Nadu,32,24,32,24,0
Chennai (Nungambakkam),2026-03-16,13.05,80.27,Tamil Nadu,32,24,32,24,0
Chennai (Nungambakkam),2026-03-17,13.05,80.27,Tamil Nadu,32,25,33,24,-1
Chennai (Nungambakkam),2026-03-18,13.05,80.27,Tamil Nadu,32,25,33,24,-1
Chennai (Nungambakkam),2026-03-19,13.05,80.27,Tamil Nadu,31,21,33,24,-2
Chennai (Nungambakkam),2026-03-20,13.05,80.27,Tamil Nadu,32,25,33,24,-1
Chennai (Nungambakkam),2026-03-21,13.05,80.27,Tamil Nadu,32,25,33,24,-1
Chennai (Nungambakkam),2026-03-22,13.05,80.27,Tamil Nadu,32,25,33,25,-1
Chennai (Nungambakkam),2026-03-23,13.05,80.27,Tamil Nadu,32,25,33,25,-1
Chennai (Nungambakkam),2026-03-24,13.05,80.27,Tamil Nadu,32,25,33,25,-1
Chennai (Nungambakkam),2026-03-25,13.05,80.27,Tamil Nadu,32,25,33,25,-1
Chennai (Nungambakkam),2026-03-26,13.05,80.27,Tamil Nadu,32,24,33,25,-1
Chennai (Nungambakkam),2026-03-27,13.05,80.27,Tamil Nadu,32,24,33,25,-1
Chennai (Nungambakkam),2026-03-28,13.05,80.27,Tamil Nadu,34,25,33,25,1
Chennai (Nungambakkam),2026-03-29,13.05,80.27,Tamil Nadu,33,26,33,25,0
Chennai (Nungambakkam),2026-03-30,13.05,80.27,Tamil Nadu,33,26,33,25,0
Chennai (Nungambakkam),2026-03-31,13.05,80.27,Tamil Nadu,33,26,33,25,0
Chennai (Nungambakkam),2026-04-01,13.05,80.27,Tamil Nadu,33,25,34,26,-1
Chennai (Nungambakkam),2026-04-02,13.05,80.27,Tamil Nadu,33,25,34,26,-1
Chennai (Nungambakkam),2026-04-03,13.05,80.27,Tamil Nadu,33,25,34,26,-1
Chennai (Nungambakkam),2026-04-04,13.05,80.27,Tamil Nadu,33,27,34,26,-1
Chennai (Nungambakkam),2026-04-05,13.05,80.27,Tamil Nadu,34,27,34,26,0
Chennai (Nungambakkam),2026-04-06,13.05,80.27,Tamil Nadu,32,28,34,26,-2
Chennai (Nungambakkam),2026-04-07,13.05,80.27,Tamil Nadu,34,26,34,26,0
Chennai (Nungambakkam),2026-04-08,13.05,80.27,Tamil Nadu,34,27,34,26,0
Chennai (Nungambakkam),2026-04-09,13.05,80.27,Tamil Nadu,34,28,34,26,0
Chennai (Nungambakkam),2026-04-10,13.05,80.27,Tamil Nadu,34,28,34,26,0
Chennai (Nungambakkam),2026-04-11,13.05,80.27,Tamil Nadu,34,27,34,26,0
Chennai (Nungambakkam),2026-04-12,13.05,80.27,Tamil Nadu,33,27,34,26,-1
Chennai (Nungambakkam),2026-04-13,13.05,80.27,Tamil Nadu,34,27,34,26,0
Chennai (Nungambakkam),2026-04-14,13.05,80.27,Tamil Nadu,34,26,34,26,0
Chennai (Nungambakkam),2026-04-16,13.05,80.27,Tamil Nadu,34,28,34,27,0
Chennai (Nungambakkam),2026-04-17,13.05,80.27,Tamil Nadu,34,28,34,27,0
Chennai (Nungambakkam),2026-04-18,13.05,80.27,Tamil Nadu,34,28,34,27,0
Chennai (Nungambakkam),2026-04-19,13.05,80.27,Tamil Nadu,34,26,34,27,0
Chennai (Nungambakkam),2026-04-20,13.05,80.27,Tamil Nadu,35,27,34,27,1
Chennai (Nungambakkam),2026-04-21,13.05,80.27,Tamil Nadu,36,27,35,27,1
Chennai (Nungambakkam),2026-04-22,13.05,80.27,Tamil Nadu,35,27,35,27,0
Chennai (Nungambakkam),2026-04-23,13.05,80.27,Tamil Nadu,35,27,35,27,0
Chennai (Nungambakkam),2026-04-24,13.05,80.27,Tamil Nadu,35,28,35,27,0
Chennai (Nungambakkam),2026-04-25,13.05,80.27,Tamil Nadu,34,28,35,27,-1
Chennai (Nungambakkam),2026-04-26,13.05,80.27,Tamil Nadu,35,27,35,27,0
Chennai (Nungambakkam),2026-04-27,13.05,80.27,Tamil Nadu,35,27,35,27,0
Chennai (Nungambakkam),2026-04-28,13.05,80.27,Tamil Nadu,36,27,35,27,1
Chennai (Nungambakkam),2026-04-29,13.05,80.27,Tamil Nadu,35,28,35,27,0
Chennai (Nungambakkam),2026-04-30,13.05,80.27,Tamil Nadu,38,29,35,27,3
Chennai (Nungambakkam),2026-05-01,13.05,80.27,Tamil Nadu,36,29,36,27,0
Chennai (Nungambakkam),2026-05-02,13.05,80.27,Tamil Nadu,35,29,36,27,-1
Chennai (Nungambakkam),2026-05-03,13.05,80.27,Tamil Nadu,37,29,36,27,1
Chennai (Nungambakkam),2026-05-04,13.05,80.27,Tamil Nadu,38,27,36,27,2
Chennai (Nungambakkam),2026-05-05,13.05,80.27,Tamil Nadu,35,27,36,27,-1
Chennai (Nungambakkam),2026-05-06,13.05,80.27,Tamil Nadu,34,28,36,28,-2
Chennai (Nungambakkam),2026-05-07,13.05,80.27,Tamil Nadu,34,27,36,28,-2
Chennai (Nungambakkam),2026-05-08,13.05,80.27,Tamil Nadu,33,28,36,28,-3
Chennai (Nungambakkam),2026-05-09,13.05,80.27,Tamil Nadu,31,25,36,28,-5
Chennai (Nungambakkam),2026-05-11,13.05,80.27,Tamil Nadu,34,26,37,28,-3
Chennai (Nungambakkam),2026-05-12,13.05,80.27,Tamil Nadu,34,27,37,28,-3
Chennai (Nungambakkam),2026-05-13,13.05,80.27,Tamil Nadu,35,27,37,28,-2
Chennai (Nungambakkam),2026-05-14,13.05,80.27,Tamil Nadu,35,27,37,28,-2
Chennai (Nungambakkam),2026-05-15,13.05,80.27,Tamil Nadu,32,28,37,28,-5
Chennai (Nungambakkam),2026-05-16,13.05,80.27,Tamil Nadu,35,26,37,28,-2
Chennai (Nungambakkam),2026-05-17,13.05,80.27,Tamil Nadu,35,28,37,28,-2
Chennai (Nungambakkam),2026-05-19,13.05,80.27,Tamil Nadu,39,28,37,28,2
Chennai (Nungambakkam),2026-05-20,13.05,80.27,Tamil Nadu,40,29,37,28,3
Chennai (Nungambakkam),2026-05-21,13.05,80.27,Tamil Nadu,40,30,38,28,2
Chennai (Nungambakkam),2026-05-22,13.05,80.27,Tamil Nadu,39,30,38,28,1
Chennai (Nungambakkam),2026-05-23,13.05,80.27,Tamil Nadu,32,28,38,28,-6
Chennai (Nungambakkam),2026-05-24,13.05,80.27,Tamil Nadu,38,29,38,28,0
Chennai (Nungambakkam),2026-05-25,13.05,80.27,Tamil Nadu,40,30,38,28,2
Chennai (Nungambakkam),2026-05-26,13.05,80.27,Tamil Nadu,39,29,38,28,1
Chennai (Nungambakkam),2026-05-27,13.05,80.27,Tamil Nadu,38,28,38,28,0
Chennai (Nungambakkam),2026-05-28,13.05,80.27,Tamil Nadu,40,29,38,28,2
Chennai (Nungambakkam),2026-05-29,13.05,80.27,Tamil Nadu,37,27,38,28,-1
Chennai (Nungambakkam),2026-05-31,13.05,80.27,Tamil Nadu,39,29,37,28,2
Chennai (Nungambakkam),2026-06-01,13.05,80.27,Tamil Nadu,39,28,37,28,2
Chennai (Nungambakkam),2026-06-02,13.05,80.27,Tamil Nadu,38,29,37,28,1
Chennai (Nungambakkam),2026-06-03,13.05,80.27,Tamil Nadu,38,28,37,28,1
Chennai (Nungambakkam),2026-06-04,13.05,80.27,Tamil Nadu,39,30,37,28,2
Chennai (Nungambakkam),2026-06-05,13.05,80.27,Tamil Nadu,40,30,37,28,3
Chennai (Nungambakkam),2026-06-06,13.05,80.27,Tamil Nadu,39,30,37,28,2
Chennai (Nungambakkam),2026-06-07,13.05,80.27,Tamil Nadu,39,30,37,28,2
Chennai (Nungambakkam),2026-06-08,13.05,80.27,Tamil Nadu,39,30,37,28,2
Chennai (Nungambakkam),2026-06-09,13.05,80.27,Tamil Nadu,40,30,37,28,3
Chennai (Nungambakkam),2026-06-10,13.05,80.27,Tamil Nadu,39,26,37,28,2
Chennai (Nungambakkam),2026-06-11,13.05,80.27,Tamil Nadu,35,30,37,28,-2
Chennai (Nungambakkam),2026-06-15,13.05,80.27,Tamil Nadu,39,28,37,28,2
Chennai (Nungambakkam),2026-06-16,13.05,80.27,Tamil Nadu,39,29,37,28,2
Chennai (Nungambakkam),2026-06-18,13.05,80.27,Tamil Nadu,38,28,37,28,1
Chennai (Nungambakkam),2026-06-19,13.05,80.27,Tamil Nadu,37,26,37,28,0
Chennai (Nungambakkam),2026-06-21,13.05,80.27,Tamil Nadu,36,28,37,27,-1
Chennai (Nungambakkam),2026-06-22,13.05,80.27,Tamil Nadu,37,26,37,27,0
Chennai (Nungambakkam),2026-06-23,13.05,80.27,Tamil Nadu,38,28,37,27,1
Chennai (Nungambakkam),2026-06-24,13.05,80.27,Tamil Nadu,33,27,37,27,-4
Chennai (Nungambakkam),2026-06-25,13.05,80.27,Tamil Nadu,39,29,37,27,2
Chennai (Nungambakkam),2026-06-27,13.05,80.27,Tamil Nadu,38,28,37,27,1
Chennai (Nungambakkam),2026-06-28,13.05,80.27,Tamil Nadu,37,25,37,27,0
Chennai (Nungambakkam),2026-07-01,13.05,80.27,Tamil Nadu,35,27,36,27,-1
Chennai (Nungambakkam),2026-07-02,13.05,80.27,Tamil Nadu,36,29,36,27,0
Chennai (Nungambakkam),2026-07-03,13.05,80.27,Tamil Nadu,35,29,36,27,-1
Chennai (Nungambakkam),2026-07-04,13.05,80.27,Tamil Nadu,32,28,36,27,-4
Chennai (Nungambakkam),2026-07-05,13.05,80.27,Tamil Nadu,38,28,36,27,2
Chennai (Nungambakkam),2026-07-06,13.05,80.27,Tamil Nadu,38,28,36,27,2
Chennai (Nungambakkam),2026-07-07,13.05,80.27,Tamil Nadu,38,29,36,27,2
Chennai (Nungambakkam),2026-07-08,13.05,80.27,Tamil Nadu,38,29,36,27,2
Chennai (Nungambakkam),2026-07-09,13.05,80.27,Tamil Nadu,37,30,36,27,1
Chennai (Nungambakkam),2026-07-10,13.05,80.27,Tamil Nadu,34,26,35,26,-1
Chennai (Nungambakkam),2026-07-11,13.05,80.27,Tamil Nadu,38,27,35,26,3
Chennai (Nungambakkam),2026-07-12,13.05,80.27,Tamil Nadu,38,28,35,26,3
Chennai (Nungambakkam),2026-07-13,13.05,80.27,Tamil Nadu,39,28,35,26,4
Chennai (Nungambakkam),2026-07-14,13.05,80.27,Tamil Nadu,39,29,35,26,4
Chennai (Nungambakkam),2026-07-15,13.05,80.27,Tamil Nadu,39,28,35,26,4
Chennai (Nungambakkam),2026-07-16,13.05,80.27,Tamil Nadu,38,28,35,26,3
Chennai (Nungambakkam),2026-07-19,13.05,80.27,Tamil Nadu,33,26,35,26,-2
Chennai (Nungambakkam),2026-07-20,13.05,80.27,Tamil Nadu,35,26,35,26,0
Chennai (Nungambakkam),2026-07-21,13.05,80.27,Tamil Nadu,37,26,35,26,2
Chennai (Nungambakkam),2026-07-22,13.05,80.27,Tamil Nadu,38,27,35,26,3
Chennai (Nungambakkam),2026-07-23,13.05,80.27,Tamil Nadu,36,28,35,26,1
Chennai (Nungambakkam),2026-07-24,13.05,80.27,Tamil Nadu,36,28,35,26,1
Chennai (Nungambakkam),2026-07-25,13.05,80.27,Tamil Nadu,36,26,35,26,1
Chennai (Nungambakkam),2026-07-26,13.05,80.27,Tamil Nadu,38,28,35,26,3
Chennai (Nungambakkam),2026-07-27,13.05,80.27,Tamil Nadu,38,29,35,26,3
Hyderabad,2025-05-07,17.37,78.48,Telangana,37,23,39,26,-2
Hyderabad,2025-05-06,17.37,78.48,Telangana,37,23,39,26,-2
Hyderabad,2025-05-08,17.37,78.48,Telangana,36,24,39,26,-3
Hyderabad,2025-05-09,17.37,78.48,Telangana,38,24,39,26,-1
Hyderabad,2025-05-10,17.37,78.48,Telangana,38,23,39,26,-1
Hyderabad,2025-05-11,17.37,78.48,Telangana,39,27,40,27,-1
Hyderabad,2025-05-12,17.37,78.48,Telangana,37,28,40,27,-3
Hyderabad,2025-05-13,17.37,78.48,Telangana,38,25,40,27,-2
Hyderabad,2025-05-14,17.37,78.48,Telangana,37,25,40,27,-3
Hyderabad,2025-05-15,17.37,78.48,Telangana,36,23,40,27,-4
Hyderabad,2025-05-16,17.37,78.48,Telangana,35,23,40,27,-5
Hyderabad,2025-05-17,17.37,78.48,Telangana,34,25,40,27,-6
Hyderabad,2025-05-18,17.37,78.48,Telangana,37,26,40,27,-3
Hyderabad,2025-05-19,17.37,78.48,Telangana,35,27,40,27,-5
Hyderabad,2025-05-20,17.37,78.48,Telangana,36,27,40,27,-4
Hyderabad,2025-05-21,17.37,78.48,Telangana,33,26,40,27,-7
Hyderabad,2025-05-22,17.37,78.48,Telangana,33,23,40,27,-7
Hyderabad,2025-05-23,17.37,78.48,Telangana,32,24,40,27,-8
Hyderabad,2025-05-24,17.37,78.48,Telangana,32,25,40,27,-8
Hyderabad,2025-05-25,17.37,78.48,Telangana,32,23,40,27,-8
Hyderabad,2025-05-26,17.37,78.48,Telangana,31,23,40,27,-9
Hyderabad,2025-05-27,17.37,78.48,Telangana,32,23,40,27,-8
Hyderabad,2025-05-28,17.37,78.48,Telangana,30,23,40,27,-10
Hyderabad,2025-05-29,17.37,78.48,Telangana,31,24,40,27,-9
Hyderabad,2025-05-30,17.37,78.48,Telangana,34,24,40,27,-6
Hyderabad,2025-05-31,17.37,78.48,Telangana,35,25,39,26,-4
Hyderabad,2025-06-01,17.37,78.48,Telangana,35,25,39,26,-4
Hyderabad,2025-06-02,17.37,78.48,Telangana,33,24,39,26,-6
Hyderabad,2025-06-03,17.37,78.48,Telangana,34,25,39,26,-5
Hyderabad,2025-06-04,17.37,78.48,Telangana,36,25,39,26,-3
Hyderabad,2025-06-05,17.37,78.48,Telangana,36,25,37,25,-1
Hyderabad,2025-06-06,17.37,78.48,Telangana,37,25,37,25,0
Hyderabad,2025-06-07,17.37,78.48,Telangana,38,26,37,25,1
Hyderabad,2025-06-08,17.37,78.48,Telangana,38,26,37,25,1
Hyderabad,2025-06-09,17.37,78.48,Telangana,30,25,37,25,-7
Hyderabad,2025-06-10,17.37,78.48,Telangana,30,23,35,25,-5
Hyderabad,2025-06-11,17.37,78.48,Telangana,33,24,35,25,-2
Hyderabad,2025-06-12,17.37,78.48,Telangana,33,24,35,25,-2
Hyderabad,2025-06-13,17.37,78.48,Telangana,32,23,35,25,-3
Hyderabad,2025-06-14,17.37,78.48,Telangana,31,25,35,25,-4
Hyderabad,2025-06-15,17.37,78.48,Telangana,31,24,34,24,-3
Hyderabad,2025-06-16,17.37,78.48,Telangana,31,23,34,24,-3
Hyderabad,2025-06-17,17.37,78.48,Telangana,34,24,34,24,0
Hyderabad,2025-06-18,17.37,78.48,Telangana,34,24,34,24,0
Hyderabad,2025-06-19,17.37,78.48,Telangana,33,24,34,24,-1
Hyderabad,2025-06-20,17.37,78.48,Telangana,35,25,33,24,2
Hyderabad,2025-06-21,17.37,78.48,Telangana,35,24,33,24,2
Hyderabad,2025-06-22,17.37,78.48,Telangana,35,24,33,24,2
Hyderabad,2025-06-23,17.37,78.48,Telangana,32,24,33,24,-1
Hyderabad,2025-06-24,17.37,78.48,Telangana,31,24,33,24,-2
Hyderabad,2025-06-25,17.37,78.48,Telangana,33,24,33,24,0
Hyderabad,2025-06-26,17.37,78.48,Telangana,32,24,33,24,-1
Hyderabad,2025-06-27,17.37,78.48,Telangana,34,23,33,24,1
Hyderabad,2025-06-28,17.37,78.48,Telangana,35,24,33,24,2
Hyderabad,2025-06-29,17.37,78.48,Telangana,33,24,33,24,0
Hyderabad,2025-06-30,17.37,78.48,Telangana,31,23,33,24,-2
Hyderabad,2025-07-01,17.37,78.48,Telangana,28,21,33,24,-5
Hyderabad,2025-07-02,17.37,78.48,Telangana,26,21,33,24,-7
Hyderabad,2025-07-03,17.37,78.48,Telangana,31,23,33,24,-2
Hyderabad,2025-07-04,17.37,78.48,Telangana,31,23,33,24,-2
Hyderabad,2025-07-05,17.37,78.48,Telangana,32,23,32,23,0
Hyderabad,2025-07-06,17.37,78.48,Telangana,33,23,32,23,1
Hyderabad,2025-07-07,17.37,78.48,Telangana,31,24,32,23,-1
Hyderabad,2025-07-08,17.37,78.48,Telangana,32,23,32,23,0
Hyderabad,2025-07-09,17.37,78.48,Telangana,32,23,32,23,0
Hyderabad,2025-07-10,17.37,78.48,Telangana,32,23,32,23,0
Hyderabad,2025-07-11,17.37,78.48,Telangana,33,24,32,23,1
Hyderabad,2025-07-12,17.37,78.48,Telangana,33,24,32,23,1
Hyderabad,2025-07-13,17.37,78.48,Telangana,34,24,32,23,2
Hyderabad,2025-07-14,17.37,78.48,Telangana,34,24,32,23,2
Hyderabad,2025-07-16,17.37,78.48,Telangana,33,24,31,23,2
Hyderabad,2025-07-17,17.37,78.48,Telangana,34,25,31,23,3
Hyderabad,2025-07-18,17.37,78.48,Telangana,32,23,31,23,1
Hyderabad,2025-07-19,17.37,78.48,Telangana,33,22,31,23,2
Hyderabad,2025-07-20,17.37,78.48,Telangana,31,23,31,23,0
Hyderabad,2025-07-21,17.37,78.48,Telangana,32,24,31,23,1
Hyderabad,2025-07-22,17.37,78.48,Telangana,32,23,31,23,1
Hyderabad,2025-07-23,17.37,78.48,Telangana,28,22,31,23,-3
Hyderabad,2025-07-24,17.37,78.48,Telangana,25,21,31,23,-6
Hyderabad,2025-07-25,17.37,78.48,Telangana,27,22,31,22,-4
Hyderabad,2025-07-26,17.37,78.48,Telangana,25,22,31,22,-6
Hyderabad,2025-07-27,17.37,78.48,Telangana,30,22,31,22,-1
Hyderabad,2025-07-28,17.37,78.48,Telangana,30,22,31,22,-1
Hyderabad,2025-07-29,17.37,78.48,Telangana,31,23,31,22,0
Hyderabad,2025-07-30,17.37,78.48,Telangana,30,23,31,23,-1
Hyderabad,2025-07-31,17.37,78.48,Telangana,31,22,31,23,0
Hyderabad,2025-08-01,17.37,78.48,Telangana,32,23,31,23,1
Hyderabad,2025-08-02,17.37,78.48,Telangana,32,23,31,23,1
Hyderabad,2025-08-03,17.37,78.48,Telangana,34,24,31,23,3
Hyderabad,2025-08-04,17.37,78.48,Telangana,33,24,30,22,3
Hyderabad,2025-08-05,17.37,78.48,Telangana,32,22,30,22,2
Hyderabad,2025-08-06,17.37,78.48,Telangana,33,23,30,22,3
Hyderabad,2025-08-07,17.37,78.48,Telangana,34,24,30,22,4
Hyderabad,2025-08-08,17.37,78.48,Telangana,29,21,30,22,-1
Hyderabad,2025-08-09,17.37,78.48,Telangana,31,23,30,22,1
Hyderabad,2025-08-10,17.37,78.48,Telangana,30,21,30,22,0
Hyderabad,2025-08-11,17.37,78.48,Telangana,31,22,30,22,1
Hyderabad,2025-08-12,17.37,78.48,Telangana,29,22,30,22,-1
Hyderabad,2025-08-13,17.37,78.48,Telangana,26,22,30,22,-4
Hyderabad,2025-08-14,17.37,78.48,Telangana,28,22,31,23,-3
Hyderabad,2025-08-15,17.37,78.48,Telangana,30,22,31,23,-1
Hyderabad,2025-08-16,17.37,78.48,Telangana,26,22,31,23,-5
Hyderabad,2025-08-17,17.37,78.48,Telangana,28,22,31,23,-3
Hyderabad,2025-08-18,17.37,78.48,Telangana,26,21,31,23,-5
Hyderabad,2025-08-19,17.37,78.48,Telangana,26,21,31,22,-5
Hyderabad,2025-08-20,17.37,78.48,Telangana,28,22,31,22,-3
Hyderabad,2025-08-21,17.37,78.48,Telangana,30,22,31,22,-1
Hyderabad,2025-08-22,17.37,78.48,Telangana,30,22,31,22,-1
Hyderabad,2025-08-23,17.37,78.48,Telangana,30,22,31,22,-1
Hyderabad,2025-08-24,17.37,78.48,Telangana,30,22,31,23,-1
Hyderabad,2025-08-25,17.37,78.48,Telangana,31,22,31,23,0
Hyderabad,2025-08-26,17.37,78.48,Telangana,27,23,31,23,-4
Hyderabad,2025-08-27,17.37,78.48,Telangana,24,21,31,23,-7
Hyderabad,2025-08-28,17.37,78.48,Telangana,26,21,31,23,-5
Hyderabad,2025-08-29,17.37,78.48,Telangana,30,22,30,23,0
Hyderabad,2025-08-30,17.37,78.48,Telangana,29,23,30,23,-1
Hyderabad,2025-08-31,17.37,78.48,Telangana,29,23,30,23,-1
Hyderabad,2025-09-01,17.37,78.48,Telangana,28,23,30,23,-2
Hyderabad,2025-09-02,17.37,78.48,Telangana,29,22,30,23,-1
Hyderabad,2025-09-03,17.37,78.48,Telangana,31,22,31,23,0
Hyderabad,2025-09-04,17.37,78.48,Telangana,30,22,31,23,-1
Hyderabad,2025-09-05,17.37,78.48,Telangana,31,22,31,23,0
Hyderabad,2025-09-06,17.37,78.48,Telangana,31,23,31,23,0
Hyderabad,2025-09-07,17.37,78.48,Telangana,31,22,31,23,0
Hyderabad,2025-09-08,17.37,78.48,Telangana,33,23,31,22,2
Hyderabad,2025-09-09,17.37,78.48,Telangana,34,23,31,22,3
Hyderabad,2025-09-10,17.37,78.48,Telangana,33,23,31,22,2
Hyderabad,2025-09-11,17.37,78.48,Telangana,30,23,31,22,-1
Hyderabad,2025-09-12,17.37,78.48,Telangana,28,21,31,22,-3
Hyderabad,2025-09-13,17.37,78.48,Telangana,29,23,31,22,-2
Hyderabad,2025-09-14,17.37,78.48,Telangana,31,22,31,22,0
Hyderabad,2025-09-15,17.37,78.48,Telangana,29,22,31,22,-2
Hyderabad,2025-09-16,17.37,78.48,Telangana,30,21,31,22,-1
Hyderabad,2025-09-17,17.37,78.48,Telangana,31,23,31,22,0
Hyderabad,2025-09-18,17.37,78.48,Telangana,32,21,31,22,1
Hyderabad,2025-09-19,17.37,78.48,Telangana,32,22,31,22,1
Hyderabad,2025-09-20,17.37,78.48,Telangana,32,22,31,22,1
Hyderabad,2025-09-21,17.37,78.48,Telangana,32,23,31,22,1
Hyderabad,2025-09-22,17.37,78.48,Telangana,30,21,31,22,-1
Hyderabad,2025-09-23,17.37,78.48,Telangana,29,21,32,22,-3
Hyderabad,2025-09-24,17.37,78.48,Telangana,30,22,32,22,-2
Hyderabad,2025-09-25,17.37,78.48,Telangana,26,23,32,22,-6
Hyderabad,2025-09-26,17.37,78.48,Telangana,27,20,32,22,-5
Hyderabad,2025-09-27,17.37,78.48,Telangana,25,22,32,22,-7
Hyderabad,2025-09-28,17.37,78.48,Telangana,27,22,32,22,-5
Hyderabad,2025-09-29,17.37,78.48,Telangana,30,21,32,22,-2
Hyderabad,2025-09-30,17.37,78.48,Telangana,31,22,32,22,-1
Hyderabad,2025-10-01,17.37,78.48,Telangana,31,21,32,22,-1
Hyderabad,2025-10-02,17.37,78.48,Telangana,29,22,32,22,-3
Hyderabad,2025-10-03,17.37,78.48,Telangana,31,22,32,22,-1
Hyderabad,2025-10-04,17.37,78.48,Telangana,31,23,32,22,-1
Hyderabad,2025-10-05,17.37,78.48,Telangana,30,20,32,22,-2
Hyderabad,2025-10-06,17.37,78.48,Telangana,32,22,32,22,0
Hyderabad,2025-10-07,17.37,78.48,Telangana,31,24,32,22,-1
Hyderabad,2025-10-08,17.37,78.48,Telangana,32,22,32,22,0
Hyderabad,2025-10-09,17.37,78.48,Telangana,31,21,32,22,-1
Hyderabad,2025-10-10,17.37,78.48,Telangana,32,20,32,22,0
Hyderabad,2025-10-11,17.37,78.48,Telangana,31,19,32,22,-1
Hyderabad,2025-10-12,17.37,78.48,Telangana,32,19,32,22,0
Hyderabad,2025-10-13,17.37,78.48,Telangana,30,22,32,21,-2
Hyderabad,2025-10-14,17.37,78.48,Telangana,30,22,32,21,-2
Hyderabad,2025-10-15,17.37,78.48,Telangana,31,22,32,21,-1
Hyderabad,2025-10-16,17.37,78.48,Telangana,31,21,32,21,-1
Hyderabad,2025-10-17,17.37,78.48,Telangana,31,21,32,21,-1
Hyderabad,2025-10-18,17.37,78.48,Telangana,32,22,31,21,1
Hyderabad,2025-10-19,17.37,78.48,Telangana,31,22,31,21,0
Hyderabad,2025-10-20,17.37,78.48,Telangana,30,23,31,21,-1
Hyderabad,2025-10-21,17.37,78.48,Telangana,31,23,31,21,0
Hyderabad,2025-10-22,17.37,78.48,Telangana,30,22,31,21,-1
Hyderabad,2025-10-23,17.37,78.48,Telangana,29,23,31,20,-2
Hyderabad,2025-10-24,17.37,78.48,Telangana,27,23,31,20,-4
Hyderabad,2025-10-25,17.37,78.48,Telangana,29,23,31,20,-2
Hyderabad,2025-10-26,17.37,78.48,Telangana,30,22,31,20,-1
Hyderabad,2025-10-27,17.37,78.48,Telangana,32,23,31,20,1
Hyderabad,2025-10-28,17.37,78.48,Telangana,28,22,31,19,-3
Hyderabad,2025-10-29,17.37,78.48,Telangana,24,23,31,19,-7
Hyderabad,2025-10-30,17.37,78.48,Telangana,30,22,31,19,-1
Hyderabad,2025-10-31,17.37,78.48,Telangana,31,22,31,19,0
Hyderabad,2025-11-01,17.37,78.48,Telangana,32,21,31,19,1
Hyderabad,2025-11-02,17.37,78.48,Telangana,31,24,30,19,1
Hyderabad,2025-11-03,17.37,78.48,Telangana,31,23,30,19,1
Hyderabad,2025-11-04,17.37,78.48,Telangana,29,23,30,19,-1
Hyderabad,2025-11-05,17.37,78.48,Telangana,31,23,30,19,1
Hyderabad,2025-11-06,17.37,78.48,Telangana,30,21,30,19,0
Hyderabad,2026-01-06,17.37,78.48,Telangana,27,15,29,15,-2
Hyderabad,2026-01-07,17.37,78.48,Telangana,28,12,29,15,-1
Hyderabad,2026-01-08,17.37,78.48,Telangana,27,13,29,15,-2
Hyderabad,2026-01-09,17.37,78.48,Telangana,26,12,29,15,-3
Hyderabad,2026-01-10,17.37,78.48,Telangana,26,15,29,15,-3
Hyderabad,2026-01-11,17.37,78.48,Telangana,26,13,29,15,-3
Hyderabad,2026-01-12,17.37,78.48,Telangana,26,20,29,15,-3
Hyderabad,2026-01-13,17.37,78.48,Telangana,30,20,29,15,1
Hyderabad,2026-01-14,17.37,78.48,Telangana,31,18,29,15,2
Hyderabad,2026-01-15,17.37,78.48,Telangana,30,18,29,15,1
Hyderabad,2026-01-16,17.37,78.48,Telangana,30,17,30,16,0
Hyderabad,2026-01-17,17.37,78.48,Telangana,32,14,30,16,2
Hyderabad,2026-01-18,17.37,78.48,Telangana,32,14,30,16,2
Hyderabad,2026-01-19,17.37,78.48,Telangana,31,16,30,16,1
Hyderabad,2026-01-20,17.37,78.48,Telangana,29,17,30,16,-1
Hyderabad,2026-01-21,17.37,78.48,Telangana,28,18,30,16,-2
Hyderabad,2026-01-22,17.37,78.48,Telangana,27,16,30,16,-3
Hyderabad,2026-01-23,17.37,78.48,Telangana,28,18,30,16,-2
Hyderabad,2026-01-24,17.37,78.48,Telangana,28,18,30,16,-2
Hyderabad,2026-01-26,17.37,78.48,Telangana,29,19,30,16,-1
Hyderabad,2026-01-27,17.37,78.48,Telangana,30,19,30,16,0
Hyderabad,2026-01-28,17.37,78.48,Telangana,30,18,30,16,0
Hyderabad,2026-01-29,17.37,78.48,Telangana,30,18,30,16,0
Hyderabad,2026-01-30,17.37,78.48,Telangana,29,19,30,16,-1
Hyderabad,2026-01-31,17.37,78.48,Telangana,28,18,,,
Hyderabad,2026-02-01,17.37,78.48,Telangana,28,19,30,17,-2
Hyderabad,2026-02-02,17.37,78.48,Telangana,29,17,30,17,-1
Hyderabad,2026-02-03,17.37,78.48,Telangana,28,18,30,17,-2
Hyderabad,2026-02-04,17.37,78.48,Telangana,28,19,30,17,-2
Hyderabad,2026-02-08,17.37,78.48,Telangana,31,15,31,17,0
Hyderabad,2026-02-09,17.37,78.48,Telangana,30,15,31,17,-1
Hyderabad,2026-02-10,17.37,78.48,Telangana,31,16,31,18,0
Hyderabad,2026-02-11,17.37,78.48,Telangana,29,17,31,18,-2
Hyderabad,2026-02-12,17.37,78.48,Telangana,30,18,31,18,-1
Hyderabad,2026-02-13,17.37,78.48,Telangana,30,17,31,18,-1
Hyderabad,2026-02-14,17.37,78.48,Telangana,31,17,31,18,0
Hyderabad,2026-02-15,17.37,78.48,Telangana,32,18,33,18,-1
Hyderabad,2026-02-16,17.37,78.48,Telangana,31,18,33,18,-2
Hyderabad,2026-02-17,17.37,78.48,Telangana,31,18,33,18,-2
Hyderabad,2026-02-18,17.37,78.48,Telangana,30,19,33,18,-3
Hyderabad,2026-02-19,17.37,78.48,Telangana,30,20,33,18,-3
Hyderabad,2026-02-20,17.37,78.48,Telangana,32,20,33,19,-1
Hyderabad,2026-02-21,17.37,78.48,Telangana,32,19,33,19,-1
Hyderabad,2026-02-25,17.37,78.48,Telangana,32,20,34,19,-2
Hyderabad,2026-02-26,17.37,78.48,Telangana,33,20,34,19,-1
Hyderabad,2026-02-27,17.37,78.48,Telangana,33,20,34,19,-1
Hyderabad,2026-02-28,17.37,78.48,Telangana,34,21,34,19,0
Hyderabad,2026-03-01,17.37,78.48,Telangana,34,21,34,19,0
Hyderabad,2026-03-02,17.37,78.48,Telangana,34,22,34,20,0
Hyderabad,2026-03-03,17.37,78.48,Telangana,36,21,34,20,2
Hyderabad,2026-03-04,17.37,78.48,Telangana,35,20,34,20,1
Hyderabad,2026-03-05,17.37,78.48,Telangana,36,19,34,20,2
Hyderabad,2026-03-06,17.37,78.48,Telangana,37,19,34,20,3
Hyderabad,2026-03-07,17.37,78.48,Telangana,36,20,35,20,1
Hyderabad,2026-03-08,17.37,78.48,Telangana,36,20,35,20,1
Hyderabad,2026-03-09,17.37,78.48,Telangana,34,21,35,20,-1
Hyderabad,2026-03-10,17.37,78.48,Telangana,33,23,35,20,-2
Hyderabad,2026-03-11,17.37,78.48,Telangana,35,22,35,20,0
Hyderabad,2026-03-12,17.37,78.48,Telangana,37,20,35,21,2
Hyderabad,2026-03-13,17.37,78.48,Telangana,37,21,35,21,2
Hyderabad,2026-03-14,17.37,78.48,Telangana,37,22,35,21,2
Hyderabad,2026-03-15,17.37,78.48,Telangana,35,22,35,21,0
Hyderabad,2026-03-16,17.37,78.48,Telangana,36,23,35,21,1
Hyderabad,2026-03-17,17.37,78.48,Telangana,34,22,36,21,-2
Hyderabad,2026-03-18,17.37,78.48,Telangana,28,18,36,21,-8
Hyderabad,2026-03-19,17.37,78.48,Telangana,32,20,36,21,-4
Hyderabad,2026-03-20,17.37,78.48,Telangana,34,20,36,21,-2
Hyderabad,2026-03-21,17.37,78.48,Telangana,34,22,36,21,-2
Hyderabad,2026-03-22,17.37,78.48,Telangana,33,22,37,22,-4
Hyderabad,2026-03-23,17.37,78.48,Telangana,34,24,37,22,-3
Hyderabad,2026-03-24,17.37,78.48,Telangana,35,24,37,22,-2
Hyderabad,2026-03-25,17.37,78.48,Telangana,35,23,37,22,-2
Hyderabad,2026-03-26,17.37,78.48,Telangana,37,23,37,22,0
Hyderabad,2026-03-27,17.37,78.48,Telangana,38,23,37,23,1
Hyderabad,2026-03-28,17.37,78.48,Telangana,37,24,37,23,0
Hyderabad,2026-03-29,17.37,78.48,Telangana,37,25,37,23,0
Hyderabad,2026-03-30,17.37,78.48,Telangana,37,25,37,23,0
Hyderabad,2026-03-31,17.37,78.48,Telangana,34,22,37,23,-3
Hyderabad,2026-04-01,17.37,78.48,Telangana,36,25,37,23,-1
Hyderabad,2026-04-02,17.37,78.48,Telangana,35,23,37,23,-2
Hyderabad,2026-04-03,17.37,78.48,Telangana,37,24,37,23,0
Hyderabad,2026-04-04,17.37,78.48,Telangana,36,25,37,23,-1
Hyderabad,2026-04-05,17.37,78.48,Telangana,37,27,37,23,0
Hyderabad,2026-04-06,17.37,78.48,Telangana,37,26,37,23,0
Hyderabad,2026-04-07,17.37,78.48,Telangana,37,22,37,23,0
Hyderabad,2026-04-08,17.37,78.48,Telangana,37,23,37,23,0
Hyderabad,2026-04-09,17.37,78.48,Telangana,37,25,37,23,0
Hyderabad,2026-04-10,17.37,78.48,Telangana,38,25,37,23,1
Hyderabad,2026-04-11,17.37,78.48,Telangana,38,26,37,23,1
Hyderabad,2026-04-12,17.37,78.48,Telangana,39,27,37,23,2
Hyderabad,2026-04-13,17.37,78.48,Telangana,40,26,37,23,3
Hyderabad,2026-04-14,17.37,78.48,Telangana,40,28,37,23,3
Hyderabad,2026-04-16,17.37,78.48,Telangana,41,28,38,24,3
Hyderabad,2026-04-17,17.37,78.48,Telangana,40,28,38,24,2
Hyderabad,2026-04-18,17.37,78.48,Telangana,40,28,38,24,2
Hyderabad,2026-04-19,17.37,78.48,Telangana,40,26,38,24,2
Hyderabad,2026-04-20,17.37,78.48,Telangana,39,26,38,24,1
Hyderabad,2026-04-21,17.37,78.48,Telangana,38,28,38,25,0
Hyderabad,2026-04-22,17.37,78.48,Telangana,39,27,38,25,1
Hyderabad,2026-04-23,17.37,78.48,Telangana,39,28,38,25,1
Hyderabad,2026-04-24,17.37,78.48,Telangana,40,26,38,25,2
Hyderabad,2026-04-25,17.37,78.48,Telangana,39,25,38,25,1
Hyderabad,2026-04-26,17.37,78.48,Telangana,40,28,39,25,1
Hyderabad,2026-04-27,17.37,78.48,Telangana,41,28,39,25,2
Hyderabad,2026-04-28,17.37,78.48,Telangana,42,27,39,25,3
Hyderabad,2026-04-29,17.37,78.48,Telangana,40,28,39,25,1
Hyderabad,2026-04-30,17.37,78.48,Telangana,41,29,39,25,2
Hyderabad,2026-05-02,17.37,78.48,Telangana,41,29,39,26,2
Hyderabad,2026-05-04,17.37,78.48,Telangana,40,27,39,26,1
Hyderabad,2026-05-06,17.37,78.48,Telangana,36,25,39,26,-3
Hyderabad,2026-05-07,17.37,78.48,Telangana,36,26,39,26,-3
Hyderabad,2026-05-08,17.37,78.48,Telangana,36,26,39,26,-3
Hyderabad,2026-05-09,17.37,78.48,Telangana,36,26,39,26,-3
Hyderabad,2026-05-10,17.37,78.48,Telangana,37,25,39,26,-2
Hyderabad,2026-05-11,17.37,78.48,Telangana,38,25,39,26,-1
Hyderabad,2026-05-12,17.37,78.48,Telangana,39,26,39,26,0
Hyderabad,2026-05-16,17.37,78.48,Telangana,39,29,39,26,0
Hyderabad,2026-05-17,17.37,78.48,Telangana,39,28,39,26,0
Hyderabad,2026-05-20,17.37,78.48,Telangana,39,29,39,26,0
Hyderabad,2026-05-21,17.37,78.48,Telangana,43,29,40,27,3
Hyderabad,2026-05-22,17.37,78.48,Telangana,39,29,40,27,-1
Hyderabad,2026-05-23,17.37,78.48,Telangana,40,29,40,27,0
Hyderabad,2026-05-24,17.37,78.48,Telangana,42,25,40,27,2
Hyderabad,2026-05-25,17.37,78.48,Telangana,42,29,40,27,2
Hyderabad,2026-05-26,17.37,78.48,Telangana,41,29,39,26,2
Hyderabad,2026-05-27,17.37,78.48,Telangana,33,23,39,26,-6
Hyderabad,2026-05-28,17.37,78.48,Telangana,39,26,39,26,0
Hyderabad,2026-05-29,17.37,78.48,Telangana,39,29,39,26,0
Hyderabad,2026-05-31,17.37,78.48,Telangana,39,29,38,26,1
Hyderabad,2026-06-01,17.37,78.48,Telangana,39,29,38,26,1
Hyderabad,2026-06-02,17.37,78.48,Telangana,38,27,38,26,0
Hyderabad,2026-06-03,17.37,78.48,Telangana,38,28,38,26,0
Hyderabad,2026-06-04,17.37,78.48,Telangana,38,27,38,26,0
Hyderabad,2026-06-05,17.37,78.48,Telangana,36,27,37,25,-1
Hyderabad,2026-06-06,17.37,78.48,Telangana,38,26,37,25,1
Hyderabad,2026-06-07,17.37,78.48,Telangana,37,24,37,25,0
Hyderabad,2026-06-08,17.37,78.48,Telangana,36,25,37,25,-1
Hyderabad,2026-06-09,17.37,78.48,Telangana,36,26,37,25,-1
Hyderabad,2026-06-10,17.37,78.48,Telangana,38,23,35,24,3
Hyderabad,2026-06-11,17.37,78.48,Telangana,38,27,35,24,3
Hyderabad,2026-06-15,17.37,78.48,Telangana,36,26,34,23,2
Hyderabad,2026-06-16,17.37,78.48,Telangana,37,25,34,23,3
Hyderabad,2026-06-18,17.37,78.48,Telangana,38,29,34,23,4
Hyderabad,2026-06-19,17.37,78.48,Telangana,37,23,34,23,3
Hyderabad,2026-06-21,17.37,78.48,Telangana,31,23,33,23,-2
Hyderabad,2026-06-22,17.37,78.48,Telangana,36,27,33,23,3
Hyderabad,2026-06-23,17.37,78.48,Telangana,32,22,33,23,-1
Hyderabad,2026-06-24,17.37,78.48,Telangana,32,24,33,23,-1
Hyderabad,2026-06-25,17.37,78.48,Telangana,31,24,33,23,-2
Hyderabad,2026-06-27,17.37,78.48,Telangana,31,26,33,23,-2
Hyderabad,2026-06-28,17.37,78.48,Telangana,35,26,33,23,2
Hyderabad,2026-06-30,17.37,78.48,Telangana,33,24,32,23,1
Hyderabad,2026-07-01,17.37,78.48,Telangana,31,25,32,23,-1
Hyderabad,2026-07-02,17.37,78.48,Telangana,32,24,32,23,0
Hyderabad,2026-07-03,17.37,78.48,Telangana,29,24,32,23,-3
Hyderabad,2026-07-04,17.37,78.48,Telangana,29,23,32,23,-3
Hyderabad,2026-07-05,17.37,78.48,Telangana,30,24,32,23,-2
Hyderabad,2026-07-06,17.37,78.48,Telangana,33,24,32,23,1
Hyderabad,2026-07-07,17.37,78.48,Telangana,33,25,32,23,1
Hyderabad,2026-07-08,17.37,78.48,Telangana,33,25,32,23,1
Hyderabad,2026-07-09,17.37,78.48,Telangana,33,23,32,23,1
Hyderabad,2026-07-10,17.37,78.48,Telangana,34,25,31,23,3
Hyderabad,2026-07-11,17.37,78.48,Telangana,34,25,31,23,3
Hyderabad,2026-07-12,17.37,78.48,Telangana,35,25,31,23,4
Hyderabad,2026-07-13,17.37,78.48,Telangana,36,25,31,23,5
Hyderabad,2026-07-14,17.37,78.48,Telangana,35,25,31,23,4
Hyderabad,2026-07-15,17.37,78.48,Telangana,35,26,31,23,4
Hyderabad,2026-07-16,17.37,78.48,Telangana,35,25,31,23,4
Hyderabad,2026-07-19,17.37,78.48,Telangana,33,23,31,23,2
Hyderabad,2026-07-20,17.37,78.48,Telangana,32,22,31,22,1
Hyderabad,2026-07-21,17.37,78.48,Telangana,28,22,31,22,-3
Hyderabad,2026-07-22,17.37,78.48,Telangana,28,22,31,22,-3
Hyderabad,2026-07-23,17.37,78.48,Telangana,30,22,31,22,-1
Hyderabad,2026-07-24,17.37,78.48,Telangana,31,24,31,22,0
Hyderabad,2026-07-25,17.37,78.48,Telangana,30,24,30,22,0
Hyderabad,2026-07-26,17.37,78.48,Telangana,32,24,30,22,2
Hyderabad,2026-07-27,17.37,78.48,Telangana,30,23,30,22,0
Agartala,2025-05-07,23.84,91.27,Tripura,35,24,33,24,2
Agartala,2025-05-06,23.84,91.27,Tripura,35,25,33,24,2
Agartala,2025-05-08,23.84,91.27,Tripura,37,27,33,24,4
Agartala,2025-05-09,23.84,91.27,Tripura,37,26,33,24,4
Agartala,2025-05-10,23.84,91.27,Tripura,39,28,33,24,6
Agartala,2025-05-11,23.84,91.27,Tripura,38,28,34,24,4
Agartala,2025-05-12,23.84,91.27,Tripura,27,22,34,24,-7
Agartala,2025-05-13,23.84,91.27,Tripura,34,24,34,24,0
Agartala,2025-05-14,23.84,91.27,Tripura,35,27,34,24,1
Agartala,2025-05-15,23.84,91.27,Tripura,33,25,34,24,-1
Agartala,2025-05-16,23.84,91.27,Tripura,36,28,34,24,2
Agartala,2025-05-17,23.84,91.27,Tripura,34,23,34,24,0
Agartala,2025-05-18,23.84,91.27,Tripura,33,24,34,24,-1
Agartala,2025-05-19,23.84,91.27,Tripura,34,25,34,24,0
Agartala,2025-05-20,23.84,91.27,Tripura,33,25,34,24,-1
Agartala,2025-05-21,23.84,91.27,Tripura,33,25,33,24,0
Agartala,2025-05-22,23.84,91.27,Tripura,32,27,33,24,-1
Agartala,2025-05-23,23.84,91.27,Tripura,33,25,33,24,0
Agartala,2025-05-24,23.84,91.27,Tripura,34,26,33,24,1
Agartala,2025-05-25,23.84,91.27,Tripura,36,27,33,24,3
Agartala,2025-05-26,23.84,91.27,Tripura,34,26,33,25,1
Agartala,2025-05-27,23.84,91.27,Tripura,36,25,33,25,3
Agartala,2025-05-28,23.84,91.27,Tripura,34,27,33,25,1
Agartala,2025-05-29,23.84,91.27,Tripura,27,26,33,25,-6
Agartala,2025-05-30,23.84,91.27,Tripura,29,26,33,25,-4
Agartala,2025-05-31,23.84,91.27,Tripura,34,27,33,25,1
Agartala,2025-06-01,23.84,91.27,Tripura,29,26,33,25,-4
Agartala,2025-06-02,23.84,91.27,Tripura,29,26,33,25,-4
Agartala,2025-06-03,23.84,91.27,Tripura,30,23,33,25,-3
Agartala,2025-06-04,23.84,91.27,Tripura,29,25,33,25,-4
Agartala,2025-06-05,23.84,91.27,Tripura,33,25,33,25,0
Agartala,2025-06-06,23.84,91.27,Tripura,33,25,33,25,0
Agartala,2025-06-07,23.84,91.27,Tripura,35,27,33,25,2
Agartala,2025-06-08,23.84,91.27,Tripura,36,27,33,25,3
Agartala,2025-06-09,23.84,91.27,Tripura,36,27,33,25,3
Agartala,2025-06-10,23.84,91.27,Tripura,36,27,32,25,4
Agartala,2025-06-11,23.84,91.27,Tripura,36,25,32,25,4
Agartala,2025-06-12,23.84,91.27,Tripura,36,26,32,25,4
Agartala,2025-06-13,23.84,91.27,Tripura,36,28,32,25,4
Agartala,2025-06-14,23.84,91.27,Tripura,32,28,32,25,0
Agartala,2025-06-15,23.84,91.27,Tripura,34,28,33,25,1
Agartala,2025-06-16,23.84,91.27,Tripura,35,27,33,25,2
Agartala,2025-06-17,23.84,91.27,Tripura,30,26,33,25,-3
Agartala,2025-06-18,23.84,91.27,Tripura,30,26,33,25,-3
Agartala,2025-06-19,23.84,91.27,Tripura,32,26,33,25,-1
Agartala,2025-06-20,23.84,91.27,Tripura,32,25,33,25,-1
Agartala,2025-06-21,23.84,91.27,Tripura,34,26,33,25,1
Agartala,2025-06-22,23.84,91.27,Tripura,35,27,33,25,2
Agartala,2025-06-23,23.84,91.27,Tripura,32,27,33,25,-1
Agartala,2025-06-24,23.84,91.27,Tripura,35,27,33,25,2
Agartala,2025-06-25,23.84,91.27,Tripura,34,26,32,26,2
Agartala,2025-06-26,23.84,91.27,Tripura,34,27,32,26,2
Agartala,2025-06-27,23.84,91.27,Tripura,34,26,32,26,2
Agartala,2025-06-28,23.84,91.27,Tripura,34,27,32,26,2
Agartala,2025-06-29,23.84,91.27,Tripura,34,26,32,26,2
Agartala,2025-06-30,23.84,91.27,Tripura,34,27,32,26,2
Agartala,2025-07-01,23.84,91.27,Tripura,34,27,32,26,2
Agartala,2025-07-02,23.84,91.27,Tripura,33,26,32,26,1
Agartala,2025-07-03,23.84,91.27,Tripura,33,26,32,26,1
Agartala,2025-07-04,23.84,91.27,Tripura,33,26,32,26,1
Agartala,2025-07-05,23.84,91.27,Tripura,34,26,32,26,2
Agartala,2025-07-06,23.84,91.27,Tripura,33,26,32,26,1
Agartala,2025-07-07,23.84,91.27,Tripura,30,26,32,26,-2
Agartala,2025-07-08,23.84,91.27,Tripura,27,25,32,26,-5
Agartala,2025-07-09,23.84,91.27,Tripura,26,25,32,26,-6
Agartala,2025-07-10,23.84,91.27,Tripura,29,25,32,25,-3
Agartala,2025-07-11,23.84,91.27,Tripura,35,25,32,25,3
Agartala,2025-07-12,23.84,91.27,Tripura,35,27,32,25,3
Agartala,2025-07-13,23.84,91.27,Tripura,35,27,32,25,3
Agartala,2025-07-14,23.84,91.27,Tripura,30,26,32,25,-2
Agartala,2025-07-16,23.84,91.27,Tripura,34,27,32,26,2
Agartala,2025-07-17,23.84,91.27,Tripura,30,26,32,26,-2
Agartala,2025-07-18,23.84,91.27,Tripura,34,26,32,26,2
Agartala,2025-07-19,23.84,91.27,Tripura,34,27,32,26,2
Agartala,2025-07-20,23.84,91.27,Tripura,32,28,32,25,0
Agartala,2025-07-21,23.84,91.27,Tripura,34,27,32,25,2
Agartala,2025-07-22,23.84,91.27,Tripura,34,27,32,25,2
Agartala,2025-07-23,23.84,91.27,Tripura,36,28,32,25,4
Agartala,2025-07-24,23.84,91.27,Tripura,34,26,32,25,2
Agartala,2025-07-25,23.84,91.27,Tripura,35,26,32,25,3
Agartala,2025-07-26,23.84,91.27,Tripura,33,27,32,25,1
Agartala,2025-07-28,23.84,91.27,Tripura,32,26,32,25,0
Agartala,2025-07-29,23.84,91.27,Tripura,34,26,32,25,2
Agartala,2025-07-30,23.84,91.27,Tripura,34,26,33,26,1
Agartala,2025-07-31,23.84,91.27,Tripura,32,26,33,26,-1
Agartala,2025-08-01,23.84,91.27,Tripura,32,26,33,26,-1
Agartala,2025-08-02,23.84,91.27,Tripura,35,27,33,26,2
Agartala,2025-08-03,23.84,91.27,Tripura,33,27,33,26,0
Agartala,2025-08-04,23.84,91.27,Tripura,33,25,33,26,0
Agartala,2025-08-05,23.84,91.27,Tripura,33,25,33,26,0
Agartala,2025-08-06,23.84,91.27,Tripura,31,25,33,26,-2
Agartala,2025-08-07,23.84,91.27,Tripura,28,25,33,26,-5
Agartala,2025-08-08,23.84,91.27,Tripura,29,25,33,26,-4
Agartala,2025-08-09,23.84,91.27,Tripura,33,25,32,25,1
Agartala,2025-08-10,23.84,91.27,Tripura,34,26,32,25,2
Agartala,2025-08-11,23.84,91.27,Tripura,35,27,32,25,3
Agartala,2025-08-12,23.84,91.27,Tripura,35,28,32,25,3
Agartala,2025-08-13,23.84,91.27,Tripura,30,25,32,25,-2
Agartala,2025-08-14,23.84,91.27,Tripura,32,26,32,25,0
Agartala,2025-08-15,23.84,91.27,Tripura,35,26,32,25,3
Agartala,2025-08-16,23.84,91.27,Tripura,33,25,32,25,1
Agartala,2025-08-17,23.84,91.27,Tripura,34,27,32,25,2
Agartala,2025-08-18,23.84,91.27,Tripura,34,26,32,25,2
Agartala,2025-08-19,23.84,91.27,Tripura,34,26,33,25,1
Agartala,2025-08-20,23.84,91.27,Tripura,33,26,33,25,0
Agartala,2025-08-21,23.84,91.27,Tripura,32,26,33,25,-1
Agartala,2025-08-22,23.84,91.27,Tripura,32,26,33,25,-1
Agartala,2025-08-23,23.84,91.27,Tripura,31,26,33,25,-2
Agartala,2025-08-24,23.84,91.27,Tripura,33,25,33,25,0
Agartala,2025-08-25,23.84,91.27,Tripura,34,25,33,25,1
Agartala,2025-08-26,23.84,91.27,Tripura,35,27,33,25,2
Agartala,2025-08-27,23.84,91.27,Tripura,35,27,33,25,2
Agartala,2025-08-28,23.84,91.27,Tripura,33,26,33,25,0
Agartala,2025-08-29,23.84,91.27,Tripura,34,26,33,26,1
Agartala,2025-08-30,23.84,91.27,Tripura,33,26,33,26,0
Agartala,2025-08-31,23.84,91.27,Tripura,34,26,33,26,1
Agartala,2025-09-01,23.84,91.27,Tripura,37,27,33,26,4
Agartala,2025-09-02,23.84,91.27,Tripura,34,26,33,26,1
Agartala,2025-09-03,23.84,91.27,Tripura,35,25,33,25,2
Agartala,2025-09-04,23.84,91.27,Tripura,35,26,33,25,2
Agartala,2025-09-05,23.84,91.27,Tripura,35,27,33,25,2
Agartala,2025-09-06,23.84,91.27,Tripura,35,28,33,25,2
Agartala,2025-09-07,23.84,91.27,Tripura,34,24,33,25,1
Agartala,2025-09-08,23.84,91.27,Tripura,33,27,32,25,1
Agartala,2025-09-09,23.84,91.27,Tripura,33,27,32,25,1
Agartala,2025-09-10,23.84,91.27,Tripura,34,27,32,25,2
Agartala,2025-09-11,23.84,91.27,Tripura,33,26,32,25,1
Agartala,2025-09-12,23.84,91.27,Tripura,32,27,32,25,0
Agartala,2025-09-13,23.84,91.27,Tripura,33,26,33,25,0
Agartala,2025-09-14,23.84,91.27,Tripura,28,26,33,25,-5
Agartala,2025-09-15,23.84,91.27,Tripura,31,25,33,25,-2
Agartala,2025-09-16,23.84,91.27,Tripura,31,25,33,25,-2
Agartala,2025-09-17,23.84,91.27,Tripura,34,25,33,25,1
Agartala,2025-09-18,23.84,91.27,Tripura,33,27,33,25,0
Agartala,2025-09-19,23.84,91.27,Tripura,35,25,33,25,2
Agartala,2025-09-20,23.84,91.27,Tripura,35,27,33,25,2
Agartala,2025-09-21,23.84,91.27,Tripura,35,28,33,25,2
Agartala,2025-09-22,23.84,91.27,Tripura,31,25,33,25,-2
Agartala,2025-09-23,23.84,91.27,Tripura,34,26,32,25,2
Agartala,2025-09-24,23.84,91.27,Tripura,34,26,32,25,2
Agartala,2025-09-25,23.84,91.27,Tripura,34,26,32,25,2
Agartala,2025-09-26,23.84,91.27,Tripura,35,26,32,25,3
Agartala,2025-09-27,23.84,91.27,Tripura,36,27,32,25,4
Agartala,2025-09-28,23.84,91.27,Tripura,32,25,33,25,-1
Agartala,2025-09-29,23.84,91.27,Tripura,34,26,33,25,1
Agartala,2025-09-30,23.84,91.27,Tripura,36,27,33,25,3
Agartala,2025-10-01,23.84,91.27,Tripura,31,24,33,25,-2
Agartala,2025-10-02,23.84,91.27,Tripura,30,25,33,25,-3
Agartala,2025-10-03,23.84,91.27,Tripura,33,24,33,25,0
Agartala,2025-10-04,23.84,91.27,Tripura,34,26,33,25,1
Agartala,2025-10-05,23.84,91.27,Tripura,33,26,33,25,0
Agartala,2025-10-06,23.84,91.27,Tripura,33,25,33,25,0
Agartala,2025-10-07,23.84,91.27,Tripura,34,25,33,25,1
Agartala,2025-10-08,23.84,91.27,Tripura,30,25,32,24,-2
Agartala,2025-10-09,23.84,91.27,Tripura,31,24,32,24,-1
Agartala,2025-10-10,23.84,91.27,Tripura,32,25,32,24,0
Agartala,2025-10-11,23.84,91.27,Tripura,27,25,32,24,-5
Agartala,2025-10-12,23.84,91.27,Tripura,32,24,32,24,0
Agartala,2025-10-13,23.84,91.27,Tripura,33,23,32,24,1
Agartala,2025-10-14,23.84,91.27,Tripura,33,24,32,24,1
Agartala,2025-10-15,23.84,91.27,Tripura,34,25,32,24,2
Agartala,2025-10-16,23.84,91.27,Tripura,34,26,32,24,2
Agartala,2025-10-17,23.84,91.27,Tripura,35,25,32,24,3
Agartala,2025-10-18,23.84,91.27,Tripura,34,25,32,23,2
Agartala,2025-10-19,23.84,91.27,Tripura,34,25,32,23,2
Agartala,2025-10-20,23.84,91.27,Tripura,34,25,32,23,2
Agartala,2025-10-21,23.84,91.27,Tripura,34,25,32,23,2
Agartala,2025-10-22,23.84,91.27,Tripura,35,25,32,23,3
Agartala,2025-10-23,23.84,91.27,Tripura,35,26,32,21,3
Agartala,2025-10-24,23.84,91.27,Tripura,35,25,32,21,3
Agartala,2025-10-25,23.84,91.27,Tripura,34,25,32,21,2
Agartala,2025-10-26,23.84,91.27,Tripura,34,24,32,21,2
Agartala,2025-10-27,23.84,91.27,Tripura,34,25,32,21,2
Agartala,2025-10-28,23.84,91.27,Tripura,35,24,30,21,5
Agartala,2025-10-29,23.84,91.27,Tripura,33,25,30,21,3
Agartala,2025-10-30,23.84,91.27,Tripura,33,25,30,21,3
Agartala,2025-10-31,23.84,91.27,Tripura,35,25,30,21,5
Agartala,2025-11-01,23.84,91.27,Tripura,33,26,30,21,3
Agartala,2025-11-02,23.84,91.27,Tripura,32,25,31,20,1
Agartala,2025-11-03,23.84,91.27,Tripura,31,24,31,20,0
Agartala,2025-11-04,23.84,91.27,Tripura,32,23,31,20,1
Agartala,2025-11-05,23.84,91.27,Tripura,28,23,31,20,-3
Agartala,2025-11-06,23.84,91.27,Tripura,31,25,31,20,0
Agartala,2026-01-06,23.84,91.27,Tripura,21,14,23,10,-2
Agartala,2026-01-07,23.84,91.27,Tripura,21,9,23,10,-2
Agartala,2026-01-08,23.84,91.27,Tripura,23,9,23,10,0
Agartala,2026-01-09,23.84,91.27,Tripura,27,12,23,10,4
Agartala,2026-01-10,23.84,91.27,Tripura,26,14,23,10,3
Agartala,2026-01-11,23.84,91.27,Tripura,26,15,23,10,3
Agartala,2026-01-12,23.84,91.27,Tripura,26,12,23,10,3
Agartala,2026-01-13,23.84,91.27,Tripura,27,13,23,10,4
Agartala,2026-01-14,23.84,91.27,Tripura,28,13,23,10,5
Agartala,2026-01-15,23.84,91.27,Tripura,27,13,23,10,4
Agartala,2026-01-16,23.84,91.27,Tripura,27,13,25,11,2
Agartala,2026-01-17,23.84,91.27,Tripura,28,13,25,11,3
Agartala,2026-01-18,23.84,91.27,Tripura,29,13,25,11,4
Agartala,2026-01-19,23.84,91.27,Tripura,29,13,25,11,4
Agartala,2026-01-20,23.84,91.27,Tripura,28,13,25,11,3
Agartala,2026-01-21,23.84,91.27,Tripura,28,12,25,10,3
Agartala,2026-01-22,23.84,91.27,Tripura,27,12,25,10,2
Agartala,2026-01-23,23.84,91.27,Tripura,28,12,25,10,3
Agartala,2026-01-24,23.84,91.27,Tripura,28,11,25,10,3
Agartala,2026-01-26,23.84,91.27,Tripura,27,12,26,10,1
Agartala,2026-01-27,23.84,91.27,Tripura,28,11,26,10,2
Agartala,2026-01-28,23.84,91.27,Tripura,29,11,26,10,3
Agartala,2026-01-29,23.84,91.27,Tripura,29,12,26,10,3
Agartala,2026-01-30,23.84,91.27,Tripura,27,13,26,10,1
Agartala,2026-01-31,23.84,91.27,Tripura,28,12,,,
Agartala,2026-02-01,23.84,91.27,Tripura,27,12,26,12,1
Agartala,2026-02-02,23.84,91.27,Tripura,28,13,26,12,2
Agartala,2026-02-03,23.84,91.27,Tripura,30,13,26,12,4
Agartala,2026-02-04,23.84,91.27,Tripura,28,16,26,12,2
Agartala,2026-02-08,23.84,91.27,Tripura,26,11,27,12,-1
Agartala,2026-02-09,23.84,91.27,Tripura,27,11,27,12,0
Agartala,2026-02-10,23.84,91.27,Tripura,28,12,28,13,0
Agartala,2026-02-11,23.84,91.27,Tripura,29,14,28,13,1
Agartala,2026-02-12,23.84,91.27,Tripura,29,13,28,13,1
Agartala,2026-02-13,23.84,91.27,Tripura,29,12,28,13,1
Agartala,2026-02-14,23.84,91.27,Tripura,30,14,28,13,2
Agartala,2026-02-15,23.84,91.27,Tripura,29,13,28,14,1
Agartala,2026-02-16,23.84,91.27,Tripura,29,13,28,14,1
Agartala,2026-02-17,23.84,91.27,Tripura,31,13,28,14,3
Agartala,2026-02-18,23.84,91.27,Tripura,32,14,28,14,4
Agartala,2026-02-19,23.84,91.27,Tripura,31,15,28,14,3
Agartala,2026-02-20,23.84,91.27,Tripura,32,15,29,15,3
Agartala,2026-02-21,23.84,91.27,Tripura,31,17,29,15,2
Agartala,2026-02-25,23.84,91.27,Tripura,31,17,30,16,1
Agartala,2026-02-26,23.84,91.27,Tripura,30,19,30,16,0
Agartala,2026-02-27,23.84,91.27,Tripura,31,17,30,16,1
Agartala,2026-02-28,23.84,91.27,Tripura,31,15,30,16,1
Agartala,2026-03-01,23.84,91.27,Tripura,32,19,30,16,2
Agartala,2026-03-02,23.84,91.27,Tripura,31,23,30,17,1
Agartala,2026-03-03,23.84,91.27,Tripura,31,22,30,17,1
Agartala,2026-03-04,23.84,91.27,Tripura,31,19,30,17,1
Agartala,2026-03-05,23.84,91.27,Tripura,32,18,30,17,2
Agartala,2026-03-06,23.84,91.27,Tripura,33,19,30,17,3
Agartala,2026-03-07,23.84,91.27,Tripura,32,20,31,17,1
Agartala,2026-03-08,23.84,91.27,Tripura,31,21,31,17,0
Agartala,2026-03-09,23.84,91.27,Tripura,30,21,31,17,-1
Agartala,2026-03-10,23.84,91.27,Tripura,32,20,31,17,1
Agartala,2026-03-11,23.84,91.27,Tripura,33,22,31,17,2
Agartala,2026-03-12,23.84,91.27,Tripura,31,23,32,19,-1
Agartala,2026-03-13,23.84,91.27,Tripura,32,23,32,19,0
Agartala,2026-03-14,23.84,91.27,Tripura,32,21,32,19,0
Agartala,2026-03-15,23.84,91.27,Tripura,31,21,32,19,-1
Agartala,2026-03-16,23.84,91.27,Tripura,32,23,32,19,0
Agartala,2026-03-17,23.84,91.27,Tripura,32,19,32,19,0
Agartala,2026-03-18,23.84,91.27,Tripura,32,23,32,19,0
Agartala,2026-03-19,23.84,91.27,Tripura,31,18,32,19,-1
Agartala,2026-03-20,23.84,91.27,Tripura,29,21,32,19,-3
Agartala,2026-03-21,23.84,91.27,Tripura,26,18,32,19,-6
Agartala,2026-03-22,23.84,91.27,Tripura,28,19,33,20,-5
Agartala,2026-03-23,23.84,91.27,Tripura,29,17,33,20,-4
Agartala,2026-03-24,23.84,91.27,Tripura,31,19,33,20,-2
Agartala,2026-03-25,23.84,91.27,Tripura,32,19,33,20,-1
Agartala,2026-03-26,23.84,91.27,Tripura,32,19,33,20,-1
Agartala,2026-03-27,23.84,91.27,Tripura,34,21,33,21,1
Agartala,2026-03-28,23.84,91.27,Tripura,28,23,33,21,-5
Agartala,2026-03-29,23.84,91.27,Tripura,32,20,33,21,-1
Agartala,2026-03-30,23.84,91.27,Tripura,34,24,33,21,1
Agartala,2026-03-31,23.84,91.27,Tripura,31,22,33,21,-2
Agartala,2026-04-01,23.84,91.27,Tripura,33,20,33,21,0
Agartala,2026-04-02,23.84,91.27,Tripura,34,25,33,21,1
Agartala,2026-04-03,23.84,91.27,Tripura,35,26,33,21,2
Agartala,2026-04-04,23.84,91.27,Tripura,33,26,33,21,0
Agartala,2026-04-05,23.84,91.27,Tripura,33,26,33,21,0
Agartala,2026-04-06,23.84,91.27,Tripura,33,22,32,22,1
Agartala,2026-04-07,23.84,91.27,Tripura,33,22,32,22,1
Agartala,2026-04-08,23.84,91.27,Tripura,31,19,32,22,-1
Agartala,2026-04-09,23.84,91.27,Tripura,26,19,32,22,-6
Agartala,2026-04-10,23.84,91.27,Tripura,32,19,32,22,0
Agartala,2026-04-11,23.84,91.27,Tripura,33,19,33,22,0
Agartala,2026-04-12,23.84,91.27,Tripura,34,25,33,22,1
Agartala,2026-04-13,23.84,91.27,Tripura,35,25,33,22,2
Agartala,2026-04-14,23.84,91.27,Tripura,33,21,33,22,0
Agartala,2026-04-16,23.84,91.27,Tripura,33,21,33,22,0
Agartala,2026-04-17,23.84,91.27,Tripura,34,25,33,22,1
Agartala,2026-04-18,23.84,91.27,Tripura,34,26,33,22,1
Agartala,2026-04-19,23.84,91.27,Tripura,35,26,33,22,2
Agartala,2026-04-20,23.84,91.27,Tripura,35,27,33,22,2
Agartala,2026-04-21,23.84,91.27,Tripura,35,26,33,22,2
Agartala,2026-04-22,23.84,91.27,Tripura,36,27,33,22,3
Agartala,2026-04-23,23.84,91.27,Tripura,36,25,33,22,3
Agartala,2026-04-24,23.84,91.27,Tripura,36,27,33,22,3
Agartala,2026-04-25,23.84,91.27,Tripura,35,26,33,22,2
Agartala,2026-04-26,23.84,91.27,Tripura,33,21,33,22,0
Agartala,2026-04-27,23.84,91.27,Tripura,27,19,33,22,-6
Agartala,2026-04-28,23.84,91.27,Tripura,25,23,33,22,-8
Agartala,2026-04-29,23.84,91.27,Tripura,22,20,33,22,-11
Agartala,2026-04-30,23.84,91.27,Tripura,29,20,33,22,-4
Agartala,2026-05-20,23.84,91.27,Tripura,36,27,33,24,3
Agartala,2026-05-21,23.84,91.27,Tripura,34,27,32,24,2
Agartala,2026-05-22,23.84,91.27,Tripura,35,27,32,24,3
Agartala,2026-05-23,23.84,91.27,Tripura,35,27,32,24,3
Agartala,2026-05-24,23.84,91.27,Tripura,33,22,32,24,1
Agartala,2026-05-25,23.84,91.27,Tripura,31,23,32,24,-1
Agartala,2026-05-26,23.84,91.27,Tripura,26,21,32,24,-6
Agartala,2026-05-27,23.84,91.27,Tripura,25,21,32,24,-7
Agartala,2026-05-28,23.84,91.27,Tripura,32,22,32,24,0
Agartala,2026-05-31,23.84,91.27,Tripura,35,25,33,24,2
Agartala,2026-06-01,23.84,91.27,Tripura,34,27,33,24,1
Agartala,2026-06-02,23.84,91.27,Tripura,36,26,33,24,3
Agartala,2026-06-03,23.84,91.27,Tripura,37,27,33,24,4
Agartala,2026-06-04,23.84,91.27,Tripura,36,28,33,24,3
Agartala,2026-06-05,23.84,91.27,Tripura,29,26,33,25,-4
Agartala,2026-06-06,23.84,91.27,Tripura,35,25,33,25,2
Agartala,2026-06-07,23.84,91.27,Tripura,35,27,33,25,2
Agartala,2026-06-08,23.84,91.27,Tripura,35,26,33,25,2
Agartala,2026-06-09,23.84,91.27,Tripura,30,26,33,25,-3
Agartala,2026-06-10,23.84,91.27,Tripura,32,23,32,25,0
Agartala,2026-06-11,23.84,91.27,Tripura,33,24,32,25,1
Agartala,2026-06-15,23.84,91.27,Tripura,33,26,32,25,1
Agartala,2026-06-16,23.84,91.27,Tripura,33,25,32,25,1
Agartala,2026-06-18,23.84,91.27,Tripura,32,25,32,25,0
Agartala,2026-06-19,23.84,91.27,Tripura,30,25,32,25,-2
Agartala,2026-06-21,23.84,91.27,Tripura,33,25,32,25,1
Agartala,2026-06-22,23.84,91.27,Tripura,32,23,32,25,0
Agartala,2026-06-23,23.84,91.27,Tripura,34,26,32,25,2
Agartala,2026-06-24,23.84,91.27,Tripura,33,26,32,25,1
Agartala,2026-06-27,23.84,91.27,Tripura,35,27,32,25,3
Agartala,2026-06-28,23.84,91.27,Tripura,36,27,32,25,4
Agartala,2026-06-30,23.84,91.27,Tripura,35,26,32,25,3
Agartala,2026-07-01,23.84,91.27,Tripura,34,27,32,25,2
Agartala,2026-07-02,23.84,91.27,Tripura,34,26,32,25,2
Agartala,2026-07-03,23.84,91.27,Tripura,35,27,32,25,3
Agartala,2026-07-04,23.84,91.27,Tripura,36,24,32,25,4
Agartala,2026-07-05,23.84,91.27,Tripura,31,26,32,25,-1
Agartala,2026-07-06,23.84,91.27,Tripura,31,26,32,25,-1
Agartala,2026-07-07,23.84,91.27,Tripura,31,25,32,25,-1
Agartala,2026-07-08,23.84,91.27,Tripura,29,26,32,25,-3
Agartala,2026-07-09,23.84,91.27,Tripura,29,25,32,25,-3
Agartala,2026-07-10,23.84,91.27,Tripura,30,25,31,25,-1
Agartala,2026-07-11,23.84,91.27,Tripura,29,25,31,25,-2
Agartala,2026-07-12,23.84,91.27,Tripura,31,25,31,25,0
Agartala,2026-07-13,23.84,91.27,Tripura,30,25,31,25,-1
Agartala,2026-07-14,23.84,91.27,Tripura,34,26,31,25,3
Agartala,2026-07-15,23.84,91.27,Tripura,33,27,32,25,1
Agartala,2026-07-16,23.84,91.27,Tripura,32,25,32,25,0
Agartala,2026-07-19,23.84,91.27,Tripura,31,26,32,25,-1
Agartala,2026-07-20,23.84,91.27,Tripura,31,25,31,25,0
Agartala,2026-07-21,23.84,91.27,Tripura,32,25,31,25,1
Agartala,2026-07-23,23.84,91.27,Tripura,30,24,31,25,-1
Agartala,2026-07-24,23.84,91.27,Tripura,32,25,31,25,1
Agartala,2026-07-25,23.84,91.27,Tripura,34,25,32,25,2
Agartala,2026-07-26,23.84,91.27,Tripura,35,26,32,25,3
Agartala,2026-07-27,23.84,91.27,Tripura,34,25,32,25,2
Lucknow (airport),2025-05-07,26.85,80.94,Uttar Pradesh,39,25,40,24,-1
Lucknow (airport),2025-05-06,26.85,80.94,Uttar Pradesh,35,23,40,24,-5
Lucknow (airport),2025-05-08,26.85,80.94,Uttar Pradesh,38,22,40,24,-2
Lucknow (airport),2025-05-09,26.85,80.94,Uttar Pradesh,39,24,40,24,-1
Lucknow (airport),2025-05-10,26.85,80.94,Uttar Pradesh,40,25,40,24,0
Lucknow (airport),2025-05-11,26.85,80.94,Uttar Pradesh,41,27,40,25,1
Lucknow (airport),2025-05-12,26.85,80.94,Uttar Pradesh,40,27,40,25,0
Lucknow (airport),2025-05-13,26.85,80.94,Uttar Pradesh,41,26,40,25,1
Lucknow (airport),2025-05-14,26.85,80.94,Uttar Pradesh,41,26,40,25,1
Lucknow (airport),2025-05-15,26.85,80.94,Uttar Pradesh,42,26,40,25,2
Lucknow (airport),2025-05-16,26.85,80.94,Uttar Pradesh,40,27,40,25,0
Lucknow (airport),2025-05-17,26.85,80.94,Uttar Pradesh,40,27,40,25,0
Lucknow (airport),2025-05-18,26.85,80.94,Uttar Pradesh,39,28,40,25,-1
Lucknow (airport),2025-05-19,26.85,80.94,Uttar Pradesh,38,29,40,25,-2
Lucknow (airport),2025-05-20,26.85,80.94,Uttar Pradesh,39,26,40,25,-1
Lucknow (airport),2025-05-21,26.85,80.94,Uttar Pradesh,34,22,40,26,-6
Lucknow (airport),2025-05-22,26.85,80.94,Uttar Pradesh,38,25,40,26,-2
Lucknow (airport),2025-05-23,26.85,80.94,Uttar Pradesh,39,27,40,26,-1
Lucknow (airport),2025-05-24,26.85,80.94,Uttar Pradesh,39,27,40,26,-1
Lucknow (airport),2025-05-25,26.85,80.94,Uttar Pradesh,38,28,40,26,-2
Lucknow (airport),2025-05-26,26.85,80.94,Uttar Pradesh,38,28,40,26,-2
Lucknow (airport),2025-05-27,26.85,80.94,Uttar Pradesh,38,27,40,26,-2
Lucknow (airport),2025-05-28,26.85,80.94,Uttar Pradesh,39,29,40,26,-1
Lucknow (airport),2025-05-29,26.85,80.94,Uttar Pradesh,39,26,40,26,-1
Lucknow (airport),2025-05-30,26.85,80.94,Uttar Pradesh,40,28,40,26,0
Lucknow (airport),2025-05-31,26.85,80.94,Uttar Pradesh,40,26,40,26,0
Lucknow (airport),2025-06-01,26.85,80.94,Uttar Pradesh,40,28,40,26,0
Lucknow (airport),2025-06-02,26.85,80.94,Uttar Pradesh,38,28,40,26,-2
Lucknow (airport),2025-06-03,26.85,80.94,Uttar Pradesh,35,27,40,26,-5
Lucknow (airport),2025-06-04,26.85,80.94,Uttar Pradesh,37,24,40,26,-3
Lucknow (airport),2025-06-05,26.85,80.94,Uttar Pradesh,37,22,40,27,-3
Lucknow (airport),2025-06-06,26.85,80.94,Uttar Pradesh,39,25,40,27,-1
Lucknow (airport),2025-06-07,26.85,80.94,Uttar Pradesh,40,26,40,27,0
Lucknow (airport),2025-06-08,26.85,80.94,Uttar Pradesh,41,28,40,27,1
Lucknow (airport),2025-06-09,26.85,80.94,Uttar Pradesh,42,29,40,27,2
Lucknow (airport),2025-06-10,26.85,80.94,Uttar Pradesh,43,31,39,27,4
Lucknow (airport),2025-06-11,26.85,80.94,Uttar Pradesh,42,31,39,27,3
Lucknow (airport),2025-06-13,26.85,80.94,Uttar Pradesh,42,31,39,27,3
Lucknow (airport),2025-06-14,26.85,80.94,Uttar Pradesh,42,30,39,27,3
Lucknow (airport),2025-06-15,26.85,80.94,Uttar Pradesh,40,26,38,27,2
Lucknow (airport),2025-06-16,26.85,80.94,Uttar Pradesh,36,29,38,27,-2
Lucknow (airport),2025-06-17,26.85,80.94,Uttar Pradesh,38,27,38,27,0
Lucknow (airport),2025-06-18,26.85,80.94,Uttar Pradesh,36,27,38,27,-2
Lucknow (airport),2025-06-19,26.85,80.94,Uttar Pradesh,37,28,38,27,-1
Lucknow (airport),2025-06-20,26.85,80.94,Uttar Pradesh,35,25,37,27,-2
Lucknow (airport),2025-06-21,26.85,80.94,Uttar Pradesh,37,27,37,27,0
Lucknow (airport),2025-06-22,26.85,80.94,Uttar Pradesh,34,27,37,27,-3
Lucknow (airport),2025-06-23,26.85,80.94,Uttar Pradesh,34,28,37,27,-3
Lucknow (airport),2025-06-24,26.85,80.94,Uttar Pradesh,38,28,37,27,1
Lucknow (airport),2025-06-25,26.85,80.94,Uttar Pradesh,36,28,36,26,0
Lucknow (airport),2025-06-26,26.85,80.94,Uttar Pradesh,37,27,36,26,1
Lucknow (airport),2025-06-27,26.85,80.94,Uttar Pradesh,38,29,36,26,2
Lucknow (airport),2025-06-28,26.85,80.94,Uttar Pradesh,39,29,36,26,3
Lucknow (airport),2025-06-29,26.85,80.94,Uttar Pradesh,35,27,36,26,-1
Lucknow (airport),2025-06-30,26.85,80.94,Uttar Pradesh,32,26,36,26,-4
Lucknow (airport),2025-07-01,26.85,80.94,Uttar Pradesh,33,25,36,26,-3
Lucknow (airport),2025-07-02,26.85,80.94,Uttar Pradesh,35,27,36,26,-1
Lucknow (airport),2025-07-03,26.85,80.94,Uttar Pradesh,35,27,36,26,-1
Lucknow (airport),2025-07-04,26.85,80.94,Uttar Pradesh,33,27,36,26,-3
Lucknow (airport),2025-07-05,26.85,80.94,Uttar Pradesh,36,28,35,26,1
Lucknow (airport),2025-07-06,26.85,80.94,Uttar Pradesh,37,28,35,26,2
Lucknow (airport),2025-07-07,26.85,80.94,Uttar Pradesh,37,29,35,26,2
Lucknow (airport),2025-07-08,26.85,80.94,Uttar Pradesh,39,30,35,26,4
Lucknow (airport),2025-07-09,26.85,80.94,Uttar Pradesh,32,28,35,26,-3
Lucknow (airport),2025-07-10,26.85,80.94,Uttar Pradesh,34,27,34,26,0
Lucknow (airport),2025-07-11,26.85,80.94,Uttar Pradesh,35,25,34,26,1
Lucknow (airport),2025-07-12,26.85,80.94,Uttar Pradesh,34,25,34,26,0
Lucknow (airport),2025-07-13,26.85,80.94,Uttar Pradesh,34,25,34,26,0
Lucknow (airport),2025-07-14,26.85,80.94,Uttar Pradesh,36,25,34,26,2
Lucknow (airport),2025-07-16,26.85,80.94,Uttar Pradesh,34,25,34,26,0
Lucknow (airport),2025-07-17,26.85,80.94,Uttar Pradesh,31,26,34,26,-3
Lucknow (airport),2025-07-18,26.85,80.94,Uttar Pradesh,35,26,34,26,1
Lucknow (airport),2025-07-19,26.85,80.94,Uttar Pradesh,35,27,34,26,1
Lucknow (airport),2025-07-20,26.85,80.94,Uttar Pradesh,34,28,34,26,0
Lucknow (airport),2025-07-21,26.85,80.94,Uttar Pradesh,35,28,34,26,1
Lucknow (airport),2025-07-22,26.85,80.94,Uttar Pradesh,36,28,34,26,2
Lucknow (airport),2025-07-23,26.85,80.94,Uttar Pradesh,37,29,34,26,3
Lucknow (airport),2025-07-24,26.85,80.94,Uttar Pradesh,36,27,34,26,2
Lucknow (airport),2025-07-25,26.85,80.94,Uttar Pradesh,36,28,34,26,2
Lucknow (airport),2025-07-26,26.85,80.94,Uttar Pradesh,35,26,34,26,1
Lucknow (airport),2025-07-27,26.85,80.94,Uttar Pradesh,33,28,34,26,-1
Lucknow (airport),2025-07-28,26.85,80.94,Uttar Pradesh,32,28,34,26,-2
Lucknow (airport),2025-07-29,26.85,80.94,Uttar Pradesh,33,26,34,26,-1
Lucknow (airport),2025-07-30,26.85,80.94,Uttar Pradesh,33,27,33,26,0
Lucknow (airport),2025-07-31,26.85,80.94,Uttar Pradesh,32,27,33,26,-1
Lucknow (airport),2025-08-01,26.85,80.94,Uttar Pradesh,32,26,33,26,-1
Lucknow (airport),2025-08-02,26.85,80.94,Uttar Pradesh,33,27,33,26,0
Lucknow (airport),2025-08-03,26.85,80.94,Uttar Pradesh,29,27,33,26,-4
Lucknow (airport),2025-08-04,26.85,80.94,Uttar Pradesh,28,24,34,26,-6
Lucknow (airport),2025-08-05,26.85,80.94,Uttar Pradesh,32,25,34,26,-2
Lucknow (airport),2025-08-06,26.85,80.94,Uttar Pradesh,32,26,34,26,-2
Lucknow (airport),2025-08-07,26.85,80.94,Uttar Pradesh,35,25,34,26,1
Lucknow (airport),2025-08-08,26.85,80.94,Uttar Pradesh,29,27,34,26,-5
Lucknow (airport),2025-08-09,26.85,80.94,Uttar Pradesh,31,25,34,26,-3
Lucknow (airport),2025-08-10,26.85,80.94,Uttar Pradesh,34,26,34,26,0
Lucknow (airport),2025-08-11,26.85,80.94,Uttar Pradesh,30,28,34,26,-4
Lucknow (airport),2025-08-12,26.85,80.94,Uttar Pradesh,35,26,34,26,1
Lucknow (airport),2025-08-13,26.85,80.94,Uttar Pradesh,33,28,34,26,-1
Lucknow (airport),2025-08-14,26.85,80.94,Uttar Pradesh,33,24,33,26,0
Lucknow (airport),2025-08-15,26.85,80.94,Uttar Pradesh,34,27,33,26,1
Lucknow (airport),2025-08-16,26.85,80.94,Uttar Pradesh,36,28,33,26,3
Lucknow (airport),2025-08-17,26.85,80.94,Uttar Pradesh,36,29,33,26,3
Lucknow (airport),2025-08-18,26.85,80.94,Uttar Pradesh,35,27,33,26,2
Lucknow (airport),2025-08-19,26.85,80.94,Uttar Pradesh,35,28,33,25,2
Lucknow (airport),2025-08-20,26.85,80.94,Uttar Pradesh,34,28,33,25,1
Lucknow (airport),2025-08-21,26.85,80.94,Uttar Pradesh,34,27,33,25,1
Lucknow (airport),2025-08-22,26.85,80.94,Uttar Pradesh,33,26,33,25,0
Lucknow (airport),2025-08-23,26.85,80.94,Uttar Pradesh,33,27,33,25,0
Lucknow (airport),2025-08-24,26.85,80.94,Uttar Pradesh,33,26,34,25,-1
Lucknow (airport),2025-08-25,26.85,80.94,Uttar Pradesh,29,26,34,25,-5
Lucknow (airport),2025-08-26,26.85,80.94,Uttar Pradesh,32,25,34,25,-2
Lucknow (airport),2025-08-27,26.85,80.94,Uttar Pradesh,35,26,34,25,1
Lucknow (airport),2025-08-28,26.85,80.94,Uttar Pradesh,35,28,34,25,1
Lucknow (airport),2025-08-29,26.85,80.94,Uttar Pradesh,35,28,34,25,1
Lucknow (airport),2025-08-30,26.85,80.94,Uttar Pradesh,33,28,34,25,-1
Lucknow (airport),2025-08-31,26.85,80.94,Uttar Pradesh,34,27,34,25,0
Lucknow (airport),2025-09-01,26.85,80.94,Uttar Pradesh,29,23,34,25,-5
Lucknow (airport),2025-09-02,26.85,80.94,Uttar Pradesh,33,25,34,25,-1
Lucknow (airport),2025-09-03,26.85,80.94,Uttar Pradesh,34,26,33,25,1
Lucknow (airport),2025-09-04,26.85,80.94,Uttar Pradesh,33,28,33,25,0
Lucknow (airport),2025-09-05,26.85,80.94,Uttar Pradesh,34,25,33,25,1
Lucknow (airport),2025-09-06,26.85,80.94,Uttar Pradesh,35,27,33,25,2
Lucknow (airport),2025-09-07,26.85,80.94,Uttar Pradesh,36,27,33,25,3
Lucknow (airport),2025-09-08,26.85,80.94,Uttar Pradesh,33,27,34,25,-1
Lucknow (airport),2025-09-09,26.85,80.94,Uttar Pradesh,34,25,34,25,0
Lucknow (airport),2025-09-10,26.85,80.94,Uttar Pradesh,35,27,34,25,1
Lucknow (airport),2025-09-11,26.85,80.94,Uttar Pradesh,35,27,34,25,1
Lucknow (airport),2025-09-12,26.85,80.94,Uttar Pradesh,34,27,34,25,0
Lucknow (airport),2025-09-13,26.85,80.94,Uttar Pradesh,35,27,33,25,2
Lucknow (airport),2025-09-14,26.85,80.94,Uttar Pradesh,36,27,33,25,3
Lucknow (airport),2025-09-15,26.85,80.94,Uttar Pradesh,30,27,33,25,-3
Lucknow (airport),2025-09-16,26.85,80.94,Uttar Pradesh,30,24,33,25,-3
Lucknow (airport),2025-09-17,26.85,80.94,Uttar Pradesh,31,26,33,25,-2
Lucknow (airport),2025-09-18,26.85,80.94,Uttar Pradesh,31,25,34,24,-3
Lucknow (airport),2025-09-19,26.85,80.94,Uttar Pradesh,33,26,34,24,-1
Lucknow (airport),2025-09-20,26.85,80.94,Uttar Pradesh,34,26,34,24,0
Lucknow (airport),2025-09-21,26.85,80.94,Uttar Pradesh,35,27,34,24,1
Lucknow (airport),2025-09-22,26.85,80.94,Uttar Pradesh,35,27,34,24,1
Lucknow (airport),2025-09-23,26.85,80.94,Uttar Pradesh,38,27,33,24,5
Lucknow (airport),2025-09-24,26.85,80.94,Uttar Pradesh,35,27,33,24,2
Lucknow (airport),2025-09-25,26.85,80.94,Uttar Pradesh,35,27,33,24,2
Lucknow (airport),2025-09-26,26.85,80.94,Uttar Pradesh,36,28,33,24,3
Lucknow (airport),2025-09-27,26.85,80.94,Uttar Pradesh,34,27,33,24,1
Lucknow (airport),2025-09-28,26.85,80.94,Uttar Pradesh,35,28,34,23,1
Lucknow (airport),2025-09-29,26.85,80.94,Uttar Pradesh,36,27,34,23,2
Lucknow (airport),2025-09-30,26.85,80.94,Uttar Pradesh,35,28,34,23,1
Lucknow (airport),2025-10-01,26.85,80.94,Uttar Pradesh,33,25,34,23,-1
Lucknow (airport),2025-10-02,26.85,80.94,Uttar Pradesh,32,25,34,23,-2
Lucknow (airport),2025-10-03,26.85,80.94,Uttar Pradesh,32,25,34,22,-2
Lucknow (airport),2025-10-04,26.85,80.94,Uttar Pradesh,31,24,34,22,-3
Lucknow (airport),2025-10-05,26.85,80.94,Uttar Pradesh,34,24,34,22,0
Lucknow (airport),2025-10-06,26.85,80.94,Uttar Pradesh,33,26,34,22,-1
Lucknow (airport),2025-10-07,26.85,80.94,Uttar Pradesh,32,23,34,22,-2
Lucknow (airport),2025-10-08,26.85,80.94,Uttar Pradesh,32,24,34,21,-2
Lucknow (airport),2025-10-09,26.85,80.94,Uttar Pradesh,31,22,34,21,-3
Lucknow (airport),2025-10-10,26.85,80.94,Uttar Pradesh,31,21,34,21,-3
Lucknow (airport),2025-10-11,26.85,80.94,Uttar Pradesh,32,20,34,21,-2
Lucknow (airport),2025-10-12,26.85,80.94,Uttar Pradesh,31,18,34,21,-3
Lucknow (airport),2025-10-13,26.85,80.94,Uttar Pradesh,32,18,33,20,-1
Lucknow (airport),2025-10-14,26.85,80.94,Uttar Pradesh,32,19,33,20,-1
Lucknow (airport),2025-10-15,26.85,80.94,Uttar Pradesh,32,20,33,20,-1
Lucknow (airport),2025-10-16,26.85,80.94,Uttar Pradesh,33,20,33,20,0
Lucknow (airport),2025-10-17,26.85,80.94,Uttar Pradesh,33,19,33,20,0
Lucknow (airport),2025-10-18,26.85,80.94,Uttar Pradesh,33,20,33,19,0
Lucknow (airport),2025-10-19,26.85,80.94,Uttar Pradesh,34,21,33,19,1
Lucknow (airport),2025-10-20,26.85,80.94,Uttar Pradesh,33,21,33,19,0
Lucknow (airport),2025-10-21,26.85,80.94,Uttar Pradesh,34,22,33,19,1
Lucknow (airport),2025-10-22,26.85,80.94,Uttar Pradesh,34,24,33,19,1
Lucknow (airport),2025-10-23,26.85,80.94,Uttar Pradesh,34,24,32,17,2
Lucknow (airport),2025-10-24,26.85,80.94,Uttar Pradesh,34,22,32,17,2
Lucknow (airport),2025-10-25,26.85,80.94,Uttar Pradesh,33,21,32,17,1
Lucknow (airport),2025-10-26,26.85,80.94,Uttar Pradesh,34,22,32,17,2
Lucknow (airport),2025-10-27,26.85,80.94,Uttar Pradesh,28,23,32,17,-4
Lucknow (airport),2025-10-28,26.85,80.94,Uttar Pradesh,25,20,31,16,-6
Lucknow (airport),2025-10-29,26.85,80.94,Uttar Pradesh,30,22,31,16,-1
Lucknow (airport),2025-10-30,26.85,80.94,Uttar Pradesh,24,23,31,16,-7
Lucknow (airport),2025-10-31,26.85,80.94,Uttar Pradesh,26,20,31,16,-5
Lucknow (airport),2025-11-01,26.85,80.94,Uttar Pradesh,30,22,31,16,-1
Lucknow (airport),2025-11-02,26.85,80.94,Uttar Pradesh,31,20,31,15,0
Lucknow (airport),2025-11-03,26.85,80.94,Uttar Pradesh,29,18,31,15,-2
Lucknow (airport),2025-11-04,26.85,80.94,Uttar Pradesh,31,17,31,15,0
Lucknow (airport),2025-11-05,26.85,80.94,Uttar Pradesh,30,18,31,15,-1
Lucknow (airport),2026-01-06,26.85,80.94,Uttar Pradesh,14,7,20,7,-6
Lucknow (airport),2026-01-07,26.85,80.94,Uttar Pradesh,16,9,20,7,-4
Lucknow (airport),2026-01-08,26.85,80.94,Uttar Pradesh,18,6,20,7,-2
Lucknow (airport),2026-01-09,26.85,80.94,Uttar Pradesh,18,6,20,7,-2
Lucknow (airport),2026-01-10,26.85,80.94,Uttar Pradesh,22,6,20,7,2
Lucknow (airport),2026-01-11,26.85,80.94,Uttar Pradesh,23,8,20,7,3
Lucknow (airport),2026-01-12,26.85,80.94,Uttar Pradesh,21,6,20,7,1
Lucknow (airport),2026-01-13,26.85,80.94,Uttar Pradesh,21,5,20,7,1
Lucknow (airport),2026-01-14,26.85,80.94,Uttar Pradesh,21,6,20,7,1
Lucknow (airport),2026-01-15,26.85,80.94,Uttar Pradesh,20,5,20,7,0
Lucknow (airport),2026-01-16,26.85,80.94,Uttar Pradesh,19,5,21,7,-2
Lucknow (airport),2026-01-17,26.85,80.94,Uttar Pradesh,20,4,21,7,-1
Lucknow (airport),2026-01-18,26.85,80.94,Uttar Pradesh,23,6,21,7,2
Lucknow (airport),2026-01-19,26.85,80.94,Uttar Pradesh,26,11,21,7,5
Lucknow (airport),2026-01-20,26.85,80.94,Uttar Pradesh,25,10,21,7,4
Lucknow (airport),2026-01-21,26.85,80.94,Uttar Pradesh,25,10,22,7,3
Lucknow (airport),2026-01-22,26.85,80.94,Uttar Pradesh,25,8,22,7,3
Lucknow (airport),2026-01-23,26.85,80.94,Uttar Pradesh,25,9,22,7,3
Lucknow (airport),2026-01-24,26.85,80.94,Uttar Pradesh,25,15,22,7,3
Lucknow (airport),2026-01-26,26.85,80.94,Uttar Pradesh,22,9,23,8,-1
Lucknow (airport),2026-01-27,26.85,80.94,Uttar Pradesh,24,11,23,8,1
Lucknow (airport),2026-01-28,26.85,80.94,Uttar Pradesh,21,14,23,8,-2
Lucknow (airport),2026-01-30,26.85,80.94,Uttar Pradesh,20,11,23,8,-3
Lucknow (airport),2026-01-31,26.85,80.94,Uttar Pradesh,18,8,,,
Lucknow (airport),2026-02-01,26.85,80.94,Uttar Pradesh,24,7,24,9,0
Lucknow (airport),2026-02-02,26.85,80.94,Uttar Pradesh,26,13,24,9,2
Lucknow (airport),2026-02-03,26.85,80.94,Uttar Pradesh,20,14,24,9,-4
Lucknow (airport),2026-02-04,26.85,80.94,Uttar Pradesh,22,10,24,9,-2
Lucknow (airport),2026-02-08,26.85,80.94,Uttar Pradesh,25,11,24,10,1
Lucknow (airport),2026-02-09,26.85,80.94,Uttar Pradesh,26,10,24,10,2
Lucknow (airport),2026-02-10,26.85,80.94,Uttar Pradesh,26,10,25,10,1
Lucknow (airport),2026-02-11,26.85,80.94,Uttar Pradesh,26,12,25,10,1
Lucknow (airport),2026-02-12,26.85,80.94,Uttar Pradesh,27,12,25,10,2
Lucknow (airport),2026-02-13,26.85,80.94,Uttar Pradesh,25,11,25,10,0
Lucknow (airport),2026-02-14,26.85,80.94,Uttar Pradesh,26,10,25,10,1
Lucknow (airport),2026-02-15,26.85,80.94,Uttar Pradesh,27,11,26,11,1
Lucknow (airport),2026-02-16,26.85,80.94,Uttar Pradesh,28,12,26,11,2
Lucknow (airport),2026-02-17,26.85,80.94,Uttar Pradesh,29,12,26,11,3
Lucknow (airport),2026-02-18,26.85,80.94,Uttar Pradesh,28,12,26,11,2
Lucknow (airport),2026-02-19,26.85,80.94,Uttar Pradesh,29,16,26,11,3
Lucknow (airport),2026-02-20,26.85,80.94,Uttar Pradesh,30,15,27,11,3
Lucknow (airport),2026-02-21,26.85,80.94,Uttar Pradesh,28,14,27,11,1
Lucknow (airport),2026-02-25,26.85,80.94,Uttar Pradesh,30,15,28,12,2
Lucknow (airport),2026-02-26,26.85,80.94,Uttar Pradesh,30,14,28,12,2
Lucknow (airport),2026-02-27,26.85,80.94,Uttar Pradesh,31,14,28,12,3
Lucknow (airport),2026-02-28,26.85,80.94,Uttar Pradesh,31,14,28,12,3
Lucknow (airport),2026-03-01,26.85,80.94,Uttar Pradesh,32,16,28,12,4
Lucknow (airport),2026-03-02,26.85,80.94,Uttar Pradesh,31,14,29,13,2
Lucknow (airport),2026-03-03,26.85,80.94,Uttar Pradesh,31,15,29,13,2
Lucknow (airport),2026-03-04,26.85,80.94,Uttar Pradesh,30,15,29,13,1
Lucknow (airport),2026-03-05,26.85,80.94,Uttar Pradesh,32,17,29,13,3
Lucknow (airport),2026-03-06,26.85,80.94,Uttar Pradesh,32,18,29,13,3
Lucknow (airport),2026-03-07,26.85,80.94,Uttar Pradesh,33,19,30,13,3
Lucknow (airport),2026-03-08,26.85,80.94,Uttar Pradesh,32,19,30,13,2
Lucknow (airport),2026-03-09,26.85,80.94,Uttar Pradesh,34,20,30,13,4
Lucknow (airport),2026-03-10,26.85,80.94,Uttar Pradesh,34,22,30,13,4
Lucknow (airport),2026-03-11,26.85,80.94,Uttar Pradesh,34,21,30,13,4
Lucknow (airport),2026-03-12,26.85,80.94,Uttar Pradesh,35,19,31,15,4
Lucknow (airport),2026-03-13,26.85,80.94,Uttar Pradesh,35,19,31,15,4
Lucknow (airport),2026-03-14,26.85,80.94,Uttar Pradesh,34,18,31,15,3
Lucknow (airport),2026-03-15,26.85,80.94,Uttar Pradesh,31,20,31,15,0
Lucknow (airport),2026-03-16,26.85,80.94,Uttar Pradesh,33,19,31,15,2
Lucknow (airport),2026-03-17,26.85,80.94,Uttar Pradesh,35,18,33,16,2
Lucknow (airport),2026-03-18,26.85,80.94,Uttar Pradesh,34,18,33,16,1
Lucknow (airport),2026-03-19,26.85,80.94,Uttar Pradesh,35,20,33,16,2
Lucknow (airport),2026-03-20,26.85,80.94,Uttar Pradesh,23,20,33,16,-10
Lucknow (airport),2026-03-21,26.85,80.94,Uttar Pradesh,25,17,33,16,-8
Lucknow (airport),2026-03-22,26.85,80.94,Uttar Pradesh,30,18,34,17,-4
Lucknow (airport),2026-03-23,26.85,80.94,Uttar Pradesh,31,17,34,17,-3
Lucknow (airport),2026-03-24,26.85,80.94,Uttar Pradesh,32,17,34,17,-2
Lucknow (airport),2026-03-25,26.85,80.94,Uttar Pradesh,33,18,34,17,-1
Lucknow (airport),2026-03-26,26.85,80.94,Uttar Pradesh,36,18,34,17,2
Lucknow (airport),2026-03-27,26.85,80.94,Uttar Pradesh,30,22,35,17,-5
Lucknow (airport),2026-03-28,26.85,80.94,Uttar Pradesh,33,19,35,17,-2
Lucknow (airport),2026-03-29,26.85,80.94,Uttar Pradesh,35,20,35,17,0
Lucknow (airport),2026-03-30,26.85,80.94,Uttar Pradesh,37,22,35,17,2
Lucknow (airport),2026-03-31,26.85,80.94,Uttar Pradesh,37,23,35,17,2
Lucknow (airport),2026-04-01,26.85,80.94,Uttar Pradesh,36,19,36,18,0
Lucknow (airport),2026-04-02,26.85,80.94,Uttar Pradesh,37,20,36,18,1
Lucknow (airport),2026-04-03,26.85,80.94,Uttar Pradesh,35,23,36,18,-1
Lucknow (airport),2026-04-04,26.85,80.94,Uttar Pradesh,35,22,36,18,-1
Lucknow (airport),2026-04-05,26.85,80.94,Uttar Pradesh,32,18,36,18,-4
Lucknow (airport),2026-04-06,26.85,80.94,Uttar Pradesh,33,17,37,19,-4
Lucknow (airport),2026-04-07,26.85,80.94,Uttar Pradesh,34,20,37,19,-3
Lucknow (airport),2026-04-08,26.85,80.94,Uttar Pradesh,27,18,37,19,-10
Lucknow (airport),2026-04-09,26.85,80.94,Uttar Pradesh,30,16,37,19,-7
Lucknow (airport),2026-04-10,26.85,80.94,Uttar Pradesh,32,17,37,19,-5
Lucknow (airport),2026-04-11,26.85,80.94,Uttar Pradesh,35,18,38,20,-3
Lucknow (airport),2026-04-12,26.85,80.94,Uttar Pradesh,36,20,38,20,-2
Lucknow (airport),2026-04-13,26.85,80.94,Uttar Pradesh,36,18,38,20,-2
Lucknow (airport),2026-04-14,26.85,80.94,Uttar Pradesh,38,19,38,20,0
Lucknow (airport),2026-04-16,26.85,80.94,Uttar Pradesh,39,21,38,21,1
Lucknow (airport),2026-04-17,26.85,80.94,Uttar Pradesh,39,21,38,21,1
Lucknow (airport),2026-04-18,26.85,80.94,Uttar Pradesh,41,24,38,21,3
Lucknow (airport),2026-04-19,26.85,80.94,Uttar Pradesh,41,24,38,21,3
Lucknow (airport),2026-04-20,26.85,80.94,Uttar Pradesh,41,24,38,21,3
Lucknow (airport),2026-04-21,26.85,80.94,Uttar Pradesh,40,23,39,22,1
Lucknow (airport),2026-04-22,26.85,80.94,Uttar Pradesh,41,24,39,22,2
Lucknow (airport),2026-04-23,26.85,80.94,Uttar Pradesh,42,25,39,22,3
Lucknow (airport),2026-04-24,26.85,80.94,Uttar Pradesh,42,25,39,22,3
Lucknow (airport),2026-04-25,26.85,80.94,Uttar Pradesh,42,25,39,22,3
Lucknow (airport),2026-04-26,26.85,80.94,Uttar Pradesh,43,26,39,23,4
Lucknow (airport),2026-04-27,26.85,80.94,Uttar Pradesh,44,24,39,23,5
Lucknow (airport),2026-04-28,26.85,80.94,Uttar Pradesh,39,26,39,23,0
Lucknow (airport),2026-04-29,26.85,80.94,Uttar Pradesh,39,27,39,23,0
Lucknow (airport),2026-04-30,26.85,80.94,Uttar Pradesh,31,23,39,23,-8
Lucknow (airport),2026-05-20,26.85,80.94,Uttar Pradesh,43,28,40,25,3
Lucknow (airport),2026-05-21,26.85,80.94,Uttar Pradesh,43,29,40,25,3
Lucknow (airport),2026-05-22,26.85,80.94,Uttar Pradesh,42,28,40,25,2
Lucknow (airport),2026-05-23,26.85,80.94,Uttar Pradesh,43,27,40,25,3
Lucknow (airport),2026-05-24,26.85,80.94,Uttar Pradesh,42,28,40,25,2
Lucknow (airport),2026-05-25,26.85,80.94,Uttar Pradesh,42,28,40,25,2
Lucknow (airport),2026-05-26,26.85,80.94,Uttar Pradesh,42,28,40,25,2
Lucknow (airport),2026-05-27,26.85,80.94,Uttar Pradesh,40,28,40,25,0
Lucknow (airport),2026-05-28,26.85,80.94,Uttar Pradesh,37,27,40,25,-3
Lucknow (airport),2026-05-29,26.85,80.94,Uttar Pradesh,33,20,40,25,-7
Lucknow (airport),2026-05-31,26.85,80.94,Uttar Pradesh,36,24,40,26,-4
Lucknow (airport),2026-06-01,26.85,80.94,Uttar Pradesh,34,24,40,26,-6
Lucknow (airport),2026-06-02,26.85,80.94,Uttar Pradesh,38,26,40,26,-2
Lucknow (airport),2026-06-03,26.85,80.94,Uttar Pradesh,38,28,40,26,-2
Lucknow (airport),2026-06-04,26.85,80.94,Uttar Pradesh,39,28,40,26,-1
Lucknow (airport),2026-06-05,26.85,80.94,Uttar Pradesh,38,27,39,26,-1
Lucknow (airport),2026-06-06,26.85,80.94,Uttar Pradesh,38,28,39,26,-1
Lucknow (airport),2026-06-07,26.85,80.94,Uttar Pradesh,40,28,39,26,1
Lucknow (airport),2026-06-08,26.85,80.94,Uttar Pradesh,40,29,39,26,1
Lucknow (airport),2026-06-09,26.85,80.94,Uttar Pradesh,42,29,39,26,3
Lucknow (airport),2026-06-10,26.85,80.94,Uttar Pradesh,41,29,39,27,2
Lucknow (airport),2026-06-11,26.85,80.94,Uttar Pradesh,39,25,39,27,0
Lucknow (airport),2026-06-15,26.85,80.94,Uttar Pradesh,39,28,38,27,1
Lucknow (airport),2026-06-16,26.85,80.94,Uttar Pradesh,40,27,38,27,2
Lucknow (airport),2026-06-18,26.85,80.94,Uttar Pradesh,40,29,38,27,2
Lucknow (airport),2026-06-19,26.85,80.94,Uttar Pradesh,41,29,38,27,3
Lucknow (airport),2026-06-21,26.85,80.94,Uttar Pradesh,40,30,37,26,3
Lucknow (airport),2026-06-22,26.85,80.94,Uttar Pradesh,41,30,37,26,4
Lucknow (airport),2026-06-23,26.85,80.94,Uttar Pradesh,40,28,37,26,3
Lucknow (airport),2026-06-24,26.85,80.94,Uttar Pradesh,40,28,37,26,3
Lucknow (airport),2026-06-25,26.85,80.94,Uttar Pradesh,39,30,36,26,3
Lucknow (airport),2026-06-27,26.85,80.94,Uttar Pradesh,41,29,36,26,5
Lucknow (airport),2026-06-28,26.85,80.94,Uttar Pradesh,39,27,36,26,3
Lucknow (airport),2026-06-30,26.85,80.94,Uttar Pradesh,32,28,35,26,-3
Lucknow (airport),2026-07-01,26.85,80.94,Uttar Pradesh,34,28,35,26,-1
Lucknow (airport),2026-07-02,26.85,80.94,Uttar Pradesh,35,28,35,26,0
Lucknow (airport),2026-07-03,26.85,80.94,Uttar Pradesh,37,27,35,26,2
Lucknow (airport),2026-07-04,26.85,80.94,Uttar Pradesh,38,30,35,26,3
Lucknow (airport),2026-07-05,26.85,80.94,Uttar Pradesh,39,30,34,26,5
Lucknow (airport),2026-07-06,26.85,80.94,Uttar Pradesh,36,28,34,26,2
Lucknow (airport),2026-07-07,26.85,80.94,Uttar Pradesh,34,28,34,26,0
Lucknow (airport),2026-07-08,26.85,80.94,Uttar Pradesh,33,27,34,26,-1
Lucknow (airport),2026-07-09,26.85,80.94,Uttar Pradesh,33,27,34,26,-1
Lucknow (airport),2026-07-10,26.85,80.94,Uttar Pradesh,32,26,34,25,-2
Lucknow (airport),2026-07-11,26.85,80.94,Uttar Pradesh,34,25,34,25,0
Lucknow (airport),2026-07-12,26.85,80.94,Uttar Pradesh,35,29,34,25,1
Lucknow (airport),2026-07-13,26.85,80.94,Uttar Pradesh,36,28,34,25,2
Lucknow (airport),2026-07-15,26.85,80.94,Uttar Pradesh,36,28,33,26,3
Lucknow (airport),2026-07-16,26.85,80.94,Uttar Pradesh,33,26,33,26,0
Lucknow (airport),2026-07-19,26.85,80.94,Uttar Pradesh,29,27,33,26,-4
Lucknow (airport),2026-07-20,26.85,80.94,Uttar Pradesh,27,24,33,25,-6
Lucknow (airport),2026-07-21,26.85,80.94,Uttar Pradesh,32,25,33,25,-1
Lucknow (airport),2026-07-22,26.85,80.94,Uttar Pradesh,33,26,33,25,0
Lucknow (airport),2026-07-23,26.85,80.94,Uttar Pradesh,32,27,33,25,-1
Lucknow (airport),2026-07-24,26.85,80.94,Uttar Pradesh,33,25,33,25,0
Lucknow (airport),2026-07-25,26.85,80.94,Uttar Pradesh,35,27,33,25,2
Lucknow (airport),2026-07-27,26.85,80.94,Uttar Pradesh,33,27,33,25,0
Dehradun (Mokhampur),2025-05-07,30.2,78.14,Uttarakhand,32,18,35,20,-3
Dehradun (Mokhampur),2025-05-06,30.2,78.14,Uttarakhand,34,20,35,20,-1
Dehradun (Mokhampur),2025-05-08,30.2,78.14,Uttarakhand,35,22,35,20,0
Dehradun (Mokhampur),2025-05-09,30.2,78.14,Uttarakhand,35,20,35,20,0
Dehradun (Mokhampur),2025-05-10,30.2,78.14,Uttarakhand,35,22,35,20,0
Dehradun (Mokhampur),2025-05-11,30.2,78.14,Uttarakhand,35,20,35,21,0
Dehradun (Mokhampur),2025-05-12,30.2,78.14,Uttarakhand,35,22,35,21,0
Dehradun (Mokhampur),2025-05-13,30.2,78.14,Uttarakhand,37,21,35,21,2
Dehradun (Mokhampur),2025-05-14,30.2,78.14,Uttarakhand,37,21,35,21,2
Dehradun (Mokhampur),2025-05-15,30.2,78.14,Uttarakhand,38,22,35,21,3
Dehradun (Mokhampur),2025-05-16,30.2,78.14,Uttarakhand,37,22,35,22,2
Dehradun (Mokhampur),2025-05-17,30.2,78.14,Uttarakhand,37,21,35,22,2
Dehradun (Mokhampur),2025-05-18,30.2,78.14,Uttarakhand,36,23,35,22,1
Dehradun (Mokhampur),2025-05-19,30.2,78.14,Uttarakhand,37,25,35,22,2
Dehradun (Mokhampur),2025-05-20,30.2,78.14,Uttarakhand,37,26,35,22,2
Dehradun (Mokhampur),2025-05-21,30.2,78.14,Uttarakhand,34,25,36,22,-2
Dehradun (Mokhampur),2025-05-22,30.2,78.14,Uttarakhand,34,22,36,22,-2
Dehradun (Mokhampur),2025-05-23,30.2,78.14,Uttarakhand,36,24,36,22,0
Dehradun (Mokhampur),2025-05-24,30.2,78.14,Uttarakhand,36,25,36,22,0
Dehradun (Mokhampur),2025-05-25,30.2,78.14,Uttarakhand,28,21,36,22,-8
Dehradun (Mokhampur),2025-05-26,30.2,78.14,Uttarakhand,35,21,36,22,-1
Dehradun (Mokhampur),2025-05-27,30.2,78.14,Uttarakhand,35,24,36,22,-1
Dehradun (Mokhampur),2025-05-28,30.2,78.14,Uttarakhand,34,25,36,22,-2
Dehradun (Mokhampur),2025-05-29,30.2,78.14,Uttarakhand,36,21,36,22,0
Dehradun (Mokhampur),2025-05-30,30.2,78.14,Uttarakhand,30,21,36,22,-6
Dehradun (Mokhampur),2025-05-31,30.2,78.14,Uttarakhand,37,19,36,22,1
Dehradun (Mokhampur),2025-06-01,30.2,78.14,Uttarakhand,37,21,36,22,1
Dehradun (Mokhampur),2025-06-02,30.2,78.14,Uttarakhand,33,20,36,22,-3
Dehradun (Mokhampur),2025-06-03,30.2,78.14,Uttarakhand,28,20,36,22,-8
Dehradun (Mokhampur),2025-06-04,30.2,78.14,Uttarakhand,28,17,36,22,-8
Dehradun (Mokhampur),2025-06-05,30.2,78.14,Uttarakhand,34,19,36,23,-2
Dehradun (Mokhampur),2025-06-06,30.2,78.14,Uttarakhand,35,19,36,23,-1
Dehradun (Mokhampur),2025-06-07,30.2,78.14,Uttarakhand,36,22,36,23,0
Dehradun (Mokhampur),2025-06-08,30.2,78.14,Uttarakhand,37,25,36,23,1
Dehradun (Mokhampur),2025-06-09,30.2,78.14,Uttarakhand,39,25,36,23,3
Dehradun (Mokhampur),2025-06-10,30.2,78.14,Uttarakhand,39,26,35,23,4
Dehradun (Mokhampur),2025-06-11,30.2,78.14,Uttarakhand,37,28,35,23,2
Dehradun (Mokhampur),2025-06-12,30.2,78.14,Uttarakhand,37,27,35,23,2
Dehradun (Mokhampur),2025-06-13,30.2,78.14,Uttarakhand,35,22,35,23,0
Dehradun (Mokhampur),2025-06-14,30.2,78.14,Uttarakhand,37,25,35,23,2
Dehradun (Mokhampur),2025-06-15,30.2,78.14,Uttarakhand,30,27,34,24,-4
Dehradun (Mokhampur),2025-06-16,30.2,78.14,Uttarakhand,35,22,34,24,1
Dehradun (Mokhampur),2025-06-17,30.2,78.14,Uttarakhand,35,25,34,24,1
Dehradun (Mokhampur),2025-06-18,30.2,78.14,Uttarakhand,33,25,34,24,-1
Dehradun (Mokhampur),2025-06-19,30.2,78.14,Uttarakhand,35,25,34,24,1
Dehradun (Mokhampur),2025-06-20,30.2,78.14,Uttarakhand,34,24,33,24,1
Dehradun (Mokhampur),2025-06-21,30.2,78.14,Uttarakhand,33,24,33,24,0
Dehradun (Mokhampur),2025-06-22,30.2,78.14,Uttarakhand,30,26,33,24,-3
Dehradun (Mokhampur),2025-06-23,30.2,78.14,Uttarakhand,33,26,33,24,0
Dehradun (Mokhampur),2025-06-24,30.2,78.14,Uttarakhand,32,25,33,24,-1
Dehradun (Mokhampur),2025-06-25,30.2,78.14,Uttarakhand,28,26,32,24,-4
Dehradun (Mokhampur),2025-06-26,30.2,78.14,Uttarakhand,35,25,32,24,3
Dehradun (Mokhampur),2025-06-27,30.2,78.14,Uttarakhand,32,26,32,24,0
Dehradun (Mokhampur),2025-06-28,30.2,78.14,Uttarakhand,32,22,32,24,0
Dehradun (Mokhampur),2025-06-29,30.2,78.14,Uttarakhand,29,22,32,24,-3
Dehradun (Mokhampur),2025-06-30,30.2,78.14,Uttarakhand,28,22,32,24,-4
Dehradun (Mokhampur),2025-07-01,30.2,78.14,Uttarakhand,32,23,32,24,0
Dehradun (Mokhampur),2025-07-02,30.2,78.14,Uttarakhand,33,24,32,24,1
Dehradun (Mokhampur),2025-07-04,30.2,78.14,Uttarakhand,31,25,32,24,-1
Dehradun (Mokhampur),2025-07-05,30.2,78.14,Uttarakhand,28,26,31,24,-3
Dehradun (Mokhampur),2025-07-06,30.2,78.14,Uttarakhand,30,25,31,24,-1
Dehradun (Mokhampur),2025-07-07,30.2,78.14,Uttarakhand,32,25,31,24,1
Dehradun (Mokhampur),2025-07-08,30.2,78.14,Uttarakhand,33,23,31,24,2
Dehradun (Mokhampur),2025-07-09,30.2,78.14,Uttarakhand,30,25,31,24,-1
Dehradun (Mokhampur),2025-07-10,30.2,78.14,Uttarakhand,29,21,31,24,-2
Dehradun (Mokhampur),2025-07-11,30.2,78.14,Uttarakhand,33,24,31,24,2
Dehradun (Mokhampur),2025-07-12,30.2,78.14,Uttarakhand,33,23,31,24,2
Dehradun (Mokhampur),2025-07-13,30.2,78.14,Uttarakhand,34,24,31,24,3
Dehradun (Mokhampur),2025-07-14,30.2,78.14,Uttarakhand,33,24,31,24,2
Dehradun (Mokhampur),2025-07-15,30.2,78.14,Uttarakhand,34,24,30,24,4
Dehradun (Mokhampur),2025-07-16,30.2,78.14,Uttarakhand,32,24,30,24,2
Dehradun (Mokhampur),2025-07-17,30.2,78.14,Uttarakhand,29,23,30,24,-1
Dehradun (Mokhampur),2025-07-18,30.2,78.14,Uttarakhand,34,24,30,24,4
Dehradun (Mokhampur),2025-07-19,30.2,78.14,Uttarakhand,33,25,30,24,3
Dehradun (Mokhampur),2025-07-20,30.2,78.14,Uttarakhand,31,25,30,23,1
Dehradun (Mokhampur),2025-07-21,30.2,78.14,Uttarakhand,27,21,30,23,-3
Dehradun (Mokhampur),2025-07-22,30.2,78.14,Uttarakhand,31,23,30,23,1
Dehradun (Mokhampur),2025-07-23,30.2,78.14,Uttarakhand,31,25,30,23,1
Dehradun (Mokhampur),2025-07-24,30.2,78.14,Uttarakhand,34,25,30,23,4
Dehradun (Mokhampur),2025-07-25,30.2,78.14,Uttarakhand,37,23,30,24,7
Dehradun (Mokhampur),2025-07-26,30.2,78.14,Uttarakhand,36,23,30,24,6
Dehradun (Mokhampur),2025-07-27,30.2,78.14,Uttarakhand,30,27,30,24,0
Dehradun (Mokhampur),2025-07-28,30.2,78.14,Uttarakhand,30,25,30,24,0
Dehradun (Mokhampur),2025-07-29,30.2,78.14,Uttarakhand,28,24,30,24,-2
Dehradun (Mokhampur),2025-07-30,30.2,78.14,Uttarakhand,33,24,30,24,3
Dehradun (Mokhampur),2025-07-31,30.2,78.14,Uttarakhand,31,24,30,24,1
Dehradun (Mokhampur),2025-08-01,30.2,78.14,Uttarakhand,31,24,30,24,1
Dehradun (Mokhampur),2025-08-02,30.2,78.14,Uttarakhand,33,24,30,24,3
Dehradun (Mokhampur),2025-08-03,30.2,78.14,Uttarakhand,32,25,30,24,2
Dehradun (Mokhampur),2025-08-04,30.2,78.14,Uttarakhand,25,24,30,23,-5
Dehradun (Mokhampur),2025-08-05,30.2,78.14,Uttarakhand,28,23,30,23,-2
Dehradun (Mokhampur),2025-08-06,30.2,78.14,Uttarakhand,31,22,30,23,1
Dehradun (Mokhampur),2025-08-07,30.2,78.14,Uttarakhand,34,23,30,23,4
Dehradun (Mokhampur),2025-08-08,30.2,78.14,Uttarakhand,32,25,30,23,2
Dehradun (Mokhampur),2025-08-09,30.2,78.14,Uttarakhand,30,24,30,23,0
Dehradun (Mokhampur),2025-08-10,30.2,78.14,Uttarakhand,31,24,30,23,1
Dehradun (Mokhampur),2025-08-11,30.2,78.14,Uttarakhand,26,24,30,23,-4
Dehradun (Mokhampur),2025-08-12,30.2,78.14,Uttarakhand,30,23,30,23,0
Dehradun (Mokhampur),2025-08-13,30.2,78.14,Uttarakhand,31,24,30,23,1
Dehradun (Mokhampur),2025-08-14,30.2,78.14,Uttarakhand,27,23,30,23,-3
Dehradun (Mokhampur),2025-08-15,30.2,78.14,Uttarakhand,30,23,30,23,0
Dehradun (Mokhampur),2025-08-16,30.2,78.14,Uttarakhand,32,24,30,23,2
Dehradun (Mokhampur),2025-08-17,30.2,78.14,Uttarakhand,29,23,30,23,-1
Dehradun (Mokhampur),2025-08-18,30.2,78.14,Uttarakhand,33,23,30,23,3
Dehradun (Mokhampur),2025-08-19,30.2,78.14,Uttarakhand,32,24,30,23,2
Dehradun (Mokhampur),2025-08-20,30.2,78.14,Uttarakhand,33,24,30,23,3
Dehradun (Mokhampur),2025-08-21,30.2,78.14,Uttarakhand,34,22,30,23,4
Dehradun (Mokhampur),2025-08-22,30.2,78.14,Uttarakhand,34,22,30,23,4
Dehradun (Mokhampur),2025-08-23,30.2,78.14,Uttarakhand,30,23,30,23,0
Dehradun (Mokhampur),2025-08-24,30.2,78.14,Uttarakhand,34,23,30,23,4
Dehradun (Mokhampur),2025-08-25,30.2,78.14,Uttarakhand,32,23,30,23,2
Dehradun (Mokhampur),2025-08-26,30.2,78.14,Uttarakhand,31,23,30,23,1
Dehradun (Mokhampur),2025-08-27,30.2,78.14,Uttarakhand,33,24,30,23,3
Dehradun (Mokhampur),2025-08-28,30.2,78.14,Uttarakhand,32,23,30,23,2
Dehradun (Mokhampur),2025-08-29,30.2,78.14,Uttarakhand,31,24,31,23,0
Dehradun (Mokhampur),2025-08-30,30.2,78.14,Uttarakhand,32,24,31,23,1
Dehradun (Mokhampur),2025-08-31,30.2,78.14,Uttarakhand,29,23,31,23,-2
Dehradun (Mokhampur),2025-09-01,30.2,78.14,Uttarakhand,25,22,31,23,-6
Dehradun (Mokhampur),2025-09-02,30.2,78.14,Uttarakhand,24,21,31,23,-7
Dehradun (Mokhampur),2025-09-03,30.2,78.14,Uttarakhand,31,21,30,22,1
Dehradun (Mokhampur),2025-09-04,30.2,78.14,Uttarakhand,33,23,30,22,3
Dehradun (Mokhampur),2025-09-05,30.2,78.14,Uttarakhand,33,23,30,22,3
Dehradun (Mokhampur),2025-09-06,30.2,78.14,Uttarakhand,32,23,30,22,2
Dehradun (Mokhampur),2025-09-07,30.2,78.14,Uttarakhand,33,23,30,22,3
Dehradun (Mokhampur),2025-09-08,30.2,78.14,Uttarakhand,33,23,30,22,3
Dehradun (Mokhampur),2025-09-09,30.2,78.14,Uttarakhand,34,23,30,22,4
Dehradun (Mokhampur),2025-09-10,30.2,78.14,Uttarakhand,33,25,30,22,3
Dehradun (Mokhampur),2025-09-11,30.2,78.14,Uttarakhand,31,25,30,22,1
Dehradun (Mokhampur),2025-09-12,30.2,78.14,Uttarakhand,31,24,30,22,1
Dehradun (Mokhampur),2025-09-13,30.2,78.14,Uttarakhand,32,22,30,22,2
Dehradun (Mokhampur),2025-09-14,30.2,78.14,Uttarakhand,32,23,30,22,2
Dehradun (Mokhampur),2025-09-15,30.2,78.14,Uttarakhand,31,24,30,22,1
Dehradun (Mokhampur),2025-09-16,30.2,78.14,Uttarakhand,29,22,30,22,-1
Dehradun (Mokhampur),2025-09-17,30.2,78.14,Uttarakhand,31,22,30,22,1
Dehradun (Mokhampur),2025-09-18,30.2,78.14,Uttarakhand,31,21,30,21,1
Dehradun (Mokhampur),2025-09-19,30.2,78.14,Uttarakhand,32,23,30,21,2
Dehradun (Mokhampur),2025-09-20,30.2,78.14,Uttarakhand,33,22,30,21,3
Dehradun (Mokhampur),2025-09-21,30.2,78.14,Uttarakhand,33,22,30,21,3
Dehradun (Mokhampur),2025-09-22,30.2,78.14,Uttarakhand,34,23,30,21,4
Dehradun (Mokhampur),2025-09-23,30.2,78.14,Uttarakhand,35,24,30,20,5
Dehradun (Mokhampur),2025-09-24,30.2,78.14,Uttarakhand,34,23,30,20,4
Dehradun (Mokhampur),2025-09-25,30.2,78.14,Uttarakhand,35,22,30,20,5
Dehradun (Mokhampur),2025-09-26,30.2,78.14,Uttarakhand,35,23,30,20,5
Dehradun (Mokhampur),2025-09-27,30.2,78.14,Uttarakhand,35,22,30,20,5
Dehradun (Mokhampur),2025-09-28,30.2,78.14,Uttarakhand,36,23,31,20,5
Dehradun (Mokhampur),2025-09-29,30.2,78.14,Uttarakhand,32,24,31,20,1
Dehradun (Mokhampur),2025-09-30,30.2,78.14,Uttarakhand,33,23,31,20,2
Dehradun (Mokhampur),2025-10-01,30.2,78.14,Uttarakhand,33,20,31,20,2
Dehradun (Mokhampur),2025-10-02,30.2,78.14,Uttarakhand,33,21,31,20,2
Dehradun (Mokhampur),2025-10-03,30.2,78.14,Uttarakhand,33,22,30,19,3
Dehradun (Mokhampur),2025-10-04,30.2,78.14,Uttarakhand,32,21,30,19,2
Dehradun (Mokhampur),2025-10-05,30.2,78.14,Uttarakhand,34,20,30,19,4
Dehradun (Mokhampur),2025-10-06,30.2,78.14,Uttarakhand,27,21,30,19,-3
Dehradun (Mokhampur),2025-10-07,30.2,78.14,Uttarakhand,27,18,30,19,-3
Dehradun (Mokhampur),2025-10-08,30.2,78.14,Uttarakhand,26,17,30,18,-4
Dehradun (Mokhampur),2025-10-09,30.2,78.14,Uttarakhand,30,17,30,18,0
Dehradun (Mokhampur),2025-10-10,30.2,78.14,Uttarakhand,30,17,30,18,0
Dehradun (Mokhampur),2025-10-11,30.2,78.14,Uttarakhand,31,17,30,18,1
Dehradun (Mokhampur),2025-10-12,30.2,78.14,Uttarakhand,31,17,30,18,1
Dehradun (Mokhampur),2025-10-13,30.2,78.14,Uttarakhand,31,17,29,16,2
Dehradun (Mokhampur),2025-10-14,30.2,78.14,Uttarakhand,31,17,29,16,2
Dehradun (Mokhampur),2025-10-15,30.2,78.14,Uttarakhand,31,18,29,16,2
Dehradun (Mokhampur),2025-10-16,30.2,78.14,Uttarakhand,32,18,29,16,3
Dehradun (Mokhampur),2025-10-17,30.2,78.14,Uttarakhand,32,18,29,16,3
Dehradun (Mokhampur),2025-10-18,30.2,78.14,Uttarakhand,32,17,29,15,3
Dehradun (Mokhampur),2025-10-19,30.2,78.14,Uttarakhand,32,17,29,15,3
Dehradun (Mokhampur),2025-10-20,30.2,78.14,Uttarakhand,32,17,29,15,3
Dehradun (Mokhampur),2025-10-21,30.2,78.14,Uttarakhand,30,17,29,15,1
Dehradun (Mokhampur),2025-10-22,30.2,78.14,Uttarakhand,32,17,29,15,3
Dehradun (Mokhampur),2025-10-23,30.2,78.14,Uttarakhand,32,17,28,14,4
Dehradun (Mokhampur),2025-10-24,30.2,78.14,Uttarakhand,31,16,28,14,3
Dehradun (Mokhampur),2025-10-25,30.2,78.14,Uttarakhand,30,15,28,14,2
Dehradun (Mokhampur),2025-10-26,30.2,78.14,Uttarakhand,30,15,28,14,2
Dehradun (Mokhampur),2025-10-27,30.2,78.14,Uttarakhand,30,15,28,14,2
Dehradun (Mokhampur),2025-10-28,30.2,78.14,Uttarakhand,28,16,28,14,0
Dehradun (Mokhampur),2025-10-29,30.2,78.14,Uttarakhand,31,15,28,14,3
Dehradun (Mokhampur),2025-10-30,30.2,78.14,Uttarakhand,30,16,28,14,2
Dehradun (Mokhampur),2025-10-31,30.2,78.14,Uttarakhand,30,19,28,14,2
Dehradun (Mokhampur),2025-11-01,30.2,78.14,Uttarakhand,29,17,28,14,1
Dehradun (Mokhampur),2025-11-02,30.2,78.14,Uttarakhand,30,16,27,13,3
Dehradun (Mokhampur),2025-11-03,30.2,78.14,Uttarakhand,30,16,27,13,3
Dehradun (Mokhampur),2025-11-04,30.2,78.14,Uttarakhand,29,15,27,13,2
Dehradun (Mokhampur),2025-11-05,30.2,78.14,Uttarakhand,28,15,27,13,1
Dehradun (Mokhampur),2025-11-06,30.2,78.14,Uttarakhand,30,13,27,13,3
Dehradun (Mokhampur),2026-01-06,30.2,78.14,Uttarakhand,24,6,19,6,5
Dehradun (Mokhampur),2026-01-07,30.2,78.14,Uttarakhand,22,5,19,6,3
Dehradun (Mokhampur),2026-01-08,30.2,78.14,Uttarakhand,21,4,19,6,2
Dehradun (Mokhampur),2026-01-09,30.2,78.14,Uttarakhand,22,4,19,6,3
Dehradun (Mokhampur),2026-01-10,30.2,78.14,Uttarakhand,23,6,19,6,4
Dehradun (Mokhampur),2026-01-11,30.2,78.14,Uttarakhand,21,6,19,6,2
Dehradun (Mokhampur),2026-01-12,30.2,78.14,Uttarakhand,21,4,19,6,2
Dehradun (Mokhampur),2026-01-13,30.2,78.14,Uttarakhand,19,6,19,6,0
Dehradun (Mokhampur),2026-01-14,30.2,78.14,Uttarakhand,21,5,19,6,2
Dehradun (Mokhampur),2026-01-15,30.2,78.14,Uttarakhand,22,4,19,6,3
Dehradun (Mokhampur),2026-01-16,30.2,78.14,Uttarakhand,22,5,19,6,3
Dehradun (Mokhampur),2026-01-17,30.2,78.14,Uttarakhand,20,7,19,6,1
Dehradun (Mokhampur),2026-01-18,30.2,78.14,Uttarakhand,23,7,19,6,4
Dehradun (Mokhampur),2026-01-19,30.2,78.14,Uttarakhand,24,5,19,6,5
Dehradun (Mokhampur),2026-01-20,30.2,78.14,Uttarakhand,25,7,19,6,6
Dehradun (Mokhampur),2026-01-21,30.2,78.14,Uttarakhand,24,7,20,6,4
Dehradun (Mokhampur),2026-01-22,30.2,78.14,Uttarakhand,26,7,20,6,6
Dehradun (Mokhampur),2026-01-23,30.2,78.14,Uttarakhand,14,8,20,6,-6
Dehradun (Mokhampur),2026-01-24,30.2,78.14,Uttarakhand,21,7,20,6,1
Dehradun (Mokhampur),2026-01-26,30.2,78.14,Uttarakhand,25,7,21,7,4
Dehradun (Mokhampur),2026-01-27,30.2,78.14,Uttarakhand,22,10,21,7,1
Dehradun (Mokhampur),2026-01-28,30.2,78.14,Uttarakhand,22,11,21,7,1
Dehradun (Mokhampur),2026-01-29,30.2,78.14,Uttarakhand,23,9,21,7,2
Dehradun (Mokhampur),2026-01-30,30.2,78.14,Uttarakhand,24,9,21,7,3
Dehradun (Mokhampur),2026-01-31,30.2,78.14,Uttarakhand,25,7,,,
Dehradun (Mokhampur),2026-02-01,30.2,78.14,Uttarakhand,23,11,21,7,2
Dehradun (Mokhampur),2026-02-02,30.2,78.14,Uttarakhand,24,11,21,7,3
Dehradun (Mokhampur),2026-02-03,30.2,78.14,Uttarakhand,23,11,21,7,2
Dehradun (Mokhampur),2026-02-04,30.2,78.14,Uttarakhand,24,8,21,7,3
Dehradun (Mokhampur),2026-02-05,30.2,78.14,Uttarakhand,25,9,21,8,4
Dehradun (Mokhampur),2026-02-06,30.2,78.14,Uttarakhand,25,8,21,8,4
Dehradun (Mokhampur),2026-02-07,30.2,78.14,Uttarakhand,25,9,21,8,4
Dehradun (Mokhampur),2026-02-08,30.2,78.14,Uttarakhand,25,9,21,8,4
Dehradun (Mokhampur),2026-02-09,30.2,78.14,Uttarakhand,22,11,21,8,1
Dehradun (Mokhampur),2026-02-10,30.2,78.14,Uttarakhand,25,9,21,8,4
Dehradun (Mokhampur),2026-02-11,30.2,78.14,Uttarakhand,27,9,21,8,6
Dehradun (Mokhampur),2026-02-12,30.2,78.14,Uttarakhand,26,9,21,8,5
Dehradun (Mokhampur),2026-02-13,30.2,78.14,Uttarakhand,24,11,21,8,3
Dehradun (Mokhampur),2026-02-14,30.2,78.14,Uttarakhand,25,11,21,8,4
Dehradun (Mokhampur),2026-02-15,30.2,78.14,Uttarakhand,26,11,22,9,4
Dehradun (Mokhampur),2026-02-16,30.2,78.14,Uttarakhand,27,11,22,9,5
Dehradun (Mokhampur),2026-02-17,30.2,78.14,Uttarakhand,28,10,22,9,6
Dehradun (Mokhampur),2026-02-18,30.2,78.14,Uttarakhand,23,10,22,9,1
Dehradun (Mokhampur),2026-02-19,30.2,78.14,Uttarakhand,25,13,22,9,3
Dehradun (Mokhampur),2026-02-20,30.2,78.14,Uttarakhand,28,11,23,9,5
Dehradun (Mokhampur),2026-02-21,30.2,78.14,Uttarakhand,28,12,23,9,5
Dehradun (Mokhampur),2026-02-25,30.2,78.14,Uttarakhand,27,12,24,10,3
Dehradun (Mokhampur),2026-02-26,30.2,78.14,Uttarakhand,27,13,24,10,3
Dehradun (Mokhampur),2026-02-27,30.2,78.14,Uttarakhand,28,13,24,10,4
Dehradun (Mokhampur),2026-02-28,30.2,78.14,Uttarakhand,29,12,24,10,5
Dehradun (Mokhampur),2026-03-01,30.2,78.14,Uttarakhand,29,12,24,10,5
Dehradun (Mokhampur),2026-03-02,30.2,78.14,Uttarakhand,30,11,25,11,5
Dehradun (Mokhampur),2026-03-03,30.2,78.14,Uttarakhand,30,12,25,11,5
Dehradun (Mokhampur),2026-03-04,30.2,78.14,Uttarakhand,31,13,25,11,6
Dehradun (Mokhampur),2026-03-05,30.2,78.14,Uttarakhand,31,14,25,11,6
Dehradun (Mokhampur),2026-03-06,30.2,78.14,Uttarakhand,30,16,25,11,5
Dehradun (Mokhampur),2026-03-07,30.2,78.14,Uttarakhand,31,17,26,11,5
Dehradun (Mokhampur),2026-03-08,30.2,78.14,Uttarakhand,30,18,26,11,4
Dehradun (Mokhampur),2026-03-09,30.2,78.14,Uttarakhand,31,16,26,11,5
Dehradun (Mokhampur),2026-03-10,30.2,78.14,Uttarakhand,31,20,26,11,5
Dehradun (Mokhampur),2026-03-11,30.2,78.14,Uttarakhand,32,17,26,11,6
Dehradun (Mokhampur),2026-03-12,30.2,78.14,Uttarakhand,34,16,26,12,8
Dehradun (Mokhampur),2026-03-13,30.2,78.14,Uttarakhand,32,16,26,12,6
Dehradun (Mokhampur),2026-03-14,30.2,78.14,Uttarakhand,31,16,26,12,5
Dehradun (Mokhampur),2026-03-15,30.2,78.14,Uttarakhand,28,16,26,12,2
Dehradun (Mokhampur),2026-03-16,30.2,78.14,Uttarakhand,28,11,26,12,2
Dehradun (Mokhampur),2026-03-17,30.2,78.14,Uttarakhand,29,14,28,13,1
Dehradun (Mokhampur),2026-03-18,30.2,78.14,Uttarakhand,28,14,28,13,0
Dehradun (Mokhampur),2026-03-19,30.2,78.14,Uttarakhand,26,16,28,13,-2
Dehradun (Mokhampur),2026-03-20,30.2,78.14,Uttarakhand,17,16,28,13,-11
Dehradun (Mokhampur),2026-03-21,30.2,78.14,Uttarakhand,26,10,28,13,-2
Dehradun (Mokhampur),2026-03-22,30.2,78.14,Uttarakhand,27,12,28,14,-1
Dehradun (Mokhampur),2026-03-23,30.2,78.14,Uttarakhand,27,14,28,14,-1
Dehradun (Mokhampur),2026-03-24,30.2,78.14,Uttarakhand,27,15,28,14,-1
Dehradun (Mokhampur),2026-03-25,30.2,78.14,Uttarakhand,30,15,28,14,2
Dehradun (Mokhampur),2026-03-26,30.2,78.14,Uttarakhand,31,15,28,14,3
Dehradun (Mokhampur),2026-03-27,30.2,78.14,Uttarakhand,30,17,29,15,1
Dehradun (Mokhampur),2026-03-28,30.2,78.14,Uttarakhand,30,16,29,15,1
Dehradun (Mokhampur),2026-03-29,30.2,78.14,Uttarakhand,27,18,29,15,-2
Dehradun (Mokhampur),2026-03-30,30.2,78.14,Uttarakhand,31,17,29,15,2
Dehradun (Mokhampur),2026-03-31,30.2,78.14,Uttarakhand,32,17,29,15,3
Dehradun (Mokhampur),2026-04-01,30.2,78.14,Uttarakhand,31,17,30,15,1
Dehradun (Mokhampur),2026-04-02,30.2,78.14,Uttarakhand,35,17,30,15,5
Dehradun (Mokhampur),2026-04-03,30.2,78.14,Uttarakhand,32,18,30,15,2
Dehradun (Mokhampur),2026-04-04,30.2,78.14,Uttarakhand,30,18,30,15,0
Dehradun (Mokhampur),2026-04-05,30.2,78.14,Uttarakhand,30,17,30,15,0
Dehradun (Mokhampur),2026-04-06,30.2,78.14,Uttarakhand,29,16,31,16,-2
Dehradun (Mokhampur),2026-04-07,30.2,78.14,Uttarakhand,25,14,31,16,-6
Dehradun (Mokhampur),2026-04-08,30.2,78.14,Uttarakhand,23,14,31,16,-8
Dehradun (Mokhampur),2026-04-09,30.2,78.14,Uttarakhand,27,11,31,16,-4
Dehradun (Mokhampur),2026-04-10,30.2,78.14,Uttarakhand,28,12,31,16,-3
Dehradun (Mokhampur),2026-04-11,30.2,78.14,Uttarakhand,30,13,32,16,-2
Dehradun (Mokhampur),2026-04-12,30.2,78.14,Uttarakhand,30,15,32,16,-2
Dehradun (Mokhampur),2026-04-13,30.2,78.14,Uttarakhand,32,16,32,16,0
Dehradun (Mokhampur),2026-04-14,30.2,78.14,Uttarakhand,33,17,32,16,1
Dehradun (Mokhampur),2026-04-16,30.2,78.14,Uttarakhand,36,18,32,17,4
Dehradun (Mokhampur),2026-04-17,30.2,78.14,Uttarakhand,35,18,32,17,3
Dehradun (Mokhampur),2026-04-18,30.2,78.14,Uttarakhand,37,19,32,17,5
Dehradun (Mokhampur),2026-04-19,30.2,78.14,Uttarakhand,36,20,32,17,4
Dehradun (Mokhampur),2026-04-20,30.2,78.14,Uttarakhand,37,20,32,17,5
Dehradun (Mokhampur),2026-04-21,30.2,78.14,Uttarakhand,36,19,34,18,2
Dehradun (Mokhampur),2026-04-22,30.2,78.14,Uttarakhand,37,19,34,18,3
Dehradun (Mokhampur),2026-04-23,30.2,78.14,Uttarakhand,37,20,34,18,3
Dehradun (Mokhampur),2026-04-24,30.2,78.14,Uttarakhand,38,22,34,18,4
Dehradun (Mokhampur),2026-04-25,30.2,78.14,Uttarakhand,38,22,34,18,4
Dehradun (Mokhampur),2026-04-26,30.2,78.14,Uttarakhand,39,22,34,19,5
Dehradun (Mokhampur),2026-04-27,30.2,78.14,Uttarakhand,38,21,34,19,4
Dehradun (Mokhampur),2026-04-28,30.2,78.14,Uttarakhand,34,21,34,19,0
Dehradun (Mokhampur),2026-04-29,30.2,78.14,Uttarakhand,33,21,34,19,-1
Dehradun (Mokhampur),2026-04-30,30.2,78.14,Uttarakhand,33,19,34,19,-1
Dehradun (Mokhampur),2026-05-03,30.2,78.14,Uttarakhand,29,19,34,19,-5
Dehradun (Mokhampur),2026-05-05,30.2,78.14,Uttarakhand,28,17,34,19,-6
Dehradun (Mokhampur),2026-05-10,30.2,78.14,Uttarakhand,32,20,34,20,-2
Dehradun (Mokhampur),2026-05-11,30.2,78.14,Uttarakhand,31,23,35,20,-4
Dehradun (Mokhampur),2026-05-13,30.2,78.14,Uttarakhand,35,20,35,20,0
Dehradun (Mokhampur),2026-05-17,30.2,78.14,Uttarakhand,37,20,35,21,2
Dehradun (Mokhampur),2026-05-20,30.2,78.14,Uttarakhand,40,24,35,21,5
Dehradun (Mokhampur),2026-05-21,30.2,78.14,Uttarakhand,40,23,35,22,5
Dehradun (Mokhampur),2026-05-22,30.2,78.14,Uttarakhand,39,25,35,22,4
Dehradun (Mokhampur),2026-05-23,30.2,78.14,Uttarakhand,38,23,35,22,3
Dehradun (Mokhampur),2026-05-24,30.2,78.14,Uttarakhand,40,22,35,22,5
Dehradun (Mokhampur),2026-05-25,30.2,78.14,Uttarakhand,40,24,35,22,5
Dehradun (Mokhampur),2026-05-26,30.2,78.14,Uttarakhand,38,23,35,22,3
Dehradun (Mokhampur),2026-05-27,30.2,78.14,Uttarakhand,38,22,35,22,3
Dehradun (Mokhampur),2026-05-28,30.2,78.14,Uttarakhand,37,23,35,22,2
Dehradun (Mokhampur),2026-05-29,30.2,78.14,Uttarakhand,33,17,35,22,-2
Dehradun (Mokhampur),2026-05-31,30.2,78.14,Uttarakhand,26,20,35,22,-9
Dehradun (Mokhampur),2026-06-01,30.2,78.14,Uttarakhand,32,20,35,22,-3
Dehradun (Mokhampur),2026-06-02,30.2,78.14,Uttarakhand,35,21,35,22,0
Dehradun (Mokhampur),2026-06-03,30.2,78.14,Uttarakhand,35,20,35,22,0
Dehradun (Mokhampur),2026-06-04,30.2,78.14,Uttarakhand,36,23,35,22,1
Dehradun (Mokhampur),2026-06-05,30.2,78.14,Uttarakhand,29,21,35,22,-6
Dehradun (Mokhampur),2026-06-06,30.2,78.14,Uttarakhand,35,20,35,22,0
Dehradun (Mokhampur),2026-06-07,30.2,78.14,Uttarakhand,36,22,35,22,1
Dehradun (Mokhampur),2026-06-08,30.2,78.14,Uttarakhand,37,23,35,22,2
Dehradun (Mokhampur),2026-06-09,30.2,78.14,Uttarakhand,37,22,35,22,2
Dehradun (Mokhampur),2026-06-10,30.2,78.14,Uttarakhand,36,23,35,23,1
Dehradun (Mokhampur),2026-06-15,30.2,78.14,Uttarakhand,35,22,33,23,2
Dehradun (Mokhampur),2026-06-16,30.2,78.14,Uttarakhand,34,20,33,23,1
Dehradun (Mokhampur),2026-06-18,30.2,78.14,Uttarakhand,36,24,33,23,3
Dehradun (Mokhampur),2026-06-19,30.2,78.14,Uttarakhand,35,25,33,23,2
Dehradun (Mokhampur),2026-06-21,30.2,78.14,Uttarakhand,36,24,33,23,3
Dehradun (Mokhampur),2026-06-22,30.2,78.14,Uttarakhand,34,25,33,23,1
Dehradun (Mokhampur),2026-06-24,30.2,78.14,Uttarakhand,34,23,33,23,1
Dehradun (Mokhampur),2026-06-27,30.2,78.14,Uttarakhand,37,26,32,23,5
Dehradun (Mokhampur),2026-06-28,30.2,78.14,Uttarakhand,37,26,32,23,5
Dehradun (Mokhampur),2026-07-01,30.2,78.14,Uttarakhand,25,23,31,23,-6
Dehradun (Mokhampur),2026-07-02,30.2,78.14,Uttarakhand,30,20,31,23,-1
Dehradun (Mokhampur),2026-07-03,30.2,78.14,Uttarakhand,34,24,31,23,3
Dehradun (Mokhampur),2026-07-05,30.2,78.14,Uttarakhand,33,25,31,23,2
Dehradun (Mokhampur),2026-07-06,30.2,78.14,Uttarakhand,34,25,31,23,3
Dehradun (Mokhampur),2026-07-08,30.2,78.14,Uttarakhand,28,24,31,23,-3
Dehradun (Mokhampur),2026-07-09,30.2,78.14,Uttarakhand,25,22,31,23,-6
Dehradun (Mokhampur),2026-07-12,30.2,78.14,Uttarakhand,33,24,30,23,3
Dehradun (Mokhampur),2026-07-13,30.2,78.14,Uttarakhand,34,24,30,23,4
Dehradun (Mokhampur),2026-07-20,30.2,78.14,Uttarakhand,29,24,30,23,-1
Dehradun (Mokhampur),2026-07-21,30.2,78.14,Uttarakhand,30,22,30,23,0
Dehradun (Mokhampur),2026-07-25,30.2,78.14,Uttarakhand,30,25,30,23,0
Kolkata,2025-05-06,22.57,88.36,West Bengal,35,28,36,27,-1
Kolkata,2025-05-07,22.57,88.36,West Bengal,36,26,36,27,0
Kolkata,2025-05-08,22.57,88.36,West Bengal,37,27,36,27,1
Kolkata,2025-05-09,22.57,88.36,West Bengal,39,29,36,27,3
Kolkata,2025-05-10,22.57,88.36,West Bengal,39,29,36,27,3
Kolkata,2025-05-11,22.57,88.36,West Bengal,39,30,36,27,3
Kolkata,2025-05-12,22.57,88.36,West Bengal,39,29,36,27,3
Kolkata,2025-05-13,22.57,88.36,West Bengal,35,24,36,27,-1
Kolkata,2025-05-14,22.57,88.36,West Bengal,35,29,36,27,-1
Kolkata,2025-05-15,22.57,88.36,West Bengal,36,30,36,27,0
Kolkata,2025-05-16,22.57,88.36,West Bengal,36,28,36,27,0
Kolkata,2025-05-17,22.57,88.36,West Bengal,37,29,36,27,1
Kolkata,2025-05-18,22.57,88.36,West Bengal,32,26,36,27,-4
Kolkata,2025-05-19,22.57,88.36,West Bengal,35,26,36,27,-1
Kolkata,2025-05-20,22.57,88.36,West Bengal,36,29,36,27,0
Kolkata,2025-05-21,22.57,88.36,West Bengal,36,28,35,27,1
Kolkata,2025-05-22,22.57,88.36,West Bengal,32,22,35,27,-3
Kolkata,2025-05-23,22.57,88.36,West Bengal,32,28,35,27,-3
Kolkata,2025-05-24,22.57,88.36,West Bengal,33,26,35,27,-2
Kolkata,2025-05-25,22.57,88.36,West Bengal,32,27,35,27,-3
Kolkata,2025-05-26,22.57,88.36,West Bengal,31,28,35,27,-4
Kolkata,2025-05-27,22.57,88.36,West Bengal,31,26,35,27,-4
Kolkata,2025-05-28,22.57,88.36,West Bengal,31,25,35,27,-4
Kolkata,2025-05-29,22.57,88.36,West Bengal,30,26,35,27,-5
Kolkata,2025-05-30,22.57,88.36,West Bengal,32,26,35,27,-3
Kolkata,2025-05-31,22.57,88.36,West Bengal,34,28,36,28,-2
Kolkata,2025-06-01,22.57,88.36,West Bengal,35,29,36,28,-1
Kolkata,2025-06-02,22.57,88.36,West Bengal,37,29,36,28,1
Kolkata,2025-06-03,22.57,88.36,West Bengal,38,29,36,26,2
Kolkata,2025-06-04,22.57,88.36,West Bengal,32,23,36,28,-4
Kolkata,2025-06-05,22.57,88.36,West Bengal,34,27,35,27,-1
Kolkata,2025-06-06,22.57,88.36,West Bengal,35,26,35,27,0
Kolkata,2025-06-07,22.57,88.36,West Bengal,34,23,35,27,-1
Kolkata,2025-06-08,22.57,88.36,West Bengal,35,28,35,27,0
Kolkata,2025-06-09,22.57,88.36,West Bengal,35,29,35,27,0
Kolkata,2025-06-10,22.57,88.36,West Bengal,35,29,35,27,0
Kolkata,2025-06-11,22.57,88.36,West Bengal,33,28,35,27,-2
Kolkata,2025-06-12,22.57,88.36,West Bengal,34,28,35,27,-1
Kolkata,2025-06-13,22.57,88.36,West Bengal,35,28,35,27,0
Kolkata,2025-06-14,22.57,88.36,West Bengal,35,29,35,27,0
Kolkata,2025-06-15,22.57,88.36,West Bengal,32,29,34,27,-2
Kolkata,2025-06-16,22.57,88.36,West Bengal,34,28,34,27,0
Kolkata,2025-06-17,22.57,88.36,West Bengal,28,27,34,27,-6
Kolkata,2025-06-18,22.57,88.36,West Bengal,28,26,34,27,-6
Kolkata,2025-06-19,22.57,88.36,West Bengal,28,23,34,27,-6
Kolkata,2025-06-20,22.57,88.36,West Bengal,30,26,33,27,-3
Kolkata,2025-06-21,22.57,88.36,West Bengal,32,26,33,27,-1
Kolkata,2025-06-22,22.57,88.36,West Bengal,30,28,33,27,-3
Kolkata,2025-06-23,22.57,88.36,West Bengal,32,27,33,27,-1
Kolkata,2025-06-24,22.57,88.36,West Bengal,34,27,33,27,1
Kolkata,2025-06-25,22.57,88.36,West Bengal,33,28,33,27,0
Kolkata,2025-06-26,22.57,88.36,West Bengal,31,27,33,27,-2
Kolkata,2025-06-27,22.57,88.36,West Bengal,29,26,33,27,-4
Kolkata,2025-06-28,22.57,88.36,West Bengal,29,27,33,27,-4
Kolkata,2025-06-29,22.57,88.36,West Bengal,31,26,33,27,-2
Kolkata,2025-06-30,22.57,88.36,West Bengal,30,26,33,27,-3
Kolkata,2025-07-01,22.57,88.36,West Bengal,31,26,33,27,-2
Kolkata,2025-07-02,22.57,88.36,West Bengal,32,27,33,27,-1
Kolkata,2025-07-03,22.57,88.36,West Bengal,31,27,33,27,-2
Kolkata,2025-07-04,22.57,88.36,West Bengal,30,27,33,27,-3
Kolkata,2025-07-05,22.57,88.36,West Bengal,31,26,33,27,-2
Kolkata,2025-07-06,22.57,88.36,West Bengal,30,27,33,27,-3
Kolkata,2025-07-07,22.57,88.36,West Bengal,29,27,33,27,-4
Kolkata,2025-07-08,22.57,88.36,West Bengal,27,25,33,27,-6
Kolkata,2025-07-09,22.57,88.36,West Bengal,27,25,33,27,-6
Kolkata,2025-07-10,22.57,88.36,West Bengal,30,25,33,27,-3
Kolkata,2025-07-11,22.57,88.36,West Bengal,31,26,33,27,-2
Kolkata,2025-07-12,22.57,88.36,West Bengal,33,27,33,27,0
Kolkata,2025-07-13,22.57,88.36,West Bengal,32,27,33,27,-1
Kolkata,2025-07-14,22.57,88.36,West Bengal,28,26,33,27,-5
Kolkata,2025-07-15,22.57,88.36,West Bengal,29,25,33,27,-4
Kolkata,2025-07-16,22.57,88.36,West Bengal,30,25,33,27,-3
Kolkata,2025-07-17,22.57,88.36,West Bengal,33,27,33,27,0
Kolkata,2025-07-18,22.57,88.36,West Bengal,32,28,33,27,-1
Kolkata,2025-07-19,22.57,88.36,West Bengal,32,27,33,27,-1
Kolkata,2025-07-20,22.57,88.36,West Bengal,32,27,33,27,-1
Kolkata,2025-07-21,22.57,88.36,West Bengal,33,27,32,27,1
Kolkata,2025-07-22,22.57,88.36,West Bengal,33,27,32,27,1
Kolkata,2025-07-23,22.57,88.36,West Bengal,35,28,32,27,3
Kolkata,2025-07-24,22.57,88.36,West Bengal,33,28,32,27,1
Kolkata,2025-07-25,22.57,88.36,West Bengal,30,26,33,27,-3
Kolkata,2025-07-26,22.57,88.36,West Bengal,30,25,33,27,-3
Kolkata,2025-07-27,22.57,88.36,West Bengal,32,26,33,27,-1
Kolkata,2025-07-28,22.57,88.36,West Bengal,30,27,33,27,-3
Kolkata,2025-07-29,22.57,88.36,West Bengal,30,25,33,27,-3
Kolkata,2025-07-30,22.57,88.36,West Bengal,29,26,33,27,-4
Kolkata,2025-07-31,22.57,88.36,West Bengal,28,26,33,27,-5
Kolkata,2025-08-01,22.57,88.36,West Bengal,31,27,33,27,-2
Kolkata,2025-08-02,22.57,88.36,West Bengal,32,27,33,27,-1
Kolkata,2025-08-03,22.57,88.36,West Bengal,32,28,33,27,-1
Kolkata,2025-08-04,22.57,88.36,West Bengal,31,26,32,27,-1
Kolkata,2025-08-05,22.57,88.36,West Bengal,32,25,32,27,0
Kolkata,2025-08-06,22.57,88.36,West Bengal,29,24,32,27,-3
Kolkata,2025-08-07,22.57,88.36,West Bengal,30,26,32,27,-2
Kolkata,2025-08-08,22.57,88.36,West Bengal,29,26,32,27,-3
Kolkata,2025-08-09,22.57,88.36,West Bengal,33,27,32,27,1
Kolkata,2025-08-10,22.57,88.36,West Bengal,34,28,32,27,2
Kolkata,2025-08-11,22.57,88.36,West Bengal,35,28,32,27,3
Kolkata,2025-08-12,22.57,88.36,West Bengal,34,29,32,27,2
Kolkata,2025-08-13,22.57,88.36,West Bengal,33,28,32,27,1
Kolkata,2025-08-14,22.57,88.36,West Bengal,30,26,32,27,-2
Kolkata,2025-08-15,22.57,88.36,West Bengal,32,27,32,27,0
Kolkata,2025-08-16,22.57,88.36,West Bengal,34,27,32,27,2
Kolkata,2025-08-17,22.57,88.36,West Bengal,33,29,32,27,1
Kolkata,2025-08-18,22.57,88.36,West Bengal,32,28,32,27,0
Kolkata,2025-08-19,22.57,88.36,West Bengal,31,26,32,26,-1
Kolkata,2025-08-20,22.57,88.36,West Bengal,30,26,32,26,-2
Kolkata,2025-08-21,22.57,88.36,West Bengal,28,26,32,26,-4
Kolkata,2025-08-22,22.57,88.36,West Bengal,28,26,32,26,-4
Kolkata,2025-08-23,22.57,88.36,West Bengal,27,26,32,26,-5
Kolkata,2025-08-24,22.57,88.36,West Bengal,28,26,33,27,-5
Kolkata,2025-08-25,22.57,88.36,West Bengal,31,26,33,27,-2
Kolkata,2025-08-26,22.57,88.36,West Bengal,33,27,33,27,0
Kolkata,2025-08-27,22.57,88.36,West Bengal,31,27,33,27,-2
Kolkata,2025-08-28,22.57,88.36,West Bengal,31,27,33,27,-2
Kolkata,2025-08-29,22.57,88.36,West Bengal,31,27,33,27,-2
Kolkata,2025-08-30,22.57,88.36,West Bengal,32,26,33,27,-1
Kolkata,2025-08-31,22.57,88.36,West Bengal,34,27,33,27,1
Kolkata,2025-09-01,22.57,88.36,West Bengal,34,28,33,27,1
Kolkata,2025-09-02,22.57,88.36,West Bengal,31,25,33,27,-2
Kolkata,2025-09-03,22.57,88.36,West Bengal,29,26,32,26,-3
Kolkata,2025-09-04,22.57,88.36,West Bengal,31,26,32,26,-1
Kolkata,2025-09-05,22.57,88.36,West Bengal,33,27,32,26,1
Kolkata,2025-09-06,22.57,88.36,West Bengal,33,28,32,26,1
Kolkata,2025-09-07,22.57,88.36,West Bengal,34,28,32,26,2
Kolkata,2025-09-08,22.57,88.36,West Bengal,34,28,33,26,1
Kolkata,2025-09-09,22.57,88.36,West Bengal,34,28,33,26,1
Kolkata,2025-09-10,22.57,88.36,West Bengal,35,28,33,26,2
Kolkata,2025-09-11,22.57,88.36,West Bengal,34,29,33,26,1
Kolkata,2025-09-12,22.57,88.36,West Bengal,33,29,33,26,0
Kolkata,2025-09-13,22.57,88.36,West Bengal,33,28,33,26,0
Kolkata,2025-09-14,22.57,88.36,West Bengal,32,28,33,26,-1
Kolkata,2025-09-15,22.57,88.36,West Bengal,30,27,33,26,-3
Kolkata,2025-09-16,22.57,88.36,West Bengal,31,25,33,26,-2
Kolkata,2025-09-17,22.57,88.36,West Bengal,32,27,33,26,-1
Kolkata,2025-09-18,22.57,88.36,West Bengal,34,28,33,26,1
Kolkata,2025-09-19,22.57,88.36,West Bengal,32,29,33,26,-1
Kolkata,2025-09-20,22.57,88.36,West Bengal,33,28,33,26,0
Kolkata,2025-09-21,22.57,88.36,West Bengal,33,26,33,26,0
Kolkata,2025-09-22,22.57,88.36,West Bengal,31,27,33,26,-2
Kolkata,2025-09-23,22.57,88.36,West Bengal,28,25,33,26,-5
Kolkata,2025-09-24,22.57,88.36,West Bengal,32,26,33,26,-1
Kolkata,2025-09-25,22.57,88.36,West Bengal,33,26,33,26,0
Kolkata,2025-09-26,22.57,88.36,West Bengal,33,27,33,26,0
Kolkata,2025-09-27,22.57,88.36,West Bengal,33,26,33,26,0
Kolkata,2025-09-28,22.57,88.36,West Bengal,33,28,33,26,0
Kolkata,2025-09-29,22.57,88.36,West Bengal,33,27,33,26,0
Kolkata,2025-09-30,22.57,88.36,West Bengal,34,28,33,26,1
Kolkata,2025-10-01,22.57,88.36,West Bengal,33,26,33,26,0
Kolkata,2025-10-02,22.57,88.36,West Bengal,30,26,33,26,-3
Kolkata,2025-10-03,22.57,88.36,West Bengal,30,26,33,26,-3
Kolkata,2025-10-04,22.57,88.36,West Bengal,32,27,33,26,-1
Kolkata,2025-10-05,22.57,88.36,West Bengal,29,25,33,26,-4
Kolkata,2025-10-06,22.57,88.36,West Bengal,30,25,33,26,-3
Kolkata,2025-10-07,22.57,88.36,West Bengal,32,26,33,26,-1
Kolkata,2025-10-08,22.57,88.36,West Bengal,29,26,33,25,-4
Kolkata,2025-10-09,22.57,88.36,West Bengal,32,26,33,25,-1
Kolkata,2025-10-10,22.57,88.36,West Bengal,32,26,33,25,-1
Kolkata,2025-10-11,22.57,88.36,West Bengal,30,24,33,25,-3
Kolkata,2025-10-12,22.57,88.36,West Bengal,32,25,33,25,-1
Kolkata,2025-10-13,22.57,88.36,West Bengal,32,24,33,25,-1
Kolkata,2025-10-14,22.57,88.36,West Bengal,32,24,33,25,-1
Kolkata,2025-10-15,22.57,88.36,West Bengal,32,24,33,25,-1
Kolkata,2025-10-16,22.57,88.36,West Bengal,32,23,33,25,-1
Kolkata,2025-10-17,22.57,88.36,West Bengal,33,23,33,25,0
Kolkata,2025-10-18,22.57,88.36,West Bengal,33,25,32,24,1
Kolkata,2025-10-19,22.57,88.36,West Bengal,33,26,32,24,1
Kolkata,2025-10-20,22.57,88.36,West Bengal,34,26,32,24,2
Kolkata,2025-10-21,22.57,88.36,West Bengal,34,25,32,24,2
Kolkata,2025-10-22,22.57,88.36,West Bengal,34,25,32,24,2
Kolkata,2025-10-23,22.57,88.36,West Bengal,34,25,32,23,2
Kolkata,2025-10-24,22.57,88.36,West Bengal,33,25,32,23,1
Kolkata,2025-10-25,22.57,88.36,West Bengal,33,26,32,23,1
Kolkata,2025-10-26,22.57,88.36,West Bengal,33,26,32,23,1
Kolkata,2025-10-27,22.57,88.36,West Bengal,33,24,32,23,1
Kolkata,2025-10-28,22.57,88.36,West Bengal,33,26,31,23,2
Kolkata,2025-10-29,22.57,88.36,West Bengal,29,27,31,23,-2
Kolkata,2025-10-30,22.57,88.36,West Bengal,31,25,31,23,0
Kolkata,2025-10-31,22.57,88.36,West Bengal,32,25,31,23,1
Kolkata,2025-11-01,22.57,88.36,West Bengal,31,27,31,23,0
Kolkata,2025-11-02,22.57,88.36,West Bengal,28,24,31,22,-3
Kolkata,2025-11-03,22.57,88.36,West Bengal,30,23,31,22,-1
Kolkata,2025-11-04,22.57,88.36,West Bengal,30,21,31,22,-1
Kolkata,2025-11-05,22.57,88.36,West Bengal,30,23,31,22,-1
Kolkata,2025-11-06,22.57,88.36,West Bengal,31,22,31,22,0
Kolkata,2026-01-06,22.57,88.36,West Bengal,18,10,24,13,-6
Kolkata,2026-01-07,22.57,88.36,West Bengal,22,10,24,13,-2
Kolkata,2026-01-08,22.57,88.36,West Bengal,21,11,24,13,-3
Kolkata,2026-01-09,22.57,88.36,West Bengal,22,12,24,13,-2
Kolkata,2026-01-10,22.57,88.36,West Bengal,22,11,24,13,-2
Kolkata,2026-01-11,22.57,88.36,West Bengal,23,15,24,13,-1
Kolkata,2026-01-12,22.57,88.36,West Bengal,23,12,24,13,-1
Kolkata,2026-01-13,22.57,88.36,West Bengal,23,13,24,13,-1
Kolkata,2026-01-14,22.57,88.36,West Bengal,23,13,24,13,-1
Kolkata,2026-01-15,22.57,88.36,West Bengal,23,13,24,13,-1
Kolkata,2026-01-16,22.57,88.36,West Bengal,23,12,25,14,-2
Kolkata,2026-01-17,22.57,88.36,West Bengal,24,13,25,14,-1
Kolkata,2026-01-18,22.57,88.36,West Bengal,25,13,25,14,0
Kolkata,2026-01-19,22.57,88.36,West Bengal,25,13,25,14,0
Kolkata,2026-01-20,22.57,88.36,West Bengal,26,14,25,14,1
Kolkata,2026-01-21,22.57,88.36,West Bengal,26,15,25,14,1
Kolkata,2026-01-22,22.57,88.36,West Bengal,25,15,25,14,0
Kolkata,2026-01-23,22.57,88.36,West Bengal,25,14,25,14,0
Kolkata,2026-01-24,22.57,88.36,West Bengal,26,14,25,14,1
Kolkata,2026-01-26,22.57,88.36,West Bengal,26,15,26,14,0
Kolkata,2026-01-27,22.57,88.36,West Bengal,26,16,26,14,0
Kolkata,2026-01-28,22.57,88.36,West Bengal,26,15,26,14,0
Kolkata,2026-01-29,22.57,88.36,West Bengal,26,16,26,14,0
Kolkata,2026-01-30,22.57,88.36,West Bengal,26,17,26,14,0
Kolkata,2026-01-31,22.57,88.36,West Bengal,26,16,,,
Kolkata,2026-02-01,22.57,88.36,West Bengal,25,15,27,15,-2
Kolkata,2026-02-02,22.57,88.36,West Bengal,25,15,27,15,-2
Kolkata,2026-02-03,22.57,88.36,West Bengal,27,15,27,15,0
Kolkata,2026-02-04,22.57,88.36,West Bengal,26,16,27,15,-1
Kolkata,2026-02-05,22.57,88.36,West Bengal,27,16,28,16,-1
Kolkata,2026-02-06,22.57,88.36,West Bengal,26,15,28,16,-2
Kolkata,2026-02-07,22.57,88.36,West Bengal,26,14,28,16,-2
Kolkata,2026-02-08,22.57,88.36,West Bengal,27,14,28,16,-1
Kolkata,2026-02-09,22.57,88.36,West Bengal,27,15,28,16,-1
Kolkata,2026-02-10,22.57,88.36,West Bengal,28,15,28,17,0
Kolkata,2026-02-11,22.57,88.36,West Bengal,29,15,28,17,1
Kolkata,2026-02-12,22.57,88.36,West Bengal,28,16,28,17,0
Kolkata,2026-02-13,22.57,88.36,West Bengal,28,16,28,17,0
Kolkata,2026-02-14,22.57,88.36,West Bengal,28,16,28,17,0
Kolkata,2026-02-15,22.57,88.36,West Bengal,29,16,30,18,-1
Kolkata,2026-02-16,22.57,88.36,West Bengal,29,16,30,18,-1
Kolkata,2026-02-17,22.57,88.36,West Bengal,29,17,30,18,-1
Kolkata,2026-02-18,22.57,88.36,West Bengal,30,17,30,18,0
Kolkata,2026-02-19,22.57,88.36,West Bengal,30,17,30,18,0
Kolkata,2026-02-20,22.57,88.36,West Bengal,31,19,30,19,1
Kolkata,2026-02-21,22.57,88.36,West Bengal,31,19,30,19,1
Kolkata,2026-02-25,22.57,88.36,West Bengal,30,19,31,20,-1
Kolkata,2026-02-26,22.57,88.36,West Bengal,30,18,31,20,-1
Kolkata,2026-02-27,22.57,88.36,West Bengal,30,18,31,20,-1
Kolkata,2026-02-28,22.57,88.36,West Bengal,32,20,31,20,1
Kolkata,2026-03-01,22.57,88.36,West Bengal,32,23,31,20,1
Kolkata,2026-03-02,22.57,88.36,West Bengal,31,25,32,21,-1
Kolkata,2026-03-03,22.57,88.36,West Bengal,33,20,32,21,1
Kolkata,2026-03-04,22.57,88.36,West Bengal,32,20,32,21,0
Kolkata,2026-03-05,22.57,88.36,West Bengal,32,21,32,21,0
Kolkata,2026-03-06,22.57,88.36,West Bengal,31,23,32,21,-1
Kolkata,2026-03-07,22.57,88.36,West Bengal,31,23,33,21,-2
Kolkata,2026-03-08,22.57,88.36,West Bengal,30,23,33,21,-3
Kolkata,2026-03-09,22.57,88.36,West Bengal,31,24,33,21,-2
Kolkata,2026-03-10,22.57,88.36,West Bengal,31,25,33,21,-2
Kolkata,2026-03-11,22.57,88.36,West Bengal,30,25,33,21,-3
Kolkata,2026-03-12,22.57,88.36,West Bengal,31,25,33,22,-2
Kolkata,2026-03-13,22.57,88.36,West Bengal,33,26,33,22,0
Kolkata,2026-03-14,22.57,88.36,West Bengal,33,25,33,22,0
Kolkata,2026-03-15,22.57,88.36,West Bengal,30,25,33,22,-3
Kolkata,2026-03-16,22.57,88.36,West Bengal,32,23,33,22,-1
Kolkata,2026-03-17,22.57,88.36,West Bengal,30,18,34,23,-4
Kolkata,2026-03-18,22.57,88.36,West Bengal,32,24,34,23,-2
Kolkata,2026-03-19,22.57,88.36,West Bengal,32,24,34,23,-2
Kolkata,2026-03-20,22.57,88.36,West Bengal,30,25,34,23,-4
Kolkata,2026-03-21,22.57,88.36,West Bengal,23,19,34,23,-11
Kolkata,2026-03-22,22.57,88.36,West Bengal,27,19,34,24,-7
Kolkata,2026-03-23,22.57,88.36,West Bengal,30,20,34,24,-4
Kolkata,2026-03-24,22.57,88.36,West Bengal,31,23,34,24,-3
Kolkata,2026-03-25,22.57,88.36,West Bengal,32,24,34,24,-2
Kolkata,2026-03-26,22.57,88.36,West Bengal,33,25,34,24,-1
Kolkata,2026-03-27,22.57,88.36,West Bengal,34,25,34,24,0
Kolkata,2026-03-28,22.57,88.36,West Bengal,31,20,34,24,-3
Kolkata,2026-03-29,22.57,88.36,West Bengal,32,25,34,24,-2
Kolkata,2026-03-30,22.57,88.36,West Bengal,32,26,34,24,-2
Kolkata,2026-03-31,22.57,88.36,West Bengal,28,23,34,24,-6
Kolkata,2026-04-01,22.57,88.36,West Bengal,33,25,34,25,-1
Kolkata,2026-04-02,22.57,88.36,West Bengal,35,26,34,25,1
Kolkata,2026-04-03,22.57,88.36,West Bengal,36,26,34,25,2
Kolkata,2026-04-04,22.57,88.36,West Bengal,36,27,34,25,2
Kolkata,2026-04-05,22.57,88.36,West Bengal,30,27,34,25,-4
Kolkata,2026-04-06,22.57,88.36,West Bengal,33,22,35,25,-2
Kolkata,2026-04-07,22.57,88.36,West Bengal,32,20,35,25,-3
Kolkata,2026-04-08,22.57,88.36,West Bengal,31,21,35,25,-4
Kolkata,2026-04-09,22.57,88.36,West Bengal,26,21,35,25,-9
Kolkata,2026-04-10,22.57,88.36,West Bengal,31,22,35,25,-4
Kolkata,2026-04-11,22.57,88.36,West Bengal,33,23,35,25,-2
Kolkata,2026-04-12,22.57,88.36,West Bengal,35,26,35,25,0
Kolkata,2026-04-13,22.57,88.36,West Bengal,34,26,35,25,-1
Kolkata,2026-04-14,22.57,88.36,West Bengal,36,27,35,25,1
Kolkata,2026-04-16,22.57,88.36,West Bengal,32,27,35,26,-3
Kolkata,2026-04-17,22.57,88.36,West Bengal,34,27,35,26,-1
Kolkata,2026-04-18,22.57,88.36,West Bengal,34,27,35,26,-1
Kolkata,2026-04-19,22.57,88.36,West Bengal,33,28,35,26,-2
Kolkata,2026-04-20,22.57,88.36,West Bengal,34,26,35,26,-1
Kolkata,2026-04-21,22.57,88.36,West Bengal,35,26,35,26,0
Kolkata,2026-04-22,22.57,88.36,West Bengal,36,28,35,26,1
Kolkata,2026-04-23,22.57,88.36,West Bengal,36,27,35,26,1
Kolkata,2026-04-24,22.57,88.36,West Bengal,36,27,35,26,1
Kolkata,2026-04-25,22.57,88.36,West Bengal,30,27,35,26,-5
Kolkata,2026-04-26,22.57,88.36,West Bengal,33,27,35,26,-2
Kolkata,2026-04-27,22.57,88.36,West Bengal,33,27,35,26,-2
Kolkata,2026-04-28,22.57,88.36,West Bengal,33,28,35,26,-2
Kolkata,2026-04-29,22.57,88.36,West Bengal,32,27,35,26,-3
Kolkata,2026-04-30,22.57,88.36,West Bengal,28,20,35,26,-7
Kolkata,2026-05-03,22.57,88.36,West Bengal,32,22,35,26,-3
Kolkata,2026-05-07,22.57,88.36,West Bengal,32,25,35,26,-3
Kolkata,2026-05-11,22.57,88.36,West Bengal,34,25,35,27,-1
Kolkata,2026-05-15,22.57,88.36,West Bengal,35,27,35,27,0
Kolkata,2026-05-16,22.57,88.36,West Bengal,34,23,35,26,-1
Kolkata,2026-05-19,22.57,88.36,West Bengal,35,29,35,26,0
Kolkata,2026-05-20,22.57,88.36,West Bengal,36,27,35,26,1
Kolkata,2026-05-21,22.57,88.36,West Bengal,36,27,35,26,1
Kolkata,2026-05-22,22.57,88.36,West Bengal,35,29,35,26,0
Kolkata,2026-05-23,22.57,88.36,West Bengal,35,29,35,26,0
Kolkata,2026-05-24,22.57,88.36,West Bengal,35,29,35,26,0
Kolkata,2026-05-25,22.57,88.36,West Bengal,35,30,35,26,0
Kolkata,2026-05-26,22.57,88.36,West Bengal,35,29,35,27,0
Kolkata,2026-05-27,22.57,88.36,West Bengal,34,28,35,27,-1
Kolkata,2026-05-28,22.57,88.36,West Bengal,34,25,35,27,-1
Kolkata,2026-05-29,22.57,88.36,West Bengal,34,28,35,27,-1
Kolkata,2026-05-31,22.57,88.36,West Bengal,35,25,35,27,0
Kolkata,2026-06-01,22.57,88.36,West Bengal,35,28,35,27,0
Kolkata,2026-06-02,22.57,88.36,West Bengal,36,28,35,27,1
Kolkata,2026-06-03,22.57,88.36,West Bengal,37,29,35,27,2
Kolkata,2026-06-04,22.57,88.36,West Bengal,36,29,35,27,1
Kolkata,2026-06-05,22.57,88.36,West Bengal,32,23,35,27,-3
Kolkata,2026-06-06,22.57,88.36,West Bengal,34,29,35,27,-1
Kolkata,2026-06-07,22.57,88.36,West Bengal,34,27,35,27,-1
Kolkata,2026-06-08,22.57,88.36,West Bengal,35,23,35,27,0
Kolkata,2026-06-09,22.57,88.36,West Bengal,35,27,35,27,0
Kolkata,2026-06-10,22.57,88.36,West Bengal,35,29,34,27,1
Kolkata,2026-06-11,22.57,88.36,West Bengal,34,23,34,27,0
Kolkata,2026-06-15,22.57,88.36,West Bengal,35,28,33,27,2
Kolkata,2026-06-16,22.57,88.36,West Bengal,36,28,33,27,3
Kolkata,2026-06-19,22.57,88.36,West Bengal,29,24,33,27,-4
Kolkata,2026-06-21,22.57,88.36,West Bengal,33,27,33,26,0
Kolkata,2026-06-22,22.57,88.36,West Bengal,30,25,33,26,-3
Kolkata,2026-06-23,22.57,88.36,West Bengal,34,27,33,26,1
Kolkata,2026-06-24,22.57,88.36,West Bengal,30,24,33,26,-3
Kolkata,2026-06-27,22.57,88.36,West Bengal,34,27,32,26,2
Kolkata,2026-06-28,22.57,88.36,West Bengal,35,28,32,26,3
Kolkata,2026-06-30,22.57,88.36,West Bengal,31,25,32,26,-1
Kolkata,2026-07-01,22.57,88.36,West Bengal,31,26,32,26,-1
Kolkata,2026-07-02,22.57,88.36,West Bengal,33,27,32,26,1
Kolkata,2026-07-04,22.57,88.36,West Bengal,33,27,32,26,1
Kolkata,2026-07-05,22.57,88.36,West Bengal,30,27,32,26,-2
Kolkata,2026-07-06,22.57,88.36,West Bengal,29,26,32,26,-3
Kolkata,2026-07-08,22.57,88.36,West Bengal,31,27,32,26,-1
Kolkata,2026-07-09,22.57,88.36,West Bengal,30,27,32,26,-2
Kolkata,2026-07-10,22.57,88.36,West Bengal,28,26,32,26,-4
Kolkata,2026-07-11,22.57,88.36,West Bengal,32,26,32,26,0
Kolkata,2026-07-12,22.57,88.36,West Bengal,30,28,32,26,-2
Kolkata,2026-07-13,22.57,88.36,West Bengal,31,28,32,26,-1
Kolkata,2026-07-14,22.57,88.36,West Bengal,32,26,32,26,0
Kolkata,2026-07-15,22.57,88.36,West Bengal,33,27,32,26,1
Kolkata,2026-07-16,22.57,88.36,West Bengal,32,27,32,26,0
Kolkata,2026-07-19,22.57,88.36,West Bengal,29,27,32,26,-3
Kolkata,2026-07-21,22.57,88.36,West Bengal,30,26,32,26,-2
Kolkata,2026-07-22,22.57,88.36,West Bengal,29,27,32,26,-3
Kolkata,2026-07-23,22.57,88.36,West Bengal,29,26,32,26,-3
Kolkata,2026-07-24,22.57,88.36,West Bengal,29,25,32,26,-3
Kolkata,2026-07-25,22.57,88.36,West Bengal,29,26,32,26,-3
Kolkata,2026-07-26,22.57,88.36,West Bengal,32,26,32,26,0
Kolkata,2026-07-27,22.57,88.36,West Bengal,30,26,32,26,-2
