city,aqi,date,pollutant
Agartala,69,1-Jul-26,PM10
Agra,106,1-Jul-26,"PM2.5, PM10"
Ahmedabad,73,1-Jul-26,PM10
Ahmednagar,26,1-Jul-26,O3
Aizawl,15,1-Jul-26,SO2
Ajmer,103,1-Jul-26,PM10
Akola,66,1-Jul-26,PM10
Alwar,81,1-Jul-26,PM10
Amaravati,52,1-Jul-26,PM10
Ambala,124,1-Jul-26,PM10
Ambernath,22,1-Jul-26,PM2.5
Amravati,33,1-Jul-26,PM10
Amritsar,97,1-Jul-26,PM10
Anantapur,62,1-Jul-26,PM10
Angul,65,1-Jul-26,PM10
Araria,71,1-Jul-26,PM10
Arrah,60,1-Jul-26,PM10
Asansol,51,1-Jul-26,"SO2, PM10"
Aurangabad (Maharashtra),41,1-Jul-26,"PM2.5, PM10"
Baddi,108,1-Jul-26,PM10
Badlapur,45,1-Jul-26,PM10
Bagalkot,50,1-Jul-26,PM10
Baghpat,89,1-Jul-26,PM10
Bahadurgarh,197,1-Jul-26,PM2.5
Balasore,54,1-Jul-26,PM10
Ballabgarh,143,1-Jul-26,PM10
Banswara,91,1-Jul-26,PM10
Baran,61,1-Jul-26,O3
Barbil,56,1-Jul-26,PM10
Bareilly,34,1-Jul-26,"CO, PM10"
Baripada,55,1-Jul-26,PM10
Barmer,133,1-Jul-26,PM10
Barrackpore,45,1-Jul-26,PM10
Beed,33,1-Jul-26,PM10
Begusarai,76,1-Jul-26,PM10
Belapur,23,1-Jul-26,NO2
Bengaluru,55,1-Jul-26,"PM10, CO"
Bhagalpur,49,1-Jul-26,PM10
Bharatpur,64,1-Jul-26,PM10
Bhavnagar,123,1-Jul-26,PM10
Bhilai,25,1-Jul-26,
Bhilwara,90,1-Jul-26,
Bhiwadi,188,1-Jul-26,
Bhiwandi,46,1-Jul-26,
Bhiwani,153,1-Jul-26,
Bhopal,32,1-Jul-26,
Bhubaneswar,58,1-Jul-26,
Bihar Sharif,55,1-Jul-26,
Bikaner,144,1-Jul-26,
Bilaspur,32,1-Jul-26,
Bileipada,64,1-Jul-26,
Boisar,39,1-Jul-26,
Brajrajnagar,46,1-Jul-26,
Bulandshahr,57,1-Jul-26,
Bundi,51,1-Jul-26,
Buxar,197,1-Jul-26,
Byasanagar,71,1-Jul-26,
Byrnihat (Assam),96,1-Jul-26,
Chamarajanagar,46,1-Jul-26,
Chandigarh,53,1-Jul-26,
Chandrapur,44,1-Jul-26,
Charkhi Dadri,239,1-Jul-26,
Chennai,58,1-Jul-26,
Chhal,36,1-Jul-26,
Chikkaballapur,39,1-Jul-26,
Chikkamagaluru,32,1-Jul-26,
Chittoor,63,1-Jul-26,
Chittorgarh,59,1-Jul-26,
Churu,152,1-Jul-26,
Cuddalore,53,1-Jul-26,
Damoh,50,1-Jul-26,
Dausa,100,1-Jul-26,
Dehradun,28,1-Jul-26,
Delhi,132,1-Jul-26,
Dhanbad,260,1-Jul-26,
Dharuhera,147,1-Jul-26,
Dharwad,67,1-Jul-26,
Dhule,46,1-Jul-26,
Dombivli,18,1-Jul-26,
Dungarpur,56,1-Jul-26,
Durgapur,67,1-Jul-26,"NO2, PM10"
Eluru,63,1-Jul-26,PM10
Faridabad,135,1-Jul-26,PM2.5
Firozabad,53,1-Jul-26,PM10
Gadag,29,1-Jul-26,PM2.5
Gandhinagar,81,1-Jul-26,PM10
Gaya,82,1-Jul-26,"PM2.5, PM10"
Ghaziabad,116,1-Jul-26,"PM10, PM2.5"
Gorakhpur,53,1-Jul-26,PM10
Greater Noida,151,1-Jul-26,PM10
Gummidipoondi,91,1-Jul-26,PM10
Guntur,62,1-Jul-26,PM10
Gurugram,199,1-Jul-26,"PM2.5, PM10"
Guwahati,88,1-Jul-26,"PM2.5, O3"
Gwalior,56,1-Jul-26,"PM10, O3"
Hajipur,92,1-Jul-26,PM10
Haldia,37,1-Jul-26,PM10
Hanumangarh,114,1-Jul-26,PM10
Hapur,58,1-Jul-26,PM10
Hingoli,22,1-Jul-26,O3
Hisar,163,1-Jul-26,PM2.5
Howrah,59,1-Jul-26,"NO2, PM10, O3"
Hubballi,48,1-Jul-26,PM10
Hyderabad,51,1-Jul-26,PM10
Indore,54,1-Jul-26,"CO, NO2"
Jabalpur,46,1-Jul-26,"O3, CO, PM10"
Jaipur,92,1-Jul-26,"PM10, O3"
Jaisalmer,136,1-Jul-26,PM10
Jalandhar,115,1-Jul-26,PM2.5
Jalgaon,37,1-Jul-26,PM10
Jalna,69,1-Jul-26,CO
Jalore,87,1-Jul-26,PM10
Jhalawar,53,1-Jul-26,PM10
Jhansi,23,1-Jul-26,PM10
Jhunjhunu,109,1-Jul-26,PM10
Jind,219,1-Jul-26,PM2.5
Jodhpur,82,1-Jul-26,PM10
Jorapokhar,90,1-Jul-26,PM10
Kadapa,56,1-Jul-26,PM2.5
Kalaburagi,37,1-Jul-26,PM10
Kalyan,72,1-Jul-26,CO
Kannur,51,1-Jul-26,PM10
Kanpur,53,1-Jul-26,"PM10, CO"
Karauli,53,1-Jul-26,PM10
Karnal,211,1-Jul-26,PM2.5
Kashipur,44,1-Jul-26,PM10
Katihar,77,1-Jul-26,CO
Katni,75,1-Jul-26,PM10
Keonjhar,36,1-Jul-26,CO
Khairthal,114,1-Jul-26,PM2.5
Khanna,75,1-Jul-26,PM10
Khora,203,1-Jul-26,PM2.5
Khurja,69,1-Jul-26,PM10
Kishanganj,84,1-Jul-26,PM2.5
Kohima,45,1-Jul-26,SO2
Kolhapur,28,1-Jul-26,"O3, PM10"
Kolkata,50,1-Jul-26,"PM10, NO2"
Kollam,42,1-Jul-26,PM10
Korba,18,1-Jul-26,PM10
Kota,66,1-Jul-26,"PM10, PM2.5"
Kunjemura,44,1-Jul-26,PM10
Kurukshetra,114,1-Jul-26,PM10
Latur,21,1-Jul-26,O3
Lucknow,56,1-Jul-26,PM10
Ludhiana,95,1-Jul-26,PM10
Machilipatnam,86,1-Jul-26,PM2.5
Madikeri,13,1-Jul-26,CO
Mahad,47,1-Jul-26,PM2.5
Maihar,55,1-Jul-26,NO2
Malegaon,62,1-Jul-26,PM10
Mandideep,33,1-Jul-26,NO2
Mandi Gobindgarh,94,1-Jul-26,PM10
Mandikhera,106,1-Jul-26,PM2.5
Manesar,149,1-Jul-26,PM10
Mangalore,37,1-Jul-26,O3
Meerut,90,1-Jul-26,"PM2.5, PM10"
Mehsana,67,1-Jul-26,CO
Milupara,82,1-Jul-26,O3
Modinagar,90,1-Jul-26,PM2.5
Moradabad,45,1-Jul-26,"SO2, PM2.5"
Mumbai,36,1-Jul-26,"CO, PM10"
Munger,47,1-Jul-26,CO
Muzaffarnagar,57,1-Jul-26,PM10
Muzaffarpur,55,1-Jul-26,"PM2.5, CO, O3"
Mysuru,51,1-Jul-26,O3
Nagaon,55,1-Jul-26,PM2.5
Nagaur,88,1-Jul-26,PM10
Nagpur,36,1-Jul-26,"CO, PM10, PM2.5"
Naharlagun,35,1-Jul-26,PM10
Nanded,23,1-Jul-26,CO
Nandesari,66,1-Jul-26,PM10
Narnaul,158,1-Jul-26,PM2.5
Nashik,25,1-Jul-26,"CO, PM10, O3"
Navi Mumbai,36,1-Jul-26,"PM10, NO2, CO"
Nellore,73,1-Jul-26,PM10
Noida,114,1-Jul-26,PM10
Pali,104,1-Jul-26,PM10
Palwal,59,1-Jul-26,CO
Pampore,83,1-Jul-26,PM10
Panipat,232,1-Jul-26,PM10
Parbhani,39,1-Jul-26,NO2
Patiala,103,1-Jul-26,PM10
Patna,59,1-Jul-26,"PM2.5, PM10"
Pimpri-Chinchwad,36,1-Jul-26,PM10
Pithampur,51,1-Jul-26,CO
Pratapgarh,79,1-Jul-26,PM10
Prayagraj,42,1-Jul-26,"SO2, PM10, O3"
Puducherry,41,1-Jul-26,O3
Pune,47,1-Jul-26,"CO, PM10"
Purnia,66,1-Jul-26,PM2.5
Raipur,31,1-Jul-26,"PM2.5, PM10"
Rairangpur,54,1-Jul-26,PM10
Rajamahendravaram,29,1-Jul-26,PM10
Rajgir,59,1-Jul-26,PM2.5
Rajkot,84,1-Jul-26,CO
Rajsamand,65,1-Jul-26,PM10
Ramanagara,28,1-Jul-26,PM10
Ratlam,37,1-Jul-26,NO2
Rishikesh,45,1-Jul-26,O3
Rohtak,102,1-Jul-26,PM10
Rourkela,66,1-Jul-26,"CO, PM10"
Rupnagar,59,1-Jul-26,PM2.5
Sagar,50,1-Jul-26,O3
Samastipur,82,1-Jul-26,PM2.5
Sangli,28,1-Jul-26,O3
Satara,42,1-Jul-26,O3
Satna,70,1-Jul-26,PM10
Sawai Madhopur,57,1-Jul-26,PM10
Shivamogga,53,1-Jul-26,O3
Sikar,93,1-Jul-26,PM10
Silchar,46,1-Jul-26,PM10
Siliguri,152,1-Jul-26,NO2
Singrauli,64,1-Jul-26,PM10
Sirohi,82,1-Jul-26,PM10
Sirsa,165,1-Jul-26,PM2.5
Sivasagar,34,1-Jul-26,O3
Siwan,112,1-Jul-26,CO
Solapur,30,1-Jul-26,PM10
Sonipat,276,1-Jul-26,PM2.5
Sri Ganganagar,129,1-Jul-26,PM10
Srinagar,76,1-Jul-26,PM10
Suakati,121,1-Jul-26,O3
Surat,55,1-Jul-26,"PM10, CO"
Talcher,108,1-Jul-26,CO
Thane,32,1-Jul-26,NO2
Thiruvananthapuram,33,1-Jul-26,"PM2.5, PM10"
Thoothukudi,55,1-Jul-26,PM10
Thrissur,58,1-Jul-26,PM10
Tirumala,37,1-Jul-26,NO2
Tirupati,57,1-Jul-26,PM10
Tonk,93,1-Jul-26,PM10
Tumidih,50,1-Jul-26,NO2
Udaipur,86,1-Jul-26,PM10
Ujjain,47,1-Jul-26,O3
Ulhasnagar,40,1-Jul-26,PM10
Vadodara,96,1-Jul-26,CO
Varanasi,52,1-Jul-26,"PM10, PM2.5"
Vatva,104,1-Jul-26,PM10
Vijayapura,38,1-Jul-26,PM10
Vijayawada,65,1-Jul-26,PM10
Visakhapatnam,91,1-Jul-26,PM10
Vrindavan,72,1-Jul-26,PM10
Yadgir,21,1-Jul-26,PM10
Yamuna Nagar,101,1-Jul-26,PM2.5
Agartala,42,2-Jul-26,PM10
Agra,104,2-Jul-26,"PM2.5, PM10"
Ahmedabad,67,2-Jul-26,"SO2, PM10"
Ahmednagar,29,2-Jul-26,O3
Aizawl,15,2-Jul-26,SO2
Ajmer,94,2-Jul-26,PM10
Akola,47,2-Jul-26,PM10
Alwar,73,2-Jul-26,PM2.5
Amaravati,51,2-Jul-26,PM10
Ambala,76,2-Jul-26,PM10
Ambernath,23,2-Jul-26,PM2.5
Amravati,29,2-Jul-26,PM10
Amritsar,86,2-Jul-26,PM10
Anantapur,101,2-Jul-26,PM2.5
Angul,79,2-Jul-26,PM10
Ankleshwar,53,2-Jul-26,CO
Araria,58,2-Jul-26,SO2
Arrah,61,2-Jul-26,PM10
Asansol,49,2-Jul-26,"SO2, PM10, CO"
Aurangabad (Maharashtra),41,2-Jul-26,PM10
Baddi,102,2-Jul-26,PM10
Badlapur,41,2-Jul-26,PM10
Bagalkot,46,2-Jul-26,PM10
Baghpat,76,2-Jul-26,PM10
Bahadurgarh,103,2-Jul-26,PM2.5
Balasore,41,2-Jul-26,O3
Ballabgarh,153,2-Jul-26,PM2.5
Banswara,78,2-Jul-26,PM10
Baran,59,2-Jul-26,O3
Barbil,44,2-Jul-26,PM10
Bareilly,37,2-Jul-26,"CO, PM10"
Barmer,100,2-Jul-26,PM10
Barrackpore,35,2-Jul-26,PM10
Bathinda,78,2-Jul-26,CO
Beed,42,2-Jul-26,PM10
Begusarai,53,2-Jul-26,PM10
Belapur,28,2-Jul-26,NO2
Bengaluru,54,2-Jul-26,"PM10, CO"
Bhagalpur,46,2-Jul-26,PM10
Bharatpur,57,2-Jul-26,PM10
Bhavnagar,81,2-Jul-26,CO
Bhilai,27,2-Jul-26,"PM10, O3, CO"
Bhilwara,80,2-Jul-26,PM10
Bhiwadi,129,2-Jul-26,"PM10, PM2.5"
Bhiwandi,42,2-Jul-26,O3
Bhiwani,144,2-Jul-26,PM2.5
Bhopal,35,2-Jul-26,PM10
Bhubaneswar,61,2-Jul-26,CO
Bihar Sharif,91,2-Jul-26,CO
Bikaner,116,2-Jul-26,PM10
Bilaspur,34,2-Jul-26,PM10
Boisar,28,2-Jul-26,PM10
Brajrajnagar,45,2-Jul-26,O3
Bulandshahr,84,2-Jul-26,PM10
Bundi,35,2-Jul-26,PM10
Buxar,174,2-Jul-26,PM2.5
Byasanagar,91,2-Jul-26,CO
Byrnihat (Assam),72,2-Jul-26,PM2.5
Byrnihat (Meghalaya),121,2-Jul-26,PM2.5
Chamarajanagar,48,2-Jul-26,PM10
Chandigarh,51,2-Jul-26,"CO, PM10"
Chandrapur,32,2-Jul-26,CO
Charkhi Dadri,79,2-Jul-26,PM2.5
Chennai,60,2-Jul-26,"PM10, PM2.5"
Chikkamagaluru,32,2-Jul-26,PM10
Chittoor,60,2-Jul-26,PM2.5
Chittorgarh,57,2-Jul-26,O3
Churu,138,2-Jul-26,PM10
Coimbatore,27,2-Jul-26,PM2.5
Cuddalore,51,2-Jul-26,PM10
Damoh,50,2-Jul-26,SO2
Dausa,59,2-Jul-26,PM10
Dehradun,23,2-Jul-26,PM2.5
Delhi,96,2-Jul-26,"PM10, O3"
Dewas,92,2-Jul-26,NO2
Dhanbad,181,2-Jul-26,PM10
Dharuhera,78,2-Jul-26,PM2.5
Dharwad,73,2-Jul-26,PM10
Dholpur,241,2-Jul-26,PM10
Dungarpur,53,2-Jul-26,PM10
Durgapur,52,2-Jul-26,"NO2, PM10"
Eluru,62,2-Jul-26,PM10
Faridabad,126,2-Jul-26,PM2.5
Fatehabad,113,2-Jul-26,PM10
Firozabad,36,2-Jul-26,PM10
Gadag,29,2-Jul-26,PM2.5
Gandhinagar,68,2-Jul-26,PM10
Gangtok,22,2-Jul-26,PM2.5
Gaya,66,2-Jul-26,"PM2.5, PM10"
Ghaziabad,103,2-Jul-26,PM10
Gorakhpur,74,2-Jul-26,PM10
Greater Noida,93,2-Jul-26,PM10
Gummidipoondi,88,2-Jul-26,PM2.5
Guntur,71,2-Jul-26,PM2.5
Gurugram,139,2-Jul-26,PM2.5
Guwahati,45,2-Jul-26,"O3, PM2.5, SO2"
Gwalior,61,2-Jul-26,PM10
Hajipur,92,2-Jul-26,PM10
Haldia,26,2-Jul-26,CO
Hanumangarh,82,2-Jul-26,PM10
Hapur,62,2-Jul-26,PM10
Hingoli,26,2-Jul-26,O3
Hisar,72,2-Jul-26,PM10
Howrah,52,2-Jul-26,"NO2, O3, PM10"
Hubballi,45,2-Jul-26,PM10
Hyderabad,55,2-Jul-26,PM10
Indore,54,2-Jul-26,"CO, NO2"
Jabalpur,37,2-Jul-26,"O3, PM10"
Jaipur,68,2-Jul-26,"PM10, PM2.5"
Jaisalmer,89,2-Jul-26,PM10
Jalandhar,49,2-Jul-26,CO
Jalgaon,35,2-Jul-26,CO
Jalna,65,2-Jul-26,CO
Jalore,83,2-Jul-26,PM10
Jhalawar,47,2-Jul-26,O3
Jhansi,36,2-Jul-26,PM10
Jhunjhunu,98,2-Jul-26,PM10
Jodhpur,83,2-Jul-26,PM10
Jorapokhar,99,2-Jul-26,PM10
Kadapa,58,2-Jul-26,PM2.5
Kalaburagi,33,2-Jul-26,CO
Kalyan,63,2-Jul-26,CO
Kannur,43,2-Jul-26,PM10
Kanpur,48,2-Jul-26,"CO, PM10"
Karauli,63,2-Jul-26,O3
Karnal,164,2-Jul-26,PM2.5
Kashipur,39,2-Jul-26,PM2.5
Katihar,84,2-Jul-26,CO
Katni,60,2-Jul-26,PM10
Keonjhar,37,2-Jul-26,CO
Khanna,78,2-Jul-26,PM10
Khora,130,2-Jul-26,PM2.5
Khurja,58,2-Jul-26,PM10
Kishanganj,76,2-Jul-26,PM2.5
Kolhapur,32,2-Jul-26,"O3, PM10"
Kolkata,42,2-Jul-26,"PM10, CO"
Kollam,55,2-Jul-26,PM10
Koppal,41,2-Jul-26,PM10
Korba,39,2-Jul-26,"PM10, CO"
Kota,53,2-Jul-26,PM10
Kunjemura,35,2-Jul-26,PM10
Kurukshetra,84,2-Jul-26,PM10
Latur,22,2-Jul-26,O3
Lucknow,67,2-Jul-26,"PM10, O3"
Ludhiana,79,2-Jul-26,PM10
Machilipatnam,92,2-Jul-26,PM2.5
Madikeri,14,2-Jul-26,CO
Mahad,55,2-Jul-26,PM2.5
Maihar,68,2-Jul-26,NO2
Malegaon,55,2-Jul-26,O3
Mandideep,33,2-Jul-26,NO2
Mandi Gobindgarh,110,2-Jul-26,PM10
Manesar,138,2-Jul-26,PM2.5
Mangalore,37,2-Jul-26,O3
Manguraha,63,2-Jul-26,PM2.5
Mathura,90,2-Jul-26,PM2.5
Meerut,95,2-Jul-26,"PM2.5, PM10"
Mehsana,66,2-Jul-26,CO
Mira-Bhayandar,17,2-Jul-26,O3
Modinagar,116,2-Jul-26,CO
Moradabad,51,2-Jul-26,"SO2, CO"
Motihari,56,2-Jul-26,O3
Mumbai,34,2-Jul-26,"CO, PM10, O3"
Muzaffarnagar,94,2-Jul-26,PM10
Muzaffarpur,63,2-Jul-26,"PM10, PM2.5"
Mysuru,51,2-Jul-26,PM10
Nagaon,64,2-Jul-26,PM2.5
Nagaur,76,2-Jul-26,PM10
Nagpur,34,2-Jul-26,"CO, PM10"
Naharlagun,38,2-Jul-26,PM10
Nanded,22,2-Jul-26,CO
Nandesari,72,2-Jul-26,PM10
Narnaul,145,2-Jul-26,PM2.5
Nashik,25,2-Jul-26,"CO, O3"
Navi Mumbai,45,2-Jul-26,"NO2, PM10"
Nellore,66,2-Jul-26,PM10
Noida,117,2-Jul-26,"O3, PM10"
Pali,96,2-Jul-26,PM10
Palwal,67,2-Jul-26,PM10
Pampore,39,2-Jul-26,PM10
Panchgaon,75,2-Jul-26,PM2.5
Panipat,238,2-Jul-26,PM10
Parbhani,38,2-Jul-26,NO2
Patiala,55,2-Jul-26,PM10
Patna,60,2-Jul-26,"PM10, PM2.5"
Pimpri-Chinchwad,39,2-Jul-26,PM10
Pithampur,65,2-Jul-26,CO
Pratapgarh,54,2-Jul-26,O3
Prayagraj,42,2-Jul-26,PM10
Puducherry,49,2-Jul-26,O3
Pune,48,2-Jul-26,"CO, NO2"
Purnia,58,2-Jul-26,PM2.5
Raipur,28,2-Jul-26,"PM2.5, PM10"
Rairangpur,57,2-Jul-26,PM10
Rajamahendravaram,24,2-Jul-26,PM10
Rajgir,130,2-Jul-26,PM2.5
Rajsamand,69,2-Jul-26,PM10
Ramanagara,29,2-Jul-26,PM10
Ratlam,37,2-Jul-26,NO2
Rishikesh,45,2-Jul-26,O3
Rohtak,80,2-Jul-26,PM10
Rourkela,66,2-Jul-26,"PM2.5, PM10"
Rupnagar,88,2-Jul-26,PM2.5
Sagar,38,2-Jul-26,CO
Samastipur,68,2-Jul-26,PM2.5
Sangli,61,2-Jul-26,PM10
Satna,71,2-Jul-26,PM10
Sawai Madhopur,70,2-Jul-26,PM10
Shillong,24,2-Jul-26,SO2
Shivamogga,52,2-Jul-26,PM10
Sikar,103,2-Jul-26,PM10
Silchar,47,2-Jul-26,PM10
Siliguri,151,2-Jul-26,NO2
Singrauli,68,2-Jul-26,PM10
Sirohi,67,2-Jul-26,PM10
Sirsa,96,2-Jul-26,PM2.5
Sivasagar,58,2-Jul-26,O3
Solapur,31,2-Jul-26,PM10
Sonipat,344,2-Jul-26,O3
Sri Ganganagar,89,2-Jul-26,PM10
Srinagar,49,2-Jul-26,PM10
Suakati,180,2-Jul-26,O3
Surat,55,2-Jul-26,"PM10, CO"
Talcher,106,2-Jul-26,CO
Tensa,43,2-Jul-26,PM10
Thane,30,2-Jul-26,"PM10, NO2"
Thiruvananthapuram,37,2-Jul-26,PM10
Thoothukudi,50,2-Jul-26,PM10
Thrissur,50,2-Jul-26,PM10
Tirumala,52,2-Jul-26,NO2
Tirupati,66,2-Jul-26,PM10
Tonk,62,2-Jul-26,PM10
Tumidih,38,2-Jul-26,PM10
Udaipur,82,2-Jul-26,PM10
Ujjain,54,2-Jul-26,O3
Ulhasnagar,43,2-Jul-26,PM10
Vadodara,95,2-Jul-26,CO
Varanasi,39,2-Jul-26,"PM2.5, NO2, PM10"
Vatva,108,2-Jul-26,PM10
Vijayapura,36,2-Jul-26,PM10
Vijayawada,68,2-Jul-26,"PM2.5, PM10"
Virar,40,2-Jul-26,PM10
Visakhapatnam,65,2-Jul-26,PM10
Vrindavan,43,2-Jul-26,PM10
Yadgir,29,2-Jul-26,PM10
Yamuna Nagar,101,2-Jul-26,PM2.5
Agartala,39,3-Jul-26,PM10
Agra,106,3-Jul-26,"PM2.5, PM10"
Ahmedabad,58,3-Jul-26,PM10
Ahmednagar,39,3-Jul-26,PM10
Aizawl,15,3-Jul-26,SO2
Ajmer,75,3-Jul-26,PM10
Akola,30,3-Jul-26,PM10
Alwar,76,3-Jul-26,PM10
Amaravati,50,3-Jul-26,PM10
Ambala,84,3-Jul-26,PM10
Ambernath,25,3-Jul-26,NO2
Amravati,25,3-Jul-26,"CO, PM10"
Amritsar,119,3-Jul-26,NO2
Anantapur,97,3-Jul-26,PM2.5
Angul,86,3-Jul-26,PM10
Ankleshwar,51,3-Jul-26,PM10
Araria,62,3-Jul-26,PM10
Arrah,56,3-Jul-26,CO
Asansol,43,3-Jul-26,"SO2, CO, NO2"
Aurangabad (Maharashtra),39,3-Jul-26,"PM2.5, PM10"
Baddi,74,3-Jul-26,PM10
Badlapur,44,3-Jul-26,PM10
Bagalkot,46,3-Jul-26,PM10
Baghpat,73,3-Jul-26,PM10
Bahadurgarh,141,3-Jul-26,PM2.5
Balasore,37,3-Jul-26,CO
Ballabgarh,164,3-Jul-26,PM10
Banswara,79,3-Jul-26,PM10
Baran,56,3-Jul-26,O3
Barbil,42,3-Jul-26,PM10
Bareilly,36,3-Jul-26,"CO, PM10"
Baripada,55,3-Jul-26,PM10
Barmer,104,3-Jul-26,PM10
Barrackpore,32,3-Jul-26,CO
Bathinda,78,3-Jul-26,CO
Beed,39,3-Jul-26,PM10
Belapur,29,3-Jul-26,NO2
Bengaluru,54,3-Jul-26,"PM10, CO"
Bhagalpur,78,3-Jul-26,PM10
Bharatpur,62,3-Jul-26,PM10
Bhavnagar,80,3-Jul-26,CO
Bhilai,21,3-Jul-26,"PM10, CO, O3"
Bhilwara,68,3-Jul-26,PM10
Bhiwadi,86,3-Jul-26,PM10
Bhiwandi,41,3-Jul-26,PM10
Bhiwani,153,3-Jul-26,PM2.5
Bhopal,33,3-Jul-26,"CO, O3"
Bhubaneswar,61,3-Jul-26,"PM10, CO"
Bihar Sharif,104,3-Jul-26,CO
Bikaner,124,3-Jul-26,PM10
Bilaspur,27,3-Jul-26,PM2.5
Bileipada,68,3-Jul-26,PM10
Boisar,35,3-Jul-26,PM10
Brajrajnagar,44,3-Jul-26,O3
Bulandshahr,69,3-Jul-26,PM10
Bundi,84,3-Jul-26,PM10
Buxar,62,3-Jul-26,PM2.5
Byasanagar,55,3-Jul-26,O3
Byrnihat (Assam),83,3-Jul-26,PM2.5
Byrnihat (Meghalaya),125,3-Jul-26,PM2.5
Chamarajanagar,40,3-Jul-26,PM10
Chandigarh,44,3-Jul-26,"CO, NO2, PM2.5"
Chandrapur,34,3-Jul-26,"CO, PM10"
Charkhi Dadri,182,3-Jul-26,PM2.5
Chennai,58,3-Jul-26,"PM10, PM2.5"
Chikkaballapur,49,3-Jul-26,PM10
Chikkamagaluru,32,3-Jul-26,PM10
Chittoor,64,3-Jul-26,PM2.5
Chittorgarh,54,3-Jul-26,PM2.5
Churu,83,3-Jul-26,PM10
Cuddalore,57,3-Jul-26,PM10
Damoh,51,3-Jul-26,SO2
Dehradun,34,3-Jul-26,PM2.5
Delhi,105,3-Jul-26,O3
Dewas,97,3-Jul-26,NO2
Dhanbad,134,3-Jul-26,PM10
Dharuhera,118,3-Jul-26,PM2.5
Dharwad,62,3-Jul-26,PM10
Dholpur,77,3-Jul-26,PM10
Dhule,32,3-Jul-26,PM10
Dungarpur,35,3-Jul-26,PM10
Durgapur,46,3-Jul-26,"NO2, O3"
Eluru,65,3-Jul-26,PM10
Faridabad,146,3-Jul-26,PM2.5
Fatehabad,194,3-Jul-26,PM10
Firozabad,47,3-Jul-26,PM10
Gadag,28,3-Jul-26,PM2.5
Gandhinagar,87,3-Jul-26,"PM10, CO"
Gaya,53,3-Jul-26,PM10
Ghaziabad,93,3-Jul-26,PM10
Greater Noida,148,3-Jul-26,PM10
Gummidipoondi,125,3-Jul-26,PM2.5
Guntur,66,3-Jul-26,PM10
Gurugram,194,3-Jul-26,PM2.5
Guwahati,47,3-Jul-26,"PM2.5, SO2"
Gwalior,57,3-Jul-26,"CO, PM10"
Hajipur,57,3-Jul-26,O3
Haldia,38,3-Jul-26,PM10
Hanumangarh,62,3-Jul-26,PM10
Hapur,56,3-Jul-26,PM10
Hingoli,28,3-Jul-26,O3
Hisar,53,3-Jul-26,CO
Howrah,48,3-Jul-26,"NO2, O3, PM10"
Hubballi,41,3-Jul-26,PM10
Hyderabad,51,3-Jul-26,PM10
Indore,51,3-Jul-26,"NO2, CO"
Jabalpur,36,3-Jul-26,"O3, PM10"
Jaipur,92,3-Jul-26,"PM10, O3, PM2.5"
Jaisalmer,74,3-Jul-26,PM10
Jalandhar,60,3-Jul-26,PM2.5
Jalgaon,46,3-Jul-26,CO
Jalna,67,3-Jul-26,CO
Jalore,105,3-Jul-26,PM10
Jhalawar,47,3-Jul-26,O3
Jhansi,24,3-Jul-26,PM10
Jhunjhunu,64,3-Jul-26,PM10
Jodhpur,79,3-Jul-26,PM10
Jorapokhar,92,3-Jul-26,PM10
Kadapa,88,3-Jul-26,PM2.5
Kaithal,47,3-Jul-26,PM10
Kalaburagi,37,3-Jul-26,PM10
Kalyan,76,3-Jul-26,CO
Kanpur,68,3-Jul-26,"PM2.5, PM10"
Karauli,55,3-Jul-26,O3
Karnal,207,3-Jul-26,PM2.5
Karwar,44,3-Jul-26,PM10
Katihar,98,3-Jul-26,CO
Katni,42,3-Jul-26,PM10
Keonjhar,36,3-Jul-26,CO
Khanna,75,3-Jul-26,PM10
Khora,187,3-Jul-26,PM2.5
Khurja,50,3-Jul-26,PM10
Kishanganj,63,3-Jul-26,PM10
Kohima,45,3-Jul-26,SO2
Kolhapur,34,3-Jul-26,"PM10, O3"
Kolkata,41,3-Jul-26,PM10
Korba,40,3-Jul-26,"PM10, CO"
Kota,52,3-Jul-26,PM10
Kunjemura,28,3-Jul-26,CO
Latur,22,3-Jul-26,PM10
Lucknow,58,3-Jul-26,"O3, PM2.5"
Ludhiana,72,3-Jul-26,PM10
Madikeri,23,3-Jul-26,PM2.5
Mahad,53,3-Jul-26,PM2.5
Maihar,54,3-Jul-26,NO2
Malegaon,40,3-Jul-26,PM10
Mandideep,36,3-Jul-26,NO2
Mandi Gobindgarh,131,3-Jul-26,PM10
Mandikhera,95,3-Jul-26,PM10
Manesar,170,3-Jul-26,PM2.5
Mangalore,37,3-Jul-26,O3
Manguraha,121,3-Jul-26,PM10
Mathura,75,3-Jul-26,PM2.5
Meerut,90,3-Jul-26,"PM2.5, PM10"
Mehsana,82,3-Jul-26,PM10
Milupara,66,3-Jul-26,O3
Mira-Bhayandar,17,3-Jul-26,CO
Modinagar,71,3-Jul-26,PM2.5
Moradabad,56,3-Jul-26,"SO2, CO, PM10"
Mumbai,38,3-Jul-26,"CO, PM10"
Muzaffarnagar,126,3-Jul-26,PM2.5
Muzaffarpur,76,3-Jul-26,"CO, PM10, PM2.5"
Mysuru,63,3-Jul-26,PM10
Nagaon,61,3-Jul-26,PM2.5
Nagaur,64,3-Jul-26,PM10
Nagpur,36,3-Jul-26,"CO, PM2.5"
Nanded,22,3-Jul-26,PM2.5
Nandesari,73,3-Jul-26,PM2.5
Narnaul,104,3-Jul-26,PM2.5
Nashik,27,3-Jul-26,"CO, PM10, O3"
Navi Mumbai,29,3-Jul-26,"NO2, PM10, CO"
Nellore,74,3-Jul-26,PM10
Noida,100,3-Jul-26,"PM2.5, PM10"
Pali,85,3-Jul-26,PM10
Palwal,93,3-Jul-26,CO
Pampore,38,3-Jul-26,PM10
Panchgaon,88,3-Jul-26,PM2.5
Panchkula,70,3-Jul-26,PM2.5
Panipat,218,3-Jul-26,PM10
Parbhani,38,3-Jul-26,NO2
Patiala,38,3-Jul-26,PM10
Patna,66,3-Jul-26,"PM10, PM2.5, O3"
Pimpri-Chinchwad,41,3-Jul-26,PM10
Pithampur,65,3-Jul-26,O3
Pratapgarh,63,3-Jul-26,O3
Prayagraj,44,3-Jul-26,"PM10, O3"
Puducherry,49,3-Jul-26,O3
Pune,54,3-Jul-26,CO
Purnia,62,3-Jul-26,PM2.5
Raipur,33,3-Jul-26,"PM10, CO"
Rairangpur,53,3-Jul-26,PM10
Rajamahendravaram,27,3-Jul-26,PM10
Rajgir,54,3-Jul-26,PM2.5
Rajkot,102,3-Jul-26,PM10
Rajsamand,58,3-Jul-26,O3
Ramanagara,31,3-Jul-26,PM10
Ratlam,37,3-Jul-26,NO2
Rishikesh,45,3-Jul-26,O3
Rohtak,75,3-Jul-26,PM10
Rourkela,61,3-Jul-26,"PM2.5, PM10"
Rupnagar,189,3-Jul-26,PM2.5
Samastipur,55,3-Jul-26,PM2.5
Sangli,26,3-Jul-26,PM10
Satara,29,3-Jul-26,O3
Satna,70,3-Jul-26,PM10
Sawai Madhopur,56,3-Jul-26,O3
Shillong,25,3-Jul-26,SO2
Shivamogga,65,3-Jul-26,PM10
Sikar,86,3-Jul-26,PM10
Silchar,46,3-Jul-26,CO
Siliguri,170,3-Jul-26,NO2
Singrauli,94,3-Jul-26,PM10
Sirohi,72,3-Jul-26,PM10
Sirsa,65,3-Jul-26,O3
Sivasagar,50,3-Jul-26,O3
Solapur,35,3-Jul-26,PM10
Sri Ganganagar,54,3-Jul-26,PM10
Srinagar,48,3-Jul-26,PM10
Suakati,161,3-Jul-26,O3
Surat,71,3-Jul-26,"PM10, CO"
Talcher,107,3-Jul-26,CO
Tensa,37,3-Jul-26,CO
Thane,40,3-Jul-26,"PM10, PM2.5"
Thiruvananthapuram,38,3-Jul-26,"PM10, SO2"
Thoothukudi,54,3-Jul-26,PM10
Thrissur,51,3-Jul-26,PM10
Tirumala,61,3-Jul-26,NO2
Tirupati,70,3-Jul-26,PM10
Tonk,84,3-Jul-26,PM10
Udaipur,53,3-Jul-26,PM2.5
Ujjain,61,3-Jul-26,O3
Ulhasnagar,40,3-Jul-26,PM10
Vadodara,97,3-Jul-26,CO
Vapi,34,3-Jul-26,PM10
Varanasi,40,3-Jul-26,"PM10, NO2, PM2.5"
Vatva,101,3-Jul-26,PM2.5
Vijayapura,43,3-Jul-26,PM10
Vijayawada,75,3-Jul-26,PM10
Virar,64,3-Jul-26,PM10
Visakhapatnam,75,3-Jul-26,PM10
Vrindavan,52,3-Jul-26,PM10
Yadgir,27,3-Jul-26,PM10
Yamuna Nagar,66,3-Jul-26,PM2.5
Agra,96,4-Jul-26,"PM10, PM2.5"
Ahmedabad,54,4-Jul-26,PM10
Ahmednagar,24,4-Jul-26,PM2.5
Aizawl,15,4-Jul-26,SO2
Akola,32,4-Jul-26,PM10
Alwar,80,4-Jul-26,PM10
Amaravati,37,4-Jul-26,PM10
Ambala,94,4-Jul-26,PM10
Ambernath,28,4-Jul-26,PM2.5
Amravati,24,4-Jul-26,"CO, PM10"
Amritsar,72,4-Jul-26,PM10
Anantapur,86,4-Jul-26,PM2.5
Angul,70,4-Jul-26,PM10
Ankleshwar,57,4-Jul-26,CO
Araria,60,4-Jul-26,PM10
Arrah,56,4-Jul-26,PM10
Asansol,49,4-Jul-26,"SO2, CO"
Aurangabad (Maharashtra),56,4-Jul-26,"PM2.5, PM10"
Baddi,72,4-Jul-26,PM10
Badlapur,41,4-Jul-26,PM10
Bagalkot,46,4-Jul-26,PM10
Baghpat,95,4-Jul-26,PM10
Bahadurgarh,180,4-Jul-26,PM2.5
Balasore,39,4-Jul-26,O3
Ballabgarh,200,4-Jul-26,PM10
Banswara,60,4-Jul-26,PM10
Baran,69,4-Jul-26,O3
Barbil,27,4-Jul-26,PM10
Bareilly,34,4-Jul-26,PM10
Baripada,41,4-Jul-26,O3
Barmer,65,4-Jul-26,PM10
Barrackpore,33,4-Jul-26,CO
Bathinda,78,4-Jul-26,CO
Beed,31,4-Jul-26,PM10
Begusarai,43,4-Jul-26,PM10
Belapur,28,4-Jul-26,NO2
Bengaluru,42,4-Jul-26,"PM10, O3"
Bhagalpur,46,4-Jul-26,PM10
Bharatpur,58,4-Jul-26,PM10
Bhavnagar,82,4-Jul-26,CO
Bhilai,27,4-Jul-26,"PM2.5, O3, CO"
Bhilwara,95,4-Jul-26,PM10
Bhiwadi,136,4-Jul-26,"PM2.5, PM10"
Bhiwandi,49,4-Jul-26,PM10
Bhiwani,140,4-Jul-26,PM2.5
Bhopal,40,4-Jul-26,"PM10, SO2"
Bhubaneswar,62,4-Jul-26,CO
Bihar Sharif,104,4-Jul-26,CO
Bikaner,97,4-Jul-26,PM10
Bilaspur,30,4-Jul-26,PM10
Bileipada,47,4-Jul-26,PM10
Boisar,38,4-Jul-26,PM10
Brajrajnagar,42,4-Jul-26,O3
Bulandshahr,91,4-Jul-26,PM10
Bundi,89,4-Jul-26,PM10
Byasanagar,77,4-Jul-26,CO
Byrnihat (Assam),87,4-Jul-26,PM2.5
Byrnihat (Meghalaya),129,4-Jul-26,PM2.5
Chamarajanagar,45,4-Jul-26,PM10
Chandigarh,50,4-Jul-26,"CO, PM2.5"
Chandrapur,35,4-Jul-26,NO2
Charkhi Dadri,101,4-Jul-26,PM2.5
Chennai,57,4-Jul-26,PM10
Chhal,40,4-Jul-26,PM10
Chhapra,109,4-Jul-26,PM10
Chikkaballapur,53,4-Jul-26,PM10
Chittoor,64,4-Jul-26,PM2.5
Chittorgarh,63,4-Jul-26,PM10
Churu,97,4-Jul-26,PM10
Coimbatore,41,4-Jul-26,PM2.5
Cuddalore,43,4-Jul-26,PM10
Damoh,51,4-Jul-26,SO2
Dausa,156,4-Jul-26,PM10
Dehradun,39,4-Jul-26,PM2.5
Delhi,123,4-Jul-26,PM2.5
Dewas,94,4-Jul-26,NO2
Dhanbad,137,4-Jul-26,PM10
Dharuhera,125,4-Jul-26,PM2.5
Dharwad,64,4-Jul-26,PM10
Dholpur,234,4-Jul-26,PM10
Dhule,33,4-Jul-26,PM2.5
Dungarpur,33,4-Jul-26,PM10
Durgapur,68,4-Jul-26,"PM10, NO2, O3"
Eluru,68,4-Jul-26,PM10
Faridabad,141,4-Jul-26,"PM2.5, PM10"
Fatehabad,150,4-Jul-26,PM10
Firozabad,53,4-Jul-26,"PM10, PM2.5"
Gadag,25,4-Jul-26,PM10
Gandhinagar,59,4-Jul-26,PM10
Gangtok,24,4-Jul-26,O3
Gaya,51,4-Jul-26,PM10
Ghaziabad,114,4-Jul-26,"PM2.5, PM10"
Gorakhpur,70,4-Jul-26,PM10
Greater Noida,172,4-Jul-26,PM10
Gummidipoondi,111,4-Jul-26,PM2.5
Guntur,70,4-Jul-26,PM2.5
Gurugram,227,4-Jul-26,PM2.5
Guwahati,57,4-Jul-26,"PM2.5, SO2"
Gwalior,57,4-Jul-26,"PM10, O3"
Hajipur,55,4-Jul-26,O3
Haldia,42,4-Jul-26,PM10
Hanumangarh,77,4-Jul-26,PM10
Hapur,64,4-Jul-26,PM10
Hingoli,23,4-Jul-26,O3
Howrah,46,4-Jul-26,"CO, NO2, PM10"
Hubballi,45,4-Jul-26,PM10
Hyderabad,46,4-Jul-26,"CO, PM10"
Indore,51,4-Jul-26,"CO, NO2"
Jabalpur,50,4-Jul-26,"O3, PM10"
Jaipur,80,4-Jul-26,PM10
Jaisalmer,101,4-Jul-26,PM10
Jalandhar,81,4-Jul-26,PM2.5
Jalgaon,36,4-Jul-26,CO
Jalna,62,4-Jul-26,PM10
Jalore,56,4-Jul-26,PM10
Jhalawar,37,4-Jul-26,PM10
Jhansi,22,4-Jul-26,PM10
Jhunjhunu,71,4-Jul-26,PM10
Jind,100,4-Jul-26,O3
Jodhpur,57,4-Jul-26,PM10
Jorapokhar,67,4-Jul-26,PM10
Kaithal,59,4-Jul-26,PM10
Kalaburagi,37,4-Jul-26,CO
Kalyan,66,4-Jul-26,CO
Kannur,41,4-Jul-26,PM10
Kanpur,45,4-Jul-26,"CO, PM10"
Karauli,63,4-Jul-26,O3
Karnal,176,4-Jul-26,PM2.5
Karwar,43,4-Jul-26,PM10
Katihar,84,4-Jul-26,CO
Katni,50,4-Jul-26,O3
Keonjhar,36,4-Jul-26,CO
Khanna,76,4-Jul-26,PM10
Khora,255,4-Jul-26,PM2.5
Khurja,68,4-Jul-26,PM10
Kishanganj,75,4-Jul-26,PM2.5
Kohima,49,4-Jul-26,SO2
Kolhapur,27,4-Jul-26,"O3, PM10"
Kolkata,39,4-Jul-26,"PM10, NO2, CO"
Korba,37,4-Jul-26,"PM10, CO"
Kota,53,4-Jul-26,PM10
Kunjemura,33,4-Jul-26,PM10
Kurnool,40,4-Jul-26,PM10
Kurukshetra,92,4-Jul-26,PM10
Latur,18,4-Jul-26,O3
Lucknow,63,4-Jul-26,"O3, PM10"
Machilipatnam,76,4-Jul-26,PM2.5
Madikeri,22,4-Jul-26,PM2.5
Maihar,39,4-Jul-26,NO2
Malegaon,30,4-Jul-26,PM10
Mandideep,62,4-Jul-26,NO2
Mandi Gobindgarh,134,4-Jul-26,PM10
Mandikhera,79,4-Jul-26,PM10
Manesar,166,4-Jul-26,PM2.5
Mangalore,50,4-Jul-26,PM10
Manguraha,71,4-Jul-26,PM2.5
Meerut,118,4-Jul-26,"PM2.5, O3, PM10"
Mehsana,69,4-Jul-26,CO
Milupara,54,4-Jul-26,O3
Mira-Bhayandar,27,4-Jul-26,CO
Modinagar,92,4-Jul-26,PM2.5
Moradabad,72,4-Jul-26,"PM10, SO2"
Mumbai,35,4-Jul-26,"CO, PM10"
Munger,55,4-Jul-26,PM2.5
Muzaffarnagar,130,4-Jul-26,PM2.5
Muzaffarpur,65,4-Jul-26,"PM10, CO, PM2.5"
Mysuru,43,4-Jul-26,PM10
Nagaon,59,4-Jul-26,PM2.5
Nagaur,47,4-Jul-26,PM10
Nagpur,33,4-Jul-26,"CO, PM10"
Nalbari,86,4-Jul-26,PM2.5
Nanded,23,4-Jul-26,O3
Nandesari,55,4-Jul-26,PM10
Narnaul,152,4-Jul-26,PM2.5
Nashik,31,4-Jul-26,"CO, PM10"
Navi Mumbai,29,4-Jul-26,"CO, PM10"
Nellore,67,4-Jul-26,PM10
Noida,120,4-Jul-26,"PM10, PM2.5"
Palwal,77,4-Jul-26,PM10
Panchgaon,97,4-Jul-26,PM2.5
Panipat,237,4-Jul-26,PM10
Parbhani,44,4-Jul-26,NO2
Patiala,41,4-Jul-26,PM10
Patna,66,4-Jul-26,"PM10, PM2.5, O3"
Pimpri-Chinchwad,38,4-Jul-26,"PM10, CO"
Pithampur,39,4-Jul-26,CO
Pratapgarh,58,4-Jul-26,O3
Prayagraj,39,4-Jul-26,PM10
Puducherry,34,4-Jul-26,O3
Pune,44,4-Jul-26,CO
Purnia,60,4-Jul-26,PM2.5
Raipur,41,4-Jul-26,"PM10, CO"
Rairangpur,44,4-Jul-26,PM10
Rajamahendravaram,32,4-Jul-26,PM10
Rajgir,40,4-Jul-26,PM2.5
Rajkot,98,4-Jul-26,PM10
Rajsamand,68,4-Jul-26,O3
Ramanagara,31,4-Jul-26,PM10
Ratlam,37,4-Jul-26,NO2
Rishikesh,45,4-Jul-26,O3
Rohtak,76,4-Jul-26,PM10
Rourkela,34,4-Jul-26,PM10
Rupnagar,130,4-Jul-26,PM2.5
Sagar,329,4-Jul-26,PM10
Saharsa,115,4-Jul-26,PM10
Sangli,25,4-Jul-26,O3
Satna,70,4-Jul-26,PM10
Sawai Madhopur,68,4-Jul-26,PM10
Shillong,60,4-Jul-26,PM10
Sikar,82,4-Jul-26,PM10
Silchar,46,4-Jul-26,PM10
Siliguri,176,4-Jul-26,NO2
Singrauli,101,4-Jul-26,PM10
Sirohi,36,4-Jul-26,PM10
Sirsa,76,4-Jul-26,PM10
Sivasagar,54,4-Jul-26,O3
Solapur,26,4-Jul-26,PM10
Sonipat,192,4-Jul-26,PM2.5
Sri Ganganagar,58,4-Jul-26,PM2.5
Srinagar,61,4-Jul-26,PM10
Suakati,26,4-Jul-26,PM10
Surat,74,4-Jul-26,"PM10, CO"
Talcher,107,4-Jul-26,CO
Tensa,49,4-Jul-26,CO
Thane,37,4-Jul-26,"PM10, NO2"
Thiruvananthapuram,39,4-Jul-26,"PM10, SO2"
Thoothukudi,62,4-Jul-26,PM10
Thrissur,48,4-Jul-26,PM10
Tirumala,47,4-Jul-26,NO2
Tonk,86,4-Jul-26,PM10
Tumidih,27,4-Jul-26,O3
Udaipur,58,4-Jul-26,PM2.5
Ujjain,73,4-Jul-26,O3
Ulhasnagar,42,4-Jul-26,"PM10, PM2.5"
Vadodara,100,4-Jul-26,CO
Vapi,65,4-Jul-26,PM10
Varanasi,41,4-Jul-26,"PM10, SO2"
Vatva,109,4-Jul-26,PM2.5
Vijayapura,43,4-Jul-26,PM10
Vijayawada,72,4-Jul-26,"PM10, PM2.5"
Virar,61,4-Jul-26,PM10
Visakhapatnam,71,4-Jul-26,PM10
Vrindavan,48,4-Jul-26,PM10
Yadgir,21,4-Jul-26,O3
Agartala,38,5-Jul-26,PM10
Agra,102,5-Jul-26,"PM2.5, PM10"
Ahmedabad,57,5-Jul-26,PM10
Ahmednagar,34,5-Jul-26,CO
Akola,27,5-Jul-26,PM10
Alwar,73,5-Jul-26,PM10
Amaravati,27,5-Jul-26,PM10
Ambala,108,5-Jul-26,PM10
Ambernath,17,5-Jul-26,NO2
Amravati,27,5-Jul-26,"PM10, CO"
Amritsar,92,5-Jul-26,PM10
Anantapur,120,5-Jul-26,PM2.5
Angul,60,5-Jul-26,PM10
Ankleshwar,65,5-Jul-26,PM10
Araria,63,5-Jul-26,PM10
Asansol,43,5-Jul-26,"SO2, CO"
Aurangabad (Bihar),150,5-Jul-26,PM10
Aurangabad (Maharashtra),53,5-Jul-26,PM10
Baddi,141,5-Jul-26,PM10
Badlapur,44,5-Jul-26,PM10
Bagalkot,46,5-Jul-26,PM10
Baghpat,194,5-Jul-26,PM2.5
Bahadurgarh,239,5-Jul-26,PM2.5
Balasore,44,5-Jul-26,O3
Ballabgarh,216,5-Jul-26,PM2.5
Baran,52,5-Jul-26,O3
Barbil,26,5-Jul-26,PM2.5
Bareilly,38,5-Jul-26,"CO, PM10"
Baripada,46,5-Jul-26,O3
Barmer,113,5-Jul-26,PM10
Barrackpore,34,5-Jul-26,CO
Bathinda,79,5-Jul-26,CO
Beed,16,5-Jul-26,CO
Begusarai,31,5-Jul-26,PM10
Belapur,30,5-Jul-26,PM10
Bengaluru,54,5-Jul-26,"PM10, CO"
Bhagalpur,56,5-Jul-26,PM10
Bharatpur,160,5-Jul-26,PM10
Bhavnagar,82,5-Jul-26,CO
Bhilai,23,5-Jul-26,"PM10, CO"
Bhilwara,120,5-Jul-26,PM10
Bhiwadi,181,5-Jul-26,PM2.5
Bhiwani,154,5-Jul-26,PM2.5
Bhopal,42,5-Jul-26,"PM10, SO2"
Bhubaneswar,49,5-Jul-26,"CO, O3"
Bihar Sharif,104,5-Jul-26,CO
Bikaner,104,5-Jul-26,PM10
Bilaspur,25,5-Jul-26,PM10
Bileipada,50,5-Jul-26,PM10
Boisar,41,5-Jul-26,PM10
Brajrajnagar,42,5-Jul-26,O3
Bulandshahr,88,5-Jul-26,PM10
Bundi,228,5-Jul-26,PM10
Byasanagar,56,5-Jul-26,CO
Chamarajanagar,45,5-Jul-26,PM10
Chandigarh,52,5-Jul-26,"CO, PM10"
Chandrapur,33,5-Jul-26,CO
Charkhi Dadri,195,5-Jul-26,PM2.5
Chennai,67,5-Jul-26,"PM10, O3"
Chhal,39,5-Jul-26,PM10
Chhapra,109,5-Jul-26,PM10
Chikkaballapur,59,5-Jul-26,PM10
Chittoor,63,5-Jul-26,PM2.5
Chittorgarh,65,5-Jul-26,PM10
Churu,82,5-Jul-26,PM10
Cuddalore,33,5-Jul-26,PM10
Damoh,49,5-Jul-26,SO2
Dausa,38,5-Jul-26,PM10
Dehradun,42,5-Jul-26,PM2.5
Delhi,161,5-Jul-26,"PM2.5, PM10"
Dewas,97,5-Jul-26,NO2
Dhanbad,113,5-Jul-26,PM10
Dharuhera,177,5-Jul-26,PM2.5
Dholpur,280,5-Jul-26,PM10
Dhule,49,5-Jul-26,PM2.5
Dungarpur,69,5-Jul-26,CO
Durgapur,84,5-Jul-26,"PM10, CO, NO2"
Eluru,63,5-Jul-26,PM10
Faridabad,119,5-Jul-26,"PM2.5, PM10"
Fatehabad,143,5-Jul-26,PM10
Firozabad,39,5-Jul-26,PM10
Gadag,33,5-Jul-26,PM10
Gandhinagar,52,5-Jul-26,"NO2, PM10"
Gangtok,19,5-Jul-26,O3
Gaya,60,5-Jul-26,PM10
Ghaziabad,164,5-Jul-26,"PM10, PM2.5"
Gorakhpur,66,5-Jul-26,PM10
Greater Noida,193,5-Jul-26,PM10
Gummidipoondi,149,5-Jul-26,PM2.5
Gurugram,243,5-Jul-26,PM2.5
Guwahati,71,5-Jul-26,"PM2.5, SO2"
Gwalior,63,5-Jul-26,PM10
Haldia,44,5-Jul-26,CO
Hanumangarh,53,5-Jul-26,PM10
Hapur,79,5-Jul-26,PM10
Hingoli,31,5-Jul-26,O3
Howrah,40,5-Jul-26,"NO2, O3, PM10"
Hubballi,44,5-Jul-26,PM10
Hyderabad,41,5-Jul-26,PM10
Indore,38,5-Jul-26,"NO2, PM2.5"
Jabalpur,53,5-Jul-26,"O3, PM10"
Jaipur,109,5-Jul-26,"PM10, PM2.5"
Jaisalmer,99,5-Jul-26,PM10
Jalandhar,68,5-Jul-26,PM2.5
Jalgaon,41,5-Jul-26,PM10
Jalna,29,5-Jul-26,O3
Jalore,80,5-Jul-26,PM10
Jhalawar,54,5-Jul-26,NO2
Jhansi,33,5-Jul-26,PM10
Jhunjhunu,78,5-Jul-26,O3
Jind,78,5-Jul-26,PM2.5
Jodhpur,72,5-Jul-26,"PM10, O3"
Jorapokhar,73,5-Jul-26,PM10
Kadapa,63,5-Jul-26,PM10
Kaithal,36,5-Jul-26,PM10
Kalaburagi,29,5-Jul-26,CO
Kalyan,85,5-Jul-26,CO
Kannur,40,5-Jul-26,PM10
Kanpur,50,5-Jul-26,"CO, PM10"
Karauli,84,5-Jul-26,O3
Karnal,188,5-Jul-26,PM2.5
Karwar,35,5-Jul-26,PM10
Katni,60,5-Jul-26,PM10
Keonjhar,37,5-Jul-26,CO
Khanna,75,5-Jul-26,PM10
Khora,255,5-Jul-26,PM2.5
Khurja,63,5-Jul-26,PM10
Kishanganj,67,5-Jul-26,PM10
Kohima,54,5-Jul-26,SO2
Kolhapur,27,5-Jul-26,O3
Kolkata,38,5-Jul-26,"PM10, NO2, CO"
Korba,36,5-Jul-26,"PM10, CO"
Kota,71,5-Jul-26,PM10
Kunjemura,22,5-Jul-26,CO
Kurnool,33,5-Jul-26,PM10
Kurukshetra,87,5-Jul-26,PM10
Latur,29,5-Jul-26,PM10
Lucknow,67,5-Jul-26,"PM10, O3, SO2"
Machilipatnam,89,5-Jul-26,PM2.5
Madikeri,32,5-Jul-26,PM2.5
Maihar,60,5-Jul-26,NO2
Malegaon,46,5-Jul-26,PM10
Mandideep,43,5-Jul-26,PM10
Mandi Gobindgarh,153,5-Jul-26,PM10
Mandikhera,78,5-Jul-26,PM10
Manesar,230,5-Jul-26,PM2.5
Mangalore,46,5-Jul-26,PM10
Meerut,137,5-Jul-26,"PM10, PM2.5"
Mehsana,75,5-Jul-26,PM10
Mira-Bhayandar,24,5-Jul-26,O3
Modinagar,121,5-Jul-26,PM2.5
Moradabad,71,5-Jul-26,"SO2, PM10, CO"
Mumbai,42,5-Jul-26,"CO, PM10"
Munger,73,5-Jul-26,PM2.5
Muzaffarnagar,89,5-Jul-26,PM10
Muzaffarpur,75,5-Jul-26,"CO, PM10, PM2.5"
Mysuru,64,5-Jul-26,PM10
Nagaon,50,5-Jul-26,PM2.5
Nagaur,41,5-Jul-26,O3
Nagpur,34,5-Jul-26,"PM10, CO"
Nanded,24,5-Jul-26,CO
Nandesari,74,5-Jul-26,PM2.5
Narnaul,194,5-Jul-26,PM2.5
Nashik,25,5-Jul-26,"CO, O3, PM10"
Navi Mumbai,28,5-Jul-26,"NO2, PM10, CO"
Nellore,68,5-Jul-26,PM10
Noida,180,5-Jul-26,"PM2.5, PM10"
Pali,118,5-Jul-26,PM2.5
Palwal,102,5-Jul-26,PM10
Panchgaon,128,5-Jul-26,PM2.5
Panchkula,36,5-Jul-26,PM2.5
Parbhani,42,5-Jul-26,NO2
Patiala,43,5-Jul-26,PM10
Patna,64,5-Jul-26,"PM10, O3"
Pimpri-Chinchwad,36,5-Jul-26,"PM10, CO"
Pithampur,93,5-Jul-26,PM2.5
Pratapgarh,47,5-Jul-26,O3
Prayagraj,40,5-Jul-26,"PM10, O3"
Puducherry,37,5-Jul-26,O3
Pune,35,5-Jul-26,CO
Purnia,58,5-Jul-26,CO
Raipur,21,5-Jul-26,"CO, PM10"
Rajamahendravaram,27,5-Jul-26,PM10
Rajgir,43,5-Jul-26,PM2.5
Rajkot,91,5-Jul-26,CO
Rajsamand,66,5-Jul-26,PM10
Ramanagara,42,5-Jul-26,PM10
Ratlam,39,5-Jul-26,PM2.5
Rishikesh,45,5-Jul-26,O3
Rohtak,83,5-Jul-26,PM10
Rourkela,49,5-Jul-26,"PM2.5, CO"
Rupnagar,171,5-Jul-26,PM2.5
Sangli,29,5-Jul-26,O3
Satara,35,5-Jul-26,PM10
Satna,70,5-Jul-26,PM10
Sawai Madhopur,65,5-Jul-26,O3
Shillong,43,5-Jul-26,PM10
Sikar,99,5-Jul-26,PM10
Silchar,49,5-Jul-26,PM10
Siliguri,173,5-Jul-26,NO2
Sirohi,59,5-Jul-26,PM10
Sirsa,106,5-Jul-26,O3
Sivasagar,60,5-Jul-26,O3
Solapur,30,5-Jul-26,PM10
Sri Ganganagar,60,5-Jul-26,PM10
Srinagar,61,5-Jul-26,PM10
Suakati,22,5-Jul-26,PM10
Surat,82,5-Jul-26,"PM10, CO"
Talcher,107,5-Jul-26,CO
Tensa,41,5-Jul-26,SO2
Thane,39,5-Jul-26,"PM2.5, O3"
Thiruvananthapuram,39,5-Jul-26,PM10
Thoothukudi,60,5-Jul-26,PM10
Thrissur,50,5-Jul-26,PM10
Tirumala,49,5-Jul-26,NO2
Tirupati,63,5-Jul-26,PM10
Tonk,104,5-Jul-26,PM10
Udaipur,59,5-Jul-26,PM2.5
Ujjain,69,5-Jul-26,O3
Ulhasnagar,37,5-Jul-26,"PM10, PM2.5"
Vadodara,99,5-Jul-26,CO
Vapi,35,5-Jul-26,PM10
Varanasi,41,5-Jul-26,"PM10, SO2"
Vatva,92,5-Jul-26,PM10
Vijayapura,43,5-Jul-26,PM10
Vijayawada,67,5-Jul-26,"PM2.5, PM10"
Virar,58,5-Jul-26,PM10
Visakhapatnam,65,5-Jul-26,NO2
Vrindavan,68,5-Jul-26,PM10
Yadgir,21,5-Jul-26,O3
Yamuna Nagar,121,5-Jul-26,PM2.5
Agartala,49,6-Jul-26,PM10
Agra,74,6-Jul-26,"PM2.5, PM10"
Ahmedabad,60,6-Jul-26,PM10
Ahmednagar,44,6-Jul-26,CO
Aizawl,15,6-Jul-26,SO2
Akola,32,6-Jul-26,PM10
Alwar,79,6-Jul-26,PM10
Amaravati,51,6-Jul-26,PM10
Ambala,87,6-Jul-26,PM10
Ambernath,15,6-Jul-26,PM2.5
Amravati,21,6-Jul-26,"CO, O3"
Amritsar,100,6-Jul-26,PM10
Anantapur,87,6-Jul-26,PM2.5
Angul,56,6-Jul-26,CO
Ankleshwar,103,6-Jul-26,PM10
Araria,52,6-Jul-26,PM10
Arrah,235,6-Jul-26,PM2.5
Asansol,50,6-Jul-26,"SO2, CO, PM10"
Aurangabad (Maharashtra),42,6-Jul-26,"PM10, O3"
Baddi,107,6-Jul-26,PM10
Bagalkot,46,6-Jul-26,PM10
Bahadurgarh,115,6-Jul-26,PM2.5
Balasore,37,6-Jul-26,CO
Ballabgarh,156,6-Jul-26,PM2.5
Baran,64,6-Jul-26,O3
Bareilly,47,6-Jul-26,"O3, SO2"
Baripada,39,6-Jul-26,O3
Barmer,99,6-Jul-26,PM10
Barrackpore,40,6-Jul-26,CO
Bathinda,78,6-Jul-26,CO
Beed,24,6-Jul-26,PM10
Begusarai,37,6-Jul-26,O3
Belapur,28,6-Jul-26,PM10
Bengaluru,58,6-Jul-26,"PM10, CO"
Bharatpur,38,6-Jul-26,PM10
Bhavnagar,81,6-Jul-26,CO
Bhilai,16,6-Jul-26,"CO, O3, NO2"
Bhilwara,77,6-Jul-26,PM10
Bhiwadi,100,6-Jul-26,PM10
Bhiwandi,43,6-Jul-26,PM10
Bhiwani,151,6-Jul-26,PM2.5
Bhopal,46,6-Jul-26,"PM10, SO2"
Bhubaneswar,53,6-Jul-26,O3
Bihar Sharif,105,6-Jul-26,CO
Bikaner,132,6-Jul-26,PM10
Bileipada,42,6-Jul-26,PM10
Boisar,62,6-Jul-26,PM2.5
Bulandshahr,68,6-Jul-26,PM10
Bundi,227,6-Jul-26,PM10
Byasanagar,46,6-Jul-26,CO
Byrnihat (Assam),67,6-Jul-26,PM2.5
Chamarajanagar,43,6-Jul-26,PM10
Chandigarh,57,6-Jul-26,"CO, O3"
Chandrapur,36,6-Jul-26,"CO, PM10"
Charkhi Dadri,128,6-Jul-26,PM2.5
Chennai,73,6-Jul-26,"PM10, PM2.5"
Chhal,30,6-Jul-26,O3
Chhapra,109,6-Jul-26,PM10
Chikkaballapur,69,6-Jul-26,PM10
Chittoor,61,6-Jul-26,PM2.5
Churu,78,6-Jul-26,PM10
Coimbatore,26,6-Jul-26,SO2
Cuddalore,33,6-Jul-26,PM10
Cuttack,54,6-Jul-26,CO
Damoh,48,6-Jul-26,SO2
Dausa,35,6-Jul-26,PM10
Dehradun,39,6-Jul-26,PM2.5
Delhi,94,6-Jul-26,"PM2.5, O3, PM10"
Dewas,98,6-Jul-26,NO2
Dhanbad,132,6-Jul-26,PM10
Dharuhera,95,6-Jul-26,PM2.5
Dharwad,57,6-Jul-26,PM10
Dholpur,66,6-Jul-26,O3
Dhule,42,6-Jul-26,PM2.5
Durgapur,37,6-Jul-26,"NO2, O3, CO"
Eluru,60,6-Jul-26,PM10
Faridabad,59,6-Jul-26,"PM10, PM2.5"
Fatehabad,133,6-Jul-26,PM10
Firozabad,34,6-Jul-26,PM10
Gadag,36,6-Jul-26,PM10
Gandhinagar,63,6-Jul-26,"NO2, PM10"
Gaya,39,6-Jul-26,PM10
Ghaziabad,80,6-Jul-26,"CO, PM10"
Greater Noida,116,6-Jul-26,PM10
Gummidipoondi,145,6-Jul-26,PM2.5
Guntur,70,6-Jul-26,PM10
Gurugram,122,6-Jul-26,"PM2.5, CO"
Guwahati,41,6-Jul-26,"PM2.5, SO2, PM10"
Gwalior,56,6-Jul-26,"CO, O3"
Hajipur,57,6-Jul-26,O3
Haldia,26,6-Jul-26,PM10
Hanumangarh,59,6-Jul-26,PM10
Hingoli,34,6-Jul-26,O3
Howrah,40,6-Jul-26,"NO2, CO, O3"
Hubballi,40,6-Jul-26,PM10
Hyderabad,49,6-Jul-26,PM10
Indore,49,6-Jul-26,"CO, NO2"
Jabalpur,64,6-Jul-26,O3
Jaipur,64,6-Jul-26,"PM2.5, PM10"
Jaisalmer,85,6-Jul-26,PM10
Jalandhar,65,6-Jul-26,PM2.5
Jalgaon,42,6-Jul-26,O3
Jalna,29,6-Jul-26,O3
Jalore,78,6-Jul-26,PM10
Jhalawar,62,6-Jul-26,CO
Jhansi,21,6-Jul-26,SO2
Jhunjhunu,98,6-Jul-26,O3
Jind,56,6-Jul-26,PM2.5
Jodhpur,68,6-Jul-26,PM10
Jorapokhar,66,6-Jul-26,PM10
Kadapa,57,6-Jul-26,PM2.5
Kaithal,34,6-Jul-26,PM10
Kalaburagi,35,6-Jul-26,CO
Kalyan,36,6-Jul-26,NO2
Kannur,53,6-Jul-26,PM10
Kanpur,34,6-Jul-26,"PM10, CO"
Karauli,52,6-Jul-26,O3
Karnal,144,6-Jul-26,PM10
Karwar,34,6-Jul-26,CO
Kashipur,48,6-Jul-26,PM2.5
Katni,38,6-Jul-26,SO2
Keonjhar,35,6-Jul-26,CO
Khairthal,49,6-Jul-26,PM2.5
Khanna,70,6-Jul-26,PM10
Khora,112,6-Jul-26,PM2.5
Khurja,54,6-Jul-26,PM10
Kishanganj,61,6-Jul-26,PM10
Kohima,54,6-Jul-26,SO2
Kolhapur,29,6-Jul-26,"O3, PM10"
Kolkata,43,6-Jul-26,"CO, NO2"
Kollam,63,6-Jul-26,PM2.5
Koppal,55,6-Jul-26,PM10
Kota,45,6-Jul-26,"PM10, O3"
Kunjemura,24,6-Jul-26,CO
Kurnool,44,6-Jul-26,PM10
Kurukshetra,75,6-Jul-26,PM10
Latur,27,6-Jul-26,O3
Lucknow,57,6-Jul-26,"O3, PM10"
Machilipatnam,78,6-Jul-26,PM2.5
Madikeri,36,6-Jul-26,PM2.5
Maihar,36,6-Jul-26,PM10
Malegaon,47,6-Jul-26,PM10
Mandideep,92,6-Jul-26,PM10
Mandi Gobindgarh,111,6-Jul-26,PM10
Mandikhera,78,6-Jul-26,PM10
Mathura,64,6-Jul-26,PM2.5
Meerut,127,6-Jul-26,"O3, PM10"
Mehsana,116,6-Jul-26,PM10
Mira-Bhayandar,18,6-Jul-26,PM2.5
Moradabad,59,6-Jul-26,"SO2, O3, PM10"
Mumbai,45,6-Jul-26,PM10
Muzaffarnagar,96,6-Jul-26,PM10
Muzaffarpur,65,6-Jul-26,"PM2.5, O3"
Mysuru,59,6-Jul-26,PM10
Nagaon,56,6-Jul-26,PM2.5
Nagaur,47,6-Jul-26,PM10
Nagpur,36,6-Jul-26,"CO, PM10"
Nanded,26,6-Jul-26,O3
Nandesari,76,6-Jul-26,PM2.5
Narnaul,180,6-Jul-26,PM2.5
Nashik,31,6-Jul-26,"PM2.5, CO, PM10"
Navi Mumbai,46,6-Jul-26,"O3, NO2, PM10"
Nellore,79,6-Jul-26,PM10
Noida,73,6-Jul-26,"PM10, O3"
Pali,88,6-Jul-26,PM10
Palwal,95,6-Jul-26,PM10
Pampore,61,6-Jul-26,PM10
Panchgaon,60,6-Jul-26,PM2.5
Panchkula,48,6-Jul-26,PM2.5
Panipat,164,6-Jul-26,PM10
Parbhani,35,6-Jul-26,NO2
Patiala,37,6-Jul-26,PM10
Patna,51,6-Jul-26,"PM10, CO"
Pimpri-Chinchwad,30,6-Jul-26,"CO, NO2"
Pithampur,91,6-Jul-26,PM2.5
Prayagraj,36,6-Jul-26,"PM10, O3"
Puducherry,42,6-Jul-26,O3
Pune,38,6-Jul-26,"CO, NO2"
Purnia,53,6-Jul-26,CO
Raipur,10,6-Jul-26,"CO, PM2.5"
Rajgir,43,6-Jul-26,CO
Rajkot,92,6-Jul-26,CO
Rajsamand,47,6-Jul-26,PM10
Ramanagara,38,6-Jul-26,PM10
Ratlam,38,6-Jul-26,NO2
Rishikesh,45,6-Jul-26,O3
Rohtak,82,6-Jul-26,PM10
Rourkela,35,6-Jul-26,"PM2.5, PM10"
Rupnagar,83,6-Jul-26,PM2.5
Sangli,51,6-Jul-26,PM10
Satna,70,6-Jul-26,PM10
Sawai Madhopur,79,6-Jul-26,O3
Sikar,66,6-Jul-26,PM10
Silchar,47,6-Jul-26,PM10
Singrauli,62,6-Jul-26,NO2
Sirohi,54,6-Jul-26,PM10
Sirsa,67,6-Jul-26,O3
Sivasagar,38,6-Jul-26,O3
Solapur,29,6-Jul-26,PM10
Sri Ganganagar,64,6-Jul-26,PM10
Srinagar,61,6-Jul-26,PM10
Surat,73,6-Jul-26,PM10
Talcher,108,6-Jul-26,CO
Tensa,35,6-Jul-26,SO2
Thane,38,6-Jul-26,"PM2.5, O3"
Thiruvananthapuram,55,6-Jul-26,PM10
Thoothukudi,75,6-Jul-26,PM10
Thrissur,51,6-Jul-26,PM10
Tirumala,49,6-Jul-26,NO2
Tonk,60,6-Jul-26,PM10
Udaipur,48,6-Jul-26,PM2.5
Ujjain,71,6-Jul-26,O3
Ulhasnagar,35,6-Jul-26,"PM10, PM2.5"
Vadodara,97,6-Jul-26,CO
Vapi,35,6-Jul-26,PM10
Varanasi,34,6-Jul-26,"SO2, PM10"
Vijayapura,43,6-Jul-26,PM10
Vijayawada,70,6-Jul-26,"PM2.5, PM10"
Visakhapatnam,107,6-Jul-26,PM10
Vrindavan,51,6-Jul-26,PM10
Yamuna Nagar,84,6-Jul-26,PM2.5
Agartala,73,7-Jul-26,PM10
Agra,72,7-Jul-26,"PM2.5, PM10"
Ahmedabad,60,7-Jul-26,"O3, PM10"
Aizawl,14,7-Jul-26,SO2
Ajmer,53,7-Jul-26,PM2.5
Akola,29,7-Jul-26,CO
Alwar,80,7-Jul-26,PM2.5
Amaravati,54,7-Jul-26,PM10
Ambala,95,7-Jul-26,PM10
Ambernath,31,7-Jul-26,PM2.5
Amravati,21,7-Jul-26,PM10
Amritsar,109,7-Jul-26,PM10
Anantapur,88,7-Jul-26,PM2.5
Angul,53,7-Jul-26,CO
Araria,47,7-Jul-26,PM2.5
Arrah,284,7-Jul-26,PM2.5
Asansol,45,7-Jul-26,"SO2, PM10, CO"
Aurangabad (Maharashtra),31,7-Jul-26,PM10
Baddi,90,7-Jul-26,PM10
Bagalkot,46,7-Jul-26,PM10
Baghpat,89,7-Jul-26,PM2.5
Bahadurgarh,185,7-Jul-26,PM2.5
Balasore,74,7-Jul-26,PM10
Ballabgarh,156,7-Jul-26,PM2.5
Banswara,79,7-Jul-26,PM10
Baran,46,7-Jul-26,CO
Barbil,26,7-Jul-26,PM10
Bareilly,27,7-Jul-26,"O3, PM10"
Baripada,59,7-Jul-26,PM10
Barmer,42,7-Jul-26,PM10
Barrackpore,58,7-Jul-26,PM10
Bathinda,79,7-Jul-26,CO
Beed,48,7-Jul-26,PM10
Begusarai,44,7-Jul-26,PM10
Bengaluru,60,7-Jul-26,"PM10, PM2.5"
Bhagalpur,54,7-Jul-26,PM10
Bharatpur,43,7-Jul-26,PM10
Bhavnagar,83,7-Jul-26,CO
Bhilai,25,7-Jul-26,"PM10, CO, O3"
Bhilwara,53,7-Jul-26,PM10
Bhiwadi,86,7-Jul-26,
Bhiwani,149,7-Jul-26,
Bhopal,41,7-Jul-26,
Bhubaneswar,72,7-Jul-26,
Bihar Sharif,105,7-Jul-26,
Bikaner,98,7-Jul-26,
Bileipada,30,7-Jul-26,
Boisar,46,7-Jul-26,
Brajrajnagar,43,7-Jul-26,
Bulandshahr,67,7-Jul-26,
Bundi,38,7-Jul-26,
Buxar,33,7-Jul-26,
Byasanagar,63,7-Jul-26,
Byrnihat (Assam),75,7-Jul-26,
Chamarajanagar,45,7-Jul-26,
Chandigarh,49,7-Jul-26,
Chandrapur,37,7-Jul-26,
Charkhi Dadri,102,7-Jul-26,
Chennai,74,7-Jul-26,
Chhal,32,7-Jul-26,
Chhapra,109,7-Jul-26,
Chikkaballapur,69,7-Jul-26,
Chikkamagaluru,27,7-Jul-26,
Chittoor,68,7-Jul-26,
Chittorgarh,45,7-Jul-26,
Churu,118,7-Jul-26,
Coimbatore,26,7-Jul-26,
Cuddalore,33,7-Jul-26,
Cuttack,101,7-Jul-26,
Damoh,49,7-Jul-26,
Dausa,62,7-Jul-26,
Dehradun,39,7-Jul-26,
Delhi,113,7-Jul-26,"PM10,2.5"
Dewas,115,7-Jul-26,
Dhanbad,119,7-Jul-26,
Dharuhera,74,7-Jul-26,
Dhule,42,7-Jul-26,
Dombivli,23,7-Jul-26,
Dungarpur,42,7-Jul-26,
Durgapur,56,7-Jul-26,
Eluru,58,7-Jul-26,PM10
Faridabad,120,7-Jul-26,"PM2.5, PM10"
Fatehabad,104,7-Jul-26,PM10
Firozabad,33,7-Jul-26,PM10
Gadag,38,7-Jul-26,PM10
Gandhinagar,47,7-Jul-26,"NO2, PM2.5, PM10"
Gaya,37,7-Jul-26,"PM10, CO"
Ghaziabad,109,7-Jul-26,"PM10, PM2.5"
Gorakhpur,60,7-Jul-26,PM10
Greater Noida,191,7-Jul-26,PM10
Gummidipoondi,167,7-Jul-26,PM2.5
Guntur,54,7-Jul-26,PM2.5
Gurugram,208,7-Jul-26,PM2.5
Guwahati,41,7-Jul-26,"PM2.5, SO2"
Gwalior,70,7-Jul-26,"PM10, O3, CO"
Hajipur,47,7-Jul-26,PM10
Haldia,56,7-Jul-26,PM10
Hanumangarh,65,7-Jul-26,PM10
Hapur,68,7-Jul-26,PM10
Hingoli,39,7-Jul-26,O3
Howrah,67,7-Jul-26,PM10
Hyderabad,48,7-Jul-26,PM10
Indore,62,7-Jul-26,CO
Jabalpur,38,7-Jul-26,"O3, CO"
Jaipur,53,7-Jul-26,"PM10, PM2.5"
Jaisalmer,155,7-Jul-26,PM10
Jalandhar,73,7-Jul-26,PM2.5
Jalgaon,40,7-Jul-26,O3
Jalna,24,7-Jul-26,CO
Jalore,46,7-Jul-26,O3
Jhalawar,39,7-Jul-26,CO
Jhansi,27,7-Jul-26,PM10
Jhunjhunu,102,7-Jul-26,O3
Jind,102,7-Jul-26,PM2.5
Jodhpur,61,7-Jul-26,"CO, O3"
Jorapokhar,44,7-Jul-26,PM2.5
Kadapa,72,7-Jul-26,PM2.5
Kaithal,30,7-Jul-26,CO
Kalaburagi,41,7-Jul-26,CO
Kalyan,51,7-Jul-26,PM10
Kannur,56,7-Jul-26,PM10
Kanpur,42,7-Jul-26,PM10
Karauli,58,7-Jul-26,PM10
Karnal,104,7-Jul-26,PM2.5
Karwar,40,7-Jul-26,PM10
Kashipur,49,7-Jul-26,PM2.5
Katihar,59,7-Jul-26,CO
Katni,35,7-Jul-26,PM10
Keonjhar,34,7-Jul-26,CO
Khanna,66,7-Jul-26,PM10
Khora,185,7-Jul-26,PM2.5
Khurja,54,7-Jul-26,PM10
Kishanganj,62,7-Jul-26,PM10
Kohima,51,7-Jul-26,SO2
Kolhapur,66,7-Jul-26,"O3, PM10"
Kolkata,53,7-Jul-26,"PM10, NO2"
Kollam,75,7-Jul-26,PM2.5
Koppal,43,7-Jul-26,PM10
Kota,35,7-Jul-26,PM10
Kunjemura,32,7-Jul-26,PM10
Kurnool,50,7-Jul-26,PM10
Kurukshetra,92,7-Jul-26,PM10
Latur,22,7-Jul-26,O3
Lucknow,55,7-Jul-26,"O3, PM10"
Machilipatnam,91,7-Jul-26,PM2.5
Madikeri,21,7-Jul-26,PM2.5
Mahad,61,7-Jul-26,PM10
Maihar,46,7-Jul-26,NO2
Malegaon,28,7-Jul-26,PM10
Mandideep,71,7-Jul-26,PM10
Mandikhera,79,7-Jul-26,PM10
Manesar,192,7-Jul-26,PM2.5
Mangalore,37,7-Jul-26,O3
Mathura,60,7-Jul-26,PM10
Meerut,130,7-Jul-26,"O3, PM2.5, PM10"
Mehsana,87,7-Jul-26,PM10
Milupara,111,7-Jul-26,O3
Mira-Bhayandar,30,7-Jul-26,PM2.5
Moradabad,64,7-Jul-26,"SO2, PM10"
Mumbai,68,7-Jul-26,"O3, PM10"
Muzaffarnagar,75,7-Jul-26,PM10
Muzaffarpur,52,7-Jul-26,"PM2.5, O3"
Mysuru,60,7-Jul-26,O3
Nagaon,58,7-Jul-26,PM2.5
Nagaur,33,7-Jul-26,PM10
Nagpur,37,7-Jul-26,CO
Nanded,33,7-Jul-26,O3
Narnaul,71,7-Jul-26,PM10
Nashik,27,7-Jul-26,"O3, PM10"
Navi Mumbai,44,7-Jul-26,PM10
Nellore,49,7-Jul-26,PM2.5
Noida,118,7-Jul-26,PM10
Palwal,88,7-Jul-26,PM10
Pampore,46,7-Jul-26,PM10
Panchgaon,92,7-Jul-26,PM2.5
Panchkula,37,7-Jul-26,PM2.5
Parbhani,37,7-Jul-26,NO2
Patiala,64,7-Jul-26,PM10
Patna,54,7-Jul-26,"PM10, O3, CO"
Pimpri-Chinchwad,38,7-Jul-26,PM10
Pratapgarh,48,7-Jul-26,O3
Prayagraj,60,7-Jul-26,"PM10, O3"
Puducherry,51,7-Jul-26,PM10
Pune,31,7-Jul-26,"PM10, NO2"
Purnia,56,7-Jul-26,CO
Raebareli,75,7-Jul-26,CO
Raipur,10,7-Jul-26,"CO, PM2.5, PM10"
Rairangpur,49,7-Jul-26,PM10
Rajamahendravaram,46,7-Jul-26,PM10
Rajgir,91,7-Jul-26,PM2.5
Rajkot,93,7-Jul-26,CO
Rajsamand,50,7-Jul-26,PM10
Ratlam,37,7-Jul-26,NO2
Rishikesh,45,7-Jul-26,O3
Rohtak,59,7-Jul-26,PM10
Rourkela,43,7-Jul-26,"PM2.5, CO"
Rupnagar,95,7-Jul-26,PM2.5
Sagar,38,7-Jul-26,CO
Sangli,29,7-Jul-26,PM10
Satara,178,7-Jul-26,PM2.5
Satna,71,7-Jul-26,PM10
Sawai Madhopur,52,7-Jul-26,CO
Shivamogga,48,7-Jul-26,O3
Sikar,78,7-Jul-26,PM10
Silchar,50,7-Jul-26,PM10
Siliguri,171,7-Jul-26,NO2
Sirohi,42,7-Jul-26,PM10
Sirsa,79,7-Jul-26,O3
Sivasagar,38,7-Jul-26,O3
Solapur,40,7-Jul-26,PM10
Sri Ganganagar,86,7-Jul-26,PM10
Srinagar,54,7-Jul-26,PM10
Surat,73,7-Jul-26,PM10
Talcher,77,7-Jul-26,CO
Tensa,33,7-Jul-26,SO2
Thane,39,7-Jul-26,PM10
Thiruvananthapuram,65,7-Jul-26,PM10
Thoothukudi,80,7-Jul-26,PM10
Thrissur,53,7-Jul-26,PM10
Tirumala,56,7-Jul-26,NO2
Tonk,41,7-Jul-26,CO
Tumidih,77,7-Jul-26,PM10
Udaipur,55,7-Jul-26,PM10
Ujjain,57,7-Jul-26,O3
Ulhasnagar,49,7-Jul-26,"PM2.5, PM10"
Vadodara,99,7-Jul-26,CO
Varanasi,30,7-Jul-26,"NO2, SO2, PM10"
Vatva,87,7-Jul-26,PM10
Vijayawada,68,7-Jul-26,PM10
Visakhapatnam,171,7-Jul-26,PM10
Vrindavan,53,7-Jul-26,PM10
Yadgir,34,7-Jul-26,PM10
Yamuna Nagar,196,7-Jul-26,PM2.5
Agartala,105,8-Jul-26,PM10
Agra,62,8-Jul-26,"PM2.5, PM10"
Ahmedabad,77,8-Jul-26,PM10
Ahmednagar,41,8-Jul-26,PM2.5
Ajmer,47,8-Jul-26,PM10
Akola,20,8-Jul-26,PM10
Amaravati,60,8-Jul-26,PM10
Ambala,89,8-Jul-26,PM10
Ambernath,28,8-Jul-26,PM2.5
Amravati,20,8-Jul-26,"PM10, CO"
Amritsar,101,8-Jul-26,PM10
Anantapur,123,8-Jul-26,PM2.5
Angul,75,8-Jul-26,PM10
Araria,59,8-Jul-26,CO
Arrah,253,8-Jul-26,PM2.5
Asansol,47,8-Jul-26,"SO2, PM2.5, CO"
Aurangabad (Maharashtra),47,8-Jul-26,"PM2.5, PM10, CO"
Baddi,204,8-Jul-26,PM10
Badlapur,45,8-Jul-26,PM10
Bagalkot,47,8-Jul-26,PM10
Baghpat,39,8-Jul-26,PM10
Bahadurgarh,68,8-Jul-26,PM2.5
Balasore,81,8-Jul-26,PM10
Ballabgarh,88,8-Jul-26,PM2.5
Banswara,149,8-Jul-26,PM2.5
Baran,47,8-Jul-26,CO
Barbil,51,8-Jul-26,PM10
Bareilly,37,8-Jul-26,O3
Baripada,78,8-Jul-26,PM10
Barmer,99,8-Jul-26,PM10
Barrackpore,64,8-Jul-26,PM10
Bathinda,79,8-Jul-26,CO
Beed,67,8-Jul-26,PM10
Begusarai,88,8-Jul-26,PM10
Belapur,36,8-Jul-26,PM10
Bengaluru,55,8-Jul-26,"PM10, PM2.5"
Bhagalpur,54,8-Jul-26,PM10
Bharatpur,59,8-Jul-26,PM10
Bhavnagar,81,8-Jul-26,CO
Bhilai,40,8-Jul-26,"PM10, O3"
Bhilwara,55,8-Jul-26,PM10
Bhiwadi,69,8-Jul-26,PM10
Bhiwandi,43,8-Jul-26,PM10
Bhiwani,133,8-Jul-26,PM2.5
Bhopal,36,8-Jul-26,"SO2, CO"
Bhubaneswar,70,8-Jul-26,"PM10, O3"
Bihar Sharif,26,8-Jul-26,PM2.5
Bikaner,86,8-Jul-26,PM10
Bileipada,82,8-Jul-26,PM10
Boisar,75,8-Jul-26,PM10
Brajrajnagar,60,8-Jul-26,PM2.5
Bulandshahr,32,8-Jul-26,PM10
Buxar,38,8-Jul-26,PM2.5
Byasanagar,70,8-Jul-26,PM10
Chamarajanagar,44,8-Jul-26,PM10
Chandigarh,47,8-Jul-26,"CO, PM2.5"
Chandrapur,45,8-Jul-26,CO
Charkhi Dadri,60,8-Jul-26,PM2.5
Chennai,73,8-Jul-26,PM10
Chhal,50,8-Jul-26,PM10
Chhapra,108,8-Jul-26,PM10
Chikkaballapur,55,8-Jul-26,PM10
Chittoor,66,8-Jul-26,PM2.5
Churu,78,8-Jul-26,PM10
Coimbatore,26,8-Jul-26,SO2
Cuttack,100,8-Jul-26,PM10
Damoh,49,8-Jul-26,SO2
Dausa,42,8-Jul-26,CO
Delhi,59,8-Jul-26,"PM10, NO2"
Dewas,82,8-Jul-26,NO2
Dhanbad,96,8-Jul-26,NO2
Dharuhera,76,8-Jul-26,PM2.5
Dharwad,57,8-Jul-26,PM10
Dholpur,62,8-Jul-26,O3
Dombivli,19,8-Jul-26,O3
Dungarpur,39,8-Jul-26,PM2.5
Durgapur,65,8-Jul-26,"NO2, PM10"
Eluru,52,8-Jul-26,PM2.5
Faridabad,118,8-Jul-26,"PM2.5, PM10"
Fatehabad,64,8-Jul-26,PM10
Firozabad,30,8-Jul-26,PM10
Gadag,35,8-Jul-26,PM10
Gandhinagar,80,8-Jul-26,PM10
Gaya,44,8-Jul-26,"PM10, PM2.5, CO"
Ghaziabad,49,8-Jul-26,"CO, PM10"
Greater Noida,57,8-Jul-26,PM10
Gummidipoondi,147,8-Jul-26,PM2.5
Guntur,52,8-Jul-26,PM2.5
Gurugram,128,8-Jul-26,PM2.5
Guwahati,45,8-Jul-26,"PM2.5, SO2"
Gwalior,58,8-Jul-26,"CO, O3"
Hajipur,47,8-Jul-26,PM10
Haldia,64,8-Jul-26,PM10
Hanumangarh,73,8-Jul-26,PM10
Hapur,30,8-Jul-26,PM10
Hingoli,34,8-Jul-26,O3
Howrah,83,8-Jul-26,PM10
Hubballi,44,8-Jul-26,PM10
Hyderabad,45,8-Jul-26,PM10
Indore,63,8-Jul-26,"CO, NO2"
Jabalpur,37,8-Jul-26,"O3, CO"
Jaipur,66,8-Jul-26,PM10
Jaisalmer,166,8-Jul-26,PM10
Jalandhar,54,8-Jul-26,PM2.5
Jalgaon,42,8-Jul-26,PM10
Jalore,92,8-Jul-26,PM10
Jhalawar,33,8-Jul-26,O3
Jhansi,34,8-Jul-26,PM2.5
Jhunjhunu,50,8-Jul-26,O3
Jind,47,8-Jul-26,PM2.5
Jodhpur,54,8-Jul-26,PM10
Jorapokhar,114,8-Jul-26,PM10
Kadapa,55,8-Jul-26,PM2.5
Kaithal,41,8-Jul-26,PM10
Kalaburagi,32,8-Jul-26,CO
Kanpur,32,8-Jul-26,"CO, NO2"
Karauli,41,8-Jul-26,O3
Karnal,112,8-Jul-26,PM2.5
Karwar,46,8-Jul-26,PM10
Kashipur,38,8-Jul-26,PM2.5
Katihar,82,8-Jul-26,CO
Katni,35,8-Jul-26,O3
Keonjhar,48,8-Jul-26,PM10
Khairthal,41,8-Jul-26,PM10
Khanna,65,8-Jul-26,PM10
Khurja,23,8-Jul-26,PM2.5
Kishanganj,62,8-Jul-26,PM10
Kohima,47,8-Jul-26,SO2
Kolhapur,27,8-Jul-26,"PM10, PM2.5"
Kolkata,59,8-Jul-26,PM10
Kollam,69,8-Jul-26,PM2.5
Koppal,33,8-Jul-26,PM10
Korba,23,8-Jul-26,"PM10, CO"
Kota,57,8-Jul-26,"PM10, O3"
Kunjemura,40,8-Jul-26,PM10
Kurnool,45,8-Jul-26,PM10
Latur,27,8-Jul-26,PM10
Lucknow,53,8-Jul-26,"O3, CO"
Machilipatnam,56,8-Jul-26,PM2.5
Mahad,57,8-Jul-26,PM10
Maihar,103,8-Jul-26,PM10
Mandideep,48,8-Jul-26,O3
Mandikhera,79,8-Jul-26,PM10
Manesar,105,8-Jul-26,PM2.5
Mangalore,47,8-Jul-26,PM10
Meerut,80,8-Jul-26,"PM10, O3, NH3"
Mehsana,87,8-Jul-26,PM10
Milupara,81,8-Jul-26,O3
Mira-Bhayandar,27,8-Jul-26,PM2.5
Moradabad,52,8-Jul-26,"SO2, CO, PM10"
Mumbai,57,8-Jul-26,PM10
Munger,54,8-Jul-26,PM2.5
Muzaffarnagar,36,8-Jul-26,PM10
Muzaffarpur,69,8-Jul-26,"CO, PM2.5"
Mysuru,51,8-Jul-26,PM10
Nagaon,55,8-Jul-26,PM2.5
Nagaur,37,8-Jul-26,O3
Nagpur,37,8-Jul-26,"CO, PM10"
Naharlagun,14,8-Jul-26,PM10
Narnaul,139,8-Jul-26,PM2.5
Nashik,43,8-Jul-26,"PM2.5, PM10, CO"
Navi Mumbai,39,8-Jul-26,"NO2, PM10"
Nellore,67,8-Jul-26,PM10
Noida,42,8-Jul-26,"PM10, NO2"
Palwal,73,8-Jul-26,PM10
Pampore,58,8-Jul-26,PM10
Panchgaon,59,8-Jul-26,PM2.5
Panchkula,42,8-Jul-26,PM2.5
Panipat,132,8-Jul-26,PM2.5
Parbhani,39,8-Jul-26,NO2
Patiala,36,8-Jul-26,PM10
Patna,64,8-Jul-26,"CO, O3, PM10"
Pimpri-Chinchwad,37,8-Jul-26,"CO, PM10"
Pithampur,62,8-Jul-26,PM2.5
Pratapgarh,38,8-Jul-26,O3
Prayagraj,57,8-Jul-26,"PM10, O3, SO2"
Puducherry,50,8-Jul-26,PM10
Pune,37,8-Jul-26,CO
Purnia,59,8-Jul-26,PM2.5
Raebareli,74,8-Jul-26,CO
Raipur,15,8-Jul-26,"PM10, O3"
Rairangpur,59,8-Jul-26,PM10
Rajamahendravaram,52,8-Jul-26,PM10
Rajgir,59,8-Jul-26,PM2.5
Rajkot,91,8-Jul-26,CO
Rajsamand,153,8-Jul-26,O3
Ramanagara,32,8-Jul-26,CO
Ratlam,36,8-Jul-26,NO2
Rishikesh,45,8-Jul-26,O3
Rohtak,43,8-Jul-26,O3
Rourkela,57,8-Jul-26,"PM2.5, PM10"
Rupnagar,108,8-Jul-26,PM2.5
Sagar,49,8-Jul-26,CO
Saharsa,243,8-Jul-26,PM10
Samastipur,55,8-Jul-26,PM2.5
Satna,70,8-Jul-26,PM10
Sawai Madhopur,61,8-Jul-26,CO
Shivamogga,45,8-Jul-26,O3
Sikar,82,8-Jul-26,PM10
Silchar,48,8-Jul-26,PM10
Siliguri,183,8-Jul-26,NO2
Sirohi,94,8-Jul-26,PM10
Sirsa,66,8-Jul-26,O3
Sivasagar,47,8-Jul-26,O3
Solapur,37,8-Jul-26,PM10
Sri Ganganagar,91,8-Jul-26,PM10
Srinagar,64,8-Jul-26,PM10
Surat,71,8-Jul-26,PM10
Talcher,64,8-Jul-26,PM10
Tensa,34,8-Jul-26,PM10
Thane,35,8-Jul-26,"PM2.5, PM10"
Thiruvananthapuram,62,8-Jul-26,PM10
Thoothukudi,88,8-Jul-26,PM10
Thrissur,54,8-Jul-26,PM10
Tirumala,55,8-Jul-26,NO2
Tirupati,66,8-Jul-26,PM10
Tonk,71,8-Jul-26,O3
Tumidih,81,8-Jul-26,PM10
Udaipur,62,8-Jul-26,NO2
Ujjain,56,8-Jul-26,O3
Ulhasnagar,50,8-Jul-26,"PM10, PM2.5"
Vadodara,100,8-Jul-26,CO
Varanasi,40,8-Jul-26,"PM10, SO2"
Vatva,112,8-Jul-26,PM10
Vijayapura,43,8-Jul-26,PM10
Vijayawada,65,8-Jul-26,PM10
Visakhapatnam,133,8-Jul-26,PM10
Vrindavan,33,8-Jul-26,SO2
Yamuna Nagar,105,8-Jul-26,PM2.5
Agartala,120,11-Jul-26,PM10
Agra,81,11-Jul-26,"PM2.5, PM10"
Ahmedabad,86,11-Jul-26,"PM10, NO2"
Ahmednagar,63,11-Jul-26,PM10
Aizawl,14,11-Jul-26,SO2
Ajmer,97,11-Jul-26,PM10
Akola,40,11-Jul-26,PM10
Alwar,115,11-Jul-26,PM2.5
Amaravati,101,11-Jul-26,PM10
Ambala,99,11-Jul-26,PM10
Ambernath,36,11-Jul-26,PM2.5
Amravati,76,11-Jul-26,PM10
Amritsar,101,11-Jul-26,PM10
Anantapur,92,11-Jul-26,PM2.5
Angul,116,11-Jul-26,PM10
Ankleshwar,69,11-Jul-26,PM10
Araria,53,11-Jul-26,CO
Arrah,228,11-Jul-26,PM2.5
Asansol,51,11-Jul-26,"SO2, PM10, CO"
Aurangabad (Maharashtra),65,11-Jul-26,"PM10, PM2.5"
Baddi,114,11-Jul-26,PM10
Badlapur,48,11-Jul-26,PM10
Bagalkot,51,11-Jul-26,PM10
Baghpat,72,11-Jul-26,PM10
Bahadurgarh,102,11-Jul-26,PM2.5
Balasore,74,11-Jul-26,O3
Ballabgarh,198,11-Jul-26,PM2.5
Banswara,99,11-Jul-26,PM10
Baran,76,11-Jul-26,PM10
Barbil,59,11-Jul-26,PM10
Bareilly,46,11-Jul-26,"O3, PM10"
Baripada,60,11-Jul-26,PM10
Barmer,247,11-Jul-26,PM10
Barrackpore,54,11-Jul-26,PM10
Bathinda,79,11-Jul-26,CO
Beed,80,11-Jul-26,PM10
Begusarai,41,11-Jul-26,O3
Belapur,61,11-Jul-26,PM10
Bengaluru,69,11-Jul-26,"PM10, PM2.5"
Bhagalpur,57,11-Jul-26,PM10
Bharatpur,54,11-Jul-26,PM10
Bhavnagar,80,11-Jul-26,CO
Bhilai,49,11-Jul-26,PM10
Bhilwara,94,11-Jul-26,PM10
Bhiwadi,95,11-Jul-26,PM10
Bhiwandi,48,11-Jul-26,PM10
Bhiwani,113,11-Jul-26,PM2.5
Bhopal,81,11-Jul-26,PM10
Bhubaneswar,55,11-Jul-26,"PM10, O3"
Bihar Sharif,24,11-Jul-26,PM2.5
Bikaner,217,11-Jul-26,PM10
Bilaspur,62,11-Jul-26,PM10
Bileipada,89,11-Jul-26,PM10
Boisar,53,11-Jul-26,PM10
Brajrajnagar,56,11-Jul-26,PM10
Bulandshahr,178,11-Jul-26,PM10
Bundi,75,11-Jul-26,PM10
Buxar,37,11-Jul-26,PM2.5
Byasanagar,75,11-Jul-26,PM10
Byrnihat (Assam),81,11-Jul-26,PM2.5
Chamarajanagar,45,11-Jul-26,PM10
Chandigarh,44,11-Jul-26,"PM10, CO"
Chandrapur,77,11-Jul-26,PM10
Charkhi Dadri,122,11-Jul-26,PM2.5
Chennai,79,11-Jul-26,"O3, PM10"
Chhal,75,11-Jul-26,PM10
Chhapra,114,11-Jul-26,PM10
Chikkaballapur,55,11-Jul-26,PM10
Chittoor,75,11-Jul-26,PM10
Chittorgarh,78,11-Jul-26,PM10
Churu,142,11-Jul-26,PM10
Coimbatore,45,11-Jul-26,PM2.5
Cuddalore,59,11-Jul-26,PM10
Cuttack,72,11-Jul-26,PM10
Dausa,133,11-Jul-26,PM10
Dehradun,21,11-Jul-26,PM2.5
Delhi,140,11-Jul-26,"PM10, PM2.5"
Dewas,95,11-Jul-26,PM10
Dhanbad,100,11-Jul-26,NO2
Dharwad,80,11-Jul-26,PM10
Dholpur,46,11-Jul-26,PM2.5
Dhule,58,11-Jul-26,PM10
Dombivli,21,11-Jul-26,PM10
Durgapur,57,11-Jul-26,"PM10, NO2"
Eluru,55,11-Jul-26,PM10
Faridabad,155,11-Jul-26,"PM2.5, PM10"
Fatehabad,130,11-Jul-26,PM10
Firozabad,54,11-Jul-26,PM10
Gadag,32,11-Jul-26,PM10
Gandhinagar,73,11-Jul-26,PM10
Gaya,72,11-Jul-26,PM10
Ghaziabad,139,11-Jul-26,PM10
Gorakhpur,67,11-Jul-26,PM10
Greater Noida,206,11-Jul-26,PM10
Gummidipoondi,109,11-Jul-26,PM2.5
Guntur,47,11-Jul-26,PM2.5
Gurugram,180,11-Jul-26,"PM2.5, PM10"
Guwahati,101,11-Jul-26,"PM2.5, O3"
Gwalior,80,11-Jul-26,"PM10, CO, PM2.5"
Hajipur,65,11-Jul-26,PM2.5
Haldia,55,11-Jul-26,PM10
Hanumangarh,110,11-Jul-26,PM10
Hingoli,49,11-Jul-26,PM10
Hisar,82,11-Jul-26,PM10
Howrah,66,11-Jul-26,"PM10, CO, O3"
Hubballi,61,11-Jul-26,PM10
Hyderabad,57,11-Jul-26,PM10
Indore,61,11-Jul-26,"CO, PM10, PM2.5"
Jabalpur,67,11-Jul-26,"PM10, CO"
Jaipur,103,11-Jul-26,PM10
Jaisalmer,390,11-Jul-26,PM10
Jalandhar,68,11-Jul-26,PM10
Jalgaon,42,11-Jul-26,PM10
Jalna,57,11-Jul-26,PM10
Jalore,90,11-Jul-26,PM10
Jhalawar,66,11-Jul-26,PM10
Jhansi,56,11-Jul-26,PM10
Jhunjhunu,93,11-Jul-26,PM10
Jind,119,11-Jul-26,PM2.5
Jodhpur,105,11-Jul-26,"O3, PM10"
Jorapokhar,111,11-Jul-26,PM10
Kadapa,74,11-Jul-26,PM2.5
Kaithal,78,11-Jul-26,PM10
Kalyan,63,11-Jul-26,PM10
Kannur,55,11-Jul-26,PM10
Kanpur,54,11-Jul-26,"PM10, PM2.5"
Karauli,108,11-Jul-26,PM10
Karnal,63,11-Jul-26,PM10
Kashipur,28,11-Jul-26,PM2.5
Katihar,89,11-Jul-26,CO
Katni,98,11-Jul-26,PM10
Khairthal,106,11-Jul-26,PM10
Khanna,66,11-Jul-26,PM10
Khora,99,11-Jul-26,PM2.5
Khurja,62,11-Jul-26,PM10
Kohima,48,11-Jul-26,SO2
Kolhapur,39,11-Jul-26,PM10
Kolkata,52,11-Jul-26,"PM10, NO2"
Koppal,31,11-Jul-26,NO2
Korba,66,11-Jul-26,PM10
Kota,89,11-Jul-26,PM10
Kunjemura,81,11-Jul-26,PM10
Kurnool,55,11-Jul-26,PM10
Kurukshetra,73,11-Jul-26,NO2
Latur,59,11-Jul-26,PM10
Lucknow,57,11-Jul-26,"PM10, CO"
Ludhiana,77,11-Jul-26,PM10
Machilipatnam,58,11-Jul-26,PM2.5
Madikeri,21,11-Jul-26,PM2.5
Madurai,55,11-Jul-26,SO2
Mahad,70,11-Jul-26,PM10
Maihar,39,11-Jul-26,PM10
Malegaon,95,11-Jul-26,PM10
Mandideep,106,11-Jul-26,PM10
Mandi Gobindgarh,112,11-Jul-26,PM10
Mandikhera,79,11-Jul-26,PM10
Manesar,141,11-Jul-26,PM2.5
Mangalore,74,11-Jul-26,PM10
Meerut,65,11-Jul-26,"PM10, PM2.5"
Mehsana,96,11-Jul-26,PM10
Mira-Bhayandar,32,11-Jul-26,PM10
Modinagar,65,11-Jul-26,O3
Moradabad,48,11-Jul-26,"SO2, CO, PM2.5"
Motihari,113,11-Jul-26,PM2.5
Mumbai,63,11-Jul-26,"PM10, NO2"
Muzaffarnagar,56,11-Jul-26,PM10
Muzaffarpur,41,11-Jul-26,"PM2.5, PM10"
Mysuru,61,11-Jul-26,PM10
Nagaon,62,11-Jul-26,PM2.5
Nagaur,87,11-Jul-26,PM10
Nagpur,68,11-Jul-26,PM10
Nalbari,58,11-Jul-26,PM2.5
Nanded,71,11-Jul-26,PM10
Nandesari,47,11-Jul-26,PM10
Narnaul,109,11-Jul-26,PM2.5
Nashik,54,11-Jul-26,PM10
Navi Mumbai,58,11-Jul-26,"O3, PM10"
Nellore,73,11-Jul-26,PM10
Noida,132,11-Jul-26,PM10
Pali,99,11-Jul-26,PM10
Palwal,93,11-Jul-26,CO
Pampore,45,11-Jul-26,PM10
Panchgaon,169,11-Jul-26,PM2.5
Panchkula,29,11-Jul-26,PM2.5
Panipat,87,11-Jul-26,PM10
Parbhani,69,11-Jul-26,PM10
Patiala,35,11-Jul-26,O3
Patna,103,11-Jul-26,"PM2.5, PM10, O3"
Pimpri-Chinchwad,63,11-Jul-26,PM10
Pithampur,65,11-Jul-26,PM2.5
Pratapgarh,78,11-Jul-26,PM10
Prayagraj,36,11-Jul-26,"O3, PM10"
Puducherry,46,11-Jul-26,O3
Pune,64,11-Jul-26,PM10
Purnia,56,11-Jul-26,CO
Raebareli,254,11-Jul-26,PM10
Raipur,57,11-Jul-26,PM10
Rairangpur,56,11-Jul-26,PM10
Rajamahendravaram,68,11-Jul-26,PM10
Rajgir,90,11-Jul-26,PM2.5
Rajkot,92,11-Jul-26,CO
Rajsamand,81,11-Jul-26,PM10
Ramanagara,39,11-Jul-26,PM10
Ratlam,37,11-Jul-26,PM2.5
Rishikesh,37,11-Jul-26,CO
Rohtak,80,11-Jul-26,PM2.5
Rourkela,67,11-Jul-26,"PM2.5, PM10"
Rupnagar,55,11-Jul-26,PM2.5
Sagar,54,11-Jul-26,PM10
Sangli,53,11-Jul-26,PM10
Satna,70,11-Jul-26,PM10
Sawai Madhopur,105,11-Jul-26,PM10
Shivamogga,48,11-Jul-26,PM10
Sikar,119,11-Jul-26,PM10
Silchar,50,11-Jul-26,PM10
Siliguri,110,11-Jul-26,NO2
Singrauli,62,11-Jul-26,PM10
Sirohi,87,11-Jul-26,PM10
Sirsa,117,11-Jul-26,PM2.5
Sivasagar,47,11-Jul-26,O3
Solapur,44,11-Jul-26,"PM10, PM2.5"
Sonipat,109,11-Jul-26,PM10
Sri Ganganagar,133,11-Jul-26,PM10
Srinagar,48,11-Jul-26,PM10
Suakati,85,11-Jul-26,PM10
Surat,45,11-Jul-26,PM10
Tensa,55,11-Jul-26,PM10
Thane,53,11-Jul-26,PM10
Thiruvananthapuram,41,11-Jul-26,"PM10, CO"
Thoothukudi,61,11-Jul-26,PM10
Thrissur,57,11-Jul-26,PM10
Tirumala,72,11-Jul-26,NO2
Tirupati,74,11-Jul-26,PM10
Tonk,122,11-Jul-26,PM10
Tumidih,70,11-Jul-26,PM10
Udaipur,76,11-Jul-26,PM2.5
Ujjain,59,11-Jul-26,PM10
Ulhasnagar,70,11-Jul-26,PM10
Vadodara,95,11-Jul-26,CO
Vapi,54,11-Jul-26,PM10
Varanasi,56,11-Jul-26,"PM10, SO2"
Vatva,108,11-Jul-26,PM2.5
Vijayapura,43,11-Jul-26,PM10
Vijayawada,65,11-Jul-26,PM10
Virar,123,11-Jul-26,PM10
Visakhapatnam,136,11-Jul-26,PM10
Vrindavan,63,11-Jul-26,PM10
Yamuna Nagar,93,11-Jul-26,PM2.5
Agartala,98,12-Jul-26,PM10
Agra,105,12-Jul-26,"PM2.5, PM10"
Ahmedabad,83,12-Jul-26,PM10
Ahmednagar,48,12-Jul-26,PM10
Aizawl,15,12-Jul-26,PM10
Akola,37,12-Jul-26,PM10
Alwar,153,12-Jul-26,PM2.5
Amaravati,125,12-Jul-26,PM10
Ambala,240,12-Jul-26,PM10
Amravati,66,12-Jul-26,PM10
Amritsar,100,12-Jul-26,PM10
Anantapur,84,12-Jul-26,PM2.5
Angul,105,12-Jul-26,PM10
Ankleshwar,72,12-Jul-26,PM10
Araria,23,12-Jul-26,PM2.5
Arrah,330,12-Jul-26,PM2.5
Asansol,59,12-Jul-26,"SO2, PM10"
Aurangabad (Maharashtra),74,12-Jul-26,PM10
Baddi,219,12-Jul-26,PM10
Baghpat,123,12-Jul-26,PM10
Bahadurgarh,220,12-Jul-26,PM2.5
Balasore,93,12-Jul-26,PM10
Ballabgarh,199,12-Jul-26,PM10
Banswara,101,12-Jul-26,PM10
Baran,69,12-Jul-26,PM10
Barbil,92,12-Jul-26,PM10
Bareilly,79,12-Jul-26,O3
Baripada,97,12-Jul-26,PM10
Barmer,168,12-Jul-26,PM10
Barrackpore,93,12-Jul-26,PM10
Bathinda,122,12-Jul-26,PM10
Beed,70,12-Jul-26,PM10
Begusarai,68,12-Jul-26,PM10
Belapur,59,12-Jul-26,PM10
Bengaluru,69,12-Jul-26,PM10
Bhagalpur,56,12-Jul-26,"PM10, PM2.5"
Bharatpur,71,12-Jul-26,PM10
Bhavnagar,80,12-Jul-26,CO
Bhilai,41,12-Jul-26,PM10
Bhilwara,100,12-Jul-26,PM10
Bhiwadi,131,12-Jul-26,PM10
Bhiwandi,65,12-Jul-26,PM10
Bhiwani,258,12-Jul-26,PM2.5
Bhopal,77,12-Jul-26,PM10
Bhubaneswar,78,12-Jul-26,"PM10, PM2.5"
Bihar Sharif,34,12-Jul-26,PM2.5
Bikaner,280,12-Jul-26,PM10
Bilaspur,54,12-Jul-26,PM10
Bileipada,121,12-Jul-26,PM10
Boisar,49,12-Jul-26,PM10
Brajrajnagar,70,12-Jul-26,PM10
Bulandshahr,306,12-Jul-26,PM10
Bundi,68,12-Jul-26,PM10
Buxar,51,12-Jul-26,O3
Byasanagar,112,12-Jul-26,PM10
Byrnihat (Assam),78,12-Jul-26,PM2.5
Chamarajanagar,44,12-Jul-26,PM10
Chandigarh,96,12-Jul-26,PM10
Chandrapur,68,12-Jul-26,PM10
Charkhi Dadri,256,12-Jul-26,PM2.5
Chennai,92,12-Jul-26,PM10
Chhal,65,12-Jul-26,PM2.5
Chhapra,122,12-Jul-26,PM10
Chikkaballapur,47,12-Jul-26,PM10
Chittoor,79,12-Jul-26,PM2.5
Chittorgarh,78,12-Jul-26,PM10
Churu,180,12-Jul-26,PM10
Coimbatore,51,12-Jul-26,PM2.5
Cuddalore,59,12-Jul-26,PM10
Cuttack,106,12-Jul-26,PM10
Damoh,51,12-Jul-26,SO2
Dausa,116,12-Jul-26,PM10
Dehradun,83,12-Jul-26,PM10
Delhi,261,12-Jul-26,"PM10, PM2.5"
Dewas,91,12-Jul-26,PM10
Dhanbad,105,12-Jul-26,NO2
Dharuhera,133,12-Jul-26,PM2.5
Dharwad,77,12-Jul-26,PM10
Dholpur,53,12-Jul-26,PM2.5
Dhule,55,12-Jul-26,PM10
Dombivli,22,12-Jul-26,PM10
Durgapur,75,12-Jul-26,PM10
Eluru,62,12-Jul-26,PM10
Faridabad,184,12-Jul-26,"PM2.5, PM10"
Fatehabad,267,12-Jul-26,PM10
Firozabad,50,12-Jul-26,PM10
Gadag,27,12-Jul-26,PM10
Gandhinagar,75,12-Jul-26,PM10
Gaya,62,12-Jul-26,PM10
Ghaziabad,281,12-Jul-26,PM10
Gorakhpur,76,12-Jul-26,PM10
Greater Noida,335,12-Jul-26,PM10
Gummidipoondi,96,12-Jul-26,PM2.5
Guntur,61,12-Jul-26,PM2.5
Gurugram,252,12-Jul-26,"PM2.5, PM10"
Guwahati,139,12-Jul-26,"PM2.5, SO2"
Gwalior,110,12-Jul-26,"CO, PM10, PM2.5"
Hajipur,70,12-Jul-26,PM2.5
Haldia,89,12-Jul-26,PM10
Hanumangarh,196,12-Jul-26,PM10
Hapur,281,12-Jul-26,PM10
Hingoli,45,12-Jul-26,PM10
Hisar,224,12-Jul-26,PM10
Howrah,89,12-Jul-26,PM10
Hubballi,61,12-Jul-26,PM10
Hyderabad,57,12-Jul-26,PM10
Indore,67,12-Jul-26,"CO, PM2.5, PM10"
Jabalpur,54,12-Jul-26,"PM10, CO, O3"
Jaipur,108,12-Jul-26,"PM2.5, PM10"
Jaisalmer,252,12-Jul-26,PM10
Jalandhar,105,12-Jul-26,PM10
Jalgaon,46,12-Jul-26,PM10
Jalna,47,12-Jul-26,PM10
Jalore,103,12-Jul-26,PM10
Jhalawar,62,12-Jul-26,PM10
Jhansi,56,12-Jul-26,PM10
Jhunjhunu,125,12-Jul-26,PM10
Jind,271,12-Jul-26,PM2.5
Jodhpur,106,12-Jul-26,PM10
Jorapokhar,106,12-Jul-26,PM10
Kadapa,78,12-Jul-26,PM2.5
Kaithal,278,12-Jul-26,PM2.5
Kalaburagi,40,12-Jul-26,PM10
Kalyan,57,12-Jul-26,PM10
Kannur,57,12-Jul-26,PM10
Kanpur,83,12-Jul-26,"PM10, PM2.5"
Karauli,99,12-Jul-26,PM10
Karnal,162,12-Jul-26,PM2.5
Katihar,75,12-Jul-26,CO
Katni,109,12-Jul-26,PM10
Keonjhar,76,12-Jul-26,PM10
Khairthal,132,12-Jul-26,PM2.5
Khanna,65,12-Jul-26,PM10
Khora,122,12-Jul-26,PM2.5
Khurja,122,12-Jul-26,PM10
Kishanganj,114,12-Jul-26,PM10
Kohima,48,12-Jul-26,SO2
Kolhapur,43,12-Jul-26,PM10
Kolkata,80,12-Jul-26,PM10
Koppal,31,12-Jul-26,NO2
Korba,66,12-Jul-26,PM10
Kota,85,12-Jul-26,PM10
Kunjemura,67,12-Jul-26,PM10
Kurnool,59,12-Jul-26,PM10
Kurukshetra,184,12-Jul-26,PM10
Latur,47,12-Jul-26,PM10
Lucknow,91,12-Jul-26,"PM10, PM2.5"
Ludhiana,65,12-Jul-26,PM10
Machilipatnam,49,12-Jul-26,PM2.5
Madikeri,23,12-Jul-26,PM10
Madurai,56,12-Jul-26,SO2
Mahad,53,12-Jul-26,PM10
Maihar,41,12-Jul-26,PM10
Malegaon,93,12-Jul-26,PM10
Mandideep,102,12-Jul-26,PM10
Mandi Gobindgarh,125,12-Jul-26,PM10
Manesar,248,12-Jul-26,PM2.5
Mangalore,62,12-Jul-26,PM10
Mathura,130,12-Jul-26,PM10
Meerut,260,12-Jul-26,"PM2.5, PM10"
Mehsana,97,12-Jul-26,PM10
Milupara,44,12-Jul-26,PM10
Mira-Bhayandar,32,12-Jul-26,PM10
Modinagar,190,12-Jul-26,PM2.5
Moradabad,87,12-Jul-26,PM10
Motihari,77,12-Jul-26,PM2.5
Mumbai,58,12-Jul-26,"NO2, PM10"
Munger,87,12-Jul-26,PM2.5
Muzaffarnagar,205,12-Jul-26,PM10
Muzaffarpur,66,12-Jul-26,"CO, PM10, PM2.5"
Mysuru,58,12-Jul-26,PM10
Nagaon,55,12-Jul-26,PM2.5
Nagaur,105,12-Jul-26,PM10
Nagpur,64,12-Jul-26,PM10
Nalbari,58,12-Jul-26,PM2.5
Nanded,66,12-Jul-26,PM10
Nandesari,42,12-Jul-26,PM10
Narnaul,142,12-Jul-26,PM2.5
Nashik,46,12-Jul-26,"PM10, PM2.5"
Navi Mumbai,49,12-Jul-26,PM10
Nellore,82,12-Jul-26,PM10
Noida,258,12-Jul-26,PM10
Pali,103,12-Jul-26,PM10
Palwal,73,12-Jul-26,PM10
Panchgaon,305,12-Jul-26,PM2.5
Panchkula,117,12-Jul-26,PM2.5
Panipat,264,12-Jul-26,PM10
Parbhani,59,12-Jul-26,PM10
Patiala,157,12-Jul-26,PM10
Patna,103,12-Jul-26,"PM2.5, PM10"
Pimpri-Chinchwad,63,12-Jul-26,PM10
Pithampur,65,12-Jul-26,PM2.5
Pratapgarh,79,12-Jul-26,PM10
Prayagraj,42,12-Jul-26,"O3, PM10"
Puducherry,50,12-Jul-26,O3
Pune,60,12-Jul-26,PM10
Purnia,57,12-Jul-26,PM2.5
Raebareli,103,12-Jul-26,PM10
Raipur,56,12-Jul-26,PM10
Rairangpur,84,12-Jul-26,PM10
Rajamahendravaram,87,12-Jul-26,PM10
Rajgir,74,12-Jul-26,PM2.5
Rajkot,92,12-Jul-26,CO
Rajsamand,91,12-Jul-26,PM10
Ramanagara,40,12-Jul-26,PM10
Ratlam,42,12-Jul-26,PM2.5
Rishikesh,37,12-Jul-26,CO
Rohtak,165,12-Jul-26,PM2.5
Rourkela,78,12-Jul-26,"PM10, PM2.5"
Rupnagar,89,12-Jul-26,PM2.5
Sagar,46,12-Jul-26,PM10
Samastipur,51,12-Jul-26,PM2.5
Sangli,54,12-Jul-26,PM10
Satna,70,12-Jul-26,PM10
Sawai Madhopur,100,12-Jul-26,PM10
Shivamogga,52,12-Jul-26,O3
Sikar,97,12-Jul-26,PM10
Silchar,47,12-Jul-26,PM10
Siliguri,108,12-Jul-26,NO2
Singrauli,79,12-Jul-26,PM10
Sirohi,98,12-Jul-26,PM10
Sirsa,223,12-Jul-26,PM10
Sivasagar,50,12-Jul-26,O3
Solapur,51,12-Jul-26,PM10
Sri Ganganagar,192,12-Jul-26,PM10
Srinagar,39,12-Jul-26,PM10
Suakati,113,12-Jul-26,PM10
Surat,51,12-Jul-26,PM10
Talcher,161,12-Jul-26,PM2.5
Tensa,81,12-Jul-26,PM10
Thane,50,12-Jul-26,PM10
Thiruvananthapuram,58,12-Jul-26,PM10
Thoothukudi,53,12-Jul-26,PM10
Thrissur,56,12-Jul-26,PM10
Tirumala,132,12-Jul-26,PM10
Tirupati,78,12-Jul-26,PM10
Tonk,119,12-Jul-26,PM10
Tumidih,49,12-Jul-26,PM10
Udaipur,59,12-Jul-26,PM10
Ujjain,60,12-Jul-26,PM10
Ulhasnagar,48,12-Jul-26,PM10
Vadodara,95,12-Jul-26,CO
Vapi,39,12-Jul-26,PM10
Varanasi,51,12-Jul-26,PM10
Vatva,103,12-Jul-26,PM10
Vijayapura,43,12-Jul-26,PM10
Vijayawada,71,12-Jul-26,PM10
Virar,127,12-Jul-26,PM10
Visakhapatnam,133,12-Jul-26,PM10
Vrindavan,83,12-Jul-26,PM10
Yamuna Nagar,79,12-Jul-26,PM10
Agartala,98,13-Jul-26,PM10
Agra,96,13-Jul-26,"PM2.5, PM10"
Ahmedabad,84,13-Jul-26,PM10
Ahmednagar,44,13-Jul-26,PM10
Aizawl,22,13-Jul-26,PM10
Akola,53,13-Jul-26,PM10
Alwar,167,13-Jul-26,PM2.5
Amaravati,152,13-Jul-26,PM10
Ambala,129,13-Jul-26,PM10
Amravati,81,13-Jul-26,PM10
Amritsar,100,13-Jul-26,PM10
Angul,105,13-Jul-26,PM10
Ankleshwar,40,13-Jul-26,CO
Araria,42,13-Jul-26,O3
Arrah,206,13-Jul-26,PM2.5
Asansol,63,13-Jul-26,"SO2, PM2.5, PM10"
Aurangabad (Maharashtra),70,13-Jul-26,PM10
Baddi,48,13-Jul-26,PM2.5
Bagalkot,51,13-Jul-26,PM10
Baghpat,123,13-Jul-26,PM10
Bahadurgarh,233,13-Jul-26,PM2.5
Balasore,90,13-Jul-26,PM10
Banswara,112,13-Jul-26,PM10
Baran,76,13-Jul-26,PM10
Barbil,93,13-Jul-26,PM10
Bareilly,24,13-Jul-26,PM2.5
Baripada,113,13-Jul-26,PM10
Barmer,113,13-Jul-26,PM10
Barrackpore,93,13-Jul-26,PM10
Bathinda,78,13-Jul-26,CO
Beed,71,13-Jul-26,PM10
Begusarai,60,13-Jul-26,PM2.5
Belapur,55,13-Jul-26,PM10
Bengaluru,76,13-Jul-26,"PM10, PM2.5"
Bhagalpur,65,13-Jul-26,PM10
Bharatpur,78,13-Jul-26,PM10
Bhavnagar,80,13-Jul-26,CO
Bhilai,45,13-Jul-26,PM10
Bhilwara,105,13-Jul-26,PM10
Bhiwadi,135,13-Jul-26,PM10
Bhiwandi,70,13-Jul-26,PM10
Bhiwani,238,13-Jul-26,PM2.5
Bhopal,82,13-Jul-26,PM10
Bhubaneswar,85,13-Jul-26,"PM10, PM2.5"
Bihar Sharif,103,13-Jul-26,CO
Bikaner,149,13-Jul-26,PM10
Bileipada,146,13-Jul-26,PM10
Boisar,50,13-Jul-26,PM10
Brajrajnagar,60,13-Jul-26,PM10
Bulandshahr,218,13-Jul-26,PM10
Bundi,72,13-Jul-26,PM10
Buxar,58,13-Jul-26,PM2.5
Byasanagar,105,13-Jul-26,PM10
Byrnihat (Meghalaya),109,13-Jul-26,NO2
Chamarajanagar,42,13-Jul-26,PM10
Chandigarh,52,13-Jul-26,"PM10, CO"
Chandrapur,89,13-Jul-26,PM10
Charkhi Dadri,243,13-Jul-26,PM2.5
Chennai,114,13-Jul-26,"PM2.5, PM10"
Chhal,59,13-Jul-26,PM10
Chittoor,73,13-Jul-26,PM10
Chittorgarh,86,13-Jul-26,PM10
Churu,163,13-Jul-26,PM10
Coimbatore,34,13-Jul-26,PM2.5
Cuddalore,59,13-Jul-26,PM10
Cuttack,115,13-Jul-26,PM10
Damoh,50,13-Jul-26,PM10
Dausa,131,13-Jul-26,PM10
Dehradun,139,13-Jul-26,PM10
Delhi,246,13-Jul-26,PM10
Dewas,109,13-Jul-26,PM10
Dhanbad,102,13-Jul-26,NO2
Dharuhera,164,13-Jul-26,PM2.5
Dharwad,76,13-Jul-26,PM10
Dholpur,53,13-Jul-26,PM2.5
Dhule,63,13-Jul-26,PM10
Dombivli,23,13-Jul-26,PM10
Durgapur,84,13-Jul-26,PM10
Eluru,62,13-Jul-26,PM2.5
Faridabad,150,13-Jul-26,"PM2.5, PM10"
Fatehabad,218,13-Jul-26,PM10
Firozabad,57,13-Jul-26,PM10
Gadag,27,13-Jul-26,PM10
Gandhinagar,72,13-Jul-26,PM10
Gaya,101,13-Jul-26,PM10
Ghaziabad,243,13-Jul-26,PM10
Gorakhpur,70,13-Jul-26,PM10
Greater Noida,303,13-Jul-26,PM10
Gummidipoondi,94,13-Jul-26,PM2.5
Guntur,57,13-Jul-26,PM10
Gurugram,251,13-Jul-26,"PM2.5, PM10"
Guwahati,151,13-Jul-26,"PM2.5, SO2"
Gwalior,87,13-Jul-26,"PM10, PM2.5"
Hajipur,64,13-Jul-26,PM10
Haldia,92,13-Jul-26,PM10
Hanumangarh,142,13-Jul-26,PM10
Hapur,278,13-Jul-26,PM10
Hingoli,51,13-Jul-26,PM10
Hisar,174,13-Jul-26,PM10
Howrah,97,13-Jul-26,PM10
Hubballi,67,13-Jul-26,PM10
Hyderabad,52,13-Jul-26,PM10
Indore,71,13-Jul-26,"PM10, CO, PM2.5"
Jabalpur,55,13-Jul-26,"PM10, CO, O3"
Jaipur,137,13-Jul-26,"PM2.5, PM10"
Jaisalmer,122,13-Jul-26,PM10
Jalgaon,45,13-Jul-26,PM10
Jalore,117,13-Jul-26,PM10
Jhalawar,73,13-Jul-26,PM10
Jhansi,58,13-Jul-26,PM10
Jhunjhunu,130,13-Jul-26,PM10
Jind,253,13-Jul-26,PM2.5
Jodhpur,91,13-Jul-26,PM10
Jorapokhar,101,13-Jul-26,PM10
Kadapa,70,13-Jul-26,PM2.5
Kaithal,209,13-Jul-26,PM2.5
Kalaburagi,34,13-Jul-26,PM10
Kalyan,56,13-Jul-26,PM2.5
Kannur,56,13-Jul-26,PM10
Kanpur,81,13-Jul-26,"PM10, PM2.5"
Karauli,106,13-Jul-26,PM10
Karnal,139,13-Jul-26,PM2.5
Katni,107,13-Jul-26,PM10
Keonjhar,68,13-Jul-26,PM10
Khairthal,147,13-Jul-26,PM2.5
Khanna,65,13-Jul-26,PM10
Khora,183,13-Jul-26,PM2.5
Khurja,126,13-Jul-26,PM10
Kohima,49,13-Jul-26,SO2
Kolhapur,43,13-Jul-26,PM10
Kolkata,86,13-Jul-26,PM10
Korba,51,13-Jul-26,PM10
Kota,101,13-Jul-26,PM10
Kunjemura,59,13-Jul-26,PM10
Kurnool,60,13-Jul-26,PM10
Kurukshetra,127,13-Jul-26,PM10
Latur,56,13-Jul-26,PM10
Lucknow,106,13-Jul-26,"PM2.5, PM10"
Ludhiana,82,13-Jul-26,PM10
Machilipatnam,46,13-Jul-26,PM10
Madikeri,22,13-Jul-26,PM10
Madurai,56,13-Jul-26,SO2
Mahad,47,13-Jul-26,PM10
Maihar,41,13-Jul-26,PM10
Malegaon,89,13-Jul-26,PM10
Mandideep,122,13-Jul-26,PM10
Mandi Gobindgarh,100,13-Jul-26,CO
Mangalore,65,13-Jul-26,PM10
Mathura,138,13-Jul-26,PM10
Meerut,325,13-Jul-26,"PM2.5, PM10"
Mehsana,92,13-Jul-26,PM10
Milupara,57,13-Jul-26,PM10
Mira-Bhayandar,30,13-Jul-26,PM10
Modinagar,291,13-Jul-26,PM2.5
Moradabad,170,13-Jul-26,PM10
Motihari,57,13-Jul-26,O3
Mumbai,60,13-Jul-26,"NO2, PM10"
Munger,59,13-Jul-26,PM2.5
Muzaffarnagar,284,13-Jul-26,PM10
Muzaffarpur,67,13-Jul-26,"CO, PM10, PM2.5"
Mysuru,61,13-Jul-26,PM10
Nagaon,45,13-Jul-26,PM2.5
Nagaur,91,13-Jul-26,PM10
Nagpur,74,13-Jul-26,PM10
Nalbari,76,13-Jul-26,PM2.5
Nanded,67,13-Jul-26,PM10
Narnaul,148,13-Jul-26,PM2.5
Nashik,49,13-Jul-26,"PM10, PM2.5"
Navi Mumbai,48,13-Jul-26,PM10
Nellore,50,13-Jul-26,PM2.5
Noida,216,13-Jul-26,PM10
Pali,118,13-Jul-26,PM10
Palwal,75,13-Jul-26,PM10
Panchgaon,282,13-Jul-26,PM2.5
Panchkula,63,13-Jul-26,PM2.5
Panipat,276,13-Jul-26,PM10
Parbhani,65,13-Jul-26,PM10
Patiala,74,13-Jul-26,PM10
Patna,61,13-Jul-26,"PM10, O3"
Pimpri-Chinchwad,66,13-Jul-26,PM10
Pithampur,67,13-Jul-26,PM2.5
Pratapgarh,88,13-Jul-26,PM10
Prayagraj,36,13-Jul-26,PM10
Puducherry,44,13-Jul-26,PM10
Pune,61,13-Jul-26,PM10
Purnia,58,13-Jul-26,PM2.5
Raebareli,94,13-Jul-26,PM10
Raipur,53,13-Jul-26,PM10
Rairangpur,90,13-Jul-26,PM10
Rajamahendravaram,83,13-Jul-26,PM10
Rajgir,55,13-Jul-26,PM2.5
Rajkot,91,13-Jul-26,CO
Rajsamand,101,13-Jul-26,PM10
Ramanagara,48,13-Jul-26,PM10
Ratlam,43,13-Jul-26,PM2.5
Rishikesh,105,13-Jul-26,O3
Rohtak,160,13-Jul-26,PM10
Rourkela,77,13-Jul-26,"PM10, PM2.5"
Rupnagar,70,13-Jul-26,PM2.5
Sagar,50,13-Jul-26,PM10
Saharsa,121,13-Jul-26,PM10
Sangli,53,13-Jul-26,PM10
Satna,70,13-Jul-26,PM10
Sawai Madhopur,110,13-Jul-26,PM10
Shivamogga,49,13-Jul-26,O3
Sikar,108,13-Jul-26,PM10
Silchar,49,13-Jul-26,PM2.5
Siliguri,115,13-Jul-26,NO2
Singrauli,59,13-Jul-26,PM2.5
Sirohi,108,13-Jul-26,PM10
Sirsa,177,13-Jul-26,PM10
Sivasagar,44,13-Jul-26,O3
Solapur,53,13-Jul-26,PM10
Sonipat,133,13-Jul-26,PM10
Sri Ganganagar,107,13-Jul-26,PM10
Srinagar,47,13-Jul-26,PM10
Suakati,51,13-Jul-26,PM2.5
Surat,101,13-Jul-26,PM10
Talcher,130,13-Jul-26,PM10
Tensa,79,13-Jul-26,PM10
Thane,54,13-Jul-26,PM10
Thiruvananthapuram,52,13-Jul-26,PM10
Thoothukudi,100,13-Jul-26,PM10
Tirumala,74,13-Jul-26,NO2
Tirupati,71,13-Jul-26,PM10
Tonk,135,13-Jul-26,PM10
Tumidih,51,13-Jul-26,PM10
Udaipur,66,13-Jul-26,PM10
Ujjain,70,13-Jul-26,PM10
Ulhasnagar,51,13-Jul-26,PM10
Vadodara,95,13-Jul-26,CO
Vapi,34,13-Jul-26,PM2.5
Varanasi,56,13-Jul-26,PM10
Vatva,113,13-Jul-26,PM10
Vijayapura,43,13-Jul-26,PM10
Vijayawada,66,13-Jul-26,"PM10, PM2.5"
Virar,106,13-Jul-26,PM10
Visakhapatnam,162,13-Jul-26,PM10
Vrindavan,86,13-Jul-26,PM10
Yadgir,57,13-Jul-26,PM10
Yamuna Nagar,102,13-Jul-26,PM2.5
Agartala,120,14-Jul-26,PM10
Agra,124,14-Jul-26,"PM2.5, PM10"
Ahmedabad,76,14-Jul-26,PM10
Ahmednagar,44,14-Jul-26,O3
Aizawl,18,14-Jul-26,PM10
Akola,63,14-Jul-26,PM10
Alwar,186,14-Jul-26,PM2.5
Amaravati,181,14-Jul-26,PM10
Ambala,139,14-Jul-26,PM10
Ambernath,33,14-Jul-26,PM2.5
Amravati,63,14-Jul-26,PM10
Amritsar,97,14-Jul-26,PM10
Angul,150,14-Jul-26,PM10
Ankleshwar,63,14-Jul-26,PM10
Araria,40,14-Jul-26,O3
Asansol,53,14-Jul-26,"SO2, PM2.5, CO"
Aurangabad (Maharashtra),73,14-Jul-26,"PM10, CO"
Baddi,173,14-Jul-26,PM10
Bagalkot,51,14-Jul-26,PM10
Baghpat,83,14-Jul-26,PM10
Bahadurgarh,183,14-Jul-26,PM2.5
Balasore,54,14-Jul-26,O3
Ballabgarh,216,14-Jul-26,PM2.5
Banswara,105,14-Jul-26,PM10
Baran,86,14-Jul-26,O3
Barbil,97,14-Jul-26,PM10
Bareilly,54,14-Jul-26,O3
Barmer,190,14-Jul-26,PM10
Barrackpore,47,14-Jul-26,PM10
Bathinda,78,14-Jul-26,CO
Beed,61,14-Jul-26,PM10
Begusarai,50,14-Jul-26,PM10
Belapur,62,14-Jul-26,PM10
Bengaluru,73,14-Jul-26,PM10
Bhagalpur,115,14-Jul-26,"PM2.5, PM10"
Bharatpur,101,14-Jul-26,PM10
Bhavnagar,80,14-Jul-26,CO
Bhilai,63,14-Jul-26,PM10
Bhilwara,101,14-Jul-26,PM10
Bhiwadi,148,14-Jul-26,PM10
Bhiwandi,62,14-Jul-26,PM10
Bhiwani,254,14-Jul-26,PM2.5
Bhopal,85,14-Jul-26,PM10
Bhubaneswar,61,14-Jul-26,"PM10, O3"
Bihar Sharif,97,14-Jul-26,CO
Bikaner,186,14-Jul-26,PM10
Bilaspur,65,14-Jul-26,PM10
Bileipada,146,14-Jul-26,PM10
Boisar,56,14-Jul-26,PM10
Brajrajnagar,72,14-Jul-26,PM10
Bulandshahr,146,14-Jul-26,PM10
Bundi,75,14-Jul-26,PM10
Buxar,74,14-Jul-26,O3
Byasanagar,45,14-Jul-26,O3
Byrnihat (Meghalaya),119,14-Jul-26,PM2.5
Chamarajanagar,44,14-Jul-26,PM10
Chandigarh,75,14-Jul-26,"PM10, NO2"
Chandrapur,86,14-Jul-26,PM10
Charkhi Dadri,262,14-Jul-26,PM2.5
Chennai,111,14-Jul-26,"PM2.5, PM10"
Chhal,78,14-Jul-26,PM10
Chhapra,115,14-Jul-26,PM10
Chikkaballapur,70,14-Jul-26,PM10
Chittoor,73,14-Jul-26,PM2.5
Chittorgarh,78,14-Jul-26,PM10
Churu,298,14-Jul-26,PM10
Coimbatore,42,14-Jul-26,PM2.5
Cuddalore,59,14-Jul-26,PM10
Cuttack,67,14-Jul-26,PM10
Damoh,50,14-Jul-26,SO2
Dausa,190,14-Jul-26,PM10
Dehradun,104,14-Jul-26,PM10
Delhi,172,14-Jul-26,PM10
Dewas,85,14-Jul-26,NO2
Dhanbad,99,14-Jul-26,NO2
Dharuhera,143,14-Jul-26,PM2.5
Dharwad,79,14-Jul-26,PM10
Dholpur,64,14-Jul-26,PM2.5
Dombivli,22,14-Jul-26,PM10
Durgapur,64,14-Jul-26,PM10
Eluru,73,14-Jul-26,PM2.5
Faridabad,159,14-Jul-26,"PM2.5, PM10"
Fatehabad,130,14-Jul-26,PM10
Firozabad,60,14-Jul-26,PM10
Gadag,30,14-Jul-26,PM10
Gandhinagar,64,14-Jul-26,PM10
Gaya,74,14-Jul-26,"PM10, O3, PM2.5"
Ghaziabad,153,14-Jul-26,PM10
Gorakhpur,68,14-Jul-26,PM10
Greater Noida,245,14-Jul-26,PM10
Gummidipoondi,122,14-Jul-26,PM10
Guntur,54,14-Jul-26,PM2.5
Gurugram,193,14-Jul-26,"PM2.5, PM10"
Guwahati,142,14-Jul-26,"PM10, SO2, PM2.5"
Gwalior,105,14-Jul-26,"PM10, PM2.5"
Hajipur,93,14-Jul-26,O3
Haldia,44,14-Jul-26,PM10
Hanumangarh,86,14-Jul-26,O3
Hapur,118,14-Jul-26,PM10
Hingoli,43,14-Jul-26,PM10
Howrah,62,14-Jul-26,"PM10, CO, O3"
Hubballi,58,14-Jul-26,PM10
Hyderabad,55,14-Jul-26,PM10
Indore,61,14-Jul-26,"NO2, CO, PM2.5"
Jabalpur,70,14-Jul-26,"PM10, PM2.5"
Jaipur,166,14-Jul-26,"PM2.5, PM10"
Jaisalmer,156,14-Jul-26,PM10
Jalandhar,54,14-Jul-26,PM10
Jalgaon,36,14-Jul-26,PM10
Jalore,94,14-Jul-26,PM10
Jhalawar,71,14-Jul-26,PM10
Jhansi,74,14-Jul-26,PM10
Jhunjhunu,185,14-Jul-26,PM10
Jind,90,14-Jul-26,PM2.5
Jodhpur,111,14-Jul-26,PM10
Jorapokhar,105,14-Jul-26,PM10
Kadapa,42,14-Jul-26,O3
Kaithal,202,14-Jul-26,PM2.5
Kalaburagi,35,14-Jul-26,PM10
Kalyan,59,14-Jul-26,PM2.5
Kanpur,94,14-Jul-26,"PM10, PM2.5"
Karauli,132,14-Jul-26,PM10
Karnal,93,14-Jul-26,PM10
Karwar,50,14-Jul-26,PM10
Katihar,84,14-Jul-26,CO
Katni,130,14-Jul-26,PM10
Keonjhar,84,14-Jul-26,PM10
Khairthal,155,14-Jul-26,PM2.5
Khanna,67,14-Jul-26,PM10
Khora,105,14-Jul-26,PM2.5
Khurja,104,14-Jul-26,PM10
Kishanganj,38,14-Jul-26,PM2.5
Kohima,47,14-Jul-26,SO2
Kolhapur,47,14-Jul-26,PM10
Kolkata,49,14-Jul-26,"PM10, NO2"
Koppal,30,14-Jul-26,NO2
Korba,98,14-Jul-26,PM10
Kota,94,14-Jul-26,PM10
Kunjemura,71,14-Jul-26,PM10
Kurnool,56,14-Jul-26,PM10
Kurukshetra,116,14-Jul-26,PM10
Latur,45,14-Jul-26,PM10
Lucknow,137,14-Jul-26,"PM2.5, PM10"
Ludhiana,79,14-Jul-26,PM10
Machilipatnam,49,14-Jul-26,PM2.5
Madikeri,32,14-Jul-26,PM10
Madurai,57,14-Jul-26,SO2
Mahad,49,14-Jul-26,O3
Maihar,50,14-Jul-26,PM10
Malegaon,84,14-Jul-26,PM10
Mandideep,114,14-Jul-26,PM10
Mandi Gobindgarh,96,14-Jul-26,CO
Mandikhera,79,14-Jul-26,PM10
Manesar,247,14-Jul-26,PM2.5
Mangalore,68,14-Jul-26,PM10
Meerut,168,14-Jul-26,"PM2.5, PM10"
Mehsana,70,14-Jul-26,CO
Mira-Bhayandar,29,14-Jul-26,PM10
Moradabad,97,14-Jul-26,PM10
Mumbai,56,14-Jul-26,PM10
Munger,89,14-Jul-26,PM2.5
Muzaffarnagar,148,14-Jul-26,PM10
Muzaffarpur,67,14-Jul-26,"CO, PM10, PM2.5"
Mysuru,71,14-Jul-26,PM10
Nagaon,62,14-Jul-26,PM2.5
Nagaur,119,14-Jul-26,PM10
Nagpur,71,14-Jul-26,PM10
Naharlagun,21,14-Jul-26,PM10
Nalbari,64,14-Jul-26,PM2.5
Nanded,60,14-Jul-26,PM10
Nandesari,48,14-Jul-26,PM10
Narnaul,164,14-Jul-26,PM2.5
Nashik,47,14-Jul-26,PM10
Navi Mumbai,48,14-Jul-26,PM10
Nellore,69,14-Jul-26,PM10
Noida,180,14-Jul-26,PM10
Pali,116,14-Jul-26,PM10
Palwal,93,14-Jul-26,PM10
Pampore,72,14-Jul-26,PM10
Panchgaon,305,14-Jul-26,PM2.5
Panchkula,61,14-Jul-26,PM2.5
Panipat,153,14-Jul-26,PM10
Parbhani,58,14-Jul-26,PM10
Patiala,84,14-Jul-26,PM10
Patna,75,14-Jul-26,PM10
Pimpri-Chinchwad,63,14-Jul-26,PM10
Pithampur,65,14-Jul-26,PM2.5
Pratapgarh,83,14-Jul-26,PM10
Prayagraj,43,14-Jul-26,SO2
Puducherry,53,14-Jul-26,O3
Pune,55,14-Jul-26,PM10
Purnia,57,14-Jul-26,PM2.5
Raebareli,121,14-Jul-26,PM10
Raipur,71,14-Jul-26,PM10
Rairangpur,58,14-Jul-26,PM10
Rajamahendravaram,104,14-Jul-26,PM10
Rajgir,56,14-Jul-26,PM2.5
Rajkot,90,14-Jul-26,CO
Rajsamand,89,14-Jul-26,PM10
Ramanagara,50,14-Jul-26,PM10
Ratlam,37,14-Jul-26,NO2
Rishikesh,92,14-Jul-26,O3
Rohtak,101,14-Jul-26,PM10
Rourkela,79,14-Jul-26,"PM10, PM2.5"
Rupnagar,131,14-Jul-26,PM2.5
Sagar,50,14-Jul-26,PM10
Samastipur,46,14-Jul-26,PM2.5
Sangli,50,14-Jul-26,PM10
Satna,70,14-Jul-26,PM10
Sawai Madhopur,118,14-Jul-26,PM10
Shivamogga,47,14-Jul-26,O3
Sikar,116,14-Jul-26,PM10
Silchar,57,14-Jul-26,CO
Siliguri,114,14-Jul-26,NO2
Sirohi,89,14-Jul-26,PM10
Sirsa,81,14-Jul-26,PM10
Sivasagar,45,14-Jul-26,O3
Solapur,47,14-Jul-26,PM10
Sonipat,172,14-Jul-26,O3
Sri Ganganagar,87,14-Jul-26,O3
Srinagar,52,14-Jul-26,PM10
Suakati,130,14-Jul-26,PM10
Surat,48,14-Jul-26,"PM10, CO"
Talcher,149,14-Jul-26,PM2.5
Tensa,96,14-Jul-26,PM10
Thane,50,14-Jul-26,PM10
Thiruvananthapuram,39,14-Jul-26,PM10
Thoothukudi,117,14-Jul-26,PM10
Thrissur,54,14-Jul-26,PM10
Tirumala,75,14-Jul-26,NO2
Tonk,139,14-Jul-26,PM10
Tumakuru,67,14-Jul-26,PM10
Tumidih,70,14-Jul-26,PM10
Udaipur,106,14-Jul-26,PM10
Ujjain,57,14-Jul-26,PM10
Ulhasnagar,44,14-Jul-26,"PM10, PM2.5"
Vadodara,96,14-Jul-26,CO
Vapi,67,14-Jul-26,PM10
Varanasi,89,14-Jul-26,PM10
Vatva,112,14-Jul-26,PM10
Vijayapura,43,14-Jul-26,PM10
Vijayawada,69,14-Jul-26,"PM2.5, PM10"
Virar,99,14-Jul-26,PM10
Visakhapatnam,156,14-Jul-26,PM10
Vrindavan,116,14-Jul-26,PM2.5
Yadgir,48,14-Jul-26,PM10
Yamuna Nagar,151,14-Jul-26,PM2.5
Agartala,91,15-Jul-26,PM10
Agra,92,15-Jul-26,"PM10, PM2.5, SO2"
Ahmedabad,77,15-Jul-26,"PM10, CO"
Ahmednagar,42,15-Jul-26,PM10
Aizawl,15,15-Jul-26,SO2
Ajmer,85,15-Jul-26,PM10
Akola,70,15-Jul-26,PM10
Alwar,102,15-Jul-26,PM2.5
Amaravati,135,15-Jul-26,PM10
Ambala,143,15-Jul-26,PM10
Ambernath,87,15-Jul-26,PM10
Amravati,52,15-Jul-26,PM10
Amritsar,102,15-Jul-26,PM10
Anantapur,91,15-Jul-26,PM2.5
Angul,85,15-Jul-26,PM10
Ankleshwar,62,15-Jul-26,PM10
Araria,40,15-Jul-26,O3
Arrah,68,15-Jul-26,PM2.5
Asansol,55,15-Jul-26,"SO2, PM2.5, CO"
Aurangabad (Maharashtra),79,15-Jul-26,"PM10, CO"
Baddi,171,15-Jul-26,PM10
Badlapur,48,15-Jul-26,PM10
Bagalkot,51,15-Jul-26,PM10
Baghpat,85,15-Jul-26,PM10
Bahadurgarh,163,15-Jul-26,PM2.5
Balasore,54,15-Jul-26,O3
Ballabgarh,138,15-Jul-26,PM10
Banswara,98,15-Jul-26,PM10
Baran,93,15-Jul-26,PM10
Barbil,74,15-Jul-26,PM10
Bareilly,62,15-Jul-26,"SO2, PM10"
Baripada,44,15-Jul-26,O3
Barmer,108,15-Jul-26,PM10
Barrackpore,51,15-Jul-26,PM10
Bathinda,79,15-Jul-26,CO
Beed,62,15-Jul-26,PM10
Begusarai,69,15-Jul-26,PM2.5
Belapur,60,15-Jul-26,PM10
Bengaluru,75,15-Jul-26,PM10
Bhagalpur,103,15-Jul-26,PM10
Bharatpur,86,15-Jul-26,PM10
Bhavnagar,81,15-Jul-26,CO
Bhilai,50,15-Jul-26,PM10
Bhiwadi,105,15-Jul-26,PM10
Bhiwandi,71,15-Jul-26,PM10
Bhiwani,133,15-Jul-26,PM2.5
Bhopal,75,15-Jul-26,PM10
Bhubaneswar,63,15-Jul-26,"PM10, PM2.5"
Bihar Sharif,105,15-Jul-26,CO
Bikaner,143,15-Jul-26,PM10
Bilaspur,44,15-Jul-26,PM10
Bileipada,115,15-Jul-26,PM10
Boisar,52,15-Jul-26,PM10
Brajrajnagar,42,15-Jul-26,O3
Bulandshahr,126,15-Jul-26,PM10
Bundi,80,15-Jul-26,PM10
Buxar,95,15-Jul-26,O3
Byrnihat (Assam),86,15-Jul-26,PM2.5
Chamarajanagar,42,15-Jul-26,PM10
Chandigarh,75,15-Jul-26,"PM10, PM2.5"
Chandrapur,68,15-Jul-26,PM10
Charkhi Dadri,165,15-Jul-26,PM2.5
Chennai,101,15-Jul-26,PM10
Chhapra,111,15-Jul-26,PM10
Chikkaballapur,75,15-Jul-26,PM10
Chikkamagaluru,64,15-Jul-26,CO
Chittoor,69,15-Jul-26,PM2.5
Chittorgarh,80,15-Jul-26,PM10
Churu,160,15-Jul-26,PM10
Coimbatore,42,15-Jul-26,PM2.5
Cuddalore,59,15-Jul-26,PM10
Cuttack,87,15-Jul-26,PM10
Damoh,50,15-Jul-26,PM10
Dausa,126,15-Jul-26,PM10
Dehradun,91,15-Jul-26,PM2.5
Delhi,136,15-Jul-26,PM10
Dewas,89,15-Jul-26,NO2
Dhanbad,99,15-Jul-26,NO2
Dharuhera,115,15-Jul-26,PM2.5
Dharwad,82,15-Jul-26,PM10
Dholpur,58,15-Jul-26,PM2.5
Dombivli,23,15-Jul-26,PM10
Durgapur,60,15-Jul-26,"NO2, PM10"
Eluru,54,15-Jul-26,PM10
Faridabad,130,15-Jul-26,"PM2.5, PM10"
Fatehabad,163,15-Jul-26,PM10
Firozabad,53,15-Jul-26,PM10
Gadag,33,15-Jul-26,PM10
Gandhinagar,64,15-Jul-26,PM10
Gangtok,14,15-Jul-26,PM2.5
Gaya,88,15-Jul-26,PM10
Ghaziabad,139,15-Jul-26,PM10
Gorakhpur,87,15-Jul-26,PM10
Greater Noida,184,15-Jul-26,PM10
Gummidipoondi,106,15-Jul-26,PM10
Guntur,47,15-Jul-26,PM2.5
Gurugram,161,15-Jul-26,"PM2.5, PM10"
Guwahati,44,15-Jul-26,"SO2, PM2.5"
Gwalior,94,15-Jul-26,"PM10, PM2.5"
Hajipur,74,15-Jul-26,PM2.5
Haldia,32,15-Jul-26,PM10
Hanumangarh,112,15-Jul-26,PM10
Hapur,115,15-Jul-26,PM10
Hingoli,46,15-Jul-26,PM10
Hisar,158,15-Jul-26,PM10
Howrah,65,15-Jul-26,"PM2.5, PM10, CO"
Hubballi,59,15-Jul-26,PM10
Hyderabad,59,15-Jul-26,PM10
Indore,55,15-Jul-26,"CO, PM10, PM2.5"
Jabalpur,68,15-Jul-26,"PM10, O3"
Jaipur,140,15-Jul-26,"PM2.5, PM10"
Jaisalmer,147,15-Jul-26,PM10
Jalandhar,66,15-Jul-26,PM10
Jalgaon,39,15-Jul-26,PM10
Jalore,82,15-Jul-26,PM10
Jhalawar,61,15-Jul-26,PM10
Jhansi,73,15-Jul-26,PM10
Jhunjhunu,132,15-Jul-26,PM10
Jind,183,15-Jul-26,PM2.5
Jodhpur,75,15-Jul-26,PM10
Jorapokhar,98,15-Jul-26,PM10
Kalaburagi,29,15-Jul-26,PM10
Kalyan,60,15-Jul-26,PM2.5
Kanpur,75,15-Jul-26,"PM10, PM2.5"
Karauli,116,15-Jul-26,PM10
Karnal,106,15-Jul-26,PM2.5
Karwar,41,15-Jul-26,PM10
Kashipur,78,15-Jul-26,PM10
Katihar,90,15-Jul-26,CO
Katni,124,15-Jul-26,PM10
Keonjhar,60,15-Jul-26,PM10
Khairthal,98,15-Jul-26,PM10
Khanna,75,15-Jul-26,PM10
Khora,169,15-Jul-26,PM2.5
Khurja,58,15-Jul-26,PM10
Kishanganj,45,15-Jul-26,PM2.5
Kohima,50,15-Jul-26,SO2
Kolhapur,44,15-Jul-26,PM10
Kolkata,52,15-Jul-26,"PM10, NO2"
Koppal,32,15-Jul-26,PM10
Korba,46,15-Jul-26,PM10
Kota,85,15-Jul-26,PM10
Kunjemura,41,15-Jul-26,PM10
Kurnool,60,15-Jul-26,PM10
Kurukshetra,138,15-Jul-26,PM10
Latur,42,15-Jul-26,PM10
Lucknow,72,15-Jul-26,"PM10, PM2.5"
Ludhiana,100,15-Jul-26,PM10
Machilipatnam,48,15-Jul-26,PM2.5
Madikeri,31,15-Jul-26,PM10
Mahad,50,15-Jul-26,PM2.5
Maihar,55,15-Jul-26,PM10
Malegaon,87,15-Jul-26,PM10
Mandideep,84,15-Jul-26,PM10
Mandi Gobindgarh,91,15-Jul-26,PM10
Mandikhera,78,15-Jul-26,PM10
Manesar,130,15-Jul-26,PM2.5
Mangalore,65,15-Jul-26,PM10
Mathura,103,15-Jul-26,PM10
Meerut,152,15-Jul-26,"PM2.5, PM10"
Mehsana,70,15-Jul-26,CO
Mira-Bhayandar,28,15-Jul-26,PM10
Moradabad,86,15-Jul-26,PM10
Mumbai,56,15-Jul-26,PM10
Munger,97,15-Jul-26,PM10
Muzaffarnagar,134,15-Jul-26,PM10
Muzaffarpur,68,15-Jul-26,"CO, PM10, PM2.5"
Mysuru,66,15-Jul-26,PM10
Nagaon,64,15-Jul-26,PM2.5
Nagaur,83,15-Jul-26,PM10
Nagpur,65,15-Jul-26,PM10
Nalbari,65,15-Jul-26,PM2.5
Nanded,63,15-Jul-26,PM10
Nandesari,47,15-Jul-26,PM10
Narnaul,127,15-Jul-26,PM2.5
Nashik,52,15-Jul-26,PM10
Navi Mumbai,45,15-Jul-26,PM10
Nellore,68,15-Jul-26,PM10
Noida,141,15-Jul-26,PM10
Pali,132,15-Jul-26,PM2.5
Palwal,77,15-Jul-26,PM10
Panchgaon,156,15-Jul-26,PM2.5
Panchkula,49,15-Jul-26,PM2.5
Panipat,196,15-Jul-26,PM10
Parbhani,60,15-Jul-26,PM10
Patiala,119,15-Jul-26,PM10
Patna,71,15-Jul-26,"PM10, O3"
Pimpri-Chinchwad,59,15-Jul-26,PM10
Pithampur,65,15-Jul-26,PM2.5
Pratapgarh,63,15-Jul-26,PM10
Prayagraj,49,15-Jul-26,"PM10, SO2"
Puducherry,66,15-Jul-26,O3
Pune,60,15-Jul-26,"CO, PM10"
Raebareli,106,15-Jul-26,PM10
Raipur,49,15-Jul-26,PM10
Rairangpur,37,15-Jul-26,PM10
Rajamahendravaram,81,15-Jul-26,PM10
Rajgir,47,15-Jul-26,PM2.5
Rajkot,91,15-Jul-26,CO
Rajsamand,82,15-Jul-26,PM10
Ramanagara,49,15-Jul-26,PM10
Ratlam,37,15-Jul-26,NO2
Rishikesh,68,15-Jul-26,O3
Rohtak,90,15-Jul-26,PM10
Rourkela,73,15-Jul-26,"PM10, PM2.5"
Rupnagar,203,15-Jul-26,PM2.5
Sagar,46,15-Jul-26,PM10
Saharsa,98,15-Jul-26,PM10
Samastipur,59,15-Jul-26,PM2.5
Sangli,54,15-Jul-26,PM10
Satna,70,15-Jul-26,PM10
Sawai Madhopur,119,15-Jul-26,PM10
Shivamogga,47,15-Jul-26,O3
Sikar,102,15-Jul-26,PM10
Silchar,54,15-Jul-26,PM10
Siliguri,119,15-Jul-26,NO2
Sirohi,89,15-Jul-26,PM10
Sirsa,126,15-Jul-26,PM10
Sivasagar,49,15-Jul-26,O3
Solapur,48,15-Jul-26,PM10
Sonipat,170,15-Jul-26,PM2.5
Sri Ganganagar,105,15-Jul-26,PM10
Srinagar,66,15-Jul-26,"PM2.5, PM10"
Suakati,89,15-Jul-26,PM10
Surat,55,15-Jul-26,PM10
Tensa,53,15-Jul-26,PM10
Thane,51,15-Jul-26,"O3, PM10"
Thoothukudi,105,15-Jul-26,PM10
Thrissur,60,15-Jul-26,PM10
Tirumala,82,15-Jul-26,PM10
Tirupati,65,15-Jul-26,PM10
Tonk,138,15-Jul-26,PM10
Tumakuru,69,15-Jul-26,PM10
Udaipur,106,15-Jul-26,PM10
Ujjain,53,15-Jul-26,PM10
Ulhasnagar,44,15-Jul-26,"PM10, PM2.5"
Vadodara,97,15-Jul-26,CO
Vapi,69,15-Jul-26,PM2.5
Varanasi,91,15-Jul-26,"PM2.5, PM10"
Vatva,140,15-Jul-26,PM2.5
Vijayapura,43,15-Jul-26,PM10
Vijayawada,65,15-Jul-26,PM10
Virar,82,15-Jul-26,PM10
Vrindavan,70,15-Jul-26,PM10
Yadgir,55,15-Jul-26,PM10
Yamuna Nagar,185,15-Jul-26,PM2.5
Agartala,84,16-Jul-26,PM10
Agra,105,16-Jul-26,"PM10, PM2.5"
Ahmedabad,70,16-Jul-26,PM10
Ahmednagar,43,16-Jul-26,PM10
Aizawl,15,16-Jul-26,SO2
Ajmer,111,16-Jul-26,PM10
Akola,78,16-Jul-26,PM10
Alwar,146,16-Jul-26,PM2.5
Amaravati,159,16-Jul-26,PM10
Ambala,129,16-Jul-26,PM10
Ambernath,65,16-Jul-26,PM10
Amravati,61,16-Jul-26,PM10
Amritsar,108,16-Jul-26,PM10
Anantapur,109,16-Jul-26,PM2.5
Angul,57,16-Jul-26,CO
Ankleshwar,64,16-Jul-26,PM10
Araria,40,16-Jul-26,O3
Arrah,57,16-Jul-26,CO
Asansol,51,16-Jul-26,"SO2, CO, O3"
Aurangabad (Maharashtra),59,16-Jul-26,PM10
Baddi,157,16-Jul-26,PM10
Badlapur,48,16-Jul-26,PM10
Bagalkot,51,16-Jul-26,PM10
Baghpat,117,16-Jul-26,PM10
Bahadurgarh,202,16-Jul-26,PM2.5
Balasore,47,16-Jul-26,O3
Ballabgarh,208,16-Jul-26,PM2.5
Banswara,89,16-Jul-26,PM10
Baran,94,16-Jul-26,PM10
Barbil,54,16-Jul-26,PM10
Bareilly,58,16-Jul-26,"SO2, PM10"
Baripada,40,16-Jul-26,O3
Barmer,95,16-Jul-26,PM10
Barrackpore,38,16-Jul-26,CO
Bathinda,78,16-Jul-26,CO
Beed,61,16-Jul-26,PM10
Belapur,62,16-Jul-26,PM10
Bengaluru,70,16-Jul-26,PM10
Bhagalpur,48,16-Jul-26,"PM10, PM2.5"
Bharatpur,78,16-Jul-26,PM10
Bhavnagar,82,16-Jul-26,CO
Bhilai,48,16-Jul-26,PM10
Bhilwara,98,16-Jul-26,PM10
Bhiwadi,119,16-Jul-26,PM10
Bhiwandi,58,16-Jul-26,PM10
Bhiwani,87,16-Jul-26,PM2.5
Bhopal,91,16-Jul-26,PM10
Bhubaneswar,83,16-Jul-26,"PM2.5, CO"
Bihar Sharif,103,16-Jul-26,CO
Bikaner,131,16-Jul-26,PM10
Bilaspur,53,16-Jul-26,PM10
Bileipada,73,16-Jul-26,PM10
Boisar,54,16-Jul-26,PM10
Brajrajnagar,43,16-Jul-26,O3
Bulandshahr,191,16-Jul-26,PM10
Bundi,78,16-Jul-26,PM10
Buxar,55,16-Jul-26,PM2.5
Byasanagar,41,16-Jul-26,PM10
Byrnihat (Assam),92,16-Jul-26,PM2.5
Byrnihat (Meghalaya),116,16-Jul-26,PM2.5
Chamarajanagar,43,16-Jul-26,PM10
Chandigarh,56,16-Jul-26,"PM10, CO"
Chandrapur,76,16-Jul-26,PM10
Charkhi Dadri,248,16-Jul-26,PM2.5
Chennai,102,16-Jul-26,PM10
Chhal,47,16-Jul-26,PM2.5
Chhapra,113,16-Jul-26,PM10
Chikkaballapur,77,16-Jul-26,PM10
Chikkamagaluru,59,16-Jul-26,CO
Chittoor,71,16-Jul-26,PM2.5
Chittorgarh,77,16-Jul-26,PM10
Churu,153,16-Jul-26,PM10
Coimbatore,34,16-Jul-26,PM2.5
Cuddalore,41,16-Jul-26,"PM10, SO2"
Damoh,51,16-Jul-26,SO2
Dausa,124,16-Jul-26,PM10
Dehradun,69,16-Jul-26,PM10
Delhi,176,16-Jul-26,PM10
Dewas,91,16-Jul-26,NO2
Dhanbad,99,16-Jul-26,NO2
Dharuhera,123,16-Jul-26,PM2.5
Dharwad,83,16-Jul-26,PM10
Dholpur,51,16-Jul-26,PM2.5
Dombivli,26,16-Jul-26,PM10
Dungarpur,51,16-Jul-26,PM10
Durgapur,71,16-Jul-26,"CO, NO2, PM10"
Eluru,48,16-Jul-26,PM2.5
Faridabad,153,16-Jul-26,"PM2.5, PM10"
Fatehabad,140,16-Jul-26,PM10
Firozabad,58,16-Jul-26,"PM10, CO"
Gadag,29,16-Jul-26,PM10
Gandhinagar,59,16-Jul-26,PM10
Gaya,77,16-Jul-26,"CO, PM10"
Ghaziabad,183,16-Jul-26,PM10
Gorakhpur,70,16-Jul-26,PM10
Greater Noida,249,16-Jul-26,PM10
Gummidipoondi,122,16-Jul-26,PM10
Guntur,53,16-Jul-26,PM2.5
Gurugram,208,16-Jul-26,"PM2.5, PM10"
Guwahati,80,16-Jul-26,"PM2.5, SO2"
Gwalior,76,16-Jul-26,"PM10, PM2.5"
Hajipur,130,16-Jul-26,O3
Haldia,36,16-Jul-26,PM10
Hanumangarh,90,16-Jul-26,PM10
Hingoli,34,16-Jul-26,O3
Hisar,143,16-Jul-26,PM10
Howrah,45,16-Jul-26,"CO, NO2, PM2.5"
Hubballi,68,16-Jul-26,PM10
Hyderabad,54,16-Jul-26,PM10
Indore,58,16-Jul-26,"PM10, CO, PM2.5"
Jabalpur,64,16-Jul-26,"PM10, CO"
Jaipur,144,16-Jul-26,"PM2.5, PM10"
Jaisalmer,117,16-Jul-26,PM10
Jalandhar,90,16-Jul-26,PM10
Jalna,37,16-Jul-26,O3
Jalore,83,16-Jul-26,PM10
Jhalawar,72,16-Jul-26,PM10
Jhansi,60,16-Jul-26,PM10
Jhunjhunu,130,16-Jul-26,PM10
Jind,232,16-Jul-26,PM2.5
Jodhpur,76,16-Jul-26,PM10
Jorapokhar,107,16-Jul-26,PM10
Kadapa,54,16-Jul-26,PM10
Kalaburagi,33,16-Jul-26,CO
Kalyan,54,16-Jul-26,PM2.5
Kanpur,87,16-Jul-26,"PM2.5, PM10"
Karauli,91,16-Jul-26,PM10
Karnal,169,16-Jul-26,PM2.5
Kashipur,51,16-Jul-26,PM2.5
Katihar,91,16-Jul-26,CO
Katni,118,16-Jul-26,PM10
Keonjhar,44,16-Jul-26,PM10
Khanna,65,16-Jul-26,PM10
Khora,209,16-Jul-26,PM2.5
Khurja,84,16-Jul-26,PM10
Kishanganj,45,16-Jul-26,PM2.5
Kohima,53,16-Jul-26,SO2
Kolhapur,53,16-Jul-26,PM10
Kolkata,41,16-Jul-26,"PM10, CO, PM2.5"
Koppal,32,16-Jul-26,PM10
Korba,34,16-Jul-26,PM10
Kota,74,16-Jul-26,PM10
Kunjemura,56,16-Jul-26,PM10
Kurnool,63,16-Jul-26,PM2.5
Kurukshetra,146,16-Jul-26,PM10
Latur,42,16-Jul-26,PM10
Lucknow,70,16-Jul-26,"PM10, PM2.5, CO"
Ludhiana,114,16-Jul-26,PM10
Machilipatnam,56,16-Jul-26,PM2.5
Madikeri,32,16-Jul-26,PM10
Mahad,65,16-Jul-26,PM2.5
Maihar,49,16-Jul-26,PM10
Malegaon,72,16-Jul-26,PM10
Mandideep,105,16-Jul-26,PM10
Mandi Gobindgarh,133,16-Jul-26,PM10
Mandikhera,79,16-Jul-26,PM10
Manesar,162,16-Jul-26,PM2.5
Mangalore,61,16-Jul-26,PM10
Mathura,118,16-Jul-26,PM10
Meerut,173,16-Jul-26,"PM2.5, PM10"
Mehsana,70,16-Jul-26,CO
Milupara,40,16-Jul-26,PM10
Moradabad,92,16-Jul-26,PM10
Motihari,94,16-Jul-26,PM2.5
Mumbai,54,16-Jul-26,PM10
Munger,55,16-Jul-26,PM10
Muzaffarnagar,159,16-Jul-26,PM10
Muzaffarpur,60,16-Jul-26,"CO, PM10, PM2.5"
Mysuru,65,16-Jul-26,PM10
Nagaon,62,16-Jul-26,PM2.5
Nagaur,90,16-Jul-26,PM10
Nagpur,71,16-Jul-26,PM10
Nalbari,44,16-Jul-26,PM2.5
Nanded,53,16-Jul-26,PM10
Narnaul,114,16-Jul-26,PM2.5
Nashik,47,16-Jul-26,PM10
Navi Mumbai,45,16-Jul-26,PM10
Nellore,54,16-Jul-26,PM2.5
Noida,172,16-Jul-26,PM10
Pali,155,16-Jul-26,PM2.5
Palwal,91,16-Jul-26,PM10
Pampore,89,16-Jul-26,PM10
Panchgaon,267,16-Jul-26,PM2.5
Panchkula,47,16-Jul-26,PM2.5
Panipat,253,16-Jul-26,PM10
Parbhani,57,16-Jul-26,PM10
Patiala,111,16-Jul-26,PM10
Patna,67,16-Jul-26,"PM10, O3"
Pimpri-Chinchwad,57,16-Jul-26,PM10
Pithampur,77,16-Jul-26,PM2.5
Pratapgarh,70,16-Jul-26,PM10
Prayagraj,51,16-Jul-26,"PM10, SO2"
Puducherry,56,16-Jul-26,O3
Pune,58,16-Jul-26,"CO, PM10"
Purnia,57,16-Jul-26,CO
Raebareli,125,16-Jul-26,PM10
Raipur,57,16-Jul-26,PM10
Rairangpur,28,16-Jul-26,PM10
Rajamahendravaram,99,16-Jul-26,PM10
Rajgir,49,16-Jul-26,PM2.5
Rajkot,91,16-Jul-26,CO
Rajsamand,73,16-Jul-26,PM10
Ramanagara,55,16-Jul-26,PM10
Ratlam,37,16-Jul-26,NO2
Rishikesh,43,16-Jul-26,O3
Rohtak,127,16-Jul-26,PM2.5
Rourkela,56,16-Jul-26,"PM2.5, PM10, CO"
Rupnagar,134,16-Jul-26,PM2.5
Sagar,59,16-Jul-26,PM10
Samastipur,48,16-Jul-26,PM2.5
Sangli,51,16-Jul-26,PM10
Satna,70,16-Jul-26,PM10
Sawai Madhopur,117,16-Jul-26,PM10
Shivamogga,50,16-Jul-26,PM10
Silchar,55,16-Jul-26,PM10
Siliguri,116,16-Jul-26,NO2
Singrauli,100,16-Jul-26,PM10
Sirsa,107,16-Jul-26,PM10
Sivasagar,39,16-Jul-26,O3
Solapur,41,16-Jul-26,PM10
Sonipat,235,16-Jul-26,PM2.5
Sri Ganganagar,70,16-Jul-26,NO2
Srinagar,81,16-Jul-26,"PM2.5, PM10"
Suakati,64,16-Jul-26,PM10
Surat,55,16-Jul-26,PM10
Thane,45,16-Jul-26,PM10
Thoothukudi,68,16-Jul-26,PM10
Thrissur,59,16-Jul-26,PM10
Tirumala,59,16-Jul-26,NO2
Tirupati,75,16-Jul-26,PM10
Tonk,131,16-Jul-26,PM10
Tumidih,38,16-Jul-26,CO
Udaipur,100,16-Jul-26,PM10
Ujjain,63,16-Jul-26,PM10
Ulhasnagar,49,16-Jul-26,PM10
Vadodara,99,16-Jul-26,CO
Vapi,66,16-Jul-26,PM10
Varanasi,69,16-Jul-26,PM10
Vatva,92,16-Jul-26,PM10
Vijayapura,43,16-Jul-26,PM10
Vijayawada,65,16-Jul-26,PM10
Virar,81,16-Jul-26,PM10
Visakhapatnam,148,16-Jul-26,PM10
Vrindavan,75,16-Jul-26,PM10
Yadgir,48,16-Jul-26,PM10
Yamuna Nagar,130,16-Jul-26,PM2.5
Agartala,97,17-Jul-26,PM10
Agra,143,17-Jul-26,"PM2.5, PM10"
Ahmedabad,61,17-Jul-26,PM10
Ahmednagar,47,17-Jul-26,PM10
Aizawl,33,17-Jul-26,PM10
Ajmer,88,17-Jul-26,PM10
Akola,80,17-Jul-26,PM10
Alwar,132,17-Jul-26,PM2.5
Amaravati,60,17-Jul-26,PM10
Ambala,144,17-Jul-26,PM10
Ambernath,86,17-Jul-26,PM10
Amravati,63,17-Jul-26,PM10
Amritsar,106,17-Jul-26,PM10
Anantapur,81,17-Jul-26,PM2.5
Angul,55,17-Jul-26,CO
Ankleshwar,67,17-Jul-26,PM10
Araria,40,17-Jul-26,CO
Asansol,52,17-Jul-26,"SO2, CO, PM10"
Aurangabad (Maharashtra),60,17-Jul-26,"PM10, PM2.5"
Baddi,139,17-Jul-26,PM10
Badlapur,47,17-Jul-26,PM10
Bagalkot,51,17-Jul-26,PM10
Baghpat,129,17-Jul-26,PM10
Bahadurgarh,241,17-Jul-26,PM2.5
Balasore,51,17-Jul-26,O3
Ballabgarh,227,17-Jul-26,PM2.5
Banswara,83,17-Jul-26,PM10
Baran,98,17-Jul-26,O3
Barbil,45,17-Jul-26,PM10
Bareilly,54,17-Jul-26,"SO2, PM10"
Baripada,45,17-Jul-26,O3
Barmer,97,17-Jul-26,PM10
Barrackpore,47,17-Jul-26,PM10
Bathinda,78,17-Jul-26,CO
Beed,61,17-Jul-26,PM10
Begusarai,40,17-Jul-26,O3
Belapur,54,17-Jul-26,PM10
Bengaluru,65,17-Jul-26,PM10
Bhagalpur,65,17-Jul-26,"PM10, CO"
Bharatpur,100,17-Jul-26,PM10
Bhavnagar,82,17-Jul-26,CO
Bhilai,27,17-Jul-26,"PM10, CO"
Bhilwara,95,17-Jul-26,PM10
Bhiwadi,117,17-Jul-26,PM10
Bhiwani,128,17-Jul-26,PM2.5
Bhopal,83,17-Jul-26,PM10
Bhubaneswar,47,17-Jul-26,CO
Bikaner,116,17-Jul-26,PM10
Bileipada,58,17-Jul-26,PM10
Boisar,57,17-Jul-26,PM10
Brajrajnagar,42,17-Jul-26,O3
Bulandshahr,228,17-Jul-26,PM10
Bundi,75,17-Jul-26,PM10
Buxar,38,17-Jul-26,PM2.5
Byasanagar,56,17-Jul-26,PM10
Byrnihat (Assam),78,17-Jul-26,PM2.5
Byrnihat (Meghalaya),115,17-Jul-26,PM2.5
Chamarajanagar,45,17-Jul-26,PM10
Chandigarh,62,17-Jul-26,"PM10, CO"
Chandrapur,64,17-Jul-26,PM10
Charkhi Dadri,222,17-Jul-26,PM2.5
Chennai,88,17-Jul-26,PM10
Chhal,51,17-Jul-26,O3
Chhapra,118,17-Jul-26,PM10
Chikkaballapur,72,17-Jul-26,PM10
Chikkamagaluru,45,17-Jul-26,PM10
Chittoor,66,17-Jul-26,PM10
Chittorgarh,68,17-Jul-26,PM10
Churu,133,17-Jul-26,PM10
Coimbatore,50,17-Jul-26,PM2.5
Cuddalore,59,17-Jul-26,PM10
Cuttack,49,17-Jul-26,CO
Damoh,51,17-Jul-26,SO2
Dausa,138,17-Jul-26,PM10
Delhi,177,17-Jul-26,PM10
Dewas,85,17-Jul-26,NO2
Dhanbad,100,17-Jul-26,NO2
Dharwad,74,17-Jul-26,PM10
Dholpur,57,17-Jul-26,PM2.5
Dombivli,31,17-Jul-26,PM10
Dungarpur,47,17-Jul-26,PM10
Durgapur,51,17-Jul-26,"NO2, PM10, O3"
Eluru,54,17-Jul-26,PM10
Faridabad,134,17-Jul-26,"PM2.5, PM10"
Fatehabad,162,17-Jul-26,PM10
Firozabad,62,17-Jul-26,"PM10, CO"
Gadag,30,17-Jul-26,PM10
Gandhinagar,51,17-Jul-26,PM10
Gaya,49,17-Jul-26,O3
Ghaziabad,220,17-Jul-26,PM10
Gorakhpur,124,17-Jul-26,PM10
Greater Noida,297,17-Jul-26,PM10
Gummidipoondi,107,17-Jul-26,PM10
Guntur,45,17-Jul-26,PM2.5
Gurugram,198,17-Jul-26,"PM2.5, PM10"
Guwahati,80,17-Jul-26,"PM2.5, SO2"
Gwalior,84,17-Jul-26,"PM10, PM2.5, O3"
Hajipur,62,17-Jul-26,PM10
Haldia,33,17-Jul-26,PM10
Hanumangarh,105,17-Jul-26,PM10
Hapur,167,17-Jul-26,PM10
Hingoli,38,17-Jul-26,PM10
Hisar,139,17-Jul-26,PM10
Howrah,50,17-Jul-26,"CO, NO2"
Hubballi,64,17-Jul-26,PM10
Hyderabad,49,17-Jul-26,PM10
Indore,57,17-Jul-26,"CO, PM10, PM2.5"
Jabalpur,49,17-Jul-26,"NO2, CO, PM10"
Jaipur,136,17-Jul-26,"PM2.5, PM10"
Jaisalmer,120,17-Jul-26,PM10
Jalandhar,108,17-Jul-26,PM10
Jalgaon,41,17-Jul-26,PM10
Jalna,40,17-Jul-26,O3
Jalore,86,17-Jul-26,PM10
Jhalawar,63,17-Jul-26,PM10
Jhansi,61,17-Jul-26,PM10
Jhunjhunu,117,17-Jul-26,PM10
Jind,168,17-Jul-26,PM2.5
Jodhpur,72,17-Jul-26,PM10
Jorapokhar,97,17-Jul-26,PM10
Kadapa,60,17-Jul-26,PM10
Kaithal,240,17-Jul-26,PM2.5
Kalaburagi,31,17-Jul-26,CO
Kalyan,57,17-Jul-26,PM10
Kanpur,55,17-Jul-26,"PM10, CO"
Karauli,102,17-Jul-26,PM10
Karnal,118,17-Jul-26,PM2.5
Karwar,48,17-Jul-26,PM10
Katihar,72,17-Jul-26,CO
Katni,80,17-Jul-26,PM10
Keonjhar,35,17-Jul-26,CO
Khairthal,118,17-Jul-26,PM10
Khanna,65,17-Jul-26,PM10
Khora,259,17-Jul-26,PM2.5
Khurja,101,17-Jul-26,PM10
Kishanganj,41,17-Jul-26,PM2.5
Kohima,50,17-Jul-26,SO2
Kolhapur,44,17-Jul-26,"PM2.5, PM10"
Kolkata,42,17-Jul-26,"PM10, CO, O3"
Koppal,36,17-Jul-26,PM10
Korba,20,17-Jul-26,CO
Kota,67,17-Jul-26,PM10
Kunjemura,28,17-Jul-26,PM10
Kurukshetra,139,17-Jul-26,PM10
Latur,37,17-Jul-26,PM10
Lucknow,63,17-Jul-26,"PM10, CO"
Ludhiana,103,17-Jul-26,PM10
Machilipatnam,56,17-Jul-26,PM2.5
Madikeri,20,17-Jul-26,PM10
Mahad,50,17-Jul-26,PM10
Maihar,41,17-Jul-26,PM10
Malegaon,67,17-Jul-26,PM10
Mandideep,99,17-Jul-26,PM10
Mandi Gobindgarh,126,17-Jul-26,PM10
Mandikhera,78,17-Jul-26,PM10
Mangalore,37,17-Jul-26,O3
Meerut,201,17-Jul-26,"PM2.5, PM10"
Mehsana,68,17-Jul-26,CO
Milupara,31,17-Jul-26,NO2
Mira-Bhayandar,32,17-Jul-26,PM10
Modinagar,151,17-Jul-26,PM2.5
Moradabad,95,17-Jul-26,PM10
Mumbai,54,17-Jul-26,PM10
Munger,62,17-Jul-26,PM10
Muzaffarnagar,158,17-Jul-26,PM10
Muzaffarpur,58,17-Jul-26,"O3, PM2.5, PM10"
Mysuru,63,17-Jul-26,PM10
Nagaur,78,17-Jul-26,PM10
Nagpur,67,17-Jul-26,PM10
Nanded,62,17-Jul-26,PM10
Narnaul,86,17-Jul-26,PM10
Nashik,58,17-Jul-26,"PM10, O3"
Navi Mumbai,44,17-Jul-26,PM10
Nellore,63,17-Jul-26,PM10
Noida,198,17-Jul-26,PM10
Pali,140,17-Jul-26,PM2.5
Palwal,85,17-Jul-26,PM10
Pampore,77,17-Jul-26,PM10
Panchgaon,253,17-Jul-26,PM2.5
Panchkula,83,17-Jul-26,PM2.5
Panipat,231,17-Jul-26,PM10
Parbhani,61,17-Jul-26,PM10
Patiala,111,17-Jul-26,PM10
Patna,62,17-Jul-26,"PM10, O3, PM2.5"
Pimpri-Chinchwad,48,17-Jul-26,PM10
Pithampur,72,17-Jul-26,PM2.5
Pratapgarh,66,17-Jul-26,PM10
Prayagraj,90,17-Jul-26,"PM10, SO2"
Puducherry,49,17-Jul-26,PM10
Pune,55,17-Jul-26,"CO, PM10"
Purnia,55,17-Jul-26,CO
Raebareli,115,17-Jul-26,PM10
Raipur,31,17-Jul-26,"PM10, CO"
Rairangpur,30,17-Jul-26,CO
Rajgir,74,17-Jul-26,PM2.5
Rajkot,91,17-Jul-26,PM10
Rajsamand,71,17-Jul-26,PM10
Ramanagara,49,17-Jul-26,PM10
Ratlam,37,17-Jul-26,NO2
Rishikesh,37,17-Jul-26,CO
Rohtak,115,17-Jul-26,PM10
Rourkela,60,17-Jul-26,"PM2.5, PM10"
Rupnagar,261,17-Jul-26,PM2.5
Sagar,54,17-Jul-26,PM10
Samastipur,66,17-Jul-26,PM2.5
Sangli,43,17-Jul-26,PM10
Sasaram,130,17-Jul-26,PM10
Satna,70,17-Jul-26,PM10
Sawai Madhopur,113,17-Jul-26,PM10
Shillong,24,17-Jul-26,SO2
Shivamogga,52,17-Jul-26,O3
Sikar,66,17-Jul-26,PM10
Silchar,53,17-Jul-26,PM10
Siliguri,117,17-Jul-26,NO2
Singrauli,82,17-Jul-26,PM10
Sirohi,76,17-Jul-26,PM10
Sirsa,111,17-Jul-26,PM10
Sivasagar,52,17-Jul-26,O3
Solapur,41,17-Jul-26,"O3, PM10"
Sonipat,258,17-Jul-26,PM2.5
Sri Ganganagar,148,17-Jul-26,PM10
Srinagar,58,17-Jul-26,"PM2.5, PM10"
Suakati,37,17-Jul-26,PM10
Surat,64,17-Jul-26,PM10
Tensa,35,17-Jul-26,SO2
Thane,45,17-Jul-26,PM10
Thiruvananthapuram,61,17-Jul-26,PM10
Thoothukudi,66,17-Jul-26,PM10
Thrissur,49,17-Jul-26,PM10
Tirumala,54,17-Jul-26,NO2
Tirupati,70,17-Jul-26,PM10
Tonk,123,17-Jul-26,PM10
Tumakuru,68,17-Jul-26,PM10
Tumidih,28,17-Jul-26,NO2
Udaipur,80,17-Jul-26,PM10
Ujjain,57,17-Jul-26,PM2.5
Ulhasnagar,49,17-Jul-26,PM10
Vadodara,98,17-Jul-26,CO
Vapi,65,17-Jul-26,PM2.5
Varanasi,61,17-Jul-26,PM10
Vatva,82,17-Jul-26,PM10
Vijayapura,43,17-Jul-26,PM10
Vijayawada,57,17-Jul-26,PM10
Virar,68,17-Jul-26,PM10
Visakhapatnam,137,17-Jul-26,PM10
Vrindavan,94,17-Jul-26,PM2.5
Yadgir,49,17-Jul-26,PM10
Yamuna Nagar,98,17-Jul-26,PM10
Agartala,55,19-Jul-26,PM2.5
Agra,103,19-Jul-26,"PM2.5, PM10"
Ahmedabad,73,19-Jul-26,PM10
Ahmednagar,26,19-Jul-26,PM10
Aizawl,24,19-Jul-26,PM10
Ajmer,91,19-Jul-26,PM10
Akola,70,19-Jul-26,PM10
Alwar,136,19-Jul-26,PM2.5
Amaravati,69,19-Jul-26,PM10
Ambala,118,19-Jul-26,PM10
Amravati,35,19-Jul-26,PM10
Amritsar,88,19-Jul-26,PM10
Anantapur,139,19-Jul-26,PM2.5
Angul,55,19-Jul-26,CO
Ankleshwar,61,19-Jul-26,PM10
Araria,39,19-Jul-26,PM2.5
Asansol,51,19-Jul-26,"SO2, CO, PM10"
Aurangabad (Maharashtra),48,19-Jul-26,"PM2.5, PM10"
Baddi,155,19-Jul-26,PM10
Badlapur,49,19-Jul-26,PM10
Bagalkot,51,19-Jul-26,PM10
Baghpat,137,19-Jul-26,PM10
Bahadurgarh,172,19-Jul-26,PM2.5
Balasore,83,19-Jul-26,PM10
Ballabgarh,176,19-Jul-26,PM10
Banswara,82,19-Jul-26,PM10
Baran,73,19-Jul-26,PM10
Barbil,77,19-Jul-26,PM10
Bareilly,82,19-Jul-26,O3
Baripada,70,19-Jul-26,PM10
Barmer,88,19-Jul-26,PM10
Barrackpore,46,19-Jul-26,PM10
Bathinda,78,19-Jul-26,CO
Beed,46,19-Jul-26,PM10
Begusarai,75,19-Jul-26,PM2.5
Belapur,32,19-Jul-26,CO
Bengaluru,60,19-Jul-26,PM10
Bhagalpur,87,19-Jul-26,PM10
Bharatpur,62,19-Jul-26,PM10
Bhavnagar,82,19-Jul-26,CO
Bhilai,26,19-Jul-26,"PM10, CO"
Bhilwara,93,19-Jul-26,PM10
Bhiwadi,116,19-Jul-26,PM10
Bhiwani,130,19-Jul-26,PM2.5
Bhopal,59,19-Jul-26,PM10
Bhubaneswar,60,19-Jul-26,"CO, PM10"
Bikaner,99,19-Jul-26,PM10
Bilaspur,30,19-Jul-26,CO
Bileipada,108,19-Jul-26,PM2.5
Boisar,45,19-Jul-26,PM10
Brajrajnagar,43,19-Jul-26,O3
Bulandshahr,148,19-Jul-26,PM10
Bundi,73,19-Jul-26,PM10
Byasanagar,65,19-Jul-26,PM2.5
Byrnihat (Assam),71,19-Jul-26,PM2.5
Byrnihat (Meghalaya),122,19-Jul-26,PM2.5
Chamarajanagar,45,19-Jul-26,PM10
Chandigarh,68,19-Jul-26,PM10
Chandrapur,55,19-Jul-26,PM10
Charkhi Dadri,164,19-Jul-26,PM2.5
Chennai,94,19-Jul-26,"PM10, O3"
Chhal,76,19-Jul-26,O3
Chhapra,112,19-Jul-26,PM10
Chittoor,70,19-Jul-26,PM2.5
Chittorgarh,72,19-Jul-26,PM10
Churu,117,19-Jul-26,PM10
Cuttack,77,19-Jul-26,PM10
Damoh,48,19-Jul-26,SO2
Dausa,90,19-Jul-26,PM10
Dehradun,77,19-Jul-26,PM2.5
Delhi,171,19-Jul-26,PM10
Dewas,85,19-Jul-26,NO2
Dhanbad,117,19-Jul-26,NO2
Dharuhera,125,19-Jul-26,PM2.5
Dharwad,77,19-Jul-26,PM10
Dholpur,45,19-Jul-26,PM2.5
Dombivli,17,19-Jul-26,NO2
Dungarpur,55,19-Jul-26,PM10
Durgapur,61,19-Jul-26,"NO2, PM10"
Eluru,59,19-Jul-26,PM2.5
Faridabad,135,19-Jul-26,"PM2.5, PM10"
Firozabad,51,19-Jul-26,PM10
Gadag,27,19-Jul-26,PM10
Gandhinagar,64,19-Jul-26,PM10
Gaya,53,19-Jul-26,"PM2.5, PM10"
Ghaziabad,181,19-Jul-26,PM10
Greater Noida,232,19-Jul-26,PM10
Gummidipoondi,103,19-Jul-26,PM2.5
Guntur,54,19-Jul-26,PM2.5
Gurugram,149,19-Jul-26,"PM2.5, PM10"
Guwahati,141,19-Jul-26,"PM2.5, SO2"
Gwalior,67,19-Jul-26,"PM2.5, PM10, O3"
Hajipur,43,19-Jul-26,PM10
Haldia,47,19-Jul-26,PM10
Hanumangarh,86,19-Jul-26,PM10
Hapur,129,19-Jul-26,PM10
Hingoli,31,19-Jul-26,O3
Hisar,114,19-Jul-26,PM10
Howrah,55,19-Jul-26,"CO, PM2.5, PM10"
Hubballi,55,19-Jul-26,PM10
Hyderabad,48,19-Jul-26,PM10
Indore,55,19-Jul-26,"CO, PM2.5, PM10"
Jabalpur,49,19-Jul-26,"PM2.5, NO2, PM10"
Jaipur,106,19-Jul-26,"PM10, PM2.5"
Jaisalmer,88,19-Jul-26,PM10
Jalandhar,113,19-Jul-26,PM10
Jalgaon,41,19-Jul-26,PM10
Jalna,38,19-Jul-26,O3
Jalore,76,19-Jul-26,PM10
Jhalawar,60,19-Jul-26,PM10
Jhunjhunu,123,19-Jul-26,PM10
Jind,138,19-Jul-26,PM2.5
Jodhpur,70,19-Jul-26,PM10
Jorapokhar,102,19-Jul-26,PM10
Kadapa,45,19-Jul-26,PM10
Kaithal,153,19-Jul-26,PM2.5
Kalaburagi,45,19-Jul-26,CO
Kalyan,56,19-Jul-26,PM2.5
Kannur,45,19-Jul-26,PM10
Kanpur,48,19-Jul-26,"PM10, CO"
Karnal,174,19-Jul-26,PM2.5
Karwar,58,19-Jul-26,PM10
Katihar,94,19-Jul-26,CO
Katni,43,19-Jul-26,PM10
Keonjhar,42,19-Jul-26,PM10
Khairthal,111,19-Jul-26,PM10
Khanna,70,19-Jul-26,PM10
Khora,241,19-Jul-26,PM2.5
Khurja,84,19-Jul-26,PM10
Kishanganj,35,19-Jul-26,PM2.5
Kohima,46,19-Jul-26,SO2
Kolhapur,34,19-Jul-26,PM10
Kolkata,44,19-Jul-26,"PM10, CO"
Koppal,29,19-Jul-26,NO2
Korba,34,19-Jul-26,CO
Kota,79,19-Jul-26,"PM10, PM2.5"
Kunjemura,39,19-Jul-26,PM10
Kurnool,36,19-Jul-26,PM10
Kurukshetra,132,19-Jul-26,PM10
Latur,33,19-Jul-26,PM10
Lucknow,66,19-Jul-26,PM10
Ludhiana,96,19-Jul-26,PM10
Madikeri,13,19-Jul-26,PM10
Mahad,44,19-Jul-26,PM10
Maihar,40,19-Jul-26,CO
Malegaon,51,19-Jul-26,PM10
Mandideep,58,19-Jul-26,PM10
Mandi Gobindgarh,124,19-Jul-26,PM10
Mandikhera,78,19-Jul-26,PM10
Manesar,189,19-Jul-26,PM2.5
Mangalore,45,19-Jul-26,PM10
Mathura,125,19-Jul-26,PM10
Meerut,144,19-Jul-26,PM10
Mehsana,76,19-Jul-26,PM10
Milupara,38,19-Jul-26,PM10
Mira-Bhayandar,23,19-Jul-26,PM10
Modinagar,164,19-Jul-26,PM2.5
Moradabad,59,19-Jul-26,"SO2, PM10"
Motihari,59,19-Jul-26,O3
Mumbai,41,19-Jul-26,"NO2, PM10"
Munger,69,19-Jul-26,PM10
Muzaffarnagar,133,19-Jul-26,PM2.5
Muzaffarpur,46,19-Jul-26,"PM10, PM2.5, O3"
Mysuru,71,19-Jul-26,O3
Nagaon,61,19-Jul-26,PM2.5
Nagaur,84,19-Jul-26,PM10
Nagpur,36,19-Jul-26,"PM10, PM2.5"
Naharlagun,16,19-Jul-26,PM10
Nalbari,34,19-Jul-26,PM2.5
Nanded,28,19-Jul-26,PM10
Narnaul,92,19-Jul-26,PM2.5
Nashik,32,19-Jul-26,"PM10, CO"
Navi Mumbai,31,19-Jul-26,"PM2.5, PM10"
Nellore,51,19-Jul-26,PM10
Noida,192,19-Jul-26,PM10
Pali,101,19-Jul-26,PM10
Palwal,90,19-Jul-26,PM10
Pampore,50,19-Jul-26,PM10
Panchgaon,248,19-Jul-26,PM2.5
Panchkula,102,19-Jul-26,PM2.5
Parbhani,45,19-Jul-26,PM10
Patiala,111,19-Jul-26,PM10
Patna,61,19-Jul-26,"PM10, O3, PM2.5"
Pimpri-Chinchwad,44,19-Jul-26,PM10
Pithampur,62,19-Jul-26,PM2.5
Pratapgarh,69,19-Jul-26,PM10
Prayagraj,39,19-Jul-26,"PM10, SO2"
Puducherry,50,19-Jul-26,O3
Pune,47,19-Jul-26,"CO, PM10"
Purnia,55,19-Jul-26,CO
Raebareli,95,19-Jul-26,PM10
Raipur,24,19-Jul-26,"PM10, CO"
Rairangpur,46,19-Jul-26,PM10
Rajgir,104,19-Jul-26,PM2.5
Rajkot,90,19-Jul-26,CO
Rajsamand,78,19-Jul-26,PM10
Ramanagara,38,19-Jul-26,PM10
Ratlam,37,19-Jul-26,NO2
Rishikesh,37,19-Jul-26,CO
Rohtak,98,19-Jul-26,PM10
Rourkela,64,19-Jul-26,"PM10, PM2.5"
Rupnagar,86,19-Jul-26,PM2.5
Sagar,70,19-Jul-26,PM10
Samastipur,30,19-Jul-26,PM2.5
Sangli,32,19-Jul-26,PM10
Satna,70,19-Jul-26,PM10
Sawai Madhopur,111,19-Jul-26,PM10
Shivamogga,51,19-Jul-26,O3
Sikar,71,19-Jul-26,PM10
Silchar,55,19-Jul-26,PM10
Siliguri,111,19-Jul-26,NO2
Singrauli,61,19-Jul-26,PM10
Sirohi,75,19-Jul-26,PM10
Sirsa,123,19-Jul-26,PM10
Sivasagar,33,19-Jul-26,O3
Solapur,40,19-Jul-26,O3
Sonipat,217,19-Jul-26,PM2.5
Sri Ganganagar,92,19-Jul-26,PM10
Srinagar,48,19-Jul-26,"PM2.5, PM10"
Surat,70,19-Jul-26,PM10
Talcher,67,19-Jul-26,SO2
Tensa,43,19-Jul-26,CO
Thane,35,19-Jul-26,PM10
Thiruvananthapuram,40,19-Jul-26,PM10
Thoothukudi,65,19-Jul-26,PM10
Thrissur,49,19-Jul-26,PM10
Tirumala,49,19-Jul-26,NO2
Tonk,118,19-Jul-26,PM10
Tumakuru,61,19-Jul-26,PM10
Tumidih,40,19-Jul-26,PM10
Udaipur,91,19-Jul-26,PM10
Ujjain,52,19-Jul-26,PM10
Ulhasnagar,40,19-Jul-26,PM10
Vadodara,99,19-Jul-26,CO
Vapi,37,19-Jul-26,PM10
Varanasi,38,19-Jul-26,PM10
Vatva,107,19-Jul-26,PM10
Vijayapura,43,19-Jul-26,PM10
Vijayawada,59,19-Jul-26,"PM2.5, PM10"
Virar,47,19-Jul-26,CO
Visakhapatnam,115,19-Jul-26,PM10
Vrindavan,89,19-Jul-26,PM2.5
Yadgir,23,19-Jul-26,O3
Yamuna Nagar,63,19-Jul-26,O3
Agartala,54,20-Jul-26,PM2.5
Agra,94,20-Jul-26,"PM10, PM2.5"
Ahmedabad,61,20-Jul-26,PM10
Ahmednagar,44,20-Jul-26,PM10
Aizawl,16,20-Jul-26,PM10
Ajmer,87,20-Jul-26,PM10
Akola,59,20-Jul-26,PM10
Alwar,95,20-Jul-26,PM2.5
Amaravati,52,20-Jul-26,PM10
Ambala,75,20-Jul-26,PM10
Amravati,35,20-Jul-26,PM10
Amritsar,69,20-Jul-26,PM10
Anantapur,94,20-Jul-26,PM2.5
Angul,54,20-Jul-26,CO
Ankleshwar,65,20-Jul-26,CO
Araria,39,20-Jul-26,PM2.5
Asansol,50,20-Jul-26,"SO2, CO, PM10"
Aurangabad (Maharashtra),42,20-Jul-26,"PM2.5, CO"
Baddi,151,20-Jul-26,PM10
Badlapur,48,20-Jul-26,PM10
Bagalkot,51,20-Jul-26,PM10
Baghpat,133,20-Jul-26,PM10
Bahadurgarh,169,20-Jul-26,PM2.5
Balasore,63,20-Jul-26,PM10
Ballabgarh,135,20-Jul-26,PM10
Banswara,96,20-Jul-26,PM10
Baran,64,20-Jul-26,PM10
Barbil,60,20-Jul-26,PM10
Bareilly,49,20-Jul-26,"O3, PM10"
Baripada,60,20-Jul-26,O3
Barmer,77,20-Jul-26,PM10
Barrackpore,58,20-Jul-26,PM10
Bathinda,78,20-Jul-26,CO
Beed,48,20-Jul-26,PM10
Belapur,35,20-Jul-26,CO
Bengaluru,59,20-Jul-26,"PM10, PM2.5"
Bhagalpur,92,20-Jul-26,PM10
Bharatpur,31,20-Jul-26,PM10
Bhavnagar,83,20-Jul-26,CO
Bhilai,23,20-Jul-26,"PM10, CO"
Bhilwara,87,20-Jul-26,PM10
Bhiwadi,98,20-Jul-26,PM10
Bhiwani,124,20-Jul-26,PM2.5
Bhopal,49,20-Jul-26,PM10
Bhubaneswar,63,20-Jul-26,PM2.5
Bikaner,89,20-Jul-26,PM10
Bilaspur,31,20-Jul-26,CO
Bileipada,98,20-Jul-26,PM10
Boisar,44,20-Jul-26,PM10
Brajrajnagar,55,20-Jul-26,PM10
Bulandshahr,73,20-Jul-26,PM10
Bundi,69,20-Jul-26,PM10
Byasanagar,66,20-Jul-26,PM2.5
Byrnihat (Assam),73,20-Jul-26,PM2.5
Chamarajanagar,36,20-Jul-26,PM10
Chandigarh,64,20-Jul-26,"CO, PM10"
Chandrapur,46,20-Jul-26,"PM10, CO"
Charkhi Dadri,101,20-Jul-26,PM2.5
Chennai,84,20-Jul-26,PM10
Chhal,77,20-Jul-26,O3
Chhapra,112,20-Jul-26,PM10
Chittoor,67,20-Jul-26,PM2.5
Chittorgarh,65,20-Jul-26,PM10
Churu,101,20-Jul-26,PM10
Damoh,50,20-Jul-26,SO2
Dausa,68,20-Jul-26,PM10
Delhi,127,20-Jul-26,"PM2.5, PM10"
Dewas,82,20-Jul-26,NO2
Dhanbad,101,20-Jul-26,NO2
Dharuhera,88,20-Jul-26,PM2.5
Dharwad,75,20-Jul-26,PM10
Dholpur,86,20-Jul-26,PM2.5
Dombivli,15,20-Jul-26,O3
Dungarpur,49,20-Jul-26,PM10
Durgapur,63,20-Jul-26,"NO2, PM10"
Eluru,59,20-Jul-26,PM2.5
Faridabad,168,20-Jul-26,"PM2.5, PM10"
Firozabad,49,20-Jul-26,"PM10, PM2.5"
Gandhinagar,60,20-Jul-26,PM10
Gaya,74,20-Jul-26,"PM2.5, PM10"
Ghaziabad,122,20-Jul-26,PM10
Greater Noida,123,20-Jul-26,PM10
Gummidipoondi,85,20-Jul-26,PM10
Guntur,54,20-Jul-26,PM10
Gurugram,103,20-Jul-26,"PM2.5, PM10"
Guwahati,96,20-Jul-26,"PM2.5, SO2"
Gwalior,63,20-Jul-26,"O3, PM2.5"
Hajipur,44,20-Jul-26,PM10
Haldia,56,20-Jul-26,PM10
Hanumangarh,91,20-Jul-26,PM10
Hapur,75,20-Jul-26,PM10
Hingoli,26,20-Jul-26,O3
Hisar,110,20-Jul-26,PM10
Howrah,61,20-Jul-26,"PM2.5, CO"
Hubballi,57,20-Jul-26,PM10
Hyderabad,43,20-Jul-26,PM10
Indore,54,20-Jul-26,"CO, NO2, PM2.5"
Jabalpur,47,20-Jul-26,"PM2.5, PM10"
Jaipur,97,20-Jul-26,"PM10, PM2.5"
Jaisalmer,61,20-Jul-26,PM10
Jalandhar,87,20-Jul-26,PM10
Jalgaon,32,20-Jul-26,O3
Jalna,29,20-Jul-26,O3
Jalore,72,20-Jul-26,PM10
Jhalawar,57,20-Jul-26,PM10
Jhunjhunu,92,20-Jul-26,PM10
Jind,178,20-Jul-26,PM2.5
Jodhpur,66,20-Jul-26,PM10
Jorapokhar,91,20-Jul-26,PM10
Kadapa,47,20-Jul-26,PM10
Kaithal,116,20-Jul-26,PM2.5
Kalaburagi,29,20-Jul-26,CO
Kalyan,51,20-Jul-26,"PM2.5, PM10"
Kannur,45,20-Jul-26,PM10
Kanpur,42,20-Jul-26,"CO, PM10"
Karnal,202,20-Jul-26,PM2.5
Karwar,57,20-Jul-26,PM10
Katihar,82,20-Jul-26,CO
Katni,55,20-Jul-26,PM10
Keonjhar,35,20-Jul-26,CO
Khairthal,81,20-Jul-26,PM10
Khanna,69,20-Jul-26,PM10
Khora,182,20-Jul-26,PM2.5
Khurja,52,20-Jul-26,PM10
Kishanganj,33,20-Jul-26,O3
Kohima,47,20-Jul-26,SO2
Kolhapur,30,20-Jul-26,PM10
Kolkata,52,20-Jul-26,PM10
Koppal,29,20-Jul-26,NO2
Korba,39,20-Jul-26,"PM10, CO"
Kota,62,20-Jul-26,"PM10, PM2.5"
Kunjemura,32,20-Jul-26,PM10
Kurnool,31,20-Jul-26,PM10
Kurukshetra,87,20-Jul-26,PM10
Latur,23,20-Jul-26,PM10
Lucknow,51,20-Jul-26,"PM10, CO"
Ludhiana,90,20-Jul-26,PM10
Machilipatnam,58,20-Jul-26,PM10
Madikeri,14,20-Jul-26,CO
Mahad,33,20-Jul-26,PM10
Maihar,75,20-Jul-26,PM10
Malegaon,40,20-Jul-26,PM10
Mandideep,61,20-Jul-26,PM10
Mandi Gobindgarh,137,20-Jul-26,PM2.5
Mandikhera,79,20-Jul-26,PM10
Manesar,107,20-Jul-26,PM2.5
Mangalore,37,20-Jul-26,O3
Mathura,84,20-Jul-26,PM10
Meerut,94,20-Jul-26,"PM2.5, PM10"
Mehsana,72,20-Jul-26,PM10
Milupara,36,20-Jul-26,PM10
Mira-Bhayandar,18,20-Jul-26,PM2.5
Modinagar,100,20-Jul-26,PM2.5
Moradabad,49,20-Jul-26,"SO2, CO, PM2.5"
Mumbai,38,20-Jul-26,"NO2, PM10"
Muzaffarnagar,77,20-Jul-26,PM10
Muzaffarpur,44,20-Jul-26,"PM10, PM2.5"
Mysuru,38,20-Jul-26,PM10
Nagaon,50,20-Jul-26,PM2.5
Nagaur,65,20-Jul-26,PM10
Nagpur,43,20-Jul-26,"PM10, PM2.5"
Naharlagun,10,20-Jul-26,SO2
Nalbari,71,20-Jul-26,PM2.5
Nanded,33,20-Jul-26,O3
Narnaul,70,20-Jul-26,PM10
Nashik,35,20-Jul-26,"PM10, CO"
Navi Mumbai,25,20-Jul-26,"PM10, PM2.5"
Nellore,54,20-Jul-26,PM10
Noida,123,20-Jul-26,PM10
Pali,99,20-Jul-26,PM2.5
Palwal,86,20-Jul-26,PM10
Pampore,57,20-Jul-26,PM10
Panchgaon,151,20-Jul-26,PM2.5
Panchkula,56,20-Jul-26,PM2.5
Parbhani,39,20-Jul-26,PM10
Patiala,79,20-Jul-26,PM10
Patna,61,20-Jul-26,"PM10, O3"
Pimpri-Chinchwad,46,20-Jul-26,PM10
Pithampur,57,20-Jul-26,PM2.5
Pratapgarh,63,20-Jul-26,PM10
Prayagraj,34,20-Jul-26,"SO2, PM10"
Puducherry,47,20-Jul-26,O3
Pune,51,20-Jul-26,CO
Raebareli,91,20-Jul-26,PM10
Raipur,21,20-Jul-26,"CO, PM10"
Rairangpur,58,20-Jul-26,PM10
Rajkot,90,20-Jul-26,CO
Rajsamand,73,20-Jul-26,PM10
Ramanagara,36,20-Jul-26,PM10
Ratlam,37,20-Jul-26,NO2
Rishikesh,37,20-Jul-26,CO
Rohtak,93,20-Jul-26,PM10
Rourkela,62,20-Jul-26,"PM2.5, PM10"
Sagar,49,20-Jul-26,PM10
Sangli,28,20-Jul-26,PM10
Sasaram,289,20-Jul-26,PM2.5
Satna,71,20-Jul-26,PM10
Sawai Madhopur,102,20-Jul-26,PM10
Shivamogga,48,20-Jul-26,O3
Sikar,71,20-Jul-26,PM10
Silchar,52,20-Jul-26,PM10
Siliguri,110,20-Jul-26,NO2
Singrauli,83,20-Jul-26,PM10
Sirohi,68,20-Jul-26,PM10
Sirsa,129,20-Jul-26,PM10
Sivasagar,41,20-Jul-26,O3
Solapur,79,20-Jul-26,"O3, PM10"
Sonipat,248,20-Jul-26,PM2.5
Sri Ganganagar,140,20-Jul-26,PM10
Srinagar,46,20-Jul-26,PM10
Surat,61,20-Jul-26,PM10
Talcher,78,20-Jul-26,PM10
Thane,23,20-Jul-26,O3
Thiruvananthapuram,50,20-Jul-26,"PM10, PM2.5"
Thoothukudi,65,20-Jul-26,PM10
Thrissur,48,20-Jul-26,PM10
Tirumala,120,20-Jul-26,PM10
Tonk,116,20-Jul-26,PM10
Tumakuru,54,20-Jul-26,CO
Tumidih,55,20-Jul-26,PM10
Udaipur,77,20-Jul-26,PM10
Ujjain,38,20-Jul-26,O3
Ulhasnagar,57,20-Jul-26,PM10
Vadodara,98,20-Jul-26,CO
Varanasi,35,20-Jul-26,PM10
Vatva,105,20-Jul-26,PM10
Vijayapura,43,20-Jul-26,PM10
Vijayawada,69,20-Jul-26,"PM2.5, PM10"
Virar,46,20-Jul-26,CO
Visakhapatnam,109,20-Jul-26,PM10
Vrindavan,58,20-Jul-26,PM10
Yadgir,25,20-Jul-26,O3
Yamuna Nagar,62,20-Jul-26,PM10
Agartala,76,21-Jul-26,PM10
Agra,71,21-Jul-26,"PM2.5, PM10"
Ahmedabad,66,21-Jul-26,"PM2.5, PM10"
Ahmednagar,42,21-Jul-26,PM10
Aizawl,14,21-Jul-26,SO2
Ajmer,74,21-Jul-26,PM10
Akola,59,21-Jul-26,PM10
Alwar,63,21-Jul-26,"PM10, PM2.5"
Amaravati,34,21-Jul-26,PM10
Ambala,95,21-Jul-26,PM10
Ambernath,51,21-Jul-26,PM10
Amravati,22,21-Jul-26,"CO, PM10"
Amritsar,78,21-Jul-26,PM10
Anantapur,66,21-Jul-26,PM2.5
Angul,63,21-Jul-26,PM2.5
Ankleshwar,51,21-Jul-26,CO
Araria,40,21-Jul-26,PM2.5
Asansol,54,21-Jul-26,"SO2, CO"
Aurangabad (Maharashtra),50,21-Jul-26,"CO, PM10"
Baddi,101,21-Jul-26,PM10
Badlapur,48,21-Jul-26,PM10
Bagalkot,51,21-Jul-26,PM10
Baghpat,56,21-Jul-26,PM10
Bahadurgarh,76,21-Jul-26,PM2.5
Balasore,40,21-Jul-26,CO
Ballabgarh,130,21-Jul-26,PM2.5
Banswara,74,21-Jul-26,PM10
Baran,53,21-Jul-26,O3
Barbil,36,21-Jul-26,PM10
Bareilly,37,21-Jul-26,"O3, PM10"
Baripada,47,21-Jul-26,O3
Barmer,76,21-Jul-26,PM10
Barrackpore,37,21-Jul-26,CO
Bathinda,78,21-Jul-26,CO
Beed,53,21-Jul-26,PM10
Belapur,31,21-Jul-26,PM10
Bengaluru,59,21-Jul-26,PM10
Bhagalpur,66,21-Jul-26,"PM10, PM2.5"
Bharatpur,34,21-Jul-26,O3
Bhavnagar,83,21-Jul-26,CO
Bhilai,20,21-Jul-26,"PM10, CO"
Bhilwara,87,21-Jul-26,PM10
Bhiwadi,81,21-Jul-26,PM10
Bhiwandi,46,21-Jul-26,PM10
Bhiwani,42,21-Jul-26,PM2.5
Bhopal,43,21-Jul-26,PM10
Bhubaneswar,49,21-Jul-26,"CO, PM10"
Bikaner,92,21-Jul-26,PM10
Bilaspur,60,21-Jul-26,CO
Bileipada,54,21-Jul-26,PM2.5
Boisar,49,21-Jul-26,PM10
Brajrajnagar,43,21-Jul-26,O3
Bulandshahr,35,21-Jul-26,CO
Bundi,113,21-Jul-26,PM10
Byasanagar,48,21-Jul-26,PM10
Byrnihat (Meghalaya),134,21-Jul-26,PM2.5
Chamarajanagar,45,21-Jul-26,PM10
Chandigarh,37,21-Jul-26,"CO, PM10"
Chandrapur,42,21-Jul-26,CO
Charkhi Dadri,90,21-Jul-26,PM2.5
Chennai,82,21-Jul-26,PM10
Chhapra,106,21-Jul-26,PM10
Chittoor,65,21-Jul-26,PM2.5
Chittorgarh,50,21-Jul-26,PM10
Churu,57,21-Jul-26,PM10
Coimbatore,32,21-Jul-26,PM2.5
Cuddalore,42,21-Jul-26,"PM10, SO2"
Cuttack,66,21-Jul-26,PM10
Dausa,66,21-Jul-26,CO
Dehradun,27,21-Jul-26,PM10
Delhi,69,21-Jul-26,"PM2.5, PM10"
Dewas,78,21-Jul-26,NO2
Dhanbad,105,21-Jul-26,NO2
Dharuhera,76,21-Jul-26,PM2.5
Dharwad,63,21-Jul-26,PM10
Dholpur,58,21-Jul-26,PM2.5
Dombivli,22,21-Jul-26,PM10
Dungarpur,62,21-Jul-26,CO
Durgapur,36,21-Jul-26,"CO, PM10, O3"
Eluru,64,21-Jul-26,PM10
Faridabad,110,21-Jul-26,"PM2.5, PM10"
Fatehabad,176,21-Jul-26,PM10
Firozabad,40,21-Jul-26,"PM10, CO"
Gadag,32,21-Jul-26,PM10
Gandhinagar,62,21-Jul-26,PM10
Gangtok,15,21-Jul-26,PM2.5
Gaya,29,21-Jul-26,PM10
Ghaziabad,56,21-Jul-26,PM10
Greater Noida,73,21-Jul-26,PM10
Gummidipoondi,108,21-Jul-26,PM10
Guntur,53,21-Jul-26,PM2.5
Gurugram,121,21-Jul-26,"PM2.5, PM10"
Guwahati,47,21-Jul-26,"PM2.5, SO2"
Gwalior,60,21-Jul-26,"CO, PM10, NO2"
Hajipur,41,21-Jul-26,O3
Haldia,33,21-Jul-26,PM10
Hanumangarh,59,21-Jul-26,O3
Hingoli,23,21-Jul-26,O3
Hisar,86,21-Jul-26,CO
Howrah,46,21-Jul-26,"CO, O3, NO2"
Hubballi,48,21-Jul-26,PM10
Hyderabad,46,21-Jul-26,"PM2.5, PM10"
Indore,52,21-Jul-26,"CO, NO2, PM2.5"
Jabalpur,46,21-Jul-26,"NO2, CO"
Jaipur,85,21-Jul-26,"PM10, O3, PM2.5"
Jaisalmer,55,21-Jul-26,PM10
Jalandhar,43,21-Jul-26,PM10
Jalgaon,32,21-Jul-26,CO
Jalna,23,21-Jul-26,PM10
Jalore,74,21-Jul-26,PM10
Jhalawar,56,21-Jul-26,CO
Jhansi,30,21-Jul-26,PM10
Jhunjhunu,45,21-Jul-26,PM10
Jind,112,21-Jul-26,PM2.5
Jodhpur,66,21-Jul-26,"PM10, O3"
Jorapokhar,93,21-Jul-26,PM10
Kadapa,55,21-Jul-26,PM10
Kaithal,66,21-Jul-26,PM10
Kalaburagi,39,21-Jul-26,CO
Kalyan,52,21-Jul-26,PM10
Kannur,46,21-Jul-26,PM10
Kanpur,42,21-Jul-26,"NO2, CO"
Karauli,50,21-Jul-26,NO2
Karnal,51,21-Jul-26,CO
Karwar,41,21-Jul-26,NO2
Katihar,72,21-Jul-26,CO
Katni,38,21-Jul-26,PM10
Keonjhar,36,21-Jul-26,CO
Khanna,67,21-Jul-26,PM10
Khora,97,21-Jul-26,CO
Khurja,23,21-Jul-26,O3
Kishanganj,33,21-Jul-26,O3
Kohima,51,21-Jul-26,SO2
Kolhapur,34,21-Jul-26,PM10
Kolkata,38,21-Jul-26,"PM10, CO, PM2.5"
Kollam,53,21-Jul-26,PM10
Koppal,29,21-Jul-26,NO2
Korba,42,21-Jul-26,CO
Kota,61,21-Jul-26,"PM2.5, PM10"
Kunjemura,28,21-Jul-26,CO
Kurnool,36,21-Jul-26,PM10
Kurukshetra,50,21-Jul-26,O3
Latur,24,21-Jul-26,PM10
Lucknow,40,21-Jul-26,O3
Ludhiana,74,21-Jul-26,PM10
Machilipatnam,54,21-Jul-26,PM2.5
Madikeri,14,21-Jul-26,CO
Mahad,35,21-Jul-26,PM10
Maihar,55,21-Jul-26,PM10
Malegaon,40,21-Jul-26,PM10
Mandideep,64,21-Jul-26,PM10
Mandi Gobindgarh,135,21-Jul-26,PM10
Mandikhera,78,21-Jul-26,PM10
Manesar,54,21-Jul-26,PM2.5
Mangalore,37,21-Jul-26,O3
Meerut,51,21-Jul-26,"PM10, PM2.5, O3"
Mehsana,71,21-Jul-26,CO
Mira-Bhayandar,21,21-Jul-26,PM10
Modinagar,76,21-Jul-26,PM10
Moradabad,44,21-Jul-26,"CO, PM10, SO2"
Motihari,59,21-Jul-26,O3
Mumbai,42,21-Jul-26,"NO2, PM10"
Muzaffarnagar,44,21-Jul-26,O3
Muzaffarpur,41,21-Jul-26,"O3, PM2.5, PM10"
Mysuru,75,21-Jul-26,O3
Nagaon,54,21-Jul-26,PM2.5
Nagaur,59,21-Jul-26,PM10
Nagpur,33,21-Jul-26,"CO, PM2.5"
Naharlagun,28,21-Jul-26,PM10
Nalbari,66,21-Jul-26,PM2.5
Nanded,25,21-Jul-26,PM10
Narnaul,113,21-Jul-26,PM2.5
Nashik,31,21-Jul-26,"CO, PM10"
Navi Mumbai,30,21-Jul-26,"CO, PM10"
Nellore,60,21-Jul-26,PM2.5
Noida,66,21-Jul-26,"PM10, PM2.5"
Pali,102,21-Jul-26,PM2.5
Pampore,60,21-Jul-26,PM10
Panchgaon,61,21-Jul-26,PM2.5
Panchkula,34,21-Jul-26,O3
Parbhani,40,21-Jul-26,PM10
Patiala,37,21-Jul-26,PM10
Patna,68,21-Jul-26,"PM2.5, O3"
Pimpri-Chinchwad,44,21-Jul-26,PM10
Pithampur,49,21-Jul-26,PM2.5
Pratapgarh,44,21-Jul-26,PM10
Prayagraj,31,21-Jul-26,"O3, SO2"
Puducherry,48,21-Jul-26,O3
Pune,51,21-Jul-26,"CO, PM10"
Purnia,55,21-Jul-26,CO
Raebareli,74,21-Jul-26,CO
Raipur,32,21-Jul-26,"PM10, CO"
Rajamahendravaram,33,21-Jul-26,PM10
Rajgir,56,21-Jul-26,PM2.5
Rajkot,90,21-Jul-26,CO
Rajsamand,64,21-Jul-26,PM10
Ramanagara,30,21-Jul-26,PM10
Ratlam,37,21-Jul-26,NO2
Rishikesh,37,21-Jul-26,CO
Rohtak,44,21-Jul-26,PM10
Rourkela,56,21-Jul-26,"PM2.5, PM10"
Sangli,32,21-Jul-26,PM10
Satna,70,21-Jul-26,PM10
Sawai Madhopur,55,21-Jul-26,PM10
Shivamogga,49,21-Jul-26,O3
Sikar,36,21-Jul-26,PM10
Silchar,50,21-Jul-26,CO
Siliguri,116,21-Jul-26,NO2
Singrauli,40,21-Jul-26,PM2.5
Sirohi,73,21-Jul-26,PM10
Sirsa,84,21-Jul-26,CO
Sivasagar,48,21-Jul-26,O3
Solapur,25,21-Jul-26,"PM2.5, PM10"
Sonipat,171,21-Jul-26,PM10
Sri Ganganagar,139,21-Jul-26,PM10
Srinagar,38,21-Jul-26,"PM2.5, PM10"
Surat,44,21-Jul-26,CO
Talcher,128,21-Jul-26,PM2.5
Tensa,37,21-Jul-26,SO2
Thane,31,21-Jul-26,"PM10, O3"
Thiruvananthapuram,61,21-Jul-26,"PM2.5, PM10"
Thoothukudi,67,21-Jul-26,PM10
Thrissur,50,21-Jul-26,PM10
Tirumala,45,21-Jul-26,NO2
Tirupati,68,21-Jul-26,PM10
Tonk,65,21-Jul-26,PM10
Tumakuru,64,21-Jul-26,PM10
Udaipur,70,21-Jul-26,PM10
Ujjain,35,21-Jul-26,PM2.5
Ulhasnagar,40,21-Jul-26,PM10
Vadodara,101,21-Jul-26,CO
Varanasi,35,21-Jul-26,"PM10, NO2"
Vatva,107,21-Jul-26,PM10
Vijayapura,43,21-Jul-26,PM10
Vijayawada,63,21-Jul-26,"PM2.5, PM10"
Virar,49,21-Jul-26,CO
Visakhapatnam,95,21-Jul-26,PM10
Vrindavan,37,21-Jul-26,PM10
Yadgir,27,21-Jul-26,PM10
Yamuna Nagar,64,21-Jul-26,PM10
Agartala,62,22-Jul-26,PM10
Agra,68,22-Jul-26,"PM2.5, SO2, PM10"
Ahmedabad,69,22-Jul-26,PM10
Ahmednagar,33,22-Jul-26,PM10
Aizawl,14,22-Jul-26,SO2
Ajmer,46,22-Jul-26,PM10
Akola,30,22-Jul-26,CO
Alwar,55,22-Jul-26,"PM10, PM2.5"
Amaravati,53,22-Jul-26,PM10
Ambala,73,22-Jul-26,PM10
Ambernath,46,22-Jul-26,PM10
Amravati,17,22-Jul-26,CO
Amritsar,98,22-Jul-26,PM10
Anantapur,58,22-Jul-26,PM2.5
Angul,50,22-Jul-26,CO
Ankleshwar,56,22-Jul-26,CO
Araria,39,22-Jul-26,PM2.5
Arrah,52,22-Jul-26,CO
Asansol,49,22-Jul-26,"SO2, CO"
Aurangabad (Maharashtra),50,22-Jul-26,PM2.5
Baddi,95,22-Jul-26,PM10
Badlapur,48,22-Jul-26,PM10
Bagalkot,50,22-Jul-26,PM10
Baghpat,51,22-Jul-26,O3
Bahadurgarh,115,22-Jul-26,PM10
Balasore,40,22-Jul-26,O3
Ballabgarh,130,22-Jul-26,PM10
Banswara,126,22-Jul-26,PM10
Baran,60,22-Jul-26,O3
Barbil,28,22-Jul-26,PM10
Bareilly,52,22-Jul-26,"O3, PM10"
Baripada,41,22-Jul-26,O3
Barmer,73,22-Jul-26,PM10
Barrackpore,40,22-Jul-26,CO
Beed,67,22-Jul-26,PM10
Belapur,30,22-Jul-26,PM10
Bengaluru,62,22-Jul-26,PM10
Bhagalpur,30,22-Jul-26,PM10
Bharatpur,39,22-Jul-26,O3
Bhavnagar,83,22-Jul-26,CO
Bhilai,17,22-Jul-26,"CO, O3"
Bhilwara,77,22-Jul-26,PM10
Bhiwadi,84,22-Jul-26,PM10
Bhiwandi,45,22-Jul-26,PM10
Bhiwani,35,22-Jul-26,PM2.5
Bhopal,35,22-Jul-26,"PM10, CO"
Bhubaneswar,41,22-Jul-26,CO
Bilaspur,69,22-Jul-26,CO
Bileipada,23,22-Jul-26,CO
Boisar,47,22-Jul-26,PM10
Brajrajnagar,43,22-Jul-26,O3
Bulandshahr,33,22-Jul-26,PM10
Bundi,36,22-Jul-26,NO2
Byasanagar,54,22-Jul-26,PM2.5
Byrnihat (Assam),63,22-Jul-26,PM2.5
Byrnihat (Meghalaya),142,22-Jul-26,PM2.5
Chandigarh,32,22-Jul-26,"CO, PM2.5"
Chandrapur,36,22-Jul-26,CO
Charkhi Dadri,46,22-Jul-26,PM2.5
Chennai,76,22-Jul-26,PM10
Chhapra,87,22-Jul-26,CO
Chikkamagaluru,33,22-Jul-26,PM10
Chittoor,69,22-Jul-26,PM2.5
Chittorgarh,55,22-Jul-26,PM10
Churu,41,22-Jul-26,PM10
Coimbatore,27,22-Jul-26,SO2
Cuddalore,23,22-Jul-26,SO2
Cuttack,47,22-Jul-26,O3
Dausa,31,22-Jul-26,O3
Delhi,64,22-Jul-26,"PM10, NO2"
Dewas,77,22-Jul-26,NO2
Dhanbad,106,22-Jul-26,NO2
Dharuhera,67,22-Jul-26,PM2.5
Dharwad,63,22-Jul-26,PM10
Dholpur,90,22-Jul-26,PM2.5
Dombivli,18,22-Jul-26,PM10
Dungarpur,63,22-Jul-26,PM10
Durgapur,41,22-Jul-26,"PM10, O3"
Eluru,50,22-Jul-26,PM10
Faridabad,96,22-Jul-26,PM10
Firozabad,33,22-Jul-26,CO
Gadag,36,22-Jul-26,PM10
Gandhinagar,77,22-Jul-26,PM10
Gangtok,13,22-Jul-26,PM2.5
Gaya,41,22-Jul-26,"O3, PM10"
Ghaziabad,45,22-Jul-26,"PM2.5, PM10"
Greater Noida,84,22-Jul-26,PM10
Gummidipoondi,94,22-Jul-26,PM10
Guntur,48,22-Jul-26,PM2.5
Gurugram,80,22-Jul-26,"PM2.5, CO"
Guwahati,46,22-Jul-26,"PM2.5, SO2"
Gwalior,55,22-Jul-26,"CO, O3"
Hajipur,39,22-Jul-26,O3
Haldia,26,22-Jul-26,CO
Hanumangarh,59,22-Jul-26,O3
Hapur,32,22-Jul-26,PM2.5
Hisar,44,22-Jul-26,PM10
Howrah,46,22-Jul-26,"CO, NO2"
Hubballi,50,22-Jul-26,PM10
Hyderabad,44,22-Jul-26,"CO, PM10"
Indore,57,22-Jul-26,"CO, NO2, PM2.5"
Jabalpur,44,22-Jul-26,"NO2, CO"
Jaipur,52,22-Jul-26,"CO, PM2.5"
Jaisalmer,68,22-Jul-26,PM10
Jalandhar,44,22-Jul-26,O3
Jalgaon,30,22-Jul-26,CO
Jalna,19,22-Jul-26,NO2
Jalore,70,22-Jul-26,PM10
Jhalawar,53,22-Jul-26,PM10
Jhansi,49,22-Jul-26,PM10
Jhunjhunu,72,22-Jul-26,PM10
Jind,56,22-Jul-26,PM10
Jodhpur,64,22-Jul-26,PM10
Jorapokhar,84,22-Jul-26,PM10
Kadapa,52,22-Jul-26,PM10
Kaithal,40,22-Jul-26,PM10
Kalaburagi,44,22-Jul-26,CO
Kalyan,46,22-Jul-26,PM10
Kannur,47,22-Jul-26,PM2.5
Kanpur,44,22-Jul-26,"CO, PM10, NO2"
Karauli,39,22-Jul-26,NO2
Karnal,85,22-Jul-26,PM2.5
Kashipur,45,22-Jul-26,SO2
Katni,31,22-Jul-26,O3
Keonjhar,35,22-Jul-26,CO
Khanna,69,22-Jul-26,PM10
Khora,103,22-Jul-26,CO
Khurja,49,22-Jul-26,PM10
Kishanganj,64,22-Jul-26,PM2.5
Kohima,49,22-Jul-26,SO2
Kolhapur,33,22-Jul-26,"PM2.5, PM10"
Kolkata,38,22-Jul-26,"PM10, CO, NO2"
Koppal,30,22-Jul-26,NO2
Korba,18,22-Jul-26,"CO, SO2"
Kota,47,22-Jul-26,"PM2.5, PM10, NO2"
Kunjemura,22,22-Jul-26,CO
Kurnool,35,22-Jul-26,PM10
Kurukshetra,59,22-Jul-26,PM2.5
Latur,20,22-Jul-26,PM10
Lucknow,52,22-Jul-26,"O3, CO"
Ludhiana,76,22-Jul-26,PM10
Machilipatnam,56,22-Jul-26,PM2.5
Madikeri,14,22-Jul-26,CO
Mahad,34,22-Jul-26,PM10
Maihar,22,22-Jul-26,PM2.5
Malegaon,28,22-Jul-26,PM10
Mandideep,24,22-Jul-26,PM10
Mandi Gobindgarh,107,22-Jul-26,PM10
Mandikhera,78,22-Jul-26,PM10
Manesar,42,22-Jul-26,PM2.5
Mangalore,37,22-Jul-26,O3
Mathura,37,22-Jul-26,PM10
Meerut,48,22-Jul-26,"PM10, O3"
Mehsana,73,22-Jul-26,PM10
Mira-Bhayandar,23,22-Jul-26,PM2.5
Modinagar,51,22-Jul-26,PM10
Moradabad,41,22-Jul-26,"CO, PM10"
Motihari,60,22-Jul-26,O3
Mumbai,41,22-Jul-26,"NO2, PM10"
Muzaffarnagar,54,22-Jul-26,PM10
Muzaffarpur,40,22-Jul-26,"PM2.5, O3, PM10"
Mysuru,43,22-Jul-26,PM10
Nagaon,57,22-Jul-26,PM2.5
Nagaur,33,22-Jul-26,PM10
Nagpur,30,22-Jul-26,"CO, PM10"
Nalbari,58,22-Jul-26,PM2.5
Nanded,28,22-Jul-26,PM10
Nashik,29,22-Jul-26,"CO, PM10"
Navi Mumbai,30,22-Jul-26,"CO, PM10"
Nellore,67,22-Jul-26,PM2.5
Noida,55,22-Jul-26,"PM10, O3"
Palwal,96,22-Jul-26,PM10
Pampore,37,22-Jul-26,PM10
Panchgaon,45,22-Jul-26,CO
Panchkula,30,22-Jul-26,NO2
Parbhani,40,22-Jul-26,PM10
Patiala,35,22-Jul-26,O3
Patna,63,22-Jul-26,"PM2.5, O3"
Pimpri-Chinchwad,37,22-Jul-26,"PM10, CO"
Pithampur,43,22-Jul-26,PM10
Pratapgarh,44,22-Jul-26,O3
Prayagraj,32,22-Jul-26,SO2
Puducherry,54,22-Jul-26,O3
Pune,48,22-Jul-26,CO
Purnia,57,22-Jul-26,CO
Raebareli,74,22-Jul-26,CO
Raipur,20,22-Jul-26,"PM10, CO"
Rajamahendravaram,29,22-Jul-26,PM10
Rajgir,81,22-Jul-26,PM2.5
Rajkot,90,22-Jul-26,CO
Ramanagara,40,22-Jul-26,O3
Ratlam,37,22-Jul-26,NO2
Rishikesh,37,22-Jul-26,CO
Rohtak,38,22-Jul-26,PM10
Rourkela,57,22-Jul-26,PM10
Sagar,38,22-Jul-26,O3
Samastipur,27,22-Jul-26,PM2.5
Sangli,28,22-Jul-26,PM10
Sasaram,295,22-Jul-26,PM2.5
Satna,70,22-Jul-26,PM10
Sawai Madhopur,30,22-Jul-26,PM10
Shamli,79,22-Jul-26,CO
Shivamogga,48,22-Jul-26,O3
Sikar,35,22-Jul-26,O3
Silchar,50,22-Jul-26,PM10
Siliguri,117,22-Jul-26,NO2
Singrauli,46,22-Jul-26,PM10
Sirohi,56,22-Jul-26,PM10
Sirsa,86,22-Jul-26,CO
Sivasagar,37,22-Jul-26,O3
Solapur,26,22-Jul-26,"O3, PM10"
Sonipat,133,22-Jul-26,PM10
Sri Ganganagar,65,22-Jul-26,PM10
Srinagar,27,22-Jul-26,PM10
Suakati,32,22-Jul-26,PM10
Surat,49,22-Jul-26,"PM10, CO"
Talcher,66,22-Jul-26,SO2
Tensa,31,22-Jul-26,SO2
Thane,29,22-Jul-26,PM10
Thiruvananthapuram,39,22-Jul-26,PM10
Thoothukudi,66,22-Jul-26,PM10
Thrissur,58,22-Jul-26,PM10
Tirumala,52,22-Jul-26,NO2
Tirupati,64,22-Jul-26,PM10
Tonk,57,22-Jul-26,CO
Tumakuru,62,22-Jul-26,PM10
Tumidih,42,22-Jul-26,CO
Udaipur,54,22-Jul-26,PM10
Ujjain,48,22-Jul-26,PM2.5
Ulhasnagar,39,22-Jul-26,PM10
Vadodara,101,22-Jul-26,CO
Varanasi,45,22-Jul-26,PM10
Vatva,99,22-Jul-26,PM10
Vijayapura,43,22-Jul-26,PM10
Vijayawada,60,22-Jul-26,"PM2.5, PM10"
Virar,28,22-Jul-26,CO
Visakhapatnam,88,22-Jul-26,PM10
Vrindavan,28,22-Jul-26,PM2.5
Yadgir,27,22-Jul-26,PM10
Yamuna Nagar,72,22-Jul-26,PM10
Agartala,54,23-Jul-26,PM10
Agra,69,23-Jul-26,"PM2.5, PM10, SO2"
Ahmedabad,58,23-Jul-26,"CO, PM10"
Ahmednagar,47,23-Jul-26,PM10
Aizawl,14,23-Jul-26,SO2
Ajmer,38,23-Jul-26,PM10
Akola,32,23-Jul-26,PM10
Alwar,58,23-Jul-26,"PM10, PM2.5"
Amaravati,39,23-Jul-26,PM10
Ambala,62,23-Jul-26,PM10
Ambernath,45,23-Jul-26,PM10
Amravati,18,23-Jul-26,CO
Amritsar,72,23-Jul-26,PM10
Anantapur,63,23-Jul-26,PM2.5
Angul,54,23-Jul-26,CO
Ankleshwar,53,23-Jul-26,CO
Araria,41,23-Jul-26,PM2.5
Asansol,49,23-Jul-26,"SO2, CO"
Aurangabad (Maharashtra),41,23-Jul-26,"PM2.5, PM10, CO"
Baddi,62,23-Jul-26,PM10
Bagalkot,47,23-Jul-26,PM10
Baghpat,62,23-Jul-26,O3
Bahadurgarh,93,23-Jul-26,PM10
Balasore,79,23-Jul-26,O3
Ballabgarh,95,23-Jul-26,PM10
Banswara,241,23-Jul-26,PM10
Baran,58,23-Jul-26,O3
Barbil,31,23-Jul-26,PM10
Bareilly,51,23-Jul-26,"O3, PM10"
Baripada,27,23-Jul-26,O3
Barmer,57,23-Jul-26,PM10
Barrackpore,41,23-Jul-26,CO
Bathinda,78,23-Jul-26,CO
Beed,63,23-Jul-26,PM10
Begusarai,39,23-Jul-26,O3
Belapur,30,23-Jul-26,PM10
Bengaluru,57,23-Jul-26,PM10
Bharatpur,30,23-Jul-26,O3
Bhavnagar,66,23-Jul-26,CO
Bhilai,16,23-Jul-26,"CO, O3"
Bhilwara,82,23-Jul-26,PM10
Bhiwadi,84,23-Jul-26,PM10
Bhiwandi,46,23-Jul-26,PM10
Bhiwani,53,23-Jul-26,PM2.5
Bhopal,26,23-Jul-26,"PM10, CO, O3"
Bhubaneswar,72,23-Jul-26,"CO, PM10"
Bilaspur,37,23-Jul-26,CO
Bileipada,26,23-Jul-26,CO
Boisar,41,23-Jul-26,PM10
Brajrajnagar,43,23-Jul-26,O3
Bulandshahr,48,23-Jul-26,PM10
Bundi,38,23-Jul-26,O3
Byasanagar,54,23-Jul-26,PM2.5
Byrnihat (Assam),61,23-Jul-26,PM2.5
Chamarajanagar,36,23-Jul-26,PM10
Chandigarh,32,23-Jul-26,"NO2, CO, O3"
Chandrapur,37,23-Jul-26,"CO, PM10"
Charkhi Dadri,54,23-Jul-26,PM2.5
Chennai,100,23-Jul-26,PM10
Chhal,77,23-Jul-26,O3
Chhapra,88,23-Jul-26,CO
Chikkamagaluru,40,23-Jul-26,PM10
Chittoor,61,23-Jul-26,PM10
Chittorgarh,30,23-Jul-26,PM10
Churu,50,23-Jul-26,PM10
Coimbatore,33,23-Jul-26,PM2.5
Cuddalore,23,23-Jul-26,SO2
Cuttack,66,23-Jul-26,PM10
Damoh,50,23-Jul-26,SO2
Dausa,41,23-Jul-26,O3
Dehradun,24,23-Jul-26,PM10
Delhi,73,23-Jul-26,"PM10, NO2"
Dewas,79,23-Jul-26,NO2
Dhanbad,104,23-Jul-26,NO2
Dharuhera,77,23-Jul-26,PM2.5
Dholpur,50,23-Jul-26,PM2.5
Dhule,21,23-Jul-26,PM2.5
Dombivli,16,23-Jul-26,PM10
Dungarpur,35,23-Jul-26,PM10
Durgapur,48,23-Jul-26,"NO2, PM10"
Eluru,58,23-Jul-26,PM10
Faridabad,88,23-Jul-26,PM10
Fatehabad,60,23-Jul-26,PM10
Firozabad,36,23-Jul-26,"CO, PM10"
Gadag,38,23-Jul-26,PM10
Gandhinagar,60,23-Jul-26,PM10
Gangtok,13,23-Jul-26,PM2.5
Gaya,50,23-Jul-26,"PM2.5, PM10"
Ghaziabad,59,23-Jul-26,PM10
Gorakhpur,58,23-Jul-26,O3
Greater Noida,105,23-Jul-26,PM10
Gummidipoondi,101,23-Jul-26,PM2.5
Guntur,45,23-Jul-26,PM10
Gurugram,90,23-Jul-26,"PM2.5, PM10"
Guwahati,106,23-Jul-26,"O3, PM2.5, SO2"
Gwalior,59,23-Jul-26,"PM10, O3"
Hajipur,40,23-Jul-26,O3
Haldia,32,23-Jul-26,PM10
Hanumangarh,49,23-Jul-26,O3
Hapur,36,23-Jul-26,PM10
Hingoli,27,23-Jul-26,O3
Hisar,59,23-Jul-26,PM10
Howrah,52,23-Jul-26,"CO, PM2.5, PM10"
Hubballi,40,23-Jul-26,PM10
Hyderabad,45,23-Jul-26,"PM10, CO"
Indore,42,23-Jul-26,CO
Jabalpur,48,23-Jul-26,"CO, NO2"
Jaipur,57,23-Jul-26,"O3, CO, PM2.5"
Jaisalmer,68,23-Jul-26,PM10
Jalandhar,53,23-Jul-26,PM10
Jalgaon,46,23-Jul-26,CO
Jalna,28,23-Jul-26,O3
Jalore,62,23-Jul-26,PM10
Jhalawar,42,23-Jul-26,PM10
Jhansi,60,23-Jul-26,PM10
Jhunjhunu,94,23-Jul-26,PM10
Jind,39,23-Jul-26,PM2.5
Jodhpur,49,23-Jul-26,"CO, PM10"
Jorapokhar,71,23-Jul-26,PM10
Kadapa,57,23-Jul-26,PM10
Kaithal,46,23-Jul-26,PM10
Kalaburagi,32,23-Jul-26,CO
Kalyan,42,23-Jul-26,PM10
Kannur,45,23-Jul-26,PM10
Kanpur,51,23-Jul-26,"PM2.5, PM10"
Karnal,121,23-Jul-26,PM2.5
Karwar,30,23-Jul-26,NO2
Katni,29,23-Jul-26,SO2
Keonjhar,34,23-Jul-26,CO
Khanna,65,23-Jul-26,PM10
Khora,102,23-Jul-26,CO
Khurja,43,23-Jul-26,PM10
Kishanganj,60,23-Jul-26,PM2.5
Kohima,48,23-Jul-26,SO2
Kolhapur,30,23-Jul-26,PM10
Kolkata,40,23-Jul-26,"PM10, NO2, CO"
Korba,21,23-Jul-26,SO2
Kota,51,23-Jul-26,"PM10, O3"
Kunjemura,23,23-Jul-26,CO
Kurnool,39,23-Jul-26,PM10
Kurukshetra,52,23-Jul-26,O3
Latur,25,23-Jul-26,PM10
Lucknow,55,23-Jul-26,"CO, PM10, O3"
Ludhiana,90,23-Jul-26,PM10
Machilipatnam,56,23-Jul-26,PM2.5
Madikeri,14,23-Jul-26,CO
Mahad,36,23-Jul-26,PM10
Maihar,15,23-Jul-26,PM10
Mandideep,25,23-Jul-26,PM2.5
Mandi Gobindgarh,121,23-Jul-26,PM10
Mandikhera,79,23-Jul-26,PM10
Manesar,62,23-Jul-26,PM2.5
Mangalore,37,23-Jul-26,O3
Mathura,51,23-Jul-26,PM10
Meerut,63,23-Jul-26,"PM10, O3"
Mehsana,58,23-Jul-26,PM10
Milupara,27,23-Jul-26,NO2
Mira-Bhayandar,20,23-Jul-26,PM10
Modinagar,54,23-Jul-26,PM10
Moradabad,44,23-Jul-26,"CO, PM10"
Mumbai,38,23-Jul-26,"NO2, PM10"
Munger,27,23-Jul-26,PM10
Muzaffarnagar,57,23-Jul-26,PM10
Muzaffarpur,37,23-Jul-26,"O3, PM2.5, PM10"
Mysuru,39,23-Jul-26,PM10
Nagaon,58,23-Jul-26,PM2.5
Nagaur,36,23-Jul-26,PM10
Nagpur,35,23-Jul-26,"CO, PM10"
Naharlagun,16,23-Jul-26,PM10
Nalbari,67,23-Jul-26,PM2.5
Nanded,28,23-Jul-26,NO2
Narnaul,177,23-Jul-26,PM2.5
Nashik,27,23-Jul-26,"CO, O3, PM10"
Navi Mumbai,33,23-Jul-26,"CO, PM10"
Nellore,66,23-Jul-26,PM10
Noida,61,23-Jul-26,"PM10, O3"
Pali,65,23-Jul-26,PM2.5
Palwal,72,23-Jul-26,PM10
Pampore,16,23-Jul-26,PM10
Panchgaon,42,23-Jul-26,O3
Panchkula,34,23-Jul-26,O3
Panipat,164,23-Jul-26,PM2.5
Parbhani,50,23-Jul-26,PM10
Patiala,40,23-Jul-26,PM10
Patna,58,23-Jul-26,"PM10, O3"
Pimpri-Chinchwad,38,23-Jul-26,PM10
Pithampur,30,23-Jul-26,PM10
Prayagraj,31,23-Jul-26,SO2
Puducherry,55,23-Jul-26,O3
Pune,47,23-Jul-26,"CO, PM10"
Purnia,58,23-Jul-26,CO
Raebareli,74,23-Jul-26,CO
Raipur,15,23-Jul-26,CO
Rajamahendravaram,37,23-Jul-26,PM10
Rajgir,41,23-Jul-26,CO
Rajkot,85,23-Jul-26,PM10
Rajsamand,77,23-Jul-26,CO
Ramanagara,36,23-Jul-26,PM10
Ratlam,36,23-Jul-26,NO2
Rishikesh,37,23-Jul-26,CO
Rohtak,48,23-Jul-26,PM10
Rourkela,64,23-Jul-26,PM2.5
Sagar,37,23-Jul-26,CO
Samastipur,38,23-Jul-26,PM2.5
Sangli,30,23-Jul-26,PM10
Sasaram,168,23-Jul-26,PM2.5
Satna,71,23-Jul-26,PM10
Sawai Madhopur,38,23-Jul-26,PM10
Shamli,57,23-Jul-26,CO
Shillong,26,23-Jul-26,SO2
Sikar,39,23-Jul-26,O3
Silchar,54,23-Jul-26,PM10
Siliguri,118,23-Jul-26,NO2
Singrauli,20,23-Jul-26,O3
Sirohi,40,23-Jul-26,PM10
Sirsa,85,23-Jul-26,CO
Sivasagar,37,23-Jul-26,O3
Siwan,104,23-Jul-26,PM10
Solapur,22,23-Jul-26,O3
Sonipat,112,23-Jul-26,PM10
Srinagar,22,23-Jul-26,PM10
Suakati,42,23-Jul-26,PM10
Surat,40,23-Jul-26,CO
Talcher,60,23-Jul-26,NO2
Thane,24,23-Jul-26,"PM10, O3"
Thiruvananthapuram,40,23-Jul-26,PM10
Thoothukudi,65,23-Jul-26,PM10
Thrissur,58,23-Jul-26,PM10
Tirumala,47,23-Jul-26,NO2
Tirupati,74,23-Jul-26,PM10
Tonk,57,23-Jul-26,PM10
Tumidih,41,23-Jul-26,PM2.5
Udaipur,55,23-Jul-26,PM10
Ujjain,34,23-Jul-26,O3
Ulhasnagar,37,23-Jul-26,PM10
Vadodara,78,23-Jul-26,CO
Varanasi,44,23-Jul-26,"PM10, NO2"
Vatva,92,23-Jul-26,PM10
Vijayapura,43,23-Jul-26,PM10
Vijayawada,63,23-Jul-26,"PM2.5, PM10"
Virar,36,23-Jul-26,CO
Visakhapatnam,121,23-Jul-26,PM10
Vrindavan,32,23-Jul-26,SO2
Yadgir,29,23-Jul-26,PM10
Yamuna Nagar,78,23-Jul-26,PM10
Agartala,66,24-Jul-26,PM10
Agra,71,24-Jul-26,"PM10, PM2.5"
Ahmedabad,40,24-Jul-26,"CO, NO2"
Ahmednagar,51,24-Jul-26,PM10
Aizawl,14,24-Jul-26,SO2
Ajmer,42,24-Jul-26,PM10
Akola,30,24-Jul-26,PM10
Alwar,171,24-Jul-26,CO
Amaravati,47,24-Jul-26,PM10
Ambala,60,24-Jul-26,CO
Ambernath,55,24-Jul-26,PM10
Amravati,30,24-Jul-26,PM10
Amritsar,67,24-Jul-26,PM10
Angul,108,24-Jul-26,PM10
Ankleshwar,50,24-Jul-26,CO
Araria,48,24-Jul-26,PM2.5
Arrah,76,24-Jul-26,PM10
Asansol,61,24-Jul-26,"SO2, CO"
Aurangabad (Maharashtra),40,24-Jul-26,"PM10, CO"
Baddi,79,24-Jul-26,PM10
Badlapur,48,24-Jul-26,PM10
Bagalkot,51,24-Jul-26,PM10
Baghpat,78,24-Jul-26,PM10
Bahadurgarh,75,24-Jul-26,PM2.5
Balasore,37,24-Jul-26,CO
Banswara,28,24-Jul-26,PM10
Baran,47,24-Jul-26,O3
Barbil,46,24-Jul-26,PM10
Bareilly,47,24-Jul-26,"PM10, PM2.5"
Baripada,37,24-Jul-26,PM10
Barmer,40,24-Jul-26,O3
Barrackpore,45,24-Jul-26,PM10
Bathinda,79,24-Jul-26,CO
Beed,55,24-Jul-26,PM10
Begusarai,42,24-Jul-26,O3
Belapur,32,24-Jul-26,PM10
Bengaluru,62,24-Jul-26,PM10
Bhagalpur,174,24-Jul-26,PM10
Bharatpur,28,24-Jul-26,O3
Bhavnagar,57,24-Jul-26,CO
Bhilai,20,24-Jul-26,PM10
Bhilwara,72,24-Jul-26,PM10
Bhiwadi,61,24-Jul-26,"CO, PM2.5"
Bhiwandi,45,24-Jul-26,PM10
Bhiwani,45,24-Jul-26,PM2.5
Bhopal,31,24-Jul-26,"PM10, O3"
Bhubaneswar,78,24-Jul-26,"CO, PM10"
Bikaner,53,24-Jul-26,PM10
Bilaspur,35,24-Jul-26,PM10
Bileipada,30,24-Jul-26,CO
Boisar,49,24-Jul-26,PM10
Brajrajnagar,43,24-Jul-26,O3
Bulandshahr,45,24-Jul-26,PM10
Bundi,40,24-Jul-26,PM10
Byasanagar,84,24-Jul-26,PM2.5
Byrnihat (Meghalaya),112,24-Jul-26,PM2.5
Chandigarh,32,24-Jul-26,"CO, O3"
Chandrapur,43,24-Jul-26,"PM10, CO"
Charkhi Dadri,58,24-Jul-26,PM2.5
Chennai,77,24-Jul-26,"PM10, O3"
Chhal,76,24-Jul-26,O3
Chhapra,95,24-Jul-26,CO
Chikkamagaluru,42,24-Jul-26,PM10
Chittoor,72,24-Jul-26,PM2.5
Chittorgarh,31,24-Jul-26,O3
Churu,58,24-Jul-26,PM10
Coimbatore,36,24-Jul-26,PM2.5
Cuddalore,39,24-Jul-26,"PM10, SO2"
Cuttack,58,24-Jul-26,PM10
Damoh,49,24-Jul-26,SO2
Dausa,38,24-Jul-26,PM2.5
Dehradun,24,24-Jul-26,PM10
Delhi,70,24-Jul-26,"PM2.5, PM10"
Dewas,75,24-Jul-26,NO2
Dhanbad,106,24-Jul-26,NO2
Dharuhera,74,24-Jul-26,PM2.5
Dholpur,63,24-Jul-26,PM2.5
Dhule,27,24-Jul-26,PM10
Dombivli,24,24-Jul-26,PM10
Dungarpur,27,24-Jul-26,O3
Durgapur,55,24-Jul-26,"PM10, NO2"
Eluru,58,24-Jul-26,PM10
Faridabad,101,24-Jul-26,PM10
Fatehabad,73,24-Jul-26,PM10
Fatehpur Sikri,44,24-Jul-26,PM10
Firozabad,37,24-Jul-26,"CO, PM10"
Gadag,35,24-Jul-26,PM10
Gandhinagar,42,24-Jul-26,PM10
Gangtok,16,24-Jul-26,PM2.5
Gaya,63,24-Jul-26,"PM2.5, SO2, PM10"
Ghaziabad,70,24-Jul-26,"CO, PM10"
Gorakhpur,60,24-Jul-26,O3
Greater Noida,95,24-Jul-26,PM10
Gummidipoondi,97,24-Jul-26,PM10
Guntur,41,24-Jul-26,PM2.5
Gurugram,85,24-Jul-26,"PM2.5, PM10"
Guwahati,57,24-Jul-26,"O3, PM2.5, SO2"
Gwalior,57,24-Jul-26,O3
Hajipur,54,24-Jul-26,NO2
Haldia,39,24-Jul-26,PM10
Hanumangarh,53,24-Jul-26,O3
Hapur,48,24-Jul-26,PM2.5
Hingoli,25,24-Jul-26,O3
Hisar,62,24-Jul-26,PM10
Howrah,51,24-Jul-26,"CO, NO2"
Hyderabad,47,24-Jul-26,PM10
Indore,52,24-Jul-26,"CO, NO2"
Jabalpur,45,24-Jul-26,"NO2, O3"
Jaipur,55,24-Jul-26,"O3, PM10"
Jaisalmer,71,24-Jul-26,PM10
Jalandhar,47,24-Jul-26,PM10
Jalgaon,40,24-Jul-26,CO
Jalna,19,24-Jul-26,NO2
Jalore,40,24-Jul-26,CO
Jhalawar,50,24-Jul-26,CO
Jhansi,49,24-Jul-26,PM10
Jhunjhunu,72,24-Jul-26,PM10
Jind,47,24-Jul-26,PM10
Jodhpur,61,24-Jul-26,"PM10, CO"
Jorapokhar,75,24-Jul-26,PM10
Kaithal,44,24-Jul-26,PM10
Kalaburagi,30,24-Jul-26,CO
Kalyan,48,24-Jul-26,PM10
Kannur,45,24-Jul-26,PM10
Kanpur,47,24-Jul-26,"PM10, CO, NO2"
Karauli,38,24-Jul-26,PM10
Karnal,82,24-Jul-26,PM10
Karwar,32,24-Jul-26,CO
Katihar,66,24-Jul-26,CO
Katni,41,24-Jul-26,PM10
Keonjhar,35,24-Jul-26,PM10
Khanna,65,24-Jul-26,PM10
Khora,118,24-Jul-26,PM2.5
Khurja,44,24-Jul-26,PM10
Kishanganj,60,24-Jul-26,PM2.5
Kohima,49,24-Jul-26,SO2
Kolhapur,32,24-Jul-26,PM10
Kolkata,56,24-Jul-26,"NO2, PM10"
Korba,17,24-Jul-26,PM10
Kota,36,24-Jul-26,PM10
Kunjemura,23,24-Jul-26,PM10
Kurnool,41,24-Jul-26,PM10
Kurukshetra,39,24-Jul-26,PM10
Latur,30,24-Jul-26,PM10
Lucknow,49,24-Jul-26,"PM10, O3"
Ludhiana,94,24-Jul-26,PM10
Machilipatnam,49,24-Jul-26,PM2.5
Madikeri,14,24-Jul-26,CO
Mahad,30,24-Jul-26,PM10
Maihar,27,24-Jul-26,PM2.5
Malegaon,22,24-Jul-26,PM10
Mandideep,41,24-Jul-26,PM10
Mandi Gobindgarh,119,24-Jul-26,PM10
Mandikhera,78,24-Jul-26,PM10
Manesar,54,24-Jul-26,PM2.5
Mangalore,37,24-Jul-26,O3
Meerut,65,24-Jul-26,PM10
Mehsana,51,24-Jul-26,CO
Milupara,32,24-Jul-26,NO2
Mira-Bhayandar,23,24-Jul-26,PM2.5
Moradabad,50,24-Jul-26,PM10
Mumbai,38,24-Jul-26,PM10
Munger,32,24-Jul-26,PM10
Muzaffarnagar,53,24-Jul-26,O3
Muzaffarpur,39,24-Jul-26,"O3, PM2.5"
Mysuru,56,24-Jul-26,O3
Nagaon,57,24-Jul-26,PM2.5
Nagaur,44,24-Jul-26,PM10
Nagpur,42,24-Jul-26,"PM10, CO"
Naharlagun,34,24-Jul-26,PM10
Nalbari,65,24-Jul-26,PM2.5
Nanded,39,24-Jul-26,PM10
Narnaul,177,24-Jul-26,PM2.5
Nashik,36,24-Jul-26,"PM2.5, CO, PM10"
Navi Mumbai,31,24-Jul-26,"CO, PM10"
Nellore,71,24-Jul-26,PM2.5
Noida,62,24-Jul-26,PM10
Pali,65,24-Jul-26,PM2.5
Palwal,76,24-Jul-26,PM10
Pampore,8,24-Jul-26,NO2
Panchgaon,52,24-Jul-26,CO
Panchkula,34,24-Jul-26,PM2.5
Panipat,86,24-Jul-26,PM10
Parbhani,47,24-Jul-26,PM10
Patiala,35,24-Jul-26,O3
Patna,66,24-Jul-26,"PM10, O3"
Pimpri-Chinchwad,32,24-Jul-26,"PM10, CO"
Pithampur,49,24-Jul-26,PM10
Pratapgarh,41,24-Jul-26,O3
Prayagraj,29,24-Jul-26,"SO2, O3"
Puducherry,55,24-Jul-26,O3
Pune,42,24-Jul-26,CO
Purnia,59,24-Jul-26,CO
Raebareli,260,24-Jul-26,PM10
Raipur,33,24-Jul-26,"PM10, CO"
Rajamahendravaram,37,24-Jul-26,PM10
Rajgir,73,24-Jul-26,PM2.5
Rajkot,46,24-Jul-26,PM10
Ramanagara,39,24-Jul-26,PM10
Ratlam,35,24-Jul-26,NO2
Rishikesh,43,24-Jul-26,O3
Rohtak,46,24-Jul-26,PM10
Rourkela,57,24-Jul-26,PM2.5
Rupnagar,260,24-Jul-26,PM2.5
Sagar,38,24-Jul-26,CO
Samastipur,37,24-Jul-26,PM2.5
Sangli,23,24-Jul-26,O3
Sasaram,54,24-Jul-26,PM10
Satara,24,24-Jul-26,O3
Satna,70,24-Jul-26,PM10
Sawai Madhopur,37,24-Jul-26,PM10
Shamli,83,24-Jul-26,CO
Shillong,26,24-Jul-26,PM10
Sikar,45,24-Jul-26,PM10
Silchar,50,24-Jul-26,PM10
Siliguri,117,24-Jul-26,NO2
Singrauli,39,24-Jul-26,PM10
Sirohi,33,24-Jul-26,PM10
Sirsa,87,24-Jul-26,CO
Sivasagar,49,24-Jul-26,O3
Siwan,104,24-Jul-26,PM10
Solapur,30,24-Jul-26,PM10
Sonipat,73,24-Jul-26,PM10
Sri Ganganagar,65,24-Jul-26,NO2
Srinagar,25,24-Jul-26,PM10
Suakati,51,24-Jul-26,PM10
Surat,45,24-Jul-26,PM10
Talcher,95,24-Jul-26,PM10
Thane,34,24-Jul-26,PM10
Thiruvananthapuram,41,24-Jul-26,PM10
Thoothukudi,67,24-Jul-26,PM10
Thrissur,56,24-Jul-26,PM10
Tirumala,51,24-Jul-26,NO2
Tonk,94,24-Jul-26,PM10
Tumakuru,63,24-Jul-26,PM10
Tumidih,38,24-Jul-26,O3
Udaipur,43,24-Jul-26,PM10
Ujjain,50,24-Jul-26,O3
Ulhasnagar,29,24-Jul-26,PM10
Vadodara,67,24-Jul-26,CO
Varanasi,46,24-Jul-26,"PM10, SO2"
Vatva,47,24-Jul-26,NO2
Vijayapura,43,24-Jul-26,PM10
Vijayawada,55,24-Jul-26,PM10
Virar,44,24-Jul-26,CO
Visakhapatnam,145,24-Jul-26,PM10
Vrindavan,30,24-Jul-26,SO2
Yadgir,36,24-Jul-26,PM10
Yamuna Nagar,69,24-Jul-26,PM10
Agartala,64,25-Jul-26,PM10
Agra,66,25-Jul-26,"PM2.5, SO2, PM10"
Ahmedabad,51,25-Jul-26,CO
Ahmednagar,36,25-Jul-26,PM10
Aizawl,14,25-Jul-26,SO2
Ajmer,39,25-Jul-26,PM10
Akola,31,25-Jul-26,PM10
Alwar,88,25-Jul-26,PM10
Amaravati,51,25-Jul-26,PM10
Ambala,64,25-Jul-26,PM10
Ambernath,66,25-Jul-26,PM10
Amravati,25,25-Jul-26,PM10
Amritsar,81,25-Jul-26,PM10
Anantapur,72,25-Jul-26,PM2.5
Angul,81,25-Jul-26,PM10
Ankleshwar,53,25-Jul-26,CO
Araria,48,25-Jul-26,PM2.5
Asansol,53,25-Jul-26,"SO2, CO, PM10"
Aurangabad (Maharashtra),53,25-Jul-26,"PM10, PM2.5"
Baddi,87,25-Jul-26,PM10
Badlapur,31,25-Jul-26,CO
Bagalkot,51,25-Jul-26,PM10
Baghpat,64,25-Jul-26,PM10
Bahadurgarh,69,25-Jul-26,PM2.5
Ballabgarh,137,25-Jul-26,PM10
Banswara,39,25-Jul-26,PM10
Baran,91,25-Jul-26,O3
Barbil,56,25-Jul-26,PM10
Bareilly,45,25-Jul-26,"PM10, O3"
Baripada,49,25-Jul-26,PM10
Barmer,33,25-Jul-26,PM10
Barrackpore,40,25-Jul-26,PM10
Bathinda,80,25-Jul-26,CO
Beed,92,25-Jul-26,PM10
Begusarai,41,25-Jul-26,O3
Belapur,39,25-Jul-26,PM10
Bengaluru,57,25-Jul-26,PM10
Bharatpur,41,25-Jul-26,O3
Bhavnagar,59,25-Jul-26,CO
Bhilai,23,25-Jul-26,PM10
Bhilwara,42,25-Jul-26,O3
Bhiwadi,110,25-Jul-26,PM10
Bhiwandi,46,25-Jul-26,PM10
Bhiwani,46,25-Jul-26,PM2.5
Bhopal,30,25-Jul-26,"PM10, O3"
Bhubaneswar,45,25-Jul-26,CO
Bikaner,103,25-Jul-26,PM10
Bilaspur,48,25-Jul-26,PM10
Bileipada,95,25-Jul-26,CO
Boisar,48,25-Jul-26,PM10
Brajrajnagar,44,25-Jul-26,O3
Bulandshahr,47,25-Jul-26,PM10
Bundi,51,25-Jul-26,PM10
Byasanagar,77,25-Jul-26,PM10
Byrnihat (Assam),64,25-Jul-26,PM2.5
Byrnihat (Meghalaya),147,25-Jul-26,PM2.5
Chamarajanagar,48,25-Jul-26,PM10
Chandigarh,32,25-Jul-26,"CO, PM2.5"
Chandrapur,39,25-Jul-26,"CO, PM10"
Charkhi Dadri,51,25-Jul-26,PM2.5
Chennai,96,25-Jul-26,PM10
Chhal,74,25-Jul-26,PM10
Chikkamagaluru,36,25-Jul-26,PM10
Chittoor,67,25-Jul-26,PM2.5
Chittorgarh,45,25-Jul-26,O3
Churu,39,25-Jul-26,PM10
Coimbatore,39,25-Jul-26,PM2.5
Damoh,50,25-Jul-26,SO2
Dausa,37,25-Jul-26,PM10
Dehradun,28,25-Jul-26,PM2.5
Delhi,73,25-Jul-26,"PM2.5, PM10"
Dewas,56,25-Jul-26,O3
Dhanbad,103,25-Jul-26,NO2
Dharuhera,56,25-Jul-26,PM2.5
Dharwad,67,25-Jul-26,PM10
Dholpur,48,25-Jul-26,PM10
Dhule,40,25-Jul-26,PM10
Dombivli,31,25-Jul-26,PM10
Dungarpur,29,25-Jul-26,O3
Durgapur,53,25-Jul-26,NO2
Eluru,59,25-Jul-26,PM10
Faridabad,88,25-Jul-26,PM10
Fatehpur Sikri,30,25-Jul-26,O3
Firozabad,35,25-Jul-26,"CO, PM10"
Gadag,35,25-Jul-26,PM10
Gandhinagar,19,25-Jul-26,"O3, PM10"
Gaya,78,25-Jul-26,"PM2.5, PM10"
Ghaziabad,68,25-Jul-26,"CO, PM2.5, PM10"
Gorakhpur,55,25-Jul-26,PM10
Greater Noida,95,25-Jul-26,PM10
Gummidipoondi,153,25-Jul-26,PM2.5
Guntur,46,25-Jul-26,PM2.5
Gurugram,98,25-Jul-26,"PM2.5, PM10"
Guwahati,51,25-Jul-26,"O3, PM2.5, SO2"
Gwalior,66,25-Jul-26,"PM10, O3, CO"
Hajipur,45,25-Jul-26,PM10
Haldia,48,25-Jul-26,PM10
Hanumangarh,62,25-Jul-26,O3
Hapur,43,25-Jul-26,PM2.5
Hisar,55,25-Jul-26,PM10
Howrah,62,25-Jul-26,"CO, PM10"
Hubballi,46,25-Jul-26,PM10
Hyderabad,47,25-Jul-26,PM10
Indore,42,25-Jul-26,CO
Jabalpur,52,25-Jul-26,"NO2, O3"
Jaipur,53,25-Jul-26,"O3, PM10, NH3"
Jaisalmer,63,25-Jul-26,PM10
Jalandhar,41,25-Jul-26,PM10
Jalgaon,40,25-Jul-26,O3
Jalna,35,25-Jul-26,O3
Jalore,35,25-Jul-26,PM10
Jhalawar,58,25-Jul-26,CO
Jhansi,56,25-Jul-26,PM10
Jhunjhunu,59,25-Jul-26,O3
Jind,41,25-Jul-26,PM10
Jodhpur,51,25-Jul-26,PM10
Jorapokhar,83,25-Jul-26,PM10
Kadapa,69,25-Jul-26,PM2.5
Kaithal,42,25-Jul-26,SO2
Kakinada,51,25-Jul-26,PM10
Kalaburagi,35,25-Jul-26,CO
Kalyan,54,25-Jul-26,"PM2.5, PM10"
Kannur,44,25-Jul-26,PM10
Kanpur,54,25-Jul-26,PM10
Karauli,145,25-Jul-26,PM10
Karnal,107,25-Jul-26,PM2.5
Karwar,35,25-Jul-26,CO
Katihar,77,25-Jul-26,CO
Katni,61,25-Jul-26,PM10
Keonjhar,36,25-Jul-26,PM10
Khairthal,64,25-Jul-26,PM10
Khora,101,25-Jul-26,CO
Khurja,89,25-Jul-26,CO
Kishanganj,39,25-Jul-26,PM2.5
Kohima,44,25-Jul-26,SO2
Kolhapur,32,25-Jul-26,"PM10, PM2.5"
Kolkata,52,25-Jul-26,"PM10, NO2"
Korba,37,25-Jul-26,"PM10, SO2"
Kota,36,25-Jul-26,"PM10, O3"
Kunjemura,58,25-Jul-26,PM10
Kurnool,41,25-Jul-26,PM10
Kurukshetra,61,25-Jul-26,O3
Latur,38,25-Jul-26,PM10
Lucknow,58,25-Jul-26,PM10
Ludhiana,62,25-Jul-26,PM10
Machilipatnam,58,25-Jul-26,PM10
Madikeri,14,25-Jul-26,PM10
Mahad,40,25-Jul-26,PM10
Maihar,166,25-Jul-26,PM10
Mandideep,63,25-Jul-26,PM10
Mandi Gobindgarh,117,25-Jul-26,PM10
Mandikhera,78,25-Jul-26,PM10
Manesar,47,25-Jul-26,PM2.5
Mangalore,37,25-Jul-26,O3
Meerut,63,25-Jul-26,PM10
Mehsana,51,25-Jul-26,CO
Milupara,36,25-Jul-26,PM10
Mira-Bhayandar,32,25-Jul-26,PM10
Modinagar,116,25-Jul-26,PM10
Moradabad,47,25-Jul-26,"PM10, CO, O3"
Mumbai,47,25-Jul-26,PM10
Munger,42,25-Jul-26,PM10
Muzaffarnagar,56,25-Jul-26,PM10
Muzaffarpur,34,25-Jul-26,PM10
Mysuru,45,25-Jul-26,O3
Nagaon,67,25-Jul-26,PM2.5
Nagaur,42,25-Jul-26,PM10
Nagpur,34,25-Jul-26,"PM10, CO"
Naharlagun,36,25-Jul-26,PM10
Nalbari,71,25-Jul-26,PM2.5
Nanded,34,25-Jul-26,PM10
Narnaul,117,25-Jul-26,PM2.5
Nashik,33,25-Jul-26,"CO, PM10"
Navi Mumbai,37,25-Jul-26,"CO, PM10"
Nellore,66,25-Jul-26,PM10
Noida,68,25-Jul-26,PM10
Pali,85,25-Jul-26,PM10
Palwal,51,25-Jul-26,PM10
Pampore,40,25-Jul-26,PM10
Panchkula,40,25-Jul-26,O3
Panipat,139,25-Jul-26,PM10
Parbhani,41,25-Jul-26,PM10
Patna,61,25-Jul-26,"PM10, O3"
Pimpri-Chinchwad,43,25-Jul-26,"CO, PM10"
Pithampur,59,25-Jul-26,PM10
Pratapgarh,41,25-Jul-26,O3
Prayagraj,31,25-Jul-26,SO2
Puducherry,61,25-Jul-26,O3
Pune,46,25-Jul-26,CO
Purnia,56,25-Jul-26,CO
Raebareli,427,25-Jul-26,PM10
Raipur,41,25-Jul-26,PM10
Rajamahendravaram,55,25-Jul-26,PM10
Rajgir,61,25-Jul-26,PM2.5
Rajkot,40,25-Jul-26,CO
Rajsamand,48,25-Jul-26,O3
Ramanagara,32,25-Jul-26,CO
Ratlam,35,25-Jul-26,NO2
Rishikesh,37,25-Jul-26,CO
Rohtak,43,25-Jul-26,CO
Rourkela,61,25-Jul-26,"PM2.5, PM10"
Rupnagar,212,25-Jul-26,PM2.5
Sagar,39,25-Jul-26,O3
Saharsa,77,25-Jul-26,PM10
Samastipur,48,25-Jul-26,PM2.5
Sangli,24,25-Jul-26,O3
Satara,49,25-Jul-26,PM10
Satna,70,25-Jul-26,PM10
Sawai Madhopur,40,25-Jul-26,PM10
Shamli,76,25-Jul-26,CO
Sikar,43,25-Jul-26,PM10
Silchar,48,25-Jul-26,PM10
Siliguri,116,25-Jul-26,NO2
Singrauli,66,25-Jul-26,PM10
Sirohi,34,25-Jul-26,O3
Sirsa,85,25-Jul-26,CO
Sivasagar,54,25-Jul-26,O3
Siwan,104,25-Jul-26,PM10
Solapur,27,25-Jul-26,PM10
Sonipat,113,25-Jul-26,PM2.5
Srikakulam,60,25-Jul-26,PM10
Srinagar,40,25-Jul-26,PM10
Suakati,63,25-Jul-26,PM10
Surat,51,25-Jul-26,PM10
Talcher,73,25-Jul-26,NO2
Tensa,33,25-Jul-26,PM10
Thane,41,25-Jul-26,PM10
Thiruvananthapuram,42,25-Jul-26,PM10
Thoothukudi,67,25-Jul-26,PM10
Thrissur,55,25-Jul-26,PM10
Tirumala,104,25-Jul-26,PM10
Tirupati,64,25-Jul-26,PM10
Tonk,98,25-Jul-26,PM10
Tumakuru,62,25-Jul-26,PM10
Tumidih,38,25-Jul-26,O3
Udaipur,37,25-Jul-26,PM10
Ujjain,61,25-Jul-26,O3
Ulhasnagar,29,25-Jul-26,PM10
Vadodara,68,25-Jul-26,CO
Varanasi,68,25-Jul-26,PM10
Vijayapura,43,25-Jul-26,PM10
Vijayawada,61,25-Jul-26,PM10
Virar,39,25-Jul-26,CO
Visakhapatnam,128,25-Jul-26,PM10
Vrindavan,32,25-Jul-26,PM2.5
Yadgir,38,25-Jul-26,CO
Yamuna Nagar,78,25-Jul-26,PM10
Agartala,48,26-Jul-26,PM10
Agra,77,26-Jul-26,"PM10, PM2.5"
Ahmedabad,66,26-Jul-26,PM10
Ahmednagar,45,26-Jul-26,PM10
Ajmer,40,26-Jul-26,PM10
Akola,34,26-Jul-26,PM10
Alwar,94,26-Jul-26,PM10
Amaravati,67,26-Jul-26,PM10
Ambala,70,26-Jul-26,SO2
Ambernath,58,26-Jul-26,PM10
Amravati,36,26-Jul-26,PM10
Amritsar,85,26-Jul-26,PM10
Anantapur,68,26-Jul-26,PM2.5
Angul,66,26-Jul-26,NO2
Ankleshwar,72,26-Jul-26,PM10
Araria,48,26-Jul-26,PM2.5
Arrah,54,26-Jul-26,PM10
Asansol,47,26-Jul-26,"SO2, CO"
Aurangabad (Maharashtra),50,26-Jul-26,"PM10, PM2.5"
Baddi,75,26-Jul-26,PM10
Badlapur,19,26-Jul-26,CO
Bagalkot,51,26-Jul-26,PM10
Baghpat,93,26-Jul-26,PM10
Bahadurgarh,99,26-Jul-26,PM2.5
Balasore,65,26-Jul-26,O3
Ballabgarh,112,26-Jul-26,PM10
Banswara,90,26-Jul-26,PM10
Baran,81,26-Jul-26,O3
Barbil,47,26-Jul-26,PM2.5
Bareilly,41,26-Jul-26,SO2
Baripada,40,26-Jul-26,O3
Barmer,36,26-Jul-26,O3
Barrackpore,37,26-Jul-26,CO
Bathinda,85,26-Jul-26,CO
Beed,41,26-Jul-26,PM2.5
Begusarai,43,26-Jul-26,PM10
Belapur,38,26-Jul-26,PM10
Bengaluru,50,26-Jul-26,PM10
Bhagalpur,34,26-Jul-26,CO
Bharatpur,53,26-Jul-26,O3
Bhavnagar,57,26-Jul-26,CO
Bhilai,28,26-Jul-26,"PM10, CO"
Bhilwara,41,26-Jul-26,O3
Bhiwadi,95,26-Jul-26,PM10
Bhiwandi,45,26-Jul-26,PM10
Bhiwani,56,26-Jul-26,PM2.5
Bhopal,37,26-Jul-26,PM10
Bhubaneswar,50,26-Jul-26,CO
Bikaner,99,26-Jul-26,PM10
Bilaspur,35,26-Jul-26,PM10
Bileipada,52,26-Jul-26,PM2.5
Boisar,49,26-Jul-26,PM10
Brajrajnagar,41,26-Jul-26,O3
Bulandshahr,57,26-Jul-26,PM10
Bundi,41,26-Jul-26,PM10
Buxar,56,26-Jul-26,PM2.5
Byasanagar,67,26-Jul-26,PM2.5
Byrnihat (Assam),67,26-Jul-26,PM2.5
Byrnihat (Meghalaya),168,26-Jul-26,PM2.5
Chamarajanagar,45,26-Jul-26,PM10
Chandigarh,33,26-Jul-26,O3
Chandrapur,43,26-Jul-26,"PM10, O3"
Charkhi Dadri,92,26-Jul-26,PM2.5
Chennai,82,26-Jul-26,PM10
Chhapra,79,26-Jul-26,CO
Chikkaballapur,32,26-Jul-26,CO
Chikkamagaluru,32,26-Jul-26,PM10
Chittorgarh,38,26-Jul-26,O3
Churu,67,26-Jul-26,PM10
Cuttack,94,26-Jul-26,PM10
Dausa,73,26-Jul-26,PM10
Delhi,80,26-Jul-26,"PM10, PM2.5"
Dewas,76,26-Jul-26,PM10
Dhanbad,103,26-Jul-26,NO2
Dharuhera,74,26-Jul-26,PM2.5
Dholpur,131,26-Jul-26,PM2.5
Dhule,51,26-Jul-26,PM10
Dungarpur,52,26-Jul-26,PM10
Durgapur,39,26-Jul-26,"NO2, PM10, O3"
Eluru,66,26-Jul-26,PM10
Faridabad,90,26-Jul-26,PM10
Fatehabad,194,26-Jul-26,PM10
Fatehpur Sikri,29,26-Jul-26,O3
Firozabad,38,26-Jul-26,CO
Gadag,34,26-Jul-26,PM10
Gandhinagar,54,26-Jul-26,PM10
Gangtok,19,26-Jul-26,PM2.5
Gaya,58,26-Jul-26,"PM2.5, PM10"
Ghaziabad,87,26-Jul-26,"CO, PM10"
Gorakhpur,76,26-Jul-26,PM10
Greater Noida,103,26-Jul-26,PM10
Gummidipoondi,74,26-Jul-26,PM10
Guntur,46,26-Jul-26,PM2.5
Gurugram,108,26-Jul-26,"PM2.5, PM10"
Guwahati,43,26-Jul-26,"O3, SO2, PM2.5"
Gwalior,56,26-Jul-26,"CO, O3"
Haldia,32,26-Jul-26,CO
Hanumangarh,70,26-Jul-26,O3
Hisar,72,26-Jul-26,NO2
Howrah,55,26-Jul-26,"CO, PM10"
Hubballi,53,26-Jul-26,PM10
Hyderabad,48,26-Jul-26,PM10
Indore,45,26-Jul-26,"PM10, PM2.5, CO"
Jabalpur,55,26-Jul-26,"NO2, O3"
Jaipur,53,26-Jul-26,"O3, PM10, NH3"
Jaisalmer,40,26-Jul-26,PM10
Jalandhar,54,26-Jul-26,PM10
Jalgaon,33,26-Jul-26,O3
Jalna,37,26-Jul-26,PM10
Jalore,46,26-Jul-26,PM10
Jhalawar,60,26-Jul-26,CO
Jhansi,52,26-Jul-26,PM10
Jhunjhunu,76,26-Jul-26,PM10
Jind,45,26-Jul-26,PM10
Jodhpur,47,26-Jul-26,"PM10, CO"
Jorapokhar,102,26-Jul-26,PM10
Kadapa,62,26-Jul-26,PM10
Kaithal,100,26-Jul-26,SO2
Kakinada,44,26-Jul-26,PM10
Kalyan,53,26-Jul-26,"PM2.5, PM10"
Kanpur,56,26-Jul-26,CO
Karauli,42,26-Jul-26,NO2
Karnal,80,26-Jul-26,PM10
Karwar,37,26-Jul-26,CO
Katihar,71,26-Jul-26,CO
Katni,54,26-Jul-26,PM10
Keonjhar,39,26-Jul-26,PM10
Khanna,70,26-Jul-26,PM10
Khora,106,26-Jul-26,PM2.5
Khurja,87,26-Jul-26,CO
Kishanganj,43,26-Jul-26,PM2.5
Kohima,48,26-Jul-26,SO2
Kolhapur,35,26-Jul-26,PM10
Kolkata,38,26-Jul-26,"PM10, CO"
Korba,31,26-Jul-26,"SO2, PM10"
Kota,34,26-Jul-26,"O3, PM2.5"
Kunjemura,27,26-Jul-26,CO
Kurnool,45,26-Jul-26,PM10
Kurukshetra,50,26-Jul-26,PM10
Latur,35,26-Jul-26,PM10
Lucknow,64,26-Jul-26,"O3, PM10, PM2.5"
Ludhiana,57,26-Jul-26,PM10
Machilipatnam,54,26-Jul-26,PM2.5
Madikeri,14,26-Jul-26,CO
Maihar,88,26-Jul-26,PM10
Malegaon,36,26-Jul-26,PM10
Mandideep,76,26-Jul-26,O3
Mandi Gobindgarh,133,26-Jul-26,PM10
Mandikhera,78,26-Jul-26,PM10
Manesar,62,26-Jul-26,PM2.5
Mangalore,49,26-Jul-26,PM10
Meerut,73,26-Jul-26,"PM10, PM2.5"
Mehsana,57,26-Jul-26,PM10
Mira-Bhayandar,42,26-Jul-26,PM10
Modinagar,50,26-Jul-26,PM2.5
Moradabad,72,26-Jul-26,"PM10, CO"
Motihari,74,26-Jul-26,PM2.5
Mumbai,61,26-Jul-26,"NO2, PM10"
Munger,42,26-Jul-26,PM10
Muzaffarnagar,77,26-Jul-26,PM10
Muzaffarpur,51,26-Jul-26,"PM10, PM2.5, O3"
Mysuru,42,26-Jul-26,O3
Nagaon,71,26-Jul-26,PM2.5
Nagaur,64,26-Jul-26,PM10
Nagpur,37,26-Jul-26,PM10
Naharlagun,41,26-Jul-26,PM10
Nalbari,62,26-Jul-26,PM2.5
Nanded,33,26-Jul-26,PM10
Nandesari,47,26-Jul-26,PM2.5
Narnaul,138,26-Jul-26,PM2.5
Nashik,37,26-Jul-26,"CO, PM10"
Navi Mumbai,32,26-Jul-26,"CO, PM10"
Nellore,67,26-Jul-26,PM10
Noida,83,26-Jul-26,"O3, PM10"
Pali,92,26-Jul-26,PM2.5
Palwal,73,26-Jul-26,CO
Pampore,10,26-Jul-26,PM10
Panchkula,44,26-Jul-26,O3
Panipat,136,26-Jul-26,PM10
Parbhani,47,26-Jul-26,PM10
Patiala,40,26-Jul-26,PM10
Patna,70,26-Jul-26,PM10
Pimpri-Chinchwad,37,26-Jul-26,"PM10, CO"
Pithampur,80,26-Jul-26,PM10
Pratapgarh,39,26-Jul-26,O3
Prayagraj,38,26-Jul-26,"O3, SO2"
Puducherry,46,26-Jul-26,O3
Pune,46,26-Jul-26,"CO, PM10"
Purnia,58,26-Jul-26,CO
Raebareli,500,26-Jul-26,PM10
Raipur,47,26-Jul-26,PM10
Rajamahendravaram,47,26-Jul-26,PM10
Rajgir,48,26-Jul-26,PM2.5
Rajkot,47,26-Jul-26,PM10
Rajsamand,50,26-Jul-26,O3
Ramanagara,33,26-Jul-26,PM10
Rishikesh,37,26-Jul-26,CO
Rohtak,52,26-Jul-26,PM10
Rourkela,54,26-Jul-26,"PM2.5, PM10"
Rupnagar,186,26-Jul-26,PM2.5
Sagar,39,26-Jul-26,CO
Saharsa,79,26-Jul-26,PM10
Samastipur,38,26-Jul-26,PM2.5
Sangli,24,26-Jul-26,O3
Satara,48,26-Jul-26,PM10
Satna,70,26-Jul-26,PM10
Sawai Madhopur,52,26-Jul-26,CO
Shamli,54,26-Jul-26,PM10
Sikar,46,26-Jul-26,PM10
Silchar,49,26-Jul-26,PM10
Siliguri,116,26-Jul-26,NO2
Singrauli,83,26-Jul-26,PM10
Sirohi,21,26-Jul-26,PM10
Sirsa,88,26-Jul-26,CO
Sivasagar,65,26-Jul-26,O3
Siwan,102,26-Jul-26,PM10
Solapur,33,26-Jul-26,PM10
Sonipat,148,26-Jul-26,PM10
Sri Ganganagar,100,26-Jul-26,O3
Srinagar,28,26-Jul-26,PM10
Suakati,59,26-Jul-26,PM10
Surat,68,26-Jul-26,PM10
Tensa,52,26-Jul-26,NO2
Thane,43,26-Jul-26,PM10
Thiruvananthapuram,43,26-Jul-26,PM10
Thoothukudi,67,26-Jul-26,PM10
Tirumala,63,26-Jul-26,CO
Tirupati,66,26-Jul-26,PM10
Tonk,53,26-Jul-26,PM10
Tumidih,38,26-Jul-26,O3
Udaipur,31,26-Jul-26,PM10
Ujjain,50,26-Jul-26,PM10
Ulhasnagar,30,26-Jul-26,PM10
Vapi,20,26-Jul-26,PM10
Varanasi,62,26-Jul-26,"PM10, PM2.5"
Vijayapura,43,26-Jul-26,PM10
Vijayawada,60,26-Jul-26,PM10
Virar,49,26-Jul-26,PM10
Visakhapatnam,119,26-Jul-26,PM10
Vrindavan,60,26-Jul-26,SO2
Yadgir,54,26-Jul-26,CO
Yamuna Nagar,88,26-Jul-26,PM10
Agartala,37,27-Jul-26,PM10
Agra,85,27-Jul-26,"PM10, PM2.5"
Ahmedabad,62,27-Jul-26,PM10
Ahmednagar,48,27-Jul-26,PM10
Aizawl,14,27-Jul-26,SO2
Ajmer,53,27-Jul-26,PM10
Akola,31,27-Jul-26,PM10
Alwar,96,27-Jul-26,PM10
Amaravati,32,27-Jul-26,PM10
Ambala,66,27-Jul-26,SO2
Ambernath,61,27-Jul-26,PM10
Amravati,41,27-Jul-26,PM10
Amritsar,62,27-Jul-26,PM10
Anantapur,64,27-Jul-26,PM10
Angul,59,27-Jul-26,PM10
Ankleshwar,63,27-Jul-26,PM10
Araria,47,27-Jul-26,PM2.5
Arrah,62,27-Jul-26,PM10
Asansol,48,27-Jul-26,"SO2, CO, O3"
Aurangabad (Maharashtra),43,27-Jul-26,"PM2.5, PM10"
Baddi,94,27-Jul-26,PM10
Badlapur,49,27-Jul-26,CO
Bagalkot,51,27-Jul-26,PM10
Baghpat,112,27-Jul-26,PM10
Bahadurgarh,123,27-Jul-26,PM2.5
Balasore,53,27-Jul-26,O3
Ballabgarh,101,27-Jul-26,PM10
Banswara,116,27-Jul-26,PM10
Baran,72,27-Jul-26,O3
Barbil,50,27-Jul-26,PM10
Bareilly,46,27-Jul-26,SO2
Baripada,30,27-Jul-26,O3
Barmer,43,27-Jul-26,PM10
Barrackpore,40,27-Jul-26,CO
Bathinda,99,27-Jul-26,PM10
Beed,25,27-Jul-26,PM2.5
Belapur,36,27-Jul-26,PM10
Bengaluru,51,27-Jul-26,PM10
Bhagalpur,64,27-Jul-26,PM2.5
Bharatpur,55,27-Jul-26,O3
Bhavnagar,58,27-Jul-26,CO
Bhilai,24,27-Jul-26,"PM10, CO"
Bhilwara,69,27-Jul-26,PM10
Bhiwadi,83,27-Jul-26,PM10
Bhiwandi,42,27-Jul-26,PM10
Bhiwani,52,27-Jul-26,PM2.5
Bhopal,50,27-Jul-26,PM10
Bhubaneswar,58,27-Jul-26,PM2.5
Bikaner,63,27-Jul-26,PM10
Bilaspur,38,27-Jul-26,CO
Bileipada,55,27-Jul-26,PM2.5
Boisar,49,27-Jul-26,PM10
Brajrajnagar,44,27-Jul-26,O3
Bulandshahr,105,27-Jul-26,PM10
Bundi,57,27-Jul-26,PM10
Buxar,58,27-Jul-26,PM2.5
Byasanagar,84,27-Jul-26,PM2.5
Byrnihat (Assam),74,27-Jul-26,PM2.5
Byrnihat (Meghalaya),192,27-Jul-26,PM2.5
Chamarajanagar,39,27-Jul-26,PM10
Chandigarh,52,27-Jul-26,"O3, CO"
Chandrapur,44,27-Jul-26,"PM10, CO"
Charkhi Dadri,56,27-Jul-26,PM2.5
Chennai,68,27-Jul-26,PM10
Chhapra,90,27-Jul-26,CO
Chikkaballapur,36,27-Jul-26,PM10
Chikkamagaluru,31,27-Jul-26,PM10
Chittoor,62,27-Jul-26,PM10
Chittorgarh,46,27-Jul-26,PM10
Churu,49,27-Jul-26,PM10
Cuddalore,23,27-Jul-26,SO2
Cuttack,68,27-Jul-26,PM10
Dausa,89,27-Jul-26,PM10
Dehradun,40,27-Jul-26,PM10
Delhi,101,27-Jul-26,PM10
Dewas,83,27-Jul-26,PM10
Dhanbad,110,27-Jul-26,NO2
Dharuhera,83,27-Jul-26,PM2.5
Dharwad,74,27-Jul-26,PM10
Dholpur,38,27-Jul-26,PM10
Dhule,57,27-Jul-26,PM10
Dungarpur,56,27-Jul-26,PM10
Durgapur,42,27-Jul-26,"NO2, O3, PM10"
Eluru,59,27-Jul-26,PM10
Faridabad,111,27-Jul-26,PM10
Fatehabad,185,27-Jul-26,PM10
Fatehpur Sikri,34,27-Jul-26,O3
Firozabad,48,27-Jul-26,"PM10, CO"
Gadag,32,27-Jul-26,PM10
Gandhinagar,61,27-Jul-26,PM10
Gangtok,20,27-Jul-26,PM2.5
Gaya,69,27-Jul-26,PM10
Ghaziabad,119,27-Jul-26,"PM10, PM2.5"
Gorakhpur,69,27-Jul-26,PM10
Greater Noida,155,27-Jul-26,PM10
Gummidipoondi,84,27-Jul-26,PM10
Guntur,46,27-Jul-26,PM2.5
Gurugram,96,27-Jul-26,"PM2.5, PM10"
Guwahati,45,27-Jul-26,"PM2.5, SO2"
Gwalior,49,27-Jul-26,O3
Hajipur,54,27-Jul-26,PM2.5
Haldia,31,27-Jul-26,CO
Hanumangarh,68,27-Jul-26,O3
Hisar,90,27-Jul-26,SO2
Howrah,53,27-Jul-26,"CO, NO2"
Hyderabad,39,27-Jul-26,"PM10, CO"
Indore,48,27-Jul-26,"PM10, SO2"
Jabalpur,56,27-Jul-26,"NO2, PM10"
Jaipur,65,27-Jul-26,"O3, PM10"
Jaisalmer,66,27-Jul-26,PM10
Jalandhar,64,27-Jul-26,PM10
Jalgaon,29,27-Jul-26,PM10
Jalna,30,27-Jul-26,O3
Jalore,45,27-Jul-26,PM10
Jhalawar,94,27-Jul-26,PM10
Jhansi,59,27-Jul-26,PM10
Jhunjhunu,78,27-Jul-26,O3
Jind,61,27-Jul-26,PM10
Jodhpur,65,27-Jul-26,PM10
Jorapokhar,96,27-Jul-26,PM10
Kadapa,61,27-Jul-26,PM10
Kaithal,52,27-Jul-26,PM10
Kalyan,58,27-Jul-26,"PM2.5, PM10"
Kanpur,52,27-Jul-26,"PM2.5, PM10"
Karauli,43,27-Jul-26,NO2
Karnal,99,27-Jul-26,PM10
Karwar,40,27-Jul-26,CO
Kashipur,59,27-Jul-26,PM2.5
Katihar,90,27-Jul-26,CO
Katni,62,27-Jul-26,PM10
Keonjhar,38,27-Jul-26,PM10
Khanna,70,27-Jul-26,PM10
Khora,198,27-Jul-26,PM2.5
Khurja,66,27-Jul-26,PM10
Kishanganj,48,27-Jul-26,PM2.5
Kohima,55,27-Jul-26,SO2
Kolhapur,32,27-Jul-26,PM10
Kolkata,45,27-Jul-26,"PM10, O3, CO"
Korba,22,27-Jul-26,"PM10, PM2.5"
Kota,47,27-Jul-26,PM10
Kunjemura,67,27-Jul-26,PM10
Kurnool,45,27-Jul-26,PM10
Kurukshetra,64,27-Jul-26,PM10
Latur,32,27-Jul-26,PM10
Lucknow,84,27-Jul-26,"PM2.5, PM10, O3"
Ludhiana,68,27-Jul-26,PM10
Machilipatnam,55,27-Jul-26,PM10
Madikeri,13,27-Jul-26,CO
Mahad,37,27-Jul-26,PM10
Maihar,77,27-Jul-26,PM10
Malegaon,51,27-Jul-26,PM10
Mandideep,74,27-Jul-26,PM10
Mandi Gobindgarh,136,27-Jul-26,PM10
Mandikhera,78,27-Jul-26,PM10
Manesar,79,27-Jul-26,PM2.5
Mangalore,48,27-Jul-26,PM10
Meerut,150,27-Jul-26,"PM2.5, PM10"
Mehsana,50,27-Jul-26,CO
Mira-Bhayandar,35,27-Jul-26,PM10
Moradabad,76,27-Jul-26,PM10
Motihari,60,27-Jul-26,O3
Mumbai,61,27-Jul-26,"NO2, PM10"
Muzaffarnagar,114,27-Jul-26,PM2.5
Muzaffarpur,45,27-Jul-26,"PM2.5, O3, PM10"
Mysuru,45,27-Jul-26,PM10
Nagaon,56,27-Jul-26,PM2.5
Nagaur,61,27-Jul-26,PM10
Nagpur,51,27-Jul-26,"PM10, CO"
Naharlagun,38,27-Jul-26,PM10
Nalbari,66,27-Jul-26,PM2.5
Nanded,26,27-Jul-26,PM10
Nandesari,47,27-Jul-26,PM10
Narnaul,63,27-Jul-26,PM2.5
Nashik,38,27-Jul-26,"PM10, CO"
Navi Mumbai,29,27-Jul-26,"PM10, PM2.5"
Nellore,58,27-Jul-26,PM10
Noida,129,27-Jul-26,"PM10, O3"
Pali,109,27-Jul-26,PM10
Palwal,52,27-Jul-26,PM10
Pampore,44,27-Jul-26,PM10
Panchkula,40,27-Jul-26,O3
Panipat,187,27-Jul-26,PM10
Parbhani,38,27-Jul-26,PM10
Patiala,48,27-Jul-26,PM10
Patna,71,27-Jul-26,"PM10, O3"
Pimpri-Chinchwad,37,27-Jul-26,"PM10, CO"
Pithampur,98,27-Jul-26,PM10
Pratapgarh,50,27-Jul-26,PM10
Prayagraj,30,27-Jul-26,SO2
Puducherry,40,27-Jul-26,O3
Pune,51,27-Jul-26,"CO, PM10"
Raebareli,276,27-Jul-26,"PM10, CO"
Raipur,50,27-Jul-26,PM10
Rairangpur,27,27-Jul-26,CO
Rajamahendravaram,68,27-Jul-26,O3
Rajgir,73,27-Jul-26,PM2.5
Rajkot,52,27-Jul-26,PM10
Rajsamand,51,27-Jul-26,PM10
Ramanagara,41,27-Jul-26,CO
Rishikesh,37,27-Jul-26,CO
Rohtak,44,27-Jul-26,PM10
Rourkela,62,27-Jul-26,"PM2.5, PM10"
Rupnagar,273,27-Jul-26,PM2.5
Saharsa,67,27-Jul-26,PM10
Samastipur,59,27-Jul-26,PM2.5
Satara,49,27-Jul-26,PM10
Satna,70,27-Jul-26,PM10
Sawai Madhopur,43,27-Jul-26,PM10
Shamli,65,27-Jul-26,PM10
Sikar,49,27-Jul-26,PM10
Silchar,49,27-Jul-26,PM10
Siliguri,120,27-Jul-26,NO2
Singrauli,59,27-Jul-26,PM10
Sirohi,27,27-Jul-26,PM10
Sirsa,85,27-Jul-26,CO
Sivasagar,65,27-Jul-26,O3
Siwan,105,27-Jul-26,PM10
Solapur,29,27-Jul-26,PM10
Sonipat,114,27-Jul-26,PM2.5
Sri Ganganagar,70,27-Jul-26,O3
Srinagar,47,27-Jul-26,PM10
Suakati,54,27-Jul-26,PM10
Surat,74,27-Jul-26,PM10
Talcher,65,27-Jul-26,NO2
Tensa,48,27-Jul-26,NO2
Thane,36,27-Jul-26,PM10
Thiruvananthapuram,48,27-Jul-26,PM10
Thoothukudi,67,27-Jul-26,PM10
Thrissur,53,27-Jul-26,PM10
Tirumala,49,27-Jul-26,NO2
Tirupati,67,27-Jul-26,PM10
Tonk,79,27-Jul-26,PM10
Tumakuru,64,27-Jul-26,PM10
Tumidih,38,27-Jul-26,O3
Udaipur,50,27-Jul-26,PM10
Ujjain,59,27-Jul-26,PM10
Ulhasnagar,28,27-Jul-26,PM10
Vadodara,70,27-Jul-26,CO
Vapi,31,27-Jul-26,PM10
Varanasi,64,27-Jul-26,"PM10, SO2"
Vijayapura,43,27-Jul-26,PM10
Vijayawada,63,27-Jul-26,"PM2.5, PM10"
Virar,40,27-Jul-26,PM10
Visakhapatnam,94,27-Jul-26,PM10
Vrindavan,76,27-Jul-26,SO2
Yamuna Nagar,95,27-Jul-26,PM10
Agartala,41,28-Jul-26,PM10
Agra,70,28-Jul-26,"PM2.5, PM10, SO2"
Ahmedabad,79,28-Jul-26,"CO, PM10"
Ahmednagar,47,28-Jul-26,PM10
Aizawl,14,28-Jul-26,SO2
Ajmer,80,28-Jul-26,PM10
Akola,32,28-Jul-26,PM10
Alwar,89,28-Jul-26,PM10
Amaravati,46,28-Jul-26,PM10
Ambala,84,28-Jul-26,PM10
Ambernath,78,28-Jul-26,PM10
Amravati,38,28-Jul-26,PM10
Amritsar,76,28-Jul-26,PM10
Anantapur,70,28-Jul-26,PM10
Angul,55,28-Jul-26,CO
Araria,48,28-Jul-26,PM2.5
Arrah,59,28-Jul-26,PM10
Asansol,48,28-Jul-26,"SO2, CO"
Aurangabad (Maharashtra),54,28-Jul-26,"PM10, PM2.5"
Baddi,130,28-Jul-26,PM10
Badlapur,38,28-Jul-26,CO
Bagalkot,51,28-Jul-26,PM10
Baghpat,81,28-Jul-26,PM10
Bahadurgarh,73,28-Jul-26,PM2.5
Balasore,41,28-Jul-26,CO
Ballabgarh,52,28-Jul-26,PM10
Banswara,230,28-Jul-26,PM10
Baran,64,28-Jul-26,O3
Barbil,22,28-Jul-26,O3
Bareilly,41,28-Jul-26,"PM10, O3"
Baripada,19,28-Jul-26,O3
Barmer,50,28-Jul-26,PM2.5
Barrackpore,39,28-Jul-26,CO
Bathinda,84,28-Jul-26,CO
Beed,21,28-Jul-26,PM2.5
Begusarai,45,28-Jul-26,PM10
Belapur,40,28-Jul-26,PM10
Bengaluru,49,28-Jul-26,PM10
Bhagalpur,42,28-Jul-26,PM2.5
Bharatpur,51,28-Jul-26,O3
Bhavnagar,59,28-Jul-26,CO
Bhilai,21,28-Jul-26,"PM10, CO, O3"
Bhilwara,76,28-Jul-26,PM10
Bhiwadi,98,28-Jul-26,"PM2.5, PM10"
Bhiwani,34,28-Jul-26,PM2.5
Bhopal,39,28-Jul-26,PM10
Bhubaneswar,42,28-Jul-26,"CO, O3"
Bikaner,79,28-Jul-26,PM10
Bilaspur,25,28-Jul-26,CO
Bileipada,46,28-Jul-26,PM10
Boisar,61,28-Jul-26,PM10
Brajrajnagar,44,28-Jul-26,O3
Bulandshahr,45,28-Jul-26,PM10
Bundi,45,28-Jul-26,PM10
Byasanagar,60,28-Jul-26,PM2.5
Byrnihat (Assam),90,28-Jul-26,PM2.5
Byrnihat (Meghalaya),168,28-Jul-26,PM2.5
Chandigarh,49,28-Jul-26,"CO, PM2.5"
Chandrapur,40,28-Jul-26,"CO, PM10"
Charkhi Dadri,138,28-Jul-26,PM2.5
Chennai,79,28-Jul-26,PM10
Chikkaballapur,43,28-Jul-26,PM10
Chikkamagaluru,34,28-Jul-26,CO
Chittorgarh,56,28-Jul-26,PM10
Churu,46,28-Jul-26,O3
Cuddalore,38,28-Jul-26,"PM10, SO2"
Cuttack,37,28-Jul-26,O3
Damoh,50,28-Jul-26,SO2
Dausa,102,28-Jul-26,PM10
Davanagere,49,28-Jul-26,CO
Delhi,66,28-Jul-26,PM10
Dewas,61,28-Jul-26,PM10
Dhanbad,105,28-Jul-26,NO2
Dharwad,76,28-Jul-26,PM10
Dholpur,117,28-Jul-26,PM2.5
Dhule,55,28-Jul-26,PM10
Dombivli,30,28-Jul-26,O3
Dungarpur,75,28-Jul-26,PM10
Durgapur,38,28-Jul-26,"NO2, O3"
Eluru,59,28-Jul-26,PM10
Faridabad,117,28-Jul-26,"PM2.5, PM10"
Fatehabad,115,28-Jul-26,PM10
Fatehpur Sikri,19,28-Jul-26,O3
Firozabad,37,28-Jul-26,"CO, PM10"
Gadag,29,28-Jul-26,PM10
Gandhinagar,94,28-Jul-26,PM10
Gangtok,22,28-Jul-26,PM2.5
Gaya,79,28-Jul-26,"CO, PM2.5, PM10"
Ghaziabad,70,28-Jul-26,"CO, PM10"
Gorakhpur,61,28-Jul-26,PM10
Greater Noida,78,28-Jul-26,PM10
Gummidipoondi,128,28-Jul-26,PM2.5
Guntur,48,28-Jul-26,PM10
Gurugram,111,28-Jul-26,PM2.5
Guwahati,115,28-Jul-26,"PM10, PM2.5"
Gwalior,56,28-Jul-26,"PM10, CO, O3"
Hajipur,55,28-Jul-26,PM2.5
Haldia,28,28-Jul-26,O3
Hanumangarh,71,28-Jul-26,O3
Hapur,42,28-Jul-26,PM10
Hisar,79,28-Jul-26,SO2
Howrah,45,28-Jul-26,"CO, NO2"
Hubballi,53,28-Jul-26,PM10
Hyderabad,38,28-Jul-26,"PM10, CO, NO2"
Indore,39,28-Jul-26,"PM10, CO"
Jabalpur,47,28-Jul-26,"NO2, O3"
Jaipur,75,28-Jul-26,"PM10, O3"
Jaisalmer,96,28-Jul-26,PM10
Jalandhar,60,28-Jul-26,PM10
Jalgaon,40,28-Jul-26,PM10
Jalna,36,28-Jul-26,PM10
Jalore,85,28-Jul-26,PM10
Jhalawar,54,28-Jul-26,PM10
Jhansi,68,28-Jul-26,PM10
Jhunjhunu,94,28-Jul-26,O3
Jodhpur,92,28-Jul-26,PM10
Jorapokhar,69,28-Jul-26,PM10
Kaithal,66,28-Jul-26,PM10
Kakinada,44,28-Jul-26,PM10
Kalyan,63,28-Jul-26,PM2.5
Kanpur,50,28-Jul-26,"PM10, CO"
Karauli,34,28-Jul-26,NO2
Karnal,69,28-Jul-26,PM10
Karwar,44,28-Jul-26,PM10
Katihar,87,28-Jul-26,CO
Katni,45,28-Jul-26,PM10
Keonjhar,36,28-Jul-26,CO
Khanna,65,28-Jul-26,PM10
Khora,119,28-Jul-26,PM2.5
Khurja,63,28-Jul-26,PM10
Kishanganj,42,28-Jul-26,PM2.5
Kohima,57,28-Jul-26,SO2
Kolhapur,35,28-Jul-26,PM10
Kolkata,49,28-Jul-26,"PM10, O3, CO"
Korba,18,28-Jul-26,"SO2, PM10"
Kota,42,28-Jul-26,PM10
Kunjemura,24,28-Jul-26,CO
Kurukshetra,60,28-Jul-26,PM10
Latur,32,28-Jul-26,PM10
Lucknow,63,28-Jul-26,"PM2.5, O3, PM10"
Ludhiana,97,28-Jul-26,PM2.5
Machilipatnam,47,28-Jul-26,PM10
Madikeri,14,28-Jul-26,CO
Mahad,33,28-Jul-26,CO
Maihar,111,28-Jul-26,PM10
Malegaon,66,28-Jul-26,PM10
Mandideep,53,28-Jul-26,PM10
Mandi Gobindgarh,117,28-Jul-26,PM10
Mandikhera,79,28-Jul-26,PM10
Manesar,62,28-Jul-26,PM2.5
Mangalore,48,28-Jul-26,PM10
Mathura,53,28-Jul-26,PM2.5
Meerut,56,28-Jul-26,"PM10, PM2.5"
Mehsana,82,28-Jul-26,PM10
Modinagar,46,28-Jul-26,PM2.5
Moradabad,40,28-Jul-26,"CO, PM10, PM2.5"
Mumbai,64,28-Jul-26,"NO2, PM10"
Munger,48,28-Jul-26,PM10
Muzaffarnagar,51,28-Jul-26,PM2.5
Muzaffarpur,49,28-Jul-26,"O3, PM10, CO"
Mysuru,45,28-Jul-26,PM10
Nagaon,61,28-Jul-26,PM2.5
Nagaur,93,28-Jul-26,PM10
Nagpur,45,28-Jul-26,"PM2.5, PM10"
Naharlagun,42,28-Jul-26,PM10
Nalbari,57,28-Jul-26,PM2.5
Nandesari,47,28-Jul-26,PM10
Narnaul,105,28-Jul-26,PM2.5
Nashik,43,28-Jul-26,"PM10, CO"
Navi Mumbai,40,28-Jul-26,"CO, PM10, O3"
Nellore,63,28-Jul-26,PM10
Noida,93,28-Jul-26,"O3, PM10"
Pali,150,28-Jul-26,PM2.5
Palwal,52,28-Jul-26,PM10
Panchgaon,35,28-Jul-26,PM2.5
Panchkula,56,28-Jul-26,PM2.5
Panipat,139,28-Jul-26,PM10
Parbhani,23,28-Jul-26,NO2
Patiala,48,28-Jul-26,PM10
Patna,68,28-Jul-26,"PM10, O3"
Pimpri-Chinchwad,33,28-Jul-26,PM10
Pithampur,67,28-Jul-26,PM10
Pratapgarh,51,28-Jul-26,PM10
Prayagraj,42,28-Jul-26,"SO2, PM10"
Puducherry,41,28-Jul-26,O3
Pune,47,28-Jul-26,"CO, PM10"
Purnia,57,28-Jul-26,CO
Raebareli,500,28-Jul-26,PM10
Raipur,30,28-Jul-26,"PM10, CO"
Rairangpur,22,28-Jul-26,PM10
Rajamahendravaram,51,28-Jul-26,O3
Rajgir,51,28-Jul-26,O3
Rajkot,56,28-Jul-26,PM10
Rajsamand,54,28-Jul-26,O3
Ramanagara,40,28-Jul-26,PM10
Rishikesh,37,28-Jul-26,CO
Rohtak,45,28-Jul-26,PM10
Rourkela,56,28-Jul-26,PM2.5
Rupnagar,63,28-Jul-26,PM2.5
Sagar,49,28-Jul-26,O3
Saharsa,48,28-Jul-26,PM2.5
Samastipur,40,28-Jul-26,PM2.5
Sangli,35,28-Jul-26,PM10
Satara,35,28-Jul-26,PM10
Satna,70,28-Jul-26,PM10
Sawai Madhopur,47,28-Jul-26,CO
Shamli,50,28-Jul-26,CO
Shillong,26,28-Jul-26,PM10
Sikar,59,28-Jul-26,PM10
Silchar,53,28-Jul-26,PM10
Siliguri,115,28-Jul-26,NO2
Singrauli,45,28-Jul-26,NO2
Sirohi,87,28-Jul-26,PM10
Sirsa,84,28-Jul-26,CO
Sivasagar,50,28-Jul-26,O3
Siwan,105,28-Jul-26,PM10
Solapur,34,28-Jul-26,"O3, PM10"
Sonipat,187,28-Jul-26,PM10
Srikakulam,44,28-Jul-26,PM2.5
Srinagar,56,28-Jul-26,PM10
Suakati,37,28-Jul-26,PM10
Surat,75,28-Jul-26,PM10
Thane,47,28-Jul-26,PM10
Thiruvananthapuram,51,28-Jul-26,PM10
Thoothukudi,65,28-Jul-26,PM10
Tirupati,61,28-Jul-26,PM10
Tonk,86,28-Jul-26,PM10
Udaipur,59,28-Jul-26,PM10
Ujjain,51,28-Jul-26,PM10
Ulhasnagar,36,28-Jul-26,PM10
Vadodara,69,28-Jul-26,CO
Vapi,46,28-Jul-26,PM10
Varanasi,64,28-Jul-26,PM10
Vijayapura,43,28-Jul-26,PM10
Vijayawada,56,28-Jul-26,"PM2.5, PM10"
Virar,46,28-Jul-26,PM10
Visakhapatnam,66,28-Jul-26,NO2
Vrindavan,52,28-Jul-26,PM2.5
Yadgir,55,28-Jul-26,CO
Yamuna Nagar,87,28-Jul-26,PM10
Agartala,44,29-Jul-26,PM10
Agra,64,29-Jul-26,"PM2.5, PM10, SO2"
Ahmedabad,95,29-Jul-26,"PM10, CO"
Ahmednagar,42,29-Jul-26,PM10
Aizawl,14,29-Jul-26,SO2
Ajmer,83,29-Jul-26,PM10
Akola,38,29-Jul-26,PM10
Alwar,84,29-Jul-26,PM10
Amaravati,46,29-Jul-26,PM10
Ambala,55,29-Jul-26,SO2
Ambernath,103,29-Jul-26,PM10
Amravati,38,29-Jul-26,PM10
Amritsar,46,29-Jul-26,PM10
Anantapur,69,29-Jul-26,PM10
Angul,52,29-Jul-26,CO
Araria,48,29-Jul-26,PM2.5
Arrah,68,29-Jul-26,PM2.5
Asansol,49,29-Jul-26,"SO2, CO, PM10"
Aurangabad (Maharashtra),64,29-Jul-26,"PM10, CO"
Baddi,112,29-Jul-26,PM10
Badlapur,37,29-Jul-26,CO
Bagalkot,51,29-Jul-26,PM10
Baghpat,59,29-Jul-26,PM10
Bahadurgarh,65,29-Jul-26,PM2.5
Balasore,40,29-Jul-26,O3
Ballabgarh,50,29-Jul-26,PM2.5
Banswara,175,29-Jul-26,PM10
Baran,74,29-Jul-26,O3
Barbil,28,29-Jul-26,O3
Bareilly,46,29-Jul-26,"PM10, SO2"
Baripada,40,29-Jul-26,O3
Barmer,86,29-Jul-26,PM10
Barrackpore,42,29-Jul-26,PM10
Bathinda,167,29-Jul-26,PM10
Beed,28,29-Jul-26,PM2.5
Begusarai,62,29-Jul-26,PM10
Belapur,68,29-Jul-26,PM10
Bengaluru,60,29-Jul-26,PM10
Bettiah,167,29-Jul-26,PM2.5
Bhagalpur,34,29-Jul-26,CO
Bharatpur,49,29-Jul-26,O3
Bhavnagar,59,29-Jul-26,CO
Bhilai,18,29-Jul-26,"CO, NO2, O3"
Bhilwara,70,29-Jul-26,PM10
Bhiwadi,99,29-Jul-26,"PM10, PM2.5"
Bhiwani,36,29-Jul-26,PM2.5
Bhopal,64,29-Jul-26,PM10
Bhubaneswar,48,29-Jul-26,"CO, O3"
Bikaner,86,29-Jul-26,PM10
Bilaspur,39,29-Jul-26,CO
Bileipada,28,29-Jul-26,PM10
Boisar,65,29-Jul-26,PM10
Brajrajnagar,42,29-Jul-26,O3
Bulandshahr,40,29-Jul-26,PM10
Bundi,55,29-Jul-26,PM10
Byasanagar,46,29-Jul-26,O3
Byrnihat (Assam),90,29-Jul-26,CO
Byrnihat (Meghalaya),69,29-Jul-26,PM2.5
Chamarajanagar,39,29-Jul-26,PM10
Chandigarh,44,29-Jul-26,"CO, PM10"
Chandrapur,43,29-Jul-26,"PM10, PM2.5"
Charkhi Dadri,69,29-Jul-26,PM2.5
Chennai,84,29-Jul-26,PM10
Chhal,48,29-Jul-26,O3
Chhapra,86,29-Jul-26,CO
Chikkaballapur,59,29-Jul-26,PM10
Chikkamagaluru,33,29-Jul-26,PM10
Chittoor,63,29-Jul-26,PM10
Chittorgarh,71,29-Jul-26,PM10
Churu,45,29-Jul-26,PM10
Cuddalore,41,29-Jul-26,"PM10, SO2"
Cuttack,57,29-Jul-26,CO
Damoh,52,29-Jul-26,SO2
Dausa,62,29-Jul-26,PM10
Davanagere,30,29-Jul-26,PM2.5
Dehradun,32,29-Jul-26,PM10
Delhi,96,29-Jul-26,"PM2.5, O3"
Dewas,88,29-Jul-26,PM10
Dhanbad,116,29-Jul-26,NO2
Dharuhera,93,29-Jul-26,PM2.5
Dharwad,74,29-Jul-26,PM10
Dholpur,173,29-Jul-26,PM2.5
Dhule,67,29-Jul-26,PM10
Dombivli,32,29-Jul-26,O3
Dungarpur,78,29-Jul-26,PM10
Durgapur,39,29-Jul-26,"NO2, O3"
Eluru,62,29-Jul-26,PM2.5
Faridabad,96,29-Jul-26,"PM2.5, PM10, CO"
Fatehabad,124,29-Jul-26,PM10
Fatehpur Sikri,29,29-Jul-26,PM10
Firozabad,31,29-Jul-26,PM10
Gadag,28,29-Jul-26,PM10
Gajraula,59,29-Jul-26,PM10
Gandhinagar,114,29-Jul-26,PM10
Gangtok,16,29-Jul-26,PM2.5
Gaya,39,29-Jul-26,"CO, PM10"
Ghaziabad,98,29-Jul-26,"PM10, PM2.5"
Gorakhpur,63,29-Jul-26,PM10
Greater Noida,94,29-Jul-26,PM10
Gummidipoondi,106,29-Jul-26,PM10
Guntur,48,29-Jul-26,PM2.5
Gurugram,114,29-Jul-26,"PM2.5, CO"
Guwahati,125,29-Jul-26,"PM10, PM2.5, SO2"
Gwalior,53,29-Jul-26,"O3, CO, NO2"
Hajipur,48,29-Jul-26,O3
Haldia,34,29-Jul-26,PM10
Hanumangarh,64,29-Jul-26,O3
Hapur,39,29-Jul-26,PM10
Hingoli,44,29-Jul-26,PM10
Hisar,66,29-Jul-26,NO2
Howrah,47,29-Jul-26,"CO, O3, NO2"
Hubballi,48,29-Jul-26,PM10
Hyderabad,49,29-Jul-26,"CO, PM10"
Indore,49,29-Jul-26,"PM10, PM2.5"
Jabalpur,54,29-Jul-26,"NO2, O3"
Jaipur,69,29-Jul-26,"CO, O3, PM10"
Jaisalmer,144,29-Jul-26,PM10
Jalandhar,64,29-Jul-26,PM10
Jalna,40,29-Jul-26,PM10
Jalore,97,29-Jul-26,PM10
Jhalawar,59,29-Jul-26,PM10
Jhansi,41,29-Jul-26,PM10
Jhunjhunu,99,29-Jul-26,O3
Jind,39,29-Jul-26,PM2.5
Jodhpur,103,29-Jul-26,PM10
Jorapokhar,81,29-Jul-26,PM10
Kaithal,99,29-Jul-26,O3
Kakinada,61,29-Jul-26,PM10
Kalaburagi,37,29-Jul-26,O3
Kalyan,68,29-Jul-26,"PM10, PM2.5"
Kanpur,43,29-Jul-26,"CO, PM10"
Karauli,41,29-Jul-26,NO2
Karnal,56,29-Jul-26,PM10
Karwar,51,29-Jul-26,PM10
Katihar,82,29-Jul-26,CO
Katni,43,29-Jul-26,PM10
Keonjhar,35,29-Jul-26,CO
Khanna,67,29-Jul-26,PM10
Khora,102,29-Jul-26,CO
Khurja,65,29-Jul-26,PM10
Kishanganj,44,29-Jul-26,PM2.5
Kohima,57,29-Jul-26,SO2
Kolhapur,34,29-Jul-26,PM10
Kolkata,46,29-Jul-26,"PM10, O3"
Korba,24,29-Jul-26,"SO2, PM10"
Kota,44,29-Jul-26,"O3, PM10, NO2"
Kunjemura,23,29-Jul-26,CO
Kurnool,43,29-Jul-26,PM10
Kurukshetra,45,29-Jul-26,PM2.5
Latur,43,29-Jul-26,PM10
Lucknow,59,29-Jul-26,"PM10, O3"
Ludhiana,51,29-Jul-26,PM10
Machilipatnam,65,29-Jul-26,PM2.5
Mahad,45,29-Jul-26,PM10
Maihar,16,29-Jul-26,PM2.5
Mandideep,85,29-Jul-26,PM10
Mandi Gobindgarh,106,29-Jul-26,PM10
Mandikhera,79,29-Jul-26,PM10
Manesar,50,29-Jul-26,PM2.5
Mangalore,60,29-Jul-26,PM10
Manguraha,141,29-Jul-26,PM10
Meerut,73,29-Jul-26,"PM10, PM2.5"
Mehsana,94,29-Jul-26,PM10
Mira-Bhayandar,47,29-Jul-26,PM10
Moradabad,53,29-Jul-26,"SO2, CO, PM2.5"
Mumbai,62,29-Jul-26,PM10
Munger,50,29-Jul-26,PM10
Muzaffarnagar,49,29-Jul-26,PM10
Muzaffarpur,44,29-Jul-26,"PM2.5, O3, PM10"
Mysuru,49,29-Jul-26,PM10
Nagaon,51,29-Jul-26,PM2.5
Nagaur,83,29-Jul-26,PM10
Nagpur,31,29-Jul-26,"CO, PM10, PM2.5"
Naharlagun,36,29-Jul-26,PM10
Nanded,35,29-Jul-26,PM10
Nandesari,77,29-Jul-26,PM10
Narnaul,62,29-Jul-26,PM2.5
Nashik,47,29-Jul-26,PM10
Navi Mumbai,52,29-Jul-26,PM10
Nellore,75,29-Jul-26,PM10
Noida,107,29-Jul-26,"O3, PM10"
Pali,153,29-Jul-26,PM10
Palwal,76,29-Jul-26,CO
Panchgaon,47,29-Jul-26,O3
Panchkula,41,29-Jul-26,O3
Parbhani,25,29-Jul-26,NO2
Patna,59,29-Jul-26,"PM10, O3"
Pimpri-Chinchwad,48,29-Jul-26,"PM10, CO"
Pithampur,102,29-Jul-26,PM10
Pratapgarh,81,29-Jul-26,PM10
Prayagraj,77,29-Jul-26,"PM10, SO2, O3"
Puducherry,40,29-Jul-26,O3
Pune,59,29-Jul-26,"CO, PM10"
Purnia,58,29-Jul-26,CO
Raebareli,49,29-Jul-26,CO
Raipur,37,29-Jul-26,"PM10, CO"
Rairangpur,19,29-Jul-26,CO
Rajamahendravaram,30,29-Jul-26,PM10
Rajgir,47,29-Jul-26,PM2.5
Rajkot,65,29-Jul-26,PM10
Rajsamand,85,29-Jul-26,PM10
Ramanagara,42,29-Jul-26,PM10
Rishikesh,37,29-Jul-26,CO
Rohtak,47,29-Jul-26,PM10
Rourkela,53,29-Jul-26,"PM2.5, CO"
Rupnagar,77,29-Jul-26,PM2.5
Sagar,46,29-Jul-26,O3
Saharsa,60,29-Jul-26,PM10
Samastipur,26,29-Jul-26,PM2.5
Sangli,33,29-Jul-26,PM10
Satara,64,29-Jul-26,PM10
Satna,70,29-Jul-26,PM10
Sawai Madhopur,37,29-Jul-26,PM10
Shamli,48,29-Jul-26,CO
Shillong,23,29-Jul-26,SO2
Sikar,60,29-Jul-26,PM10
Silchar,51,29-Jul-26,PM10
Siliguri,117,29-Jul-26,NO2
Singrauli,47,29-Jul-26,SO2
Sirohi,106,29-Jul-26,PM10
Sirsa,83,29-Jul-26,CO
Siwan,105,29-Jul-26,PM10
Solapur,37,29-Jul-26,PM10
Sri Ganganagar,68,29-Jul-26,PM10
Srikakulam,42,29-Jul-26,PM10
Srinagar,45,29-Jul-26,PM10
Suakati,28,29-Jul-26,PM10
Surat,106,29-Jul-26,PM10
Tensa,124,29-Jul-26,NO2
Thane,63,29-Jul-26,PM10
Thiruvananthapuram,51,29-Jul-26,PM10
Thoothukudi,65,29-Jul-26,PM10
Thrissur,51,29-Jul-26,PM10
Tirumala,42,29-Jul-26,PM10
Tonk,38,29-Jul-26,O3
Tumakuru,63,29-Jul-26,PM10
Tumidih,38,29-Jul-26,O3
Udaipur,101,29-Jul-26,PM10
Ujjain,74,29-Jul-26,PM10
Ulhasnagar,54,29-Jul-26,PM10
Vadodara,92,29-Jul-26,PM10
Vapi,42,29-Jul-26,PM10
Varanasi,48,29-Jul-26,PM10
Vijayapura,43,29-Jul-26,PM10
Vijayawada,54,29-Jul-26,"PM2.5, PM10"
Virar,51,29-Jul-26,PM10
Visakhapatnam,80,29-Jul-26,PM10
Vrindavan,55,29-Jul-26,SO2
Yadgir,50,29-Jul-26,CO
Yamuna Nagar,90,29-Jul-26,PM10
Agartala,34,30-Jul-26,PM10
Agra,78,30-Jul-26,"PM10, PM2.5"
Ahmedabad,114,30-Jul-26,PM10
Ahmednagar,52,30-Jul-26,PM10
Aizawl,14,30-Jul-26,SO2
Ajmer,103,30-Jul-26,PM10
Akola,39,30-Jul-26,PM10
Alwar,100,30-Jul-26,PM10
Amaravati,43,30-Jul-26,PM10
Ambala,54,30-Jul-26,PM2.5
Ambernath,99,30-Jul-26,PM10
Amravati,38,30-Jul-26,PM10
Amritsar,91,30-Jul-26,PM10
Anantapur,62,30-Jul-26,PM10
Angul,64,30-Jul-26,PM10
Ankleshwar,78,30-Jul-26,PM10
Araria,47,30-Jul-26,PM2.5
Arrah,53,30-Jul-26,CO
Asansol,50,30-Jul-26,"SO2, CO, PM10"
Aurangabad (Maharashtra),68,30-Jul-26,"CO, PM10"
Baddi,119,30-Jul-26,PM10
Badlapur,36,30-Jul-26,CO
Bagalkot,51,30-Jul-26,PM10
Baghpat,117,30-Jul-26,PM10
Bahadurgarh,94,30-Jul-26,PM2.5
Balasore,36,30-Jul-26,CO
Ballabgarh,54,30-Jul-26,PM10
Banswara,257,30-Jul-26,PM10
Baran,52,30-Jul-26,O3
Barbil,34,30-Jul-26,PM10
Bareilly,49,30-Jul-26,"PM10, SO2"
Baripada,39,30-Jul-26,O3
Barmer,87,30-Jul-26,PM10
Barrackpore,45,30-Jul-26,PM10
Bathinda,85,30-Jul-26,CO
Begusarai,86,30-Jul-26,PM10
Belapur,70,30-Jul-26,PM10
Bengaluru,53,30-Jul-26,PM10
Bettiah,33,30-Jul-26,CO
Bhagalpur,63,30-Jul-26,PM2.5
Bharatpur,46,30-Jul-26,O3
Bhavnagar,60,30-Jul-26,CO
Bhilai,22,30-Jul-26,"PM10, CO"
Bhilwara,179,30-Jul-26,PM10
Bhiwadi,98,30-Jul-26,"PM2.5, PM10"
Bhiwandi,35,30-Jul-26,PM10
Bhiwani,71,30-Jul-26,PM2.5
Bhopal,41,30-Jul-26,PM10
Bhubaneswar,48,30-Jul-26,"PM10, CO"
Bikaner,106,30-Jul-26,PM10
Bilaspur,81,30-Jul-26,CO
Bileipada,55,30-Jul-26,PM10
Boisar,72,30-Jul-26,PM10
Brajrajnagar,43,30-Jul-26,O3
Bulandshahr,67,30-Jul-26,PM10
Bundi,47,30-Jul-26,PM10
Byasanagar,38,30-Jul-26,CO
Byrnihat (Meghalaya),108,30-Jul-26,PM2.5
Chamarajanagar,43,30-Jul-26,PM10
Chandigarh,43,30-Jul-26,"CO, PM2.5, NO2"
Chandrapur,52,30-Jul-26,PM10
Charkhi Dadri,174,30-Jul-26,PM2.5
Chennai,87,30-Jul-26,PM10
Chhal,55,30-Jul-26,PM10
Chhapra,87,30-Jul-26,CO
Chikkaballapur,59,30-Jul-26,PM10
Chikkamagaluru,30,30-Jul-26,PM10
Chittoor,65,30-Jul-26,PM10
Chittorgarh,111,30-Jul-26,PM10
Churu,93,30-Jul-26,PM10
Cuddalore,23,30-Jul-26,SO2
Cuttack,46,30-Jul-26,PM10
Damoh,50,30-Jul-26,SO2
Dausa,70,30-Jul-26,PM10
Dehradun,36,30-Jul-26,PM10
Delhi,107,30-Jul-26,PM10
Dewas,80,30-Jul-26,PM10
Dhanbad,107,30-Jul-26,NO2
Dharuhera,92,30-Jul-26,PM2.5
Dharwad,78,30-Jul-26,PM10
Dholpur,118,30-Jul-26,PM10
Dhule,52,30-Jul-26,PM10
Dombivli,32,30-Jul-26,O3
Dungarpur,86,30-Jul-26,PM10
Durgapur,41,30-Jul-26,"NO2, O3"
Eluru,61,30-Jul-26,O3
Faridabad,100,30-Jul-26,"PM2.5, PM10, CO"
Fatehabad,107,30-Jul-26,PM10
Fatehpur Sikri,36,30-Jul-26,O3
Firozabad,35,30-Jul-26,"PM10, CO"
Gajraula,69,30-Jul-26,PM10
Gandhinagar,130,30-Jul-26,PM10
Gaya,51,30-Jul-26,"PM2.5, SO2, PM10"
Ghaziabad,90,30-Jul-26,PM10
Greater Noida,157,30-Jul-26,PM10
Gummidipoondi,109,30-Jul-26,PM2.5
Guntur,47,30-Jul-26,PM2.5
Gurugram,188,30-Jul-26,"PM2.5, PM10"
Guwahati,49,30-Jul-26,"PM2.5, SO2"
Gwalior,50,30-Jul-26,"PM2.5, PM10, NO2"
Hajipur,34,30-Jul-26,O3
Haldia,35,30-Jul-26,PM10
Hanumangarh,63,30-Jul-26,PM10
Hapur,57,30-Jul-26,PM2.5
Hingoli,36,30-Jul-26,PM2.5
Hisar,80,30-Jul-26,PM10
Howrah,49,30-Jul-26,"CO, NO2"
Hubballi,46,30-Jul-26,PM10
Hyderabad,52,30-Jul-26,"CO, PM10"
Indore,53,30-Jul-26,"PM10, PM2.5"
Jabalpur,62,30-Jul-26,"NO2, O3"
Jaipur,97,30-Jul-26,"PM10, O3, PM2.5"
Jaisalmer,84,30-Jul-26,PM10
Jalandhar,55,30-Jul-26,PM10
Jalgaon,50,30-Jul-26,CO
Jalna,27,30-Jul-26,PM10
Jalore,109,30-Jul-26,PM10
Jhalawar,49,30-Jul-26,PM10
Jhansi,50,30-Jul-26,PM10
Jhunjhunu,128,30-Jul-26,O3
Jodhpur,108,30-Jul-26,PM10
Jorapokhar,67,30-Jul-26,PM10
Kadapa,60,30-Jul-26,PM2.5
Kaithal,58,30-Jul-26,PM10
Kakinada,57,30-Jul-26,PM10
Kalaburagi,34,30-Jul-26,CO
Kalyan,69,30-Jul-26,"PM10, PM2.5"
Kannur,44,30-Jul-26,PM10
Kanpur,41,30-Jul-26,"CO, PM10"
Karauli,38,30-Jul-26,NO2
Karnal,108,30-Jul-26,O3
Karwar,49,30-Jul-26,PM10
Katihar,79,30-Jul-26,CO
Katni,53,30-Jul-26,PM10
Keonjhar,37,30-Jul-26,PM10
Khanna,68,30-Jul-26,PM10
Khora,147,30-Jul-26,PM2.5
Khurja,79,30-Jul-26,PM10
Kishanganj,40,30-Jul-26,PM2.5
Kohima,56,30-Jul-26,SO2
Kolhapur,43,30-Jul-26,PM10
Kolkata,44,30-Jul-26,"PM10, O3"
Korba,17,30-Jul-26,PM10
Kota,44,30-Jul-26,PM10
Kunjemura,23,30-Jul-26,CO
Kurukshetra,60,30-Jul-26,PM10
Latur,67,30-Jul-26,PM10
Lucknow,61,30-Jul-26,PM10
Ludhiana,55,30-Jul-26,PM10
Machilipatnam,49,30-Jul-26,PM2.5
Madikeri,13,30-Jul-26,CO
Mahad,59,30-Jul-26,PM10
Maihar,65,30-Jul-26,PM10
Mandideep,95,30-Jul-26,PM10
Mandi Gobindgarh,82,30-Jul-26,PM10
Mandikhera,79,30-Jul-26,PM10
Manesar,86,30-Jul-26,PM2.5
Mathura,67,30-Jul-26,PM2.5
Meerut,87,30-Jul-26,"PM10, PM2.5"
Mehsana,82,30-Jul-26,PM10
Milupara,21,30-Jul-26,NO2
Mira-Bhayandar,47,30-Jul-26,PM10
Moradabad,67,30-Jul-26,"SO2, PM10"
Motihari,60,30-Jul-26,O3
Mumbai,62,30-Jul-26,PM10
Muzaffarnagar,81,30-Jul-26,PM10
Muzaffarpur,43,30-Jul-26,"O3, PM2.5, PM10"
Mysuru,51,30-Jul-26,PM10
Nagaon,53,30-Jul-26,PM2.5
Nagaur,102,30-Jul-26,PM10
Nagpur,33,30-Jul-26,"CO, PM10"
Nanded,33,30-Jul-26,PM10
Nandesari,75,30-Jul-26,PM10
Narnaul,93,30-Jul-26,PM2.5
Nashik,53,30-Jul-26,"PM2.5, PM10"
Navi Mumbai,57,30-Jul-26,PM10
Nellore,66,30-Jul-26,PM10
Noida,104,30-Jul-26,PM10
Pali,148,30-Jul-26,PM10
Palwal,83,30-Jul-26,PM10
Pampore,70,30-Jul-26,PM10
Panchgaon,47,30-Jul-26,PM2.5
Panchkula,42,30-Jul-26,O3
Panipat,126,30-Jul-26,PM10
Parbhani,27,30-Jul-26,NO2
Patiala,41,30-Jul-26,PM10
Patna,56,30-Jul-26,"PM10, O3"
Pimpri-Chinchwad,72,30-Jul-26,PM10
Pithampur,101,30-Jul-26,PM10
Pratapgarh,61,30-Jul-26,PM10
Prayagraj,64,30-Jul-26,"PM10, O3, SO2"
Puducherry,37,30-Jul-26,O3
Pune,65,30-Jul-26,"PM10, CO"
Purnia,58,30-Jul-26,CO
Raebareli,48,30-Jul-26,CO
Raipur,18,30-Jul-26,"PM10, NO2"
Rairangpur,22,30-Jul-26,PM10
Rajamahendravaram,52,30-Jul-26,O3
Rajkot,66,30-Jul-26,PM10
Rajsamand,99,30-Jul-26,PM10
Ramanagara,42,30-Jul-26,PM10
Ratlam,46,30-Jul-26,PM2.5
Rishikesh,37,30-Jul-26,CO
Rohtak,61,30-Jul-26,PM10
Rourkela,46,30-Jul-26,"PM2.5, CO"
Sagar,61,30-Jul-26,PM10
Saharsa,39,30-Jul-26,CO
Samastipur,37,30-Jul-26,PM2.5
Sangli,48,30-Jul-26,PM10
Satara,68,30-Jul-26,PM10
Satna,70,30-Jul-26,PM10
Sawai Madhopur,47,30-Jul-26,PM10
Shamli,89,30-Jul-26,CO
Shillong,24,30-Jul-26,SO2
Sikar,140,30-Jul-26,PM10
Silchar,50,30-Jul-26,PM10
Siliguri,115,30-Jul-26,NO2
Singrauli,48,30-Jul-26,PM10
Sirohi,91,30-Jul-26,PM10
Sirsa,97,30-Jul-26,PM10
Solapur,54,30-Jul-26,"PM10, O3"
Sri Ganganagar,178,30-Jul-26,PM10
Srinagar,52,30-Jul-26,PM10
Surat,92,30-Jul-26,PM10
Talcher,66,30-Jul-26,NO2
Tensa,128,30-Jul-26,NO2
Thane,52,30-Jul-26,PM10
Thiruvananthapuram,55,30-Jul-26,PM10
Thoothukudi,66,30-Jul-26,PM10
Thrissur,47,30-Jul-26,PM10
Tirumala,85,30-Jul-26,PM10
Tonk,52,30-Jul-26,PM10
Tumakuru,62,30-Jul-26,PM10
Tumidih,38,30-Jul-26,O3
Udaipur,87,30-Jul-26,PM10
Ujjain,65,30-Jul-26,PM2.5
Ulhasnagar,55,30-Jul-26,PM10
Vadodara,90,30-Jul-26,PM10
Vapi,49,30-Jul-26,PM10
Varanasi,47,30-Jul-26,"PM10, NO2"
Vatva,118,30-Jul-26,PM10
Vijayapura,43,30-Jul-26,PM10
Vijayawada,58,30-Jul-26,PM10
Virar,48,30-Jul-26,PM10
Visakhapatnam,109,30-Jul-26,PM10
Vrindavan,33,30-Jul-26,PM10
Yamuna Nagar,90,30-Jul-26,PM10
Agartala,51,31-Jul-26,PM10
Agra,69,31-Jul-26,"PM2.5, PM10, SO2"
Ahmedabad,89,31-Jul-26,PM10
Ahmednagar,47,31-Jul-26,PM2.5
Aizawl,23,31-Jul-26,PM10
Ajmer,63,31-Jul-26,PM10
Akola,22,31-Jul-26,PM10
Alwar,106,31-Jul-26,"PM2.5, PM10"
Amaravati,37,31-Jul-26,PM10
Ambala,85,31-Jul-26,PM10
Ambernath,75,31-Jul-26,PM10
Amravati,17,31-Jul-26,O3
Amritsar,71,31-Jul-26,PM10
Anantapur,60,31-Jul-26,PM10
Angul,51,31-Jul-26,PM10
Ankleshwar,72,31-Jul-26,PM10
Araria,47,31-Jul-26,PM2.5
Asansol,49,31-Jul-26,"SO2, CO, PM2.5"
Aurangabad (Maharashtra),31,31-Jul-26,CO
Baddi,106,31-Jul-26,PM10
Badlapur,35,31-Jul-26,CO
Bagalkot,51,31-Jul-26,PM10
Baghpat,41,31-Jul-26,PM10
Bahadurgarh,81,31-Jul-26,PM10
Balasore,41,31-Jul-26,CO
Ballabgarh,53,31-Jul-26,PM2.5
Banswara,49,31-Jul-26,PM10
Baran,61,31-Jul-26,O3
Barbil,34,31-Jul-26,PM10
Bareilly,42,31-Jul-26,SO2
Baripada,47,31-Jul-26,O3
Barmer,75,31-Jul-26,PM10
Barrackpore,47,31-Jul-26,PM10
Bathinda,90,31-Jul-26,PM10
Beed,24,31-Jul-26,PM2.5
Begusarai,66,31-Jul-26,PM10
Belapur,49,31-Jul-26,PM10
Bengaluru,49,31-Jul-26,PM10
Bettiah,33,31-Jul-26,CO
Bhagalpur,201,31-Jul-26,NO2
Bharatpur,40,31-Jul-26,O3
Bhavnagar,59,31-Jul-26,CO
Bhilai,26,31-Jul-26,CO
Bhilwara,106,31-Jul-26,PM10
Bhiwadi,92,31-Jul-26,PM10
Bhiwandi,46,31-Jul-26,PM10
Bhiwani,45,31-Jul-26,PM2.5
Bhopal,41,31-Jul-26,PM10
Bhubaneswar,49,31-Jul-26,"PM10, CO"
Bikaner,103,31-Jul-26,PM10
Bilaspur,23,31-Jul-26,NO2
Bileipada,65,31-Jul-26,PM10
Brajrajnagar,44,31-Jul-26,O3
Bulandshahr,63,31-Jul-26,PM10
Bundi,49,31-Jul-26,O3
Byasanagar,50,31-Jul-26,PM10
Byrnihat (Meghalaya),68,31-Jul-26,PM2.5
Chamarajanagar,45,31-Jul-26,PM10
Chandigarh,37,31-Jul-26,"CO, NO2, PM2.5"
Chandrapur,31,31-Jul-26,CO
Charkhi Dadri,116,31-Jul-26,PM2.5
Chennai,97,31-Jul-26,PM10
Chhal,60,31-Jul-26,PM10
Chhapra,89,31-Jul-26,CO
Chikkaballapur,46,31-Jul-26,PM10
Chittoor,59,31-Jul-26,PM10
Chittorgarh,100,31-Jul-26,PM10
Churu,70,31-Jul-26,PM10
Coimbatore,40,31-Jul-26,PM2.5
Cuddalore,23,31-Jul-26,SO2
Cuttack,54,31-Jul-26,PM10
Damoh,49,31-Jul-26,SO2
Dausa,54,31-Jul-26,PM10
Davanagere,22,31-Jul-26,O3
Dehradun,51,31-Jul-26,PM10
Delhi,77,31-Jul-26,PM10
Dewas,54,31-Jul-26,O3
Dhanbad,104,31-Jul-26,NO2
Dharuhera,76,31-Jul-26,PM2.5
Dharwad,76,31-Jul-26,PM10
Dholpur,55,31-Jul-26,PM10
Dhule,53,31-Jul-26,PM10
Dombivli,31,31-Jul-26,O3
Dungarpur,54,31-Jul-26,PM10
Durgapur,46,31-Jul-26,PM10
Eluru,57,31-Jul-26,PM2.5
Faridabad,65,31-Jul-26,"PM10, CO"
Fatehabad,75,31-Jul-26,PM10
Fatehpur Sikri,29,31-Jul-26,PM10
Firozabad,34,31-Jul-26,"CO, PM10"
Gajraula,42,31-Jul-26,PM10
Gandhinagar,120,31-Jul-26,PM10
Gaya,49,31-Jul-26,"PM2.5, PM10"
Ghaziabad,66,31-Jul-26,"CO, PM10"
Gorakhpur,50,31-Jul-26,O3
Greater Noida,109,31-Jul-26,PM10
Gummidipoondi,175,31-Jul-26,PM2.5
Guntur,47,31-Jul-26,PM10
Gurugram,111,31-Jul-26,"PM2.5, PM10, CO"
Guwahati,41,31-Jul-26,"SO2, PM2.5"
Gwalior,53,31-Jul-26,"PM10, CO, NO2"
Hajipur,41,31-Jul-26,O3
Haldia,40,31-Jul-26,PM10
Hanumangarh,46,31-Jul-26,PM10
Hapur,68,31-Jul-26,CO
Howrah,51,31-Jul-26,"CO, PM10"
Hubballi,45,31-Jul-26,PM10
Hyderabad,45,31-Jul-26,"CO, PM10"
Indore,36,31-Jul-26,"PM10, CO, SO2"
Jabalpur,55,31-Jul-26,"NO2, O3"
Jaipur,58,31-Jul-26,"O3, PM10"
Jaisalmer,90,31-Jul-26,PM10
Jalandhar,49,31-Jul-26,PM10
Jalgaon,49,31-Jul-26,PM10
Jalna,27,31-Jul-26,PM10
Jalore,97,31-Jul-26,PM10
Jhalawar,58,31-Jul-26,CO
Jhansi,69,31-Jul-26,PM10
Jhunjhunu,106,31-Jul-26,PM10
Jind,36,31-Jul-26,PM2.5
Jodhpur,110,31-Jul-26,PM10
Jorapokhar,79,31-Jul-26,PM10
Kadapa,62,31-Jul-26,PM2.5
Kaithal,34,31-Jul-26,PM10
Kalaburagi,31,31-Jul-26,CO
Kalyan,51,31-Jul-26,"PM10, PM2.5"
Kannur,44,31-Jul-26,PM10
Kanpur,53,31-Jul-26,"PM2.5, CO, PM10"
Karnal,75,31-Jul-26,PM10
Karwar,34,31-Jul-26,PM10
Katihar,68,31-Jul-26,CO
Katni,38,31-Jul-26,O3
Keonjhar,40,31-Jul-26,PM10
Khanna,70,31-Jul-26,PM10
Khora,102,31-Jul-26,CO
Khurja,73,31-Jul-26,PM10
Kishanganj,42,31-Jul-26,PM2.5
Kohima,52,31-Jul-26,SO2
Kolhapur,35,31-Jul-26,"PM10, PM2.5"
Kolkata,50,31-Jul-26,"PM10, O3"
Korba,22,31-Jul-26,"PM10, SO2"
Kota,48,31-Jul-26,"PM2.5, PM10"
Kunjemura,40,31-Jul-26,PM10
Kurnool,33,31-Jul-26,PM10
Kurukshetra,42,31-Jul-26,PM10
Latur,35,31-Jul-26,PM10
Lucknow,59,31-Jul-26,"PM10, O3"
Ludhiana,79,31-Jul-26,PM10
Machilipatnam,66,31-Jul-26,PM2.5
Madikeri,14,31-Jul-26,CO
Mahad,44,31-Jul-26,PM10
Maihar,47,31-Jul-26,PM10
Mandideep,101,31-Jul-26,PM10
Mandi Gobindgarh,85,31-Jul-26,PM10
Mandikhera,78,31-Jul-26,PM10
Manguraha,71,31-Jul-26,PM10
Mathura,61,31-Jul-26,PM10
Meerut,52,31-Jul-26,PM10
Mehsana,77,31-Jul-26,PM10
Milupara,28,31-Jul-26,PM10
Mira-Bhayandar,39,31-Jul-26,PM10
Modinagar,31,31-Jul-26,PM2.5
Moradabad,45,31-Jul-26,"O3, PM2.5, PM10"
Motihari,59,31-Jul-26,O3
Mumbai,53,31-Jul-26,PM10
Muzaffarnagar,40,31-Jul-26,PM10
Muzaffarpur,42,31-Jul-26,"PM2.5, PM10"
Mysuru,47,31-Jul-26,PM10
Nagaon,66,31-Jul-26,PM2.5
Nagaur,78,31-Jul-26,PM10
Nagpur,33,31-Jul-26,CO
Naharlagun,24,31-Jul-26,PM10
Nalbari,40,31-Jul-26,PM2.5
Nanded,24,31-Jul-26,CO
Nandesari,74,31-Jul-26,PM2.5
Narnaul,118,31-Jul-26,PM2.5
Nashik,42,31-Jul-26,"PM2.5, PM10, CO"
Navi Mumbai,44,31-Jul-26,"CO, PM10"
Nellore,63,31-Jul-26,PM10
Noida,82,31-Jul-26,"PM10, O3"
Pali,133,31-Jul-26,PM10
Panchgaon,41,31-Jul-26,O3
Panchkula,38,31-Jul-26,O3
Parbhani,22,31-Jul-26,PM10
Patiala,35,31-Jul-26,O3
Patna,51,31-Jul-26,O3
Pimpri-Chinchwad,42,31-Jul-26,"CO, PM10"
Pithampur,115,31-Jul-26,PM10
Pratapgarh,52,31-Jul-26,O3
Prayagraj,41,31-Jul-26,"PM10, O3, SO2"
Puducherry,41,31-Jul-26,O3
Pune,52,31-Jul-26,CO
Purnia,58,31-Jul-26,CO
Raipur,14,31-Jul-26,"O3, PM10"
Rairangpur,26,31-Jul-26,PM10
Rajamahendravaram,23,31-Jul-26,CO
Rajkot,68,31-Jul-26,PM10
Rajsamand,91,31-Jul-26,O3
Ramanagara,39,31-Jul-26,CO
Ratlam,35,31-Jul-26,NO2
Rishikesh,37,31-Jul-26,CO
Rohtak,48,31-Jul-26,PM10
Rourkela,37,31-Jul-26,"PM10, PM2.5"
Sagar,48,31-Jul-26,O3
Saharsa,40,31-Jul-26,CO
Samastipur,20,31-Jul-26,PM2.5
Sangli,35,31-Jul-26,PM10
Satara,50,31-Jul-26,PM10
Satna,71,31-Jul-26,PM10
Sawai Madhopur,51,31-Jul-26,PM10
Shamli,35,31-Jul-26,O3
Shillong,23,31-Jul-26,SO2
Silchar,49,31-Jul-26,PM10
Siliguri,116,31-Jul-26,NO2
Singrauli,40,31-Jul-26,PM10
Sirohi,64,31-Jul-26,PM10
Sirsa,85,31-Jul-26,CO
Siwan,104,31-Jul-26,PM10
Solapur,44,31-Jul-26,"O3, PM10"
Sonipat,132,31-Jul-26,PM10
Sri Ganganagar,126,31-Jul-26,PM10
Srinagar,39,31-Jul-26,PM10
Surat,70,31-Jul-26,PM10
Talcher,60,31-Jul-26,NO2
Tensa,43,31-Jul-26,NO2
Thane,38,31-Jul-26,PM10
Thiruvananthapuram,52,31-Jul-26,PM10
Thoothukudi,66,31-Jul-26,PM10
Thrissur,52,31-Jul-26,PM10
Tirumala,44,31-Jul-26,PM10
Tirupati,60,31-Jul-26,PM10
Tonk,66,31-Jul-26,PM10
Tumakuru,62,31-Jul-26,PM10
Tumidih,73,31-Jul-26,PM2.5
Udaipur,68,31-Jul-26,PM10
Ujjain,49,31-Jul-26,O3
Ulhasnagar,39,31-Jul-26,PM10
Vadodara,69,31-Jul-26,CO
Varanasi,47,31-Jul-26,"PM10, NO2"
Vatva,104,31-Jul-26,PM10
Vijayapura,43,31-Jul-26,PM10
Vijayawada,61,31-Jul-26,PM10
Virar,43,31-Jul-26,PM10
Visakhapatnam,92,31-Jul-26,PM10
Vrindavan,31,31-Jul-26,PM10
Yadgir,47,31-Jul-26,PM10
Yamuna Nagar,78,31-Jul-26,PM10
Agartala,49,1-Aug-26,PM10
Agra,72,1-Aug-26,"PM10, PM2.5, SO2"
Ahmedabad,43,1-Aug-26,CO
Ahmednagar,47,1-Aug-26,PM10
Aizawl,25,1-Aug-26,PM10
Ajmer,68,1-Aug-26,PM2.5
Akola,32,1-Aug-26,PM10
Alwar,99,1-Aug-26,"PM2.5, PM10"
Amaravati,35,1-Aug-26,PM10
Ambala,69,1-Aug-26,PM10
Ambernath,87,1-Aug-26,PM10
Amravati,19,1-Aug-26,PM10
Amritsar,92,1-Aug-26,PM10
Anantapur,58,1-Aug-26,PM2.5
Ankleshwar,53,1-Aug-26,PM2.5
Araria,47,1-Aug-26,PM2.5
Asansol,47,1-Aug-26,"SO2, CO"
Aurangabad (Maharashtra),41,1-Aug-26,PM10
Baddi,102,1-Aug-26,CO
Badlapur,25,1-Aug-26,CO
Bagalkot,51,1-Aug-26,PM10
Baghpat,66,1-Aug-26,PM10
Bahadurgarh,63,1-Aug-26,PM10
Balasore,48,1-Aug-26,O3
Ballabgarh,51,1-Aug-26,PM10
Banswara,67,1-Aug-26,PM10
Baran,51,1-Aug-26,CO
Barbil,36,1-Aug-26,PM10
Bareilly,111,1-Aug-26,"O3, SO2"
Baripada,54,1-Aug-26,O3
Barmer,110,1-Aug-26,PM10
Barrackpore,52,1-Aug-26,PM10
Bathinda,85,1-Aug-26,CO
Beed,38,1-Aug-26,PM10
Begusarai,202,1-Aug-26,PM2.5
Belapur,54,1-Aug-26,PM10
Bengaluru,42,1-Aug-26,"PM10, O3"
Bettiah,40,1-Aug-26,CO
Bhagalpur,36,1-Aug-26,PM10
Bharatpur,38,1-Aug-26,O3
Bhavnagar,59,1-Aug-26,CO
Bhilai,26,1-Aug-26,"PM10, CO, O3"
Bhilwara,66,1-Aug-26,PM10
Bhiwadi,76,1-Aug-26,PM10
Bhiwandi,46,1-Aug-26,PM10
Bhiwani,57,1-Aug-26,PM2.5
Bhopal,25,1-Aug-26,"CO, O3"
Bhubaneswar,51,1-Aug-26,"PM10, O3"
Bikaner,115,1-Aug-26,PM10
Bilaspur,31,1-Aug-26,PM10
Bileipada,76,1-Aug-26,PM10
Boisar,49,1-Aug-26,PM2.5
Brajrajnagar,65,1-Aug-26,PM10
Bulandshahr,60,1-Aug-26,PM10
Bundi,34,1-Aug-26,O3
Buxar,250,1-Aug-26,PM2.5
Byasanagar,48,1-Aug-26,O3
Byrnihat (Assam),101,1-Aug-26,PM2.5
Byrnihat (Meghalaya),151,1-Aug-26,PM2.5
Chamarajanagar,42,1-Aug-26,PM10
Chandigarh,40,1-Aug-26,"CO, NO2, PM2.5"
Chandrapur,38,1-Aug-26,CO
Charkhi Dadri,101,1-Aug-26,PM2.5
Chennai,76,1-Aug-26,PM10
Chhal,107,1-Aug-26,PM10
Chhapra,91,1-Aug-26,CO
Chikkaballapur,34,1-Aug-26,PM10
Chikkamagaluru,38,1-Aug-26,PM10
Chittoor,61,1-Aug-26,PM2.5
Churu,69,1-Aug-26,PM10
Coimbatore,32,1-Aug-26,PM2.5
Cuddalore,54,1-Aug-26,PM10
Cuttack,60,1-Aug-26,PM10
Damoh,50,1-Aug-26,SO2
Dausa,60,1-Aug-26,PM10
Dehradun,31,1-Aug-26,PM10
Delhi,80,1-Aug-26,PM10
Dewas,62,1-Aug-26,O3
Dhanbad,106,1-Aug-26,NO2
Dharuhera,80,1-Aug-26,PM2.5
Dharwad,65,1-Aug-26,PM10
Dholpur,59,1-Aug-26,PM10
Dhule,21,1-Aug-26,PM2.5
Dombivli,34,1-Aug-26,O3
Dungarpur,42,1-Aug-26,PM10
Durgapur,58,1-Aug-26,"PM10, NO2"
Eluru,58,1-Aug-26,PM10
Faridabad,73,1-Aug-26,"PM10, PM2.5"
Fatehabad,76,1-Aug-26,PM10
Fatehpur Sikri,33,1-Aug-26,PM10
Firozabad,45,1-Aug-26,PM10
Gajraula,44,1-Aug-26,PM10
Gandhinagar,43,1-Aug-26,PM10
Gaya,53,1-Aug-26,"CO, PM10, PM2.5"
Ghaziabad,74,1-Aug-26,"CO, PM10"
Gorakhpur,67,1-Aug-26,PM10
Greater Noida,111,1-Aug-26,PM10
Gummidipoondi,119,1-Aug-26,PM10
Guntur,53,1-Aug-26,PM10
Gurugram,100,1-Aug-26,"PM2.5, PM10"
Guwahati,41,1-Aug-26,"SO2, O3"
Gwalior,52,1-Aug-26,"PM10, O3"
Hajipur,40,1-Aug-26,O3
Haldia,45,1-Aug-26,PM10
Hanumangarh,43,1-Aug-26,PM10
Hapur,83,1-Aug-26,CO
Hingoli,29,1-Aug-26,O3
Hisar,55,1-Aug-26,PM10
Howrah,64,1-Aug-26,"PM10, CO"
Hubballi,42,1-Aug-26,PM10
Hyderabad,45,1-Aug-26,PM10
Indore,33,1-Aug-26,"NO2, CO, SO2"
Jabalpur,57,1-Aug-26,"NO2, O3"
Jaipur,62,1-Aug-26,"CO, PM2.5, PM10"
Jaisalmer,81,1-Aug-26,PM10
Jalandhar,52,1-Aug-26,PM10
Jalgaon,44,1-Aug-26,CO
Jalna,23,1-Aug-26,O3
Jalore,65,1-Aug-26,PM10
Jhalawar,62,1-Aug-26,CO
Jhansi,55,1-Aug-26,PM10
Jhunjhunu,94,1-Aug-26,PM10
Jind,40,1-Aug-26,PM2.5
Jodhpur,75,1-Aug-26,PM10
Jorapokhar,62,1-Aug-26,PM2.5
Kadapa,55,1-Aug-26,PM10
Kaithal,49,1-Aug-26,PM10
Kakinada,60,1-Aug-26,PM10
Kalaburagi,32,1-Aug-26,CO
Kalyan,75,1-Aug-26,"CO, PM10"
Kannur,44,1-Aug-26,PM10
Kanpur,49,1-Aug-26,"PM10, CO"
Karauli,39,1-Aug-26,NO2
Karwar,48,1-Aug-26,NO2
Katihar,70,1-Aug-26,CO
Katni,38,1-Aug-26,O3
Keonjhar,42,1-Aug-26,PM10
Khanna,65,1-Aug-26,PM10
Khora,102,1-Aug-26,CO
Khurja,50,1-Aug-26,CO
Kishanganj,43,1-Aug-26,PM2.5
Kohima,52,1-Aug-26,SO2
Kolhapur,31,1-Aug-26,"PM10, O3"
Kolkata,56,1-Aug-26,"PM10, O3"
Korba,29,1-Aug-26,"CO, SO2"
Kota,48,1-Aug-26,PM10
Kunjemura,61,1-Aug-26,PM10
Kurnool,31,1-Aug-26,PM10
Kurukshetra,45,1-Aug-26,PM2.5
Latur,27,1-Aug-26,PM10
Lucknow,64,1-Aug-26,"PM10, CO"
Ludhiana,68,1-Aug-26,PM10
Machilipatnam,83,1-Aug-26,PM2.5
Mahad,54,1-Aug-26,PM10
Mandideep,98,1-Aug-26,PM10
Mandi Gobindgarh,112,1-Aug-26,PM10
Mandikhera,97,1-Aug-26,PM10
Manesar,53,1-Aug-26,PM2.5
Manguraha,73,1-Aug-26,PM10
Mathura,61,1-Aug-26,PM2.5
Meerut,61,1-Aug-26,PM10
Mehsana,46,1-Aug-26,CO
Milupara,42,1-Aug-26,PM10
Mira-Bhayandar,45,1-Aug-26,PM10
Modinagar,37,1-Aug-26,PM2.5
Moradabad,47,1-Aug-26,"PM10, PM2.5"
Mumbai,58,1-Aug-26,PM10
Muzaffarnagar,50,1-Aug-26,PM10
Muzaffarpur,44,1-Aug-26,"O3, PM10, PM2.5"
Mysuru,44,1-Aug-26,PM10
Nagaur,69,1-Aug-26,PM10
Nagpur,35,1-Aug-26,"CO, PM10"
Naharlagun,22,1-Aug-26,PM10
Nalbari,30,1-Aug-26,PM2.5
Nanded,24,1-Aug-26,PM10
Nandesari,220,1-Aug-26,PM2.5
Narnaul,98,1-Aug-26,PM2.5
Nashik,34,1-Aug-26,"PM10, CO"
Navi Mumbai,50,1-Aug-26,PM10
Nellore,63,1-Aug-26,PM10
Noida,72,1-Aug-26,"PM10, O3"
Pali,81,1-Aug-26,PM10
Pampore,27,1-Aug-26,PM10
Panchgaon,39,1-Aug-26,O3
Panchkula,40,1-Aug-26,O3
Panipat,106,1-Aug-26,PM10
Parbhani,21,1-Aug-26,PM10
Patiala,35,1-Aug-26,O3
Patna,52,1-Aug-26,PM10
Pimpri-Chinchwad,48,1-Aug-26,PM10
Pithampur,41,1-Aug-26,O3
Pratapgarh,41,1-Aug-26,O3
Prayagraj,40,1-Aug-26,"PM10, SO2"
Puducherry,50,1-Aug-26,O3
Pune,49,1-Aug-26,"CO, PM10"
Purnia,58,1-Aug-26,CO
Raipur,16,1-Aug-26,"PM10, O3, PM2.5"
Rairangpur,31,1-Aug-26,PM10
Rajamahendravaram,40,1-Aug-26,PM10
Rajkot,47,1-Aug-26,PM10
Rajsamand,70,1-Aug-26,O3
Ramanagara,35,1-Aug-26,PM10
Ratlam,35,1-Aug-26,NO2
Rishikesh,37,1-Aug-26,CO
Rohtak,55,1-Aug-26,PM10
Rourkela,37,1-Aug-26,PM10
Sagar,50,1-Aug-26,O3
Saharsa,59,1-Aug-26,PM10
Sangli,35,1-Aug-26,PM10
Satna,70,1-Aug-26,PM10
Sawai Madhopur,49,1-Aug-26,PM10
Shamli,91,1-Aug-26,CO
Shillong,24,1-Aug-26,SO2
Sikar,53,1-Aug-26,PM10
Silchar,55,1-Aug-26,PM10
Siliguri,119,1-Aug-26,NO2
Singrauli,34,1-Aug-26,NO2
Sirohi,54,1-Aug-26,PM10
Sirsa,77,1-Aug-26,CO
Siwan,105,1-Aug-26,PM10
Solapur,50,1-Aug-26,"PM10, O3"
Sonipat,133,1-Aug-26,PM10
Sri Ganganagar,71,1-Aug-26,NO2
Srinagar,39,1-Aug-26,PM10
Surat,41,1-Aug-26,CO
Talcher,48,1-Aug-26,NO2
Tensa,49,1-Aug-26,CO
Thane,52,1-Aug-26,"PM2.5, PM10"
Thiruvananthapuram,40,1-Aug-26,"PM2.5, PM10"
Thoothukudi,65,1-Aug-26,PM10
Thrissur,48,1-Aug-26,PM10
Tirumala,44,1-Aug-26,NO2
Tirupati,60,1-Aug-26,PM10
Tonk,72,1-Aug-26,PM10
Tumakuru,61,1-Aug-26,PM10
Tumidih,77,1-Aug-26,PM2.5
Ujjain,43,1-Aug-26,O3
Ulhasnagar,39,1-Aug-26,PM10
Vadodara,70,1-Aug-26,CO
Vapi,31,1-Aug-26,PM10
Varanasi,54,1-Aug-26,PM10
Vatva,78,1-Aug-26,PM10
Vijayapura,43,1-Aug-26,PM10
Vijayawada,53,1-Aug-26,"PM10, PM2.5"
Virar,49,1-Aug-26,PM10
Visakhapatnam,104,1-Aug-26,PM10
Vrindavan,30,1-Aug-26,SO2
Yadgir,48,1-Aug-26,PM10
Yamuna Nagar,75,1-Aug-26,PM10
Agartala,72,2-Aug-26,PM10
Agra,65,2-Aug-26,"PM2.5, SO2, PM10"
Ahmedabad,70,2-Aug-26,"CO, PM10"
Ahmednagar,69,2-Aug-26,PM10
Aizawl,20,2-Aug-26,PM10
Akola,43,2-Aug-26,PM10
Alwar,89,2-Aug-26,PM10
Amaravati,54,2-Aug-26,PM10
Ambala,62,2-Aug-26,PM10
Ambernath,74,2-Aug-26,PM10
Amravati,28,2-Aug-26,"PM10, PM2.5"
Amritsar,77,2-Aug-26,PM10
Anantapur,49,2-Aug-26,PM10
Angul,68,2-Aug-26,PM10
Araria,47,2-Aug-26,PM2.5
Asansol,50,2-Aug-26,"SO2, CO"
Aurangabad (Maharashtra),43,2-Aug-26,PM10
Baddi,104,2-Aug-26,CO
Badlapur,30,2-Aug-26,CO
Bagalkot,51,2-Aug-26,PM10
Baghpat,87,2-Aug-26,PM10
Bahadurgarh,57,2-Aug-26,PM2.5
Balasore,61,2-Aug-26,O3
Ballabgarh,47,2-Aug-26,PM2.5
Banswara,59,2-Aug-26,PM10
Baran,53,2-Aug-26,CO
Barbil,73,2-Aug-26,PM10
Bareilly,49,2-Aug-26,"PM10, PM2.5"
Baripada,62,2-Aug-26,O3
Barmer,41,2-Aug-26,O3
Barrackpore,56,2-Aug-26,PM10
Bathinda,85,2-Aug-26,CO
Beed,33,2-Aug-26,PM10
Begusarai,77,2-Aug-26,PM10
Belapur,49,2-Aug-26,PM10
Belgaum,68,2-Aug-26,NO2
Bengaluru,40,2-Aug-26,PM10
Bettiah,32,2-Aug-26,CO
Bhagalpur,111,2-Aug-26,PM2.5
Bharatpur,35,2-Aug-26,O3
Bhavnagar,59,2-Aug-26,CO
Bhilai,21,2-Aug-26,"PM10, O3, CO"
Bhilwara,101,2-Aug-26,PM10
Bhiwadi,66,2-Aug-26,PM10
Bhiwandi,45,2-Aug-26,PM10
Bhiwani,46,2-Aug-26,PM2.5
Bhopal,30,2-Aug-26,"PM10, O3"
Bhubaneswar,51,2-Aug-26,PM10
Bihar Sharif,278,2-Aug-26,PM2.5
Bikaner,102,2-Aug-26,PM10
Bilaspur,76,2-Aug-26,PM10
Bileipada,196,2-Aug-26,PM10
Boisar,42,2-Aug-26,PM10
Brajrajnagar,71,2-Aug-26,PM10
Bulandshahr,54,2-Aug-26,PM10
Bundi,40,2-Aug-26,PM10
Buxar,122,2-Aug-26,PM2.5
Byasanagar,53,2-Aug-26,PM10
Byrnihat (Assam),86,2-Aug-26,PM2.5
Byrnihat (Meghalaya),113,2-Aug-26,PM2.5
Chamarajanagar,35,2-Aug-26,PM10
Chandigarh,44,2-Aug-26,"CO, NO2"
Chandrapur,39,2-Aug-26,"PM10, CO"
Charkhi Dadri,72,2-Aug-26,PM2.5
Chennai,61,2-Aug-26,PM10
Chhal,70,2-Aug-26,PM10
Chhapra,121,2-Aug-26,PM2.5
Chikkamagaluru,29,2-Aug-26,PM10
Chittoor,60,2-Aug-26,PM2.5
Chittorgarh,34,2-Aug-26,PM2.5
Churu,57,2-Aug-26,PM10
Coimbatore,26,2-Aug-26,SO2
Cuddalore,40,2-Aug-26,PM10
Cuttack,54,2-Aug-26,PM10
Damoh,48,2-Aug-26,SO2
Dausa,32,2-Aug-26,PM10
Dehradun,40,2-Aug-26,PM10
Delhi,78,2-Aug-26,"PM2.5, PM10, NO2"
Dewas,64,2-Aug-26,O3
Dhanbad,106,2-Aug-26,NO2
Dharuhera,79,2-Aug-26,PM2.5
Dharwad,59,2-Aug-26,PM10
Dholpur,55,2-Aug-26,PM10
Dhule,35,2-Aug-26,PM10
Dombivli,34,2-Aug-26,O3
Dungarpur,30,2-Aug-26,PM10
Durgapur,65,2-Aug-26,"PM10, NO2"
Eluru,73,2-Aug-26,PM10
Faridabad,74,2-Aug-26,"PM10, PM2.5"
Fatehpur Sikri,31,2-Aug-26,PM10
Firozabad,38,2-Aug-26,"CO, PM10"
Gajraula,62,2-Aug-26,PM2.5
Gandhinagar,39,2-Aug-26,"PM10, CO"
Gangtok,21,2-Aug-26,PM2.5
Gaya,57,2-Aug-26,"PM2.5, PM10"
Ghaziabad,73,2-Aug-26,"CO, PM10, PM2.5"
Gorakhpur,85,2-Aug-26,PM10
Greater Noida,88,2-Aug-26,PM10
Gummidipoondi,90,2-Aug-26,PM10
Guntur,59,2-Aug-26,PM10
Gurugram,83,2-Aug-26,"PM2.5, CO"
Guwahati,44,2-Aug-26,"PM2.5, SO2"
Gwalior,54,2-Aug-26,"CO, O3, PM10"
Hajipur,53,2-Aug-26,PM2.5
Haldia,46,2-Aug-26,PM10
Hanumangarh,50,2-Aug-26,PM10
Hapur,52,2-Aug-26,CO
Hingoli,39,2-Aug-26,PM10
Hisar,65,2-Aug-26,PM10
Howrah,66,2-Aug-26,"PM10, CO"
Hubballi,40,2-Aug-26,PM10
Hyderabad,50,2-Aug-26,"PM10, O3"
Indore,34,2-Aug-26,"NO2, CO"
Jabalpur,55,2-Aug-26,"NO2, CO, O3"
Jaipur,49,2-Aug-26,"O3, PM2.5, CO"
Jaisalmer,70,2-Aug-26,PM10
Jalandhar,60,2-Aug-26,PM10
Jalgaon,36,2-Aug-26,PM10
Jalore,46,2-Aug-26,PM10
Jhalawar,78,2-Aug-26,CO
Jhansi,51,2-Aug-26,PM10
Jhunjhunu,80,2-Aug-26,O3
Jind,65,2-Aug-26,PM2.5
Jodhpur,63,2-Aug-26,"PM10, O3"
Jorapokhar,92,2-Aug-26,PM10
Kaithal,58,2-Aug-26,PM10
Kakinada,69,2-Aug-26,PM10
Kalaburagi,38,2-Aug-26,CO
Kalyan,74,2-Aug-26,"CO, PM10"
Kannur,45,2-Aug-26,PM10
Kanpur,46,2-Aug-26,"CO, PM10"
Karauli,42,2-Aug-26,NO2
Karnal,62,2-Aug-26,PM10
Karwar,86,2-Aug-26,NO2
Katihar,68,2-Aug-26,CO
Katni,50,2-Aug-26,PM10
Keonjhar,41,2-Aug-26,PM10
Khanna,65,2-Aug-26,PM10
Khora,104,2-Aug-26,PM2.5
Khurja,58,2-Aug-26,CO
Kishanganj,44,2-Aug-26,PM2.5
Kohima,56,2-Aug-26,SO2
Kolhapur,37,2-Aug-26,"O3, PM10"
Kolkata,62,2-Aug-26,"PM10, O3"
Korba,43,2-Aug-26,PM10
Kota,38,2-Aug-26,"CO, PM10"
Kunjemura,98,2-Aug-26,PM10
Kurnool,31,2-Aug-26,PM10
Kurukshetra,68,2-Aug-26,O3
Latur,42,2-Aug-26,PM10
Lucknow,92,2-Aug-26,"PM2.5, PM10"
Ludhiana,69,2-Aug-26,PM10
Machilipatnam,68,2-Aug-26,PM10
Madikeri,14,2-Aug-26,CO
Mahad,49,2-Aug-26,PM10
Mandideep,28,2-Aug-26,PM10
Mandi Gobindgarh,109,2-Aug-26,PM10
Mandikhera,99,2-Aug-26,PM10
Manesar,47,2-Aug-26,PM2.5
Mangalore,60,2-Aug-26,PM10
Mathura,35,2-Aug-26,PM10
Meerut,70,2-Aug-26,"PM10, PM2.5"
Mehsana,67,2-Aug-26,PM10
Mira-Bhayandar,40,2-Aug-26,PM10
Moradabad,52,2-Aug-26,"PM2.5, O3, PM10"
Mumbai,52,2-Aug-26,PM10
Munger,71,2-Aug-26,PM10
Muzaffarnagar,59,2-Aug-26,PM10
Muzaffarpur,50,2-Aug-26,"PM10, O3"
Mysuru,118,2-Aug-26,O3
Nagaur,49,2-Aug-26,PM10
Nagpur,35,2-Aug-26,PM10
Naharlagun,34,2-Aug-26,PM10
Nalbari,36,2-Aug-26,PM2.5
Nanded,33,2-Aug-26,PM10
Nandesari,120,2-Aug-26,PM2.5
Narnaul,77,2-Aug-26,PM10
Nashik,30,2-Aug-26,"PM10, CO, PM2.5"
Navi Mumbai,43,2-Aug-26,"CO, PM10"
Nellore,60,2-Aug-26,PM10
Noida,71,2-Aug-26,"PM10, O3"
Pali,62,2-Aug-26,PM10
Palwal,53,2-Aug-26,PM10
Pampore,30,2-Aug-26,PM10
Panchgaon,22,2-Aug-26,PM10
Panchkula,37,2-Aug-26,O3
Panipat,111,2-Aug-26,PM10
Parbhani,23,2-Aug-26,PM10
Patiala,40,2-Aug-26,PM10
Patna,70,2-Aug-26,"PM10, PM2.5"
Pimpri-Chinchwad,53,2-Aug-26,"PM10, CO"
Pithampur,41,2-Aug-26,PM10
Pratapgarh,38,2-Aug-26,O3
Prayagraj,42,2-Aug-26,PM10
Puducherry,49,2-Aug-26,O3
Pune,50,2-Aug-26,"PM10, CO"
Purnia,57,2-Aug-26,CO
Raebareli,72,2-Aug-26,PM10
Raipur,30,2-Aug-26,PM10
Rairangpur,31,2-Aug-26,PM10
Rajamahendravaram,96,2-Aug-26,O3
Rajkot,64,2-Aug-26,PM10
Rajsamand,55,2-Aug-26,O3
Ramanagara,33,2-Aug-26,PM10
Ratlam,35,2-Aug-26,NO2
Rishikesh,37,2-Aug-26,CO
Rohtak,51,2-Aug-26,PM10
Rourkela,42,2-Aug-26,PM10
Rupnagar,100,2-Aug-26,PM2.5
Sagar,35,2-Aug-26,O3
Saharsa,137,2-Aug-26,PM10
Samastipur,82,2-Aug-26,PM2.5
Sangli,41,2-Aug-26,PM10
Satara,47,2-Aug-26,PM10
Satna,70,2-Aug-26,PM10
Sawai Madhopur,36,2-Aug-26,CO
Shamli,86,2-Aug-26,CO
Shillong,24,2-Aug-26,SO2
Sikar,44,2-Aug-26,PM10
Silchar,57,2-Aug-26,PM10
Siliguri,111,2-Aug-26,NO2
Singrauli,74,2-Aug-26,PM10
Sirohi,30,2-Aug-26,PM10
Sirsa,86,2-Aug-26,CO
Siwan,105,2-Aug-26,PM10
Solapur,51,2-Aug-26,"PM10, O3"
Sonipat,132,2-Aug-26,PM10
Sri Ganganagar,115,2-Aug-26,PM10
Srinagar,37,2-Aug-26,PM10
Surat,65,2-Aug-26,PM10
Talcher,60,2-Aug-26,PM2.5
Tensa,46,2-Aug-26,CO
Thane,49,2-Aug-26,"PM2.5, PM10"
Thiruvananthapuram,34,2-Aug-26,"PM2.5, SO2"
Thrissur,39,2-Aug-26,PM10
Tirumala,41,2-Aug-26,NO2
Tirupati,59,2-Aug-26,PM10
Tonk,54,2-Aug-26,PM10
Tumidih,75,2-Aug-26,PM10
Udaipur,95,2-Aug-26,PM2.5
Ujjain,40,2-Aug-26,O3
Ulhasnagar,34,2-Aug-26,PM10
Vadodara,70,2-Aug-26,CO
Vapi,43,2-Aug-26,PM10
Varanasi,58,2-Aug-26,PM10
Vatva,87,2-Aug-26,PM10
Vijayapura,43,2-Aug-26,PM10
Vijayawada,59,2-Aug-26,PM10
Virar,46,2-Aug-26,PM10
Visakhapatnam,109,2-Aug-26,PM10
Vrindavan,27,2-Aug-26,NO2
Yadgir,51,2-Aug-26,PM10
Yamuna Nagar,74,2-Aug-26,PM10
Agartala,72,3-Aug-26,PM10
Agra,70,3-Aug-26,"PM10, PM2.5, SO2"
Ahmedabad,75,3-Aug-26,"CO, PM10"
Ahmednagar,44,3-Aug-26,PM10
Aizawl,17,3-Aug-26,PM10
Ajmer,43,3-Aug-26,PM10
Akola,48,3-Aug-26,PM10
Alwar,88,3-Aug-26,PM10
Amaravati,58,3-Aug-26,PM10
Ambala,67,3-Aug-26,PM10
Ambernath,54,3-Aug-26,PM10
Amravati,42,3-Aug-26,PM10
Amritsar,75,3-Aug-26,PM10
Anantapur,55,3-Aug-26,PM10
Angul,59,3-Aug-26,PM10
Ankleshwar,43,3-Aug-26,CO
Araria,48,3-Aug-26,PM2.5
Asansol,59,3-Aug-26,"SO2, CO"
Aurangabad (Maharashtra),66,3-Aug-26,"PM10, CO"
Baddi,93,3-Aug-26,CO
Badlapur,35,3-Aug-26,CO
Bagalkot,51,3-Aug-26,PM10
Bahadurgarh,59,3-Aug-26,PM2.5
Balasore,57,3-Aug-26,O3
Ballabgarh,51,3-Aug-26,PM2.5
Banswara,66,3-Aug-26,PM10
Baran,45,3-Aug-26,O3
Barbil,75,3-Aug-26,PM2.5
Bareilly,34,3-Aug-26,PM2.5
Baripada,64,3-Aug-26,O3
Barmer,56,3-Aug-26,PM10
Barrackpore,65,3-Aug-26,PM10
Bathinda,85,3-Aug-26,CO
Beed,28,3-Aug-26,PM2.5
Begusarai,63,3-Aug-26,PM10
Belapur,46,3-Aug-26,PM10
Belgaum,68,3-Aug-26,NO2
Bengaluru,51,3-Aug-26,PM10
Bettiah,23,3-Aug-26,PM2.5
Bhagalpur,70,3-Aug-26,PM2.5
Bharatpur,33,3-Aug-26,O3
Bhavnagar,59,3-Aug-26,CO
Bhilai,21,3-Aug-26,"PM10, CO"
Bhilwara,55,3-Aug-26,PM10
Bhiwadi,60,3-Aug-26,PM10
Bhiwandi,45,3-Aug-26,PM10
Bhiwani,21,3-Aug-26,CO
Bhopal,45,3-Aug-26,PM10
Bhubaneswar,47,3-Aug-26,PM10
Bihar Sharif,387,3-Aug-26,PM2.5
Bikaner,42,3-Aug-26,O3
Bilaspur,53,3-Aug-26,PM10
Bileipada,178,3-Aug-26,PM10
Boisar,60,3-Aug-26,PM10
Brajrajnagar,67,3-Aug-26,PM10
Bulandshahr,51,3-Aug-26,PM10
Bundi,44,3-Aug-26,PM10
Byasanagar,58,3-Aug-26,PM2.5
Byrnihat (Assam),86,3-Aug-26,PM2.5
Byrnihat (Meghalaya),154,3-Aug-26,PM2.5
Chamarajanagar,46,3-Aug-26,PM10
Chandigarh,44,3-Aug-26,"CO, NO2"
Chandrapur,49,3-Aug-26,PM10
Charkhi Dadri,79,3-Aug-26,PM2.5
Chennai,75,3-Aug-26,"PM10, O3"
Chhal,92,3-Aug-26,PM2.5
Chhapra,90,3-Aug-26,CO
Chikkaballapur,40,3-Aug-26,PM10
Chikkamagaluru,31,3-Aug-26,PM10
Chittoor,62,3-Aug-26,PM2.5
Chittorgarh,59,3-Aug-26,CO
Churu,56,3-Aug-26,O3
Coimbatore,25,3-Aug-26,SO2
Cuttack,52,3-Aug-26,CO
Damoh,51,3-Aug-26,SO2
Dausa,73,3-Aug-26,PM10
Dehradun,44,3-Aug-26,PM2.5
Delhi,76,3-Aug-26,"PM10, PM2.5, NO2"
Dewas,61,3-Aug-26,O3
Dhanbad,103,3-Aug-26,NO2
Dharuhera,69,3-Aug-26,CO
Dharwad,57,3-Aug-26,PM10
Dholpur,52,3-Aug-26,PM10
Dhule,46,3-Aug-26,PM10
Dombivli,35,3-Aug-26,O3
Dungarpur,51,3-Aug-26,PM10
Durgapur,77,3-Aug-26,"PM10, NO2"
Eluru,65,3-Aug-26,PM10
Faridabad,75,3-Aug-26,"PM2.5, PM10, CO"
Fatehabad,78,3-Aug-26,PM10
Fatehpur Sikri,29,3-Aug-26,PM10
Firozabad,33,3-Aug-26,"SO2, PM10"
Gandhinagar,65,3-Aug-26,PM10
Gangtok,19,3-Aug-26,PM2.5
Gaya,53,3-Aug-26,PM10
Ghaziabad,78,3-Aug-26,"CO, PM10"
Greater Noida,85,3-Aug-26,PM10
Gummidipoondi,77,3-Aug-26,PM2.5
Guntur,60,3-Aug-26,PM10
Gurugram,130,3-Aug-26,PM2.5
Guwahati,73,3-Aug-26,"O3, PM2.5, SO2"
Gwalior,53,3-Aug-26,"CO, PM10, O3"
Hajipur,56,3-Aug-26,PM2.5
Haldia,55,3-Aug-26,PM10
Hanumangarh,42,3-Aug-26,PM10
Hapur,50,3-Aug-26,PM2.5
Hingoli,38,3-Aug-26,PM10
Hisar,56,3-Aug-26,PM10
Howrah,74,3-Aug-26,PM10
Hubballi,52,3-Aug-26,PM10
Hyderabad,49,3-Aug-26,PM10
Indore,36,3-Aug-26,"NO2, SO2, CO"
Jabalpur,55,3-Aug-26,"NO2, CO"
Jaipur,48,3-Aug-26,"PM2.5, O3, CO"
Jaisalmer,64,3-Aug-26,PM10
Jalandhar,60,3-Aug-26,PM10
Jalgaon,40,3-Aug-26,CO
Jalore,35,3-Aug-26,PM10
Jhalawar,61,3-Aug-26,PM10
Jhansi,63,3-Aug-26,PM10
Jhunjhunu,88,3-Aug-26,O3
Jind,56,3-Aug-26,PM2.5
Jodhpur,52,3-Aug-26,"O3, PM10"
Jorapokhar,120,3-Aug-26,PM10
Kadapa,58,3-Aug-26,PM10
Kaithal,54,3-Aug-26,PM10
Kakinada,66,3-Aug-26,O3
Kalaburagi,32,3-Aug-26,CO
Kalyan,58,3-Aug-26,"CO, PM10"
Kannur,45,3-Aug-26,PM10
Kanpur,43,3-Aug-26,"CO, PM10, NO2"
Karauli,44,3-Aug-26,NO2
Karnal,69,3-Aug-26,PM10
Karwar,59,3-Aug-26,NO2
Katihar,65,3-Aug-26,CO
Katni,47,3-Aug-26,PM10
Keonjhar,46,3-Aug-26,PM10
Khanna,68,3-Aug-26,PM10
Khora,99,3-Aug-26,PM2.5
Khurja,47,3-Aug-26,PM10
Kishanganj,44,3-Aug-26,PM2.5
Kohima,55,3-Aug-26,SO2
Kolhapur,32,3-Aug-26,PM10
Kolkata,70,3-Aug-26,"O3, PM10"
Korba,46,3-Aug-26,PM10
Kota,41,3-Aug-26,"PM10, O3"
Kunjemura,105,3-Aug-26,PM10
Kurnool,28,3-Aug-26,PM10
Kurukshetra,60,3-Aug-26,PM10
Latur,36,3-Aug-26,PM10
Lucknow,74,3-Aug-26,"PM10, PM2.5"
Machilipatnam,84,3-Aug-26,PM2.5
Madikeri,14,3-Aug-26,CO
Mahad,50,3-Aug-26,PM10
Maihar,15,3-Aug-26,PM10
Malegaon,50,3-Aug-26,PM10
Mandideep,45,3-Aug-26,PM10
Mandi Gobindgarh,105,3-Aug-26,PM10
Mandikhera,98,3-Aug-26,PM10
Manesar,35,3-Aug-26,PM2.5
Mangalore,57,3-Aug-26,PM10
Manguraha,71,3-Aug-26,PM10
Mathura,37,3-Aug-26,PM2.5
Meerut,60,3-Aug-26,"PM2.5, PM10"
Mehsana,81,3-Aug-26,PM10
Milupara,58,3-Aug-26,PM10
Mira-Bhayandar,31,3-Aug-26,PM10
Moradabad,47,3-Aug-26,"PM2.5, PM10"
Mumbai,48,3-Aug-26,PM10
Munger,59,3-Aug-26,PM10
Muzaffarnagar,66,3-Aug-26,PM10
Muzaffarpur,42,3-Aug-26,"PM10, CO"
Mysuru,52,3-Aug-26,PM10
Nagaon,64,3-Aug-26,PM2.5
Nagaur,33,3-Aug-26,PM10
Nagpur,49,3-Aug-26,PM10
Naharlagun,13,3-Aug-26,PM2.5
Nalbari,33,3-Aug-26,PM2.5
Nanded,31,3-Aug-26,PM10
Nandesari,61,3-Aug-26,PM2.5
Narnaul,74,3-Aug-26,PM10
Nashik,33,3-Aug-26,"PM10, CO"
Navi Mumbai,39,3-Aug-26,"CO, PM10"
Nellore,65,3-Aug-26,PM10
Noida,74,3-Aug-26,PM10
Palwal,51,3-Aug-26,PM2.5
Pampore,54,3-Aug-26,PM10
Panchkula,40,3-Aug-26,PM2.5
Panipat,119,3-Aug-26,PM10
Parbhani,31,3-Aug-26,O3
Patiala,44,3-Aug-26,PM10
Patna,65,3-Aug-26,"PM10, PM2.5"
Pimpri-Chinchwad,45,3-Aug-26,PM10
Pithampur,67,3-Aug-26,PM10
Pratapgarh,45,3-Aug-26,PM10
Prayagraj,23,3-Aug-26,"O3, SO2, PM2.5"
Puducherry,44,3-Aug-26,O3
Pune,50,3-Aug-26,CO
Purnia,57,3-Aug-26,CO
Raebareli,74,3-Aug-26,PM10
Raipur,38,3-Aug-26,"PM10, CO"
Rairangpur,43,3-Aug-26,PM10
Rajamahendravaram,51,3-Aug-26,PM10
Rajkot,74,3-Aug-26,PM10
Rajsamand,46,3-Aug-26,O3
Ramanagara,40,3-Aug-26,PM10
Ratlam,35,3-Aug-26,NO2
Rishikesh,37,3-Aug-26,CO
Rohtak,62,3-Aug-26,PM10
Rourkela,63,3-Aug-26,PM10
Sagar,35,3-Aug-26,O3
Saharsa,64,3-Aug-26,PM10
Samastipur,99,3-Aug-26,PM2.5
Sangli,40,3-Aug-26,PM10
Satara,55,3-Aug-26,PM10
Satna,70,3-Aug-26,PM10
Sawai Madhopur,43,3-Aug-26,PM10
Shamli,66,3-Aug-26,CO
Shillong,26,3-Aug-26,SO2
Sikar,80,3-Aug-26,PM10
Silchar,55,3-Aug-26,PM10
Siliguri,116,3-Aug-26,NO2
Singrauli,43,3-Aug-26,NO2
Sirohi,58,3-Aug-26,PM10
Sirsa,85,3-Aug-26,CO
Siwan,105,3-Aug-26,PM10
Solapur,53,3-Aug-26,"PM10, O3"
Sonipat,133,3-Aug-26,PM10
Sri Ganganagar,114,3-Aug-26,PM10
Srinagar,44,3-Aug-26,PM10
Surat,73,3-Aug-26,PM10
Talcher,62,3-Aug-26,PM10
Tensa,38,3-Aug-26,PM10
Thane,40,3-Aug-26,"PM2.5, PM10"
Thiruvananthapuram,34,3-Aug-26,"PM2.5, PM10"
Thoothukudi,66,3-Aug-26,PM10
Thrissur,40,3-Aug-26,PM10
Tirumala,53,3-Aug-26,NO2
Tirupati,62,3-Aug-26,PM10
Tonk,57,3-Aug-26,PM10
Tumidih,47,3-Aug-26,PM2.5
Udaipur,60,3-Aug-26,PM10
Ujjain,42,3-Aug-26,O3
Ulhasnagar,24,3-Aug-26,PM10
Vadodara,70,3-Aug-26,CO
Vapi,45,3-Aug-26,PM10
Varanasi,48,3-Aug-26,PM10
Vatva,101,3-Aug-26,PM10
Vijayapura,43,3-Aug-26,PM10
Vijayawada,61,3-Aug-26,PM10
Virar,31,3-Aug-26,PM10
Visakhapatnam,132,3-Aug-26,PM10
Vrindavan,50,3-Aug-26,PM10
Yadgir,38,3-Aug-26,PM10
Yamuna Nagar,71,3-Aug-26,PM10
Agartala,73,4-Aug-26,PM10
Agra,58,4-Aug-26,"PM2.5, SO2, NO2"
Ahmedabad,91,4-Aug-26,"PM2.5, PM10"
Ahmednagar,50,4-Aug-26,PM10
Aizawl,14,4-Aug-26,SO2
Ajmer,84,4-Aug-26,PM10
Akola,46,4-Aug-26,PM10
Alwar,85,4-Aug-26,PM10
Amaravati,59,4-Aug-26,PM10
Ambala,63,4-Aug-26,PM10
Amravati,34,4-Aug-26,PM10
Amritsar,54,4-Aug-26,PM10
Anantapur,55,4-Aug-26,PM10
Angul,65,4-Aug-26,O3
Ankleshwar,67,4-Aug-26,PM10
Araria,47,4-Aug-26,PM2.5
Asansol,58,4-Aug-26,"SO2, CO, PM2.5"
Aurangabad (Maharashtra),49,4-Aug-26,"PM10, PM2.5"
Baddi,75,4-Aug-26,CO
Badlapur,34,4-Aug-26,CO
Bagalkot,51,4-Aug-26,PM10
Bahadurgarh,48,4-Aug-26,PM10
Balasore,50,4-Aug-26,O3
Ballabgarh,45,4-Aug-26,PM2.5
Banswara,42,4-Aug-26,PM10
Baran,50,4-Aug-26,PM10
Barbil,70,4-Aug-26,PM2.5
Bareilly,42,4-Aug-26,"PM10, SO2"
Baripada,60,4-Aug-26,O3
Barmer,84,4-Aug-26,PM10
Barrackpore,64,4-Aug-26,PM10
Beed,32,4-Aug-26,PM10
Begusarai,29,4-Aug-26,SO2
Belapur,53,4-Aug-26,PM10
Belgaum,64,4-Aug-26,NO2
Bengaluru,53,4-Aug-26,PM10
Bhagalpur,118,4-Aug-26,"PM10, PM2.5"
Bharatpur,31,4-Aug-26,CO
Bhavnagar,64,4-Aug-26,PM10
Bhilai,28,4-Aug-26,"PM10, CO"
Bhilwara,94,4-Aug-26,PM10
Bhiwadi,73,4-Aug-26,PM10
Bhiwandi,72,4-Aug-26,PM2.5
Bhiwani,26,4-Aug-26,CO
Bhopal,54,4-Aug-26,PM10
Bhubaneswar,41,4-Aug-26,"O3, CO"
Bikaner,65,4-Aug-26,PM10
Bileipada,133,4-Aug-26,PM10
Boisar,47,4-Aug-26,PM10
Brajrajnagar,44,4-Aug-26,O3
Bulandshahr,38,4-Aug-26,PM10
Bundi,47,4-Aug-26,PM10
Byasanagar,51,4-Aug-26,O3
Byrnihat (Meghalaya),70,4-Aug-26,PM2.5
Chamarajanagar,42,4-Aug-26,PM10
Chandigarh,39,4-Aug-26,"CO, NO2"
Chandrapur,45,4-Aug-26,"PM10, CO"
Charkhi Dadri,75,4-Aug-26,PM2.5
Chennai,72,4-Aug-26,PM10
Chhapra,86,4-Aug-26,CO
Chikkaballapur,32,4-Aug-26,PM10
Chittoor,63,4-Aug-26,PM10
Chittorgarh,64,4-Aug-26,PM10
Churu,32,4-Aug-26,PM10
Coimbatore,25,4-Aug-26,SO2
Cuddalore,23,4-Aug-26,SO2
Cuttack,53,4-Aug-26,O3
Damoh,50,4-Aug-26,SO2
Dausa,131,4-Aug-26,PM10
Dehradun,64,4-Aug-26,PM2.5
Delhi,64,4-Aug-26,"NO2, PM10"
Dewas,90,4-Aug-26,PM10
Dharuhera,71,4-Aug-26,CO
Dharwad,60,4-Aug-26,PM10
Dholpur,248,4-Aug-26,PM2.5
Dhule,51,4-Aug-26,PM10
Dombivli,39,4-Aug-26,O3
Dungarpur,77,4-Aug-26,PM10
Durgapur,85,4-Aug-26,"PM10, NO2"
Eloor,125,4-Aug-26,CO
Eluru,53,4-Aug-26,PM10
Faridabad,88,4-Aug-26,"PM10, PM2.5, CO"
Fatehabad,58,4-Aug-26,PM10
Fatehpur Sikri,29,4-Aug-26,PM10
Firozabad,40,4-Aug-26,"PM10, CO"
Gandhinagar,101,4-Aug-26,PM10
Gaya,93,4-Aug-26,"PM2.5, CO, PM10"
Ghaziabad,68,4-Aug-26,"CO, PM10"
Gorakhpur,45,4-Aug-26,SO2
Greater Noida,100,4-Aug-26,"O3, PM10"
Gummidipoondi,127,4-Aug-26,PM2.5
Guntur,50,4-Aug-26,PM10
Gurugram,76,4-Aug-26,"PM2.5, PM10"
Guwahati,98,4-Aug-26,"O3, PM2.5, SO2"
Gwalior,56,4-Aug-26,"CO, O3"
Hajipur,41,4-Aug-26,O3
Haldia,47,4-Aug-26,PM10
Hanumangarh,34,4-Aug-26,O3
Hapur,39,4-Aug-26,CO
Hingoli,39,4-Aug-26,PM10
Hisar,48,4-Aug-26,O3
Howrah,67,4-Aug-26,"PM10, CO"
Hyderabad,49,4-Aug-26,PM10
Indore,52,4-Aug-26,"PM10, PM2.5"
Jabalpur,53,4-Aug-26,"NO2, PM10"
Jaipur,70,4-Aug-26,PM10
Jaisalmer,100,4-Aug-26,PM10
Jalandhar,45,4-Aug-26,CO
Jalgaon,37,4-Aug-26,PM10
Jalore,88,4-Aug-26,PM10
Jhalawar,83,4-Aug-26,PM10
Jhansi,61,4-Aug-26,PM10
Jhunjhunu,100,4-Aug-26,O3
Jind,43,4-Aug-26,PM2.5
Jodhpur,93,4-Aug-26,PM10
Jorapokhar,87,4-Aug-26,PM10
Kadapa,56,4-Aug-26,PM10
Kaithal,98,4-Aug-26,SO2
Kakinada,57,4-Aug-26,PM10
Kalaburagi,32,4-Aug-26,CO
Kalyan,71,4-Aug-26,"CO, PM10"
Kannur,45,4-Aug-26,PM10
Kanpur,43,4-Aug-26,"CO, PM10, NO2"
Karauli,40,4-Aug-26,NO2
Karnal,51,4-Aug-26,CO
Karwar,42,4-Aug-26,PM10
Kashipur,38,4-Aug-26,PM2.5
Katni,63,4-Aug-26,PM10
Keonjhar,44,4-Aug-26,PM10
Khanna,75,4-Aug-26,PM10
Khora,103,4-Aug-26,CO
Khurja,55,4-Aug-26,CO
Kishanganj,49,4-Aug-26,PM2.5
Kohima,50,4-Aug-26,SO2
Kolhapur,31,4-Aug-26,PM10
Kolkata,68,4-Aug-26,"O3, PM10"
Korba,41,4-Aug-26,"CO, SO2"
Kota,58,4-Aug-26,PM10
Kunjemura,39,4-Aug-26,PM10
Kurnool,29,4-Aug-26,PM10
Kurukshetra,45,4-Aug-26,PM2.5
Latur,34,4-Aug-26,PM10
Lucknow,51,4-Aug-26,"PM10, CO"
Ludhiana,72,4-Aug-26,PM10
Machilipatnam,82,4-Aug-26,PM2.5
Madikeri,15,4-Aug-26,PM10
Madurai,28,4-Aug-26,PM10
Mahad,52,4-Aug-26,PM10
Maihar,26,4-Aug-26,SO2
Malegaon,42,4-Aug-26,PM10
Mandideep,64,4-Aug-26,PM10
Mandi Gobindgarh,123,4-Aug-26,PM10
Mandikhera,99,4-Aug-26,PM10
Manesar,34,4-Aug-26,O3
Mangalore,48,4-Aug-26,PM10
Mathura,28,4-Aug-26,PM2.5
Meerut,46,4-Aug-26,"PM2.5, PM10, CO"
Mehsana,87,4-Aug-26,PM10
Milupara,31,4-Aug-26,PM10
Mira-Bhayandar,38,4-Aug-26,PM10
Moradabad,49,4-Aug-26,"PM2.5, PM10"
Mumbai,49,4-Aug-26,PM10
Muzaffarnagar,45,4-Aug-26,PM10
Muzaffarpur,31,4-Aug-26,"PM10, O3"
Mysuru,50,4-Aug-26,PM10
Nagaon,56,4-Aug-26,PM2.5
Nagaur,84,4-Aug-26,PM10
Nagpur,35,4-Aug-26,"PM10, CO"
Naharlagun,23,4-Aug-26,PM10
Nalbari,67,4-Aug-26,PM2.5
Nanded,29,4-Aug-26,PM10
Nandesari,51,4-Aug-26,PM10
Narnaul,64,4-Aug-26,PM10
Nashik,35,4-Aug-26,"PM10, CO"
Navi Mumbai,44,4-Aug-26,"CO, PM10"
Nellore,65,4-Aug-26,PM10
Noida,61,4-Aug-26,"PM10, O3"
Pali,110,4-Aug-26,PM2.5
Palwal,77,4-Aug-26,CO
Pampore,51,4-Aug-26,PM10
Panchgaon,33,4-Aug-26,CO
Panchkula,69,4-Aug-26,PM2.5
Panipat,146,4-Aug-26,PM10
Parbhani,26,4-Aug-26,PM10
Patiala,35,4-Aug-26,O3
Patna,55,4-Aug-26,"O3, PM10"
Pimpri-Chinchwad,53,4-Aug-26,"PM10, CO"
Pithampur,103,4-Aug-26,PM10
Pratapgarh,93,4-Aug-26,PM10
Prayagraj,73,4-Aug-26,PM10
Puducherry,37,4-Aug-26,PM10
Pune,48,4-Aug-26,PM10
Purnia,56,4-Aug-26,CO
Raipur,40,4-Aug-26,PM10
Rairangpur,40,4-Aug-26,PM10
Rajamahendravaram,36,4-Aug-26,O3
Rajkot,84,4-Aug-26,PM10
Rajsamand,62,4-Aug-26,PM10
Ramanagara,38,4-Aug-26,PM10
Ratlam,45,4-Aug-26,PM2.5
Rishikesh,37,4-Aug-26,CO
Rohtak,37,4-Aug-26,O3
Rourkela,48,4-Aug-26,PM10
Sagar,38,4-Aug-26,O3
Saharsa,49,4-Aug-26,PM10
Samastipur,36,4-Aug-26,PM2.5
Sangli,44,4-Aug-26,PM10
Sasaram,54,4-Aug-26,PM10
Satara,70,4-Aug-26,PM10
Satna,70,4-Aug-26,PM10
Sawai Madhopur,64,4-Aug-26,PM10
Shamli,72,4-Aug-26,CO
Shillong,28,4-Aug-26,SO2
Sikar,92,4-Aug-26,PM10
Silchar,57,4-Aug-26,PM10
Siliguri,115,4-Aug-26,NO2
Singrauli,46,4-Aug-26,PM10
Sirohi,81,4-Aug-26,PM10
Sirsa,85,4-Aug-26,CO
Siwan,105,4-Aug-26,PM10
Solapur,48,4-Aug-26,"O3, PM10"
Sonipat,131,4-Aug-26,PM10
Srinagar,43,4-Aug-26,PM10
Surat,78,4-Aug-26,PM10
Talcher,82,4-Aug-26,SO2
Thane,48,4-Aug-26,PM10
Thiruvananthapuram,38,4-Aug-26,PM10
Thoothukudi,65,4-Aug-26,PM10
Thrissur,43,4-Aug-26,PM10
Tirumala,50,4-Aug-26,NO2
Tirupati,67,4-Aug-26,PM10
Tonk,105,4-Aug-26,PM10
Tumidih,49,4-Aug-26,PM10
Udaipur,71,4-Aug-26,PM10
Ujjain,71,4-Aug-26,PM10
Ulhasnagar,16,4-Aug-26,PM10
Vadodara,71,4-Aug-26,CO
Vapi,44,4-Aug-26,PM10
Varanasi,46,4-Aug-26,"PM10, NO2"
Vatva,126,4-Aug-26,PM2.5
Vijayapura,43,4-Aug-26,PM10
Vijayawada,57,4-Aug-26,PM10
Virar,35,4-Aug-26,PM10
Visakhapatnam,87,4-Aug-26,PM10
Vrindavan,50,4-Aug-26,PM2.5
Yadgir,32,4-Aug-26,PM10
Agartala,61,5-Aug-26,
Agra,63,5-Aug-26,
Ahmedabad,94,5-Aug-26,
Ahmednagar,54,5-Aug-26,
Aizawl,14,5-Aug-26,
Ajmer,88,5-Aug-26,
Akola,51,5-Aug-26,
Alwar,101,5-Aug-26,
Amaravati,79,5-Aug-26,
Ambala,74,5-Aug-26,
Amravati,46,5-Aug-26,
Amritsar,85,5-Aug-26,
Angul,62,5-Aug-26,
Ankleshwar,74,5-Aug-26,
Araria,47,5-Aug-26,
Asansol,58,5-Aug-26,
Aurangabad (Maharashtra),58,5-Aug-26,
Baddi,115,5-Aug-26,
Badlapur,49,5-Aug-26,
Bagalkot,51,5-Aug-26,
Bahadurgarh,39,5-Aug-26,
Balasore,52,5-Aug-26,
Ballabgarh,63,5-Aug-26,
Banswara,63,5-Aug-26,
Baran,57,5-Aug-26,
Barbil,59,5-Aug-26,
Bareilly,38,5-Aug-26,
Baripada,53,5-Aug-26,
Barmer,80,5-Aug-26,
Barrackpore,56,5-Aug-26,
Bathinda,84,5-Aug-26,
Beed,26,5-Aug-26,
Begusarai,33,5-Aug-26,
Belapur,30,5-Aug-26,
Bengaluru,49,5-Aug-26,
Bettiah,41,5-Aug-26,
Bhagalpur,120,5-Aug-26,
Bharatpur,33,5-Aug-26,
Bhavnagar,64,5-Aug-26,
Bhilai,26,5-Aug-26,
Bhilwara,109,5-Aug-26,
Bhiwadi,74,5-Aug-26,
Bhiwandi,53,5-Aug-26,
Bhopal,73,5-Aug-26,
Bhubaneswar,46,5-Aug-26,
Bikaner,59,5-Aug-26,
Bilaspur,37,5-Aug-26,
Bileipada,52,5-Aug-26,
Boisar,53,5-Aug-26,
Brajrajnagar,48,5-Aug-26,
Bulandshahr,38,5-Aug-26,
Bundi,70,5-Aug-26,
Byasanagar,64,5-Aug-26,
Byrnihat (Assam),94,5-Aug-26,
Byrnihat (Meghalaya),127,5-Aug-26,
Chamarajanagar,45,5-Aug-26,
Chandigarh,37,5-Aug-26,
Chandrapur,47,5-Aug-26,
Charkhi Dadri,152,5-Aug-26,
Chennai,61,5-Aug-26,
Chhal,61,5-Aug-26,
Chikkaballapur,25,5-Aug-26,
Chittoor,58,5-Aug-26,
Chittorgarh,68,5-Aug-26,
Churu,58,5-Aug-26,
Coimbatore,27,5-Aug-26,
Cuttack,58,5-Aug-26,
Damoh,51,5-Aug-26,
Dausa,165,5-Aug-26,
Delhi,69,5-Aug-26,
Dewas,92,5-Aug-26,
Dharuhera,67,5-Aug-26,
Dharwad,65,5-Aug-26,
Dholpur,298,5-Aug-26,
Dhule,54,5-Aug-26,
Dombivli,34,5-Aug-26,
Dungarpur,86,5-Aug-26,
Durgapur,63,5-Aug-26,
Eloor,64,5-Aug-26,
Eluru,54,5-Aug-26,
Faridabad,80,5-Aug-26,
Fatehabad,55,5-Aug-26,
Fatehpur Sikri,29,5-Aug-26,
Firozabad,45,5-Aug-26,
Gadag,43,5-Aug-26,
Gandhinagar,112,5-Aug-26,
Gaya,123,5-Aug-26,
Ghaziabad,70,5-Aug-26,
Gorakhpur,62,5-Aug-26,
Greater Noida,115,5-Aug-26,
Gummidipoondi,131,5-Aug-26,
Guntur,62,5-Aug-26,
Gurugram,103,5-Aug-26,
Guwahati,63,5-Aug-26,
Gwalior,61,5-Aug-26,
Hajipur,48,5-Aug-26,
Haldia,50,5-Aug-26,
Hanumangarh,32,5-Aug-26,
Hapur,53,5-Aug-26,
Hingoli,38,5-Aug-26,
Hisar,41,5-Aug-26,
Howrah,61,5-Aug-26,
Hyderabad,47,5-Aug-26,
Indore,53,5-Aug-26,
Jabalpur,53,5-Aug-26,
Jaipur,102,5-Aug-26,
Jaisalmer,105,5-Aug-26,
Jalandhar,50,5-Aug-26,
Jalgaon,50,5-Aug-26,
Jalna,46,5-Aug-26,
Jalore,95,5-Aug-26,
Jhalawar,60,5-Aug-26,
Jhansi,65,5-Aug-26,
Jhunjhunu,82,5-Aug-26,
Jind,49,5-Aug-26,
Jodhpur,84,5-Aug-26,
Jorapokhar,74,5-Aug-26,
Kaithal,103,5-Aug-26,
Kakinada,62,5-Aug-26,
Kalaburagi,33,5-Aug-26,
Kalyan,60,5-Aug-26,
Kannur,46,5-Aug-26,
Kanpur,40,5-Aug-26,
Karauli,64,5-Aug-26,
Karnal,51,5-Aug-26,
Karwar,42,5-Aug-26,
Katni,82,5-Aug-26,
Keonjhar,41,5-Aug-26,
Khairthal,88,5-Aug-26,
Khanna,73,5-Aug-26,
Khora,96,5-Aug-26,
Khurja,41,5-Aug-26,
Kishanganj,57,5-Aug-26,
Kohima,53,5-Aug-26,
Kolhapur,26,5-Aug-26,
Kolkata,58,5-Aug-26,
Korba,25,5-Aug-26,
Kota,78,5-Aug-26,
Kunjemura,57,5-Aug-26,
Kurnool,29,5-Aug-26,
Kurukshetra,43,5-Aug-26,
Latur,45,5-Aug-26,
Lucknow,56,5-Aug-26,
Ludhiana,52,5-Aug-26,
Machilipatnam,79,5-Aug-26,
Madikeri,14,5-Aug-26,
Madurai,34,5-Aug-26,
Mahad,48,5-Aug-26,
Malegaon,63,5-Aug-26,
Mandideep,88,5-Aug-26,
Mandi Gobindgarh,117,5-Aug-26,
Manesar,38,5-Aug-26,
Mangalore,52,5-Aug-26,
Manguraha,80,5-Aug-26,
Mathura,34,5-Aug-26,
Meerut,49,5-Aug-26,
Mehsana,88,5-Aug-26,
Mira-Bhayandar,29,5-Aug-26,
Moradabad,47,5-Aug-26,
Mumbai,42,5-Aug-26,
Muzaffarnagar,49,5-Aug-26,
Muzaffarpur,38,5-Aug-26,
Mysuru,48,5-Aug-26,
Nagaon,47,5-Aug-26,
Nagaur,95,5-Aug-26,
Nagpur,55,5-Aug-26,
Naharlagun,12,5-Aug-26,
Nalbari,79,5-Aug-26,
Nanded,34,5-Aug-26,
Nandesari,59,5-Aug-26,
Narnaul,90,5-Aug-26,
Nashik,44,5-Aug-26,
Navi Mumbai,31,5-Aug-26,
Nellore,54,5-Aug-26,
Noida,64,5-Aug-26,
Pali,135,5-Aug-26,
Palwal,60,5-Aug-26,
Pampore,53,5-Aug-26,
Panchgaon,31,5-Aug-26,
Panchkula,30,5-Aug-26,
Parbhani,41,5-Aug-26,
Patiala,35,5-Aug-26,
Patna,63,5-Aug-26,
Pimpri-Chinchwad,47,5-Aug-26,
Pithampur,107,5-Aug-26,
Pratapgarh,105,5-Aug-26,
Prayagraj,44,5-Aug-26,
Puducherry,37,5-Aug-26,
Pune,52,5-Aug-26,
Purnia,55,5-Aug-26,
Raebareli,75,5-Aug-26,
Raipur,35,5-Aug-26,
Rairangpur,44,5-Aug-26,
Rajamahendravaram,41,5-Aug-26,
Rajkot,80,5-Aug-26,
Rajsamand,80,5-Aug-26,
Ramanagara,44,5-Aug-26,
Ratlam,41,5-Aug-26,
Rishikesh,37,5-Aug-26,
Rohtak,35,5-Aug-26,
Rourkela,49,5-Aug-26,
Rupnagar,54,5-Aug-26,
Sagar,38,5-Aug-26,
Saharsa,52,5-Aug-26,
Sangli,34,5-Aug-26,
Satara,52,5-Aug-26,
Satna,70,5-Aug-26,
Sawai Madhopur,84,5-Aug-26,
Shamli,71,5-Aug-26,
Shillong,32,5-Aug-26,
Sikar,120,5-Aug-26,
Silchar,55,5-Aug-26,
Siliguri,122,5-Aug-26,
Sirohi,77,5-Aug-26,
Sirsa,84,5-Aug-26,
Siwan,105,5-Aug-26,
Solapur,51,5-Aug-26,
Sonipat,132,5-Aug-26,
Sri Ganganagar,61,5-Aug-26,
Srinagar,46,5-Aug-26,
Surat,78,5-Aug-26,
Thane,39,5-Aug-26,
Thiruvananthapuram,37,5-Aug-26,
Thoothukudi,65,5-Aug-26,
Tirumala,47,5-Aug-26,
Tirupati,69,5-Aug-26,
Tonk,114,5-Aug-26,
Tumidih,35,5-Aug-26,
Udaipur,97,5-Aug-26,
Ujjain,57,5-Aug-26,
Ulhasnagar,8,5-Aug-26,
Vadodara,88,5-Aug-26,
Vapi,36,5-Aug-26,
Varanasi,38,5-Aug-26,
Vatva,117,5-Aug-26,
Vijayapura,43,5-Aug-26,
Vijayawada,62,5-Aug-26,
Virar,38,5-Aug-26,
Visakhapatnam,106,5-Aug-26,
Vrindavan,49,5-Aug-26,
Yamuna Nagar,115,5-Aug-26,
Agartala,69,6-Aug-26,
Agra,55,6-Aug-26,
Ahmedabad,85,6-Aug-26,
Ahmednagar,47,6-Aug-26,
Ajmer,84,6-Aug-26,
Akola,36,6-Aug-26,
Alwar,89,6-Aug-26,
Amaravati,67,6-Aug-26,
Ambala,62,6-Aug-26,
Ambernath,71,6-Aug-26,
Amravati,37,6-Aug-26,
Amritsar,75,6-Aug-26,
Angul,76,6-Aug-26,
Ankleshwar,74,6-Aug-26,
Asansol,56,6-Aug-26,
Aurangabad (Maharashtra),53,6-Aug-26,
Baddi,104,6-Aug-26,
Badlapur,44,6-Aug-26,
Bagalkot,51,6-Aug-26,
Bahadurgarh,49,6-Aug-26,
Balasore,56,6-Aug-26,
Ballabgarh,75,6-Aug-26,
Banswara,58,6-Aug-26,
Baran,55,6-Aug-26,
Bareilly,40,6-Aug-26,
Baripada,48,6-Aug-26,
Barmer,90,6-Aug-26,
Barrackpore,47,6-Aug-26,
Beed,42,6-Aug-26,
Begusarai,32,6-Aug-26,
Belapur,32,6-Aug-26,
Bengaluru,61,6-Aug-26,
Bhagalpur,121,6-Aug-26,
Bharatpur,35,6-Aug-26,
Bhavnagar,67,6-Aug-26,
Bhilai,29,6-Aug-26,
Bhilwara,87,6-Aug-26,
Bhiwadi,74,6-Aug-26,
Bhiwandi,55,6-Aug-26,
Bhiwani,159,6-Aug-26,
Bhopal,58,6-Aug-26,
Bhubaneswar,54,6-Aug-26,
Bikaner,99,6-Aug-26,
Bilaspur,30,6-Aug-26,
Bileipada,53,6-Aug-26,
Boisar,54,6-Aug-26,
Brajrajnagar,49,6-Aug-26,
Bulandshahr,41,6-Aug-26,
Bundi,77,6-Aug-26,
Byrnihat (Assam),95,6-Aug-26,
Byrnihat (Meghalaya),94,6-Aug-26,
Chamarajanagar,44,6-Aug-26,
Chandigarh,38,6-Aug-26,
Chandrapur,45,6-Aug-26,
Charkhi Dadri,97,6-Aug-26,
Chennai,80,6-Aug-26,
Chhal,43,6-Aug-26,
Chhapra,100,6-Aug-26,
Chikkaballapur,30,6-Aug-26,
Chikkamagaluru,29,6-Aug-26,
Chittoor,65,6-Aug-26,
Chittorgarh,67,6-Aug-26,
Churu,91,6-Aug-26,
Coimbatore,26,6-Aug-26,
Cuddalore,23,6-Aug-26,
Cuttack,47,6-Aug-26,
Damoh,50,6-Aug-26,
Dausa,70,6-Aug-26,
Delhi,74,6-Aug-26,
Dewas,96,6-Aug-26,
Dharuhera,82,6-Aug-26,
Dharwad,66,6-Aug-26,
Dholpur,32,6-Aug-26,
Dhule,58,6-Aug-26,
Dombivli,34,6-Aug-26,
Dungarpur,76,6-Aug-26,
Durgapur,46,6-Aug-26,
Eloor,67,6-Aug-26,
Eluru,49,6-Aug-26,
Faridabad,113,6-Aug-26,
Fatehabad,63,6-Aug-26,
Fatehpur Sikri,29,6-Aug-26,
Firozabad,53,6-Aug-26,
Gadag,39,6-Aug-26,
Gandhinagar,89,6-Aug-26,
Gaya,89,6-Aug-26,
Ghaziabad,82,6-Aug-26,
Gorakhpur,55,6-Aug-26,
Greater Noida,97,6-Aug-26,
Gummidipoondi,119,6-Aug-26,
Guntur,61,6-Aug-26,
Gurugram,90,6-Aug-26,
Gwalior,51,6-Aug-26,
Hajipur,35,6-Aug-26,
Hanumangarh,65,6-Aug-26,
Hapur,46,6-Aug-26,
Hingoli,93,6-Aug-26,
Howrah,66,6-Aug-26,
Hyderabad,45,6-Aug-26,
Indore,54,6-Aug-26,
Jabalpur,51,6-Aug-26,
Jaipur,92,6-Aug-26,
Jaisalmer,120,6-Aug-26,
Jalandhar,71,6-Aug-26,
Jalgaon,36,6-Aug-26,
Jalna,52,6-Aug-26,
Jalore,85,6-Aug-26,
Jhalawar,61,6-Aug-26,
Jhansi,76,6-Aug-26,
Jhunjhunu,77,6-Aug-26,
Jind,56,6-Aug-26,
Jodhpur,77,6-Aug-26,
Jorapokhar,64,6-Aug-26,
Kaithal,103,6-Aug-26,
Kakinada,52,6-Aug-26,
Kalaburagi,41,6-Aug-26,
Kalyan,68,6-Aug-26,
Kannur,70,6-Aug-26,
Kanpur,51,6-Aug-26,
Karnal,52,6-Aug-26,
Karwar,47,6-Aug-26,
Katni,79,6-Aug-26,
Keonjhar,39,6-Aug-26,
Khairthal,72,6-Aug-26,
Khanna,65,6-Aug-26,
Khora,89,6-Aug-26,
Khurja,54,6-Aug-26,
Kishanganj,51,6-Aug-26,
Kohima,54,6-Aug-26,
Kolhapur,34,6-Aug-26,
Kolkata,60,6-Aug-26,
Korba,29,6-Aug-26,
Kota,81,6-Aug-26,
Kunjemura,39,6-Aug-26,
Kurnool,28,6-Aug-26,
Kurukshetra,49,6-Aug-26,
Latur,36,6-Aug-26,
Lucknow,54,6-Aug-26,
Ludhiana,70,6-Aug-26,
Machilipatnam,69,6-Aug-26,
Madikeri,14,6-Aug-26,
Madurai,44,6-Aug-26,
Mahad,35,6-Aug-26,
Maihar,28,6-Aug-26,
Malegaon,59,6-Aug-26,
Mandideep,76,6-Aug-26,
Mandi Gobindgarh,118,6-Aug-26,
Manesar,42,6-Aug-26,
Mangalore,49,6-Aug-26,
Manguraha,73,6-Aug-26,
Mathura,32,6-Aug-26,
Meerut,53,6-Aug-26,
Mehsana,85,6-Aug-26,
Mira-Bhayandar,36,6-Aug-26,
Moradabad,26,6-Aug-26,
Mumbai,46,6-Aug-26,
Munger,48,6-Aug-26,
Muzaffarnagar,51,6-Aug-26,
Muzaffarpur,33,6-Aug-26,
Mysuru,54,6-Aug-26,
Nagaon,54,6-Aug-26,
Nagaur,83,6-Aug-26,
Nagpur,43,6-Aug-26,
Naharlagun,28,6-Aug-26,
Nalbari,71,6-Aug-26,
Nanded,35,6-Aug-26,
Nandesari,62,6-Aug-26,
Narnaul,77,6-Aug-26,
Nashik,34,6-Aug-26,
Navi Mumbai,44,6-Aug-26,
Nellore,60,6-Aug-26,
Noida,76,6-Aug-26,
Pali,135,6-Aug-26,
Pampore,82,6-Aug-26,
Panchgaon,48,6-Aug-26,
Panchkula,44,6-Aug-26,
Panipat,96,6-Aug-26,
Parbhani,34,6-Aug-26,
Patiala,47,6-Aug-26,
Patna,49,6-Aug-26,
Pimpri-Chinchwad,50,6-Aug-26,
Pithampur,107,6-Aug-26,
Pratapgarh,86,6-Aug-26,
Prayagraj,79,6-Aug-26,
Puducherry,47,6-Aug-26,
Pune,45,6-Aug-26,
Purnia,56,6-Aug-26,
Raebareli,72,6-Aug-26,
Raipur,41,6-Aug-26,
Rairangpur,24,6-Aug-26,
Rajamahendravaram,44,6-Aug-26,
Rajkot,83,6-Aug-26,
Rajsamand,83,6-Aug-26,
Ramanagara,42,6-Aug-26,
Ratlam,35,6-Aug-26,
Rishikesh,37,6-Aug-26,
Rohtak,38,6-Aug-26,
Rourkela,50,6-Aug-26,
Rupnagar,54,6-Aug-26,
Sagar,40,6-Aug-26,
Saharsa,40,6-Aug-26,
Samastipur,76,6-Aug-26,
Sangli,37,6-Aug-26,
Satara,51,6-Aug-26,
Satna,70,6-Aug-26,
Sawai Madhopur,67,6-Aug-26,
Shamli,85,6-Aug-26,
Shillong,28,6-Aug-26,
Shivamogga,37,6-Aug-26,
Sikar,44,6-Aug-26,
Silchar,40,6-Aug-26,
Siliguri,122,6-Aug-26,
Sirohi,79,6-Aug-26,
Sirsa,80,6-Aug-26,
Siwan,105,6-Aug-26,
Solapur,45,6-Aug-26,
Sonipat,134,6-Aug-26,
Sri Ganganagar,78,6-Aug-26,
Srinagar,58,6-Aug-26,
Surat,73,6-Aug-26,
Talcher,75,6-Aug-26,
Thane,45,6-Aug-26,
Thiruvananthapuram,47,6-Aug-26,
Thoothukudi,67,6-Aug-26,
Thrissur,47,6-Aug-26,
Tirumala,42,6-Aug-26,
Tirupati,70,6-Aug-26,
Tonk,102,6-Aug-26,
Tumakuru,65,6-Aug-26,
Tumidih,32,6-Aug-26,
Udaipur,99,6-Aug-26,
Ujjain,51,6-Aug-26,
Ulhasnagar,38,6-Aug-26,
Vadodara,86,6-Aug-26,
Vapi,33,6-Aug-26,
Varanasi,40,6-Aug-26,
Vatva,117,6-Aug-26,
Vijayapura,43,6-Aug-26,
Vijayawada,61,6-Aug-26,
Virar,35,6-Aug-26,
Visakhapatnam,99,6-Aug-26,
Vrindavan,34,6-Aug-26,
Yamuna Nagar,76,6-Aug-26,
Agartala,61,7-Aug-26,
Agra,54,7-Aug-26,
Ahmedabad,92,7-Aug-26,
Ahmednagar,48,7-Aug-26,
Aizawl,14,7-Aug-26,
Akola,42,7-Aug-26,
Alwar,94,7-Aug-26,
Amaravati,53,7-Aug-26,
Ambala,97,7-Aug-26,
Ambernath,87,7-Aug-26,
Amravati,48,7-Aug-26,
Amritsar,77,7-Aug-26,
Anantapur,71,7-Aug-26,
Angul,64,7-Aug-26,
Ankleshwar,65,7-Aug-26,
Araria,43,7-Aug-26,
Arrah,48,7-Aug-26,
Asansol,61,7-Aug-26,
Aurangabad (Maharashtra),49,7-Aug-26,
Baddi,98,7-Aug-26,
Badlapur,26,7-Aug-26,
Bagalkot,51,7-Aug-26,
Baghpat,32,7-Aug-26,
Bahadurgarh,48,7-Aug-26,
Balasore,54,7-Aug-26,
Ballabgarh,41,7-Aug-26,
Banswara,64,7-Aug-26,
Baran,45,7-Aug-26,
Barbil,34,7-Aug-26,
Bareilly,34,7-Aug-26,
Baripada,44,7-Aug-26,
Barmer,91,7-Aug-26,
Barrackpore,48,7-Aug-26,
Bathinda,88,7-Aug-26,
Beed,42,7-Aug-26,
Begusarai,104,7-Aug-26,
Belapur,20,7-Aug-26,
Bengaluru,51,7-Aug-26,
Bettiah,26,7-Aug-26,
Bhagalpur,99,7-Aug-26,
Bharatpur,27,7-Aug-26,
Bhavnagar,63,7-Aug-26,
Bhilai,30,7-Aug-26,
Bhilwara,123,7-Aug-26,
Bhiwadi,73,7-Aug-26,
Bhiwandi,42,7-Aug-26,
Bhiwani,157,7-Aug-26,
Bhopal,77,7-Aug-26,
Bhubaneswar,43,7-Aug-26,
Bilaspur,41,7-Aug-26,
Bileipada,68,7-Aug-26,
Boisar,52,7-Aug-26,
Brajrajnagar,44,7-Aug-26,
Bulandshahr,38,7-Aug-26,
Bundi,72,7-Aug-26,
Byrnihat (Assam),86,7-Aug-26,
Byrnihat (Meghalaya),181,7-Aug-26,
Chamarajanagar,43,7-Aug-26,
Chandigarh,21,7-Aug-26,
Chandrapur,53,7-Aug-26,
Charkhi Dadri,149,7-Aug-26,
Chennai,128,7-Aug-26,
Chhapra,85,7-Aug-26,
Chikkamagaluru,27,7-Aug-26,
Chittoor,72,7-Aug-26,
Chittorgarh,83,7-Aug-26,
Churu,75,7-Aug-26,
Cuttack,53,7-Aug-26,
Damoh,50,7-Aug-26,
Dausa,42,7-Aug-26,
Delhi,63,7-Aug-26,
Dewas,84,7-Aug-26,
Dharuhera,72,7-Aug-26,
Dharwad,59,7-Aug-26,
Dholpur,31,7-Aug-26,
Dhule,67,7-Aug-26,
Dombivli,36,7-Aug-26,
Dungarpur,78,7-Aug-26,
Durgapur,92,7-Aug-26,
Eloor,81,7-Aug-26,
Eluru,154,7-Aug-26,
Faridabad,86,7-Aug-26,
Fatehabad,58,7-Aug-26,
Fatehpur Sikri,29,7-Aug-26,
Firozabad,34,7-Aug-26,
Gadag,39,7-Aug-26,
Gajraula,28,7-Aug-26,
Gandhinagar,97,7-Aug-26,
Gaya,30,7-Aug-26,
Ghaziabad,60,7-Aug-26,
Gorakhpur,74,7-Aug-26,
Greater Noida,87,7-Aug-26,
Gummidipoondi,150,7-Aug-26,
Guntur,63,7-Aug-26,
Gurugram,77,7-Aug-26,
Guwahati,39,7-Aug-26,
Gwalior,54,7-Aug-26,
Hajipur,50,7-Aug-26,
Haldia,29,7-Aug-26,
Hanumangarh,63,7-Aug-26,
Hapur,52,7-Aug-26,
Hingoli,187,7-Aug-26,
Hisar,53,7-Aug-26,
Howrah,52,7-Aug-26,
Hyderabad,45,7-Aug-26,
Indore,58,7-Aug-26,
Jabalpur,63,7-Aug-26,
Jaipur,90,7-Aug-26,
Jaisalmer,117,7-Aug-26,
Jalandhar,62,7-Aug-26,
Jalgaon,51,7-Aug-26,
Jalna,52,7-Aug-26,
Jalore,104,7-Aug-26,
Jhalawar,70,7-Aug-26,
Jhansi,44,7-Aug-26,
Jhunjhunu,83,7-Aug-26,
Jind,47,7-Aug-26,
Jodhpur,91,7-Aug-26,
Jorapokhar,59,7-Aug-26,
Kadapa,57,7-Aug-26,
Kaithal,101,7-Aug-26,
Kakinada,45,7-Aug-26,
Kalaburagi,34,7-Aug-26,
Kalyan,73,7-Aug-26,
Kannur,67,7-Aug-26,
Kanpur,55,7-Aug-26,
Karauli,35,7-Aug-26,
Karnal,46,7-Aug-26,
Karwar,52,7-Aug-26,
Katni,57,7-Aug-26,
Keonjhar,38,7-Aug-26,
Khairthal,131,7-Aug-26,
Khanna,70,7-Aug-26,
Khora,80,7-Aug-26,
Kohima,59,7-Aug-26,
Kolhapur,29,7-Aug-26,
Kolkata,49,7-Aug-26,
Korba,28,7-Aug-26,
Kota,73,7-Aug-26,
Kunjemura,26,7-Aug-26,
Kurnool,28,7-Aug-26,
Kurukshetra,47,7-Aug-26,
Latur,38,7-Aug-26,
Lucknow,49,7-Aug-26,
Machilipatnam,61,7-Aug-26,
Madikeri,12,7-Aug-26,
Mahad,58,7-Aug-26,
Maihar,28,7-Aug-26,
Malegaon,67,7-Aug-26,
Mandideep,95,7-Aug-26,
Mandi Gobindgarh,118,7-Aug-26,
Manesar,42,7-Aug-26,
Mathura,39,7-Aug-26,
Meerut,50,7-Aug-26,
Mehsana,78,7-Aug-26,
Milupara,24,7-Aug-26,
Mira-Bhayandar,38,7-Aug-26,
Modinagar,36,7-Aug-26,
Moradabad,34,7-Aug-26,
Motihari,69,7-Aug-26,
Mumbai,42,7-Aug-26,
Munger,64,7-Aug-26,
Muzaffarnagar,34,7-Aug-26,
Muzaffarpur,57,7-Aug-26,
Mysuru,51,7-Aug-26,
Nagaon,54,7-Aug-26,
Nagaur,103,7-Aug-26,
Nagpur,46,7-Aug-26,
Naharlagun,37,7-Aug-26,
Nanded,37,7-Aug-26,
Nandesari,64,7-Aug-26,
Nashik,45,7-Aug-26,
Navi Mumbai,42,7-Aug-26,
Nellore,57,7-Aug-26,
Noida,51,7-Aug-26,
Pali,169,7-Aug-26,
Palwal,95,7-Aug-26,
Pampore,69,7-Aug-26,
Panchgaon,47,7-Aug-26,
Panchkula,35,7-Aug-26,
Panipat,81,7-Aug-26,
Parbhani,33,7-Aug-26,
Patiala,35,7-Aug-26,
Patna,78,7-Aug-26,
Pimpri-Chinchwad,49,7-Aug-26,
Pithampur,119,7-Aug-26,
Pratapgarh,94,7-Aug-26,
Prayagraj,27,7-Aug-26,
Puducherry,35,7-Aug-26,
Pune,59,7-Aug-26,
Purnia,57,7-Aug-26,
Raebareli,72,7-Aug-26,
Raipur,50,7-Aug-26,
Rairangpur,24,7-Aug-26,
Rajamahendravaram,42,7-Aug-26,
Rajkot,77,7-Aug-26,
Rajsamand,103,7-Aug-26,
Ramanagara,45,7-Aug-26,
Ratlam,42,7-Aug-26,
Rishikesh,37,7-Aug-26,
Rohtak,30,7-Aug-26,
Rourkela,40,7-Aug-26,
Sagar,40,7-Aug-26,
Saharsa,42,7-Aug-26,
Samastipur,83,7-Aug-26,
Sangli,36,7-Aug-26,
Satara,66,7-Aug-26,
Satna,71,7-Aug-26,
Sawai Madhopur,68,7-Aug-26,
Shamli,125,7-Aug-26,
Shillong,28,7-Aug-26,
Shivamogga,29,7-Aug-26,
Sikar,95,7-Aug-26,
Silchar,39,7-Aug-26,
Siliguri,125,7-Aug-26,
Singrauli,38,7-Aug-26,
Sirohi,89,7-Aug-26,
Sirsa,89,7-Aug-26,
Siwan,105,7-Aug-26,
Solapur,47,7-Aug-26,
Sonipat,132,7-Aug-26,
Sri Ganganagar,89,7-Aug-26,
Srinagar,55,7-Aug-26,
Surat,61,7-Aug-26,
Tensa,77,7-Aug-26,
Thane,49,7-Aug-26,
Thiruvananthapuram,43,7-Aug-26,
Thoothukudi,67,7-Aug-26,
Thrissur,46,7-Aug-26,
Tirumala,43,7-Aug-26,
Tirupati,61,7-Aug-26,
Tonk,125,7-Aug-26,
Tumakuru,64,7-Aug-26,
Tumidih,36,7-Aug-26,
Udaipur,118,7-Aug-26,
Ujjain,73,7-Aug-26,
Ulhasnagar,49,7-Aug-26,
Vadodara,87,7-Aug-26,
Vapi,46,7-Aug-26,
Varanasi,54,7-Aug-26,
Vatva,113,7-Aug-26,
Vijayawada,70,7-Aug-26,
Virar,37,7-Aug-26,
Visakhapatnam,68,7-Aug-26,
Vrindavan,32,7-Aug-26,
Yadgir,38,7-Aug-26,
Agartala,81,8-Aug-26,PM10
Agra,49,8-Aug-26,"SO2, PM10"
Ahmedabad,83,8-Aug-26,PM10
Ahmednagar,42,8-Aug-26,PM10
Aizawl,15,8-Aug-26,PM10
Akola,42,8-Aug-26,PM10
Alwar,80,8-Aug-26,PM10
Amaravati,85,8-Aug-26,PM10
Ambala,85,8-Aug-26,PM10
Ambernath,89,8-Aug-26,PM10
Amravati,65,8-Aug-26,PM10
Amritsar,58,8-Aug-26,PM10
Anantapur,68,8-Aug-26,PM10
Angul,62,8-Aug-26,O3
Ankleshwar,64,8-Aug-26,PM10
Arrah,51,8-Aug-26,CO
Asansol,55,8-Aug-26,"SO2, CO"
Aurangabad (Maharashtra),51,8-Aug-26,PM10
Baddi,94,8-Aug-26,CO
Badlapur,37,8-Aug-26,CO
Baghpat,50,8-Aug-26,PM10
Bahadurgarh,48,8-Aug-26,PM10
Balasore,42,8-Aug-26,CO
Ballabgarh,36,8-Aug-26,PM10
Banswara,67,8-Aug-26,PM10
Baran,87,8-Aug-26,PM10
Barbil,43,8-Aug-26,PM2.5
Bareilly,56,8-Aug-26,"O3, SO2"
Baripada,47,8-Aug-26,O3
Barmer,88,8-Aug-26,PM10
Barrackpore,41,8-Aug-26,CO
Bathinda,43,8-Aug-26,PM10
Beed,44,8-Aug-26,PM10
Begusarai,83,8-Aug-26,PM10
Belapur,22,8-Aug-26,CO
Belgaum,48,8-Aug-26,NO2
Bengaluru,49,8-Aug-26,PM10
Bettiah,28,8-Aug-26,NO2
Bhagalpur,54,8-Aug-26,"SO2, PM10"
Bharatpur,32,8-Aug-26,O3
Bhavnagar,62,8-Aug-26,PM10
Bhilai,28,8-Aug-26,"PM10, CO"
Bhilwara,122,8-Aug-26,PM10
Bhiwadi,74,8-Aug-26,"PM2.5, PM10"
Bhiwandi,54,8-Aug-26,O3
Bhopal,87,8-Aug-26,PM10
Bhubaneswar,36,8-Aug-26,"CO, O3"
Bikaner,93,8-Aug-26,PM10
Bilaspur,35,8-Aug-26,CO
Boisar,50,8-Aug-26,PM10
Bulandshahr,32,8-Aug-26,O3
Bundi,87,8-Aug-26,PM10
Byrnihat (Assam),106,8-Aug-26,PM2.5
Byrnihat (Meghalaya),158,8-Aug-26,PM2.5
Chamarajanagar,45,8-Aug-26,PM10
Chandigarh,42,8-Aug-26,"CO, PM10"
Chandrapur,76,8-Aug-26,PM10
Charkhi Dadri,55,8-Aug-26,PM2.5
Chennai,79,8-Aug-26,PM10
Chhal,29,8-Aug-26,CO
Chikkaballapur,24,8-Aug-26,SO2
Chikkamagaluru,33,8-Aug-26,PM10
Chittoor,60,8-Aug-26,PM10
Chittorgarh,88,8-Aug-26,PM10
Churu,47,8-Aug-26,O3
Coimbatore,26,8-Aug-26,SO2
Cuttack,59,8-Aug-26,CO
Damoh,51,8-Aug-26,SO2
Dausa,65,8-Aug-26,PM10
Dehradun,42,8-Aug-26,PM10
Delhi,63,8-Aug-26,"PM2.5, NO2"
Dewas,81,8-Aug-26,PM10
Dharuhera,53,8-Aug-26,PM2.5
Dharwad,63,8-Aug-26,PM10
Dholpur,33,8-Aug-26,CO
Dhule,60,8-Aug-26,PM10
Dombivli,35,8-Aug-26,O3
Dungarpur,76,8-Aug-26,PM10
Durgapur,58,8-Aug-26,"NO2, PM10"
Eloor,64,8-Aug-26,PM10
Eluru,52,8-Aug-26,PM2.5
Faridabad,93,8-Aug-26,"PM2.5, PM10"
Fatehabad,48,8-Aug-26,CO
Fatehpur Sikri,29,8-Aug-26,PM10
Firozabad,35,8-Aug-26,PM10
Gadag,105,8-Aug-26,PM10
Gajraula,42,8-Aug-26,PM10
Gandhinagar,92,8-Aug-26,PM10
Gaya,48,8-Aug-26,PM10
Ghaziabad,54,8-Aug-26,"CO, PM10"
Gorakhpur,120,8-Aug-26,PM10
Greater Noida,142,8-Aug-26,O3
Gummidipoondi,126,8-Aug-26,PM2.5
Guntur,49,8-Aug-26,PM10
Gurugram,87,8-Aug-26,"PM2.5, PM10"
Guwahati,32,8-Aug-26,"PM2.5, SO2"
Gwalior,49,8-Aug-26,"CO, O3, NO2"
Hajipur,40,8-Aug-26,O3
Haldia,26,8-Aug-26,O3
Hanumangarh,39,8-Aug-26,CO
Hapur,47,8-Aug-26,CO
Hingoli,319,8-Aug-26,O3
Hisar,32,8-Aug-26,PM10
Howrah,45,8-Aug-26,"CO, NO2"
Hyderabad,46,8-Aug-26,PM10
Indore,58,8-Aug-26,PM10
Jabalpur,57,8-Aug-26,"CO, PM10"
Jaipur,75,8-Aug-26,"CO, PM10"
Jaisalmer,102,8-Aug-26,PM10
Jalandhar,41,8-Aug-26,PM2.5
Jalgaon,43,8-Aug-26,PM10
Jalna,39,8-Aug-26,PM10
Jalore,88,8-Aug-26,PM10
Jhalawar,76,8-Aug-26,PM10
Jhansi,55,8-Aug-26,PM10
Jhunjhunu,63,8-Aug-26,O3
Jind,51,8-Aug-26,PM2.5
Jodhpur,84,8-Aug-26,PM10
Jorapokhar,67,8-Aug-26,PM10
Kaithal,70,8-Aug-26,SO2
Kakinada,66,8-Aug-26,PM10
Kalaburagi,32,8-Aug-26,CO
Kalyan,80,8-Aug-26,"PM10, PM2.5"
Kannur,54,8-Aug-26,PM2.5
Kanpur,64,8-Aug-26,"PM2.5, CO"
Karauli,39,8-Aug-26,NO2
Karnal,48,8-Aug-26,CO
Karwar,59,8-Aug-26,PM10
Katni,74,8-Aug-26,PM10
Khairthal,73,8-Aug-26,PM10
Khanna,70,8-Aug-26,PM10
Khora,76,8-Aug-26,PM2.5
Khurja,53,8-Aug-26,CO
Kishanganj,50,8-Aug-26,PM2.5
Kohima,56,8-Aug-26,SO2
Kolhapur,31,8-Aug-26,PM10
Kolkata,51,8-Aug-26,"O3, PM10, CO"
Korba,26,8-Aug-26,CO
Kota,95,8-Aug-26,PM10
Kunjemura,27,8-Aug-26,PM10
Kurnool,33,8-Aug-26,PM10
Kurukshetra,52,8-Aug-26,PM2.5
Latur,47,8-Aug-26,PM10
Lucknow,72,8-Aug-26,"PM10, PM2.5"
Ludhiana,80,8-Aug-26,PM2.5
Machilipatnam,65,8-Aug-26,PM10
Madikeri,14,8-Aug-26,CO
Mahad,38,8-Aug-26,PM10
Maihar,29,8-Aug-26,CO
Malegaon,57,8-Aug-26,PM10
Mandideep,101,8-Aug-26,PM10
Mandi Gobindgarh,118,8-Aug-26,PM10
Manesar,41,8-Aug-26,NO2
Manguraha,73,8-Aug-26,PM10
Mathura,42,8-Aug-26,PM2.5
Meerut,57,8-Aug-26,"PM2.5, PM10"
Mehsana,72,8-Aug-26,PM10
Milupara,36,8-Aug-26,NO2
Mira-Bhayandar,31,8-Aug-26,PM10
Modinagar,22,8-Aug-26,PM2.5
Moradabad,42,8-Aug-26,"SO2, PM2.5, CO"
Mumbai,43,8-Aug-26,PM10
Munger,45,8-Aug-26,PM2.5
Muzaffarnagar,35,8-Aug-26,PM2.5
Muzaffarpur,39,8-Aug-26,"PM10, O3"
Mysuru,48,8-Aug-26,PM10
Nagaon,62,8-Aug-26,PM2.5
Nagaur,95,8-Aug-26,PM10
Nagpur,54,8-Aug-26,PM10
Naharlagun,28,8-Aug-26,PM10
Nalbari,59,8-Aug-26,PM2.5
Nanded,39,8-Aug-26,PM10
Nandesari,69,8-Aug-26,PM10
Narnaul,59,8-Aug-26,PM10
Nashik,45,8-Aug-26,PM10
Navi Mumbai,39,8-Aug-26,"CO, PM10"
Nellore,56,8-Aug-26,PM10
Noida,55,8-Aug-26,"PM10, CO, PM2.5"
Pali,134,8-Aug-26,PM2.5
Palwal,110,8-Aug-26,CO
Pampore,45,8-Aug-26,PM10
Panchgaon,33,8-Aug-26,CO
Panchkula,35,8-Aug-26,O3
Panipat,119,8-Aug-26,PM10
Parbhani,27,8-Aug-26,NO2
Patiala,44,8-Aug-26,PM10
Patna,66,8-Aug-26,"PM2.5, O3"
Pimpri-Chinchwad,55,8-Aug-26,PM10
Pithampur,128,8-Aug-26,PM10
Pratapgarh,82,8-Aug-26,PM10
Prayagraj,35,8-Aug-26,PM10
Puducherry,43,8-Aug-26,O3
Pune,52,8-Aug-26,PM10
Purnia,56,8-Aug-26,CO
Raebareli,66,8-Aug-26,"CO, PM10"
Raipur,43,8-Aug-26,PM10
Rairangpur,31,8-Aug-26,PM10
Rajamahendravaram,65,8-Aug-26,PM10
Rajkot,72,8-Aug-26,PM10
Rajsamand,91,8-Aug-26,PM10
Ramanagara,48,8-Aug-26,PM10
Ratlam,43,8-Aug-26,PM2.5
Rishikesh,37,8-Aug-26,CO
Rohtak,52,8-Aug-26,CO
Rourkela,48,8-Aug-26,"PM10, CO"
Sagar,36,8-Aug-26,O3
Saharsa,46,8-Aug-26,PM10
Samastipur,104,8-Aug-26,PM2.5
Sangli,42,8-Aug-26,PM10
Satara,58,8-Aug-26,PM10
Satna,70,8-Aug-26,PM10
Sawai Madhopur,78,8-Aug-26,PM10
Shamli,87,8-Aug-26,CO
Shillong,32,8-Aug-26,O3
Shivamogga,39,8-Aug-26,PM10
Sikar,43,8-Aug-26,PM10
Silchar,55,8-Aug-26,PM10
Siliguri,118,8-Aug-26,NO2
Singrauli,39,8-Aug-26,SO2
Sirohi,71,8-Aug-26,PM10
Sirsa,81,8-Aug-26,CO
Siwan,105,8-Aug-26,PM10
Solapur,42,8-Aug-26,"PM10, O3"
Sonipat,103,8-Aug-26,PM10
Sri Ganganagar,83,8-Aug-26,NO2
Srinagar,40,8-Aug-26,PM10
Surat,56,8-Aug-26,PM10
Talcher,87,8-Aug-26,SO2
Tensa,77,8-Aug-26,O3
Thane,41,8-Aug-26,PM10
Thiruvananthapuram,40,8-Aug-26,PM10
Thoothukudi,67,8-Aug-26,PM10
Thrissur,42,8-Aug-26,PM10
Tirumala,43,8-Aug-26,NO2
Tirupati,55,8-Aug-26,PM10
Tonk,109,8-Aug-26,PM10
Udaipur,109,8-Aug-26,PM10
Ujjain,71,8-Aug-26,PM10
Ulhasnagar,42,8-Aug-26,PM10
Vadodara,75,8-Aug-26,PM10
Vapi,44,8-Aug-26,PM10
Varanasi,66,8-Aug-26,"PM2.5, PM10"
Vatva,121,8-Aug-26,PM10
Virar,31,8-Aug-26,PM10
Visakhapatnam,103,8-Aug-26,PM10
Vrindavan,36,8-Aug-26,PM10
Yadgir,43,8-Aug-26,PM10
Yamuna Nagar,87,8-Aug-26,PM10
Agartala,79,9-Aug-26,PM10
Agra,80,9-Aug-26,"PM2.5, PM10"
Ahmedabad,93,9-Aug-26,PM10
Ahmednagar,47,9-Aug-26,PM10
Aizawl,14,9-Aug-26,SO2
Akola,45,9-Aug-26,PM10
Alwar,79,9-Aug-26,PM10
Amaravati,76,9-Aug-26,PM10
Ambala,108,9-Aug-26,PM10
Ambernath,90,9-Aug-26,PM10
Amravati,66,9-Aug-26,PM10
Amritsar,58,9-Aug-26,PM2.5
Anantapur,67,9-Aug-26,PM10
Angul,76,9-Aug-26,O3
Ankleshwar,70,9-Aug-26,PM10
Araria,40,9-Aug-26,O3
Arrah,55,9-Aug-26,CO
Asansol,53,9-Aug-26,"SO2, CO"
Aurangabad (Maharashtra),53,9-Aug-26,PM10
Baddi,106,9-Aug-26,CO
Badlapur,23,9-Aug-26,NO2
Baghpat,79,9-Aug-26,PM10
Bahadurgarh,59,9-Aug-26,PM2.5
Balasore,45,9-Aug-26,CO
Ballabgarh,82,9-Aug-26,PM10
Banswara,64,9-Aug-26,PM10
Baran,54,9-Aug-26,PM10
Barbil,38,9-Aug-26,PM2.5
Bareilly,46,9-Aug-26,"SO2, PM10"
Barmer,81,9-Aug-26,PM10
Barrackpore,39,9-Aug-26,PM10
Bathinda,29,9-Aug-26,NO2
Beed,46,9-Aug-26,PM10
Begusarai,68,9-Aug-26,PM10
Belapur,18,9-Aug-26,NO2
Belgaum,41,9-Aug-26,NO2
Bengaluru,53,9-Aug-26,PM10
Bettiah,26,9-Aug-26,NO2
Bhagalpur,89,9-Aug-26,"PM10, PM2.5"
Bharatpur,42,9-Aug-26,O3
Bhavnagar,64,9-Aug-26,PM10
Bhilai,20,9-Aug-26,"PM10, CO"
Bhilwara,95,9-Aug-26,PM10
Bhiwadi,86,9-Aug-26,"PM2.5, PM10"
Bhiwandi,44,9-Aug-26,PM10
Bhiwani,52,9-Aug-26,PM2.5
Bhopal,80,9-Aug-26,PM10
Bhubaneswar,36,9-Aug-26,O3
Bikaner,65,9-Aug-26,PM10
Bilaspur,22,9-Aug-26,PM2.5
Boisar,55,9-Aug-26,PM10
Brajrajnagar,47,9-Aug-26,CO
Bulandshahr,61,9-Aug-26,PM10
Bundi,61,9-Aug-26,PM10
Byasanagar,39,9-Aug-26,PM2.5
Byrnihat (Assam),90,9-Aug-26,PM2.5
Byrnihat (Meghalaya),89,9-Aug-26,PM2.5
Chamarajanagar,45,9-Aug-26,PM10
Chandigarh,35,9-Aug-26,"PM10, NO2"
Chandrapur,57,9-Aug-26,PM10
Charkhi Dadri,167,9-Aug-26,PM2.5
Chennai,70,9-Aug-26,"PM10, O3"
Chikkaballapur,23,9-Aug-26,PM10
Chikkamagaluru,36,9-Aug-26,PM10
Chittoor,59,9-Aug-26,PM10
Chittorgarh,72,9-Aug-26,PM10
Churu,55,9-Aug-26,O3
Coimbatore,26,9-Aug-26,SO2
Cuttack,46,9-Aug-26,PM10
Damoh,50,9-Aug-26,SO2
Dausa,61,9-Aug-26,PM10
Delhi,87,9-Aug-26,"O3, PM2.5"
Dewas,84,9-Aug-26,PM10
Dharuhera,81,9-Aug-26,PM2.5
Dharwad,63,9-Aug-26,PM10
Dholpur,29,9-Aug-26,CO
Dhule,55,9-Aug-26,PM10
Dombivli,35,9-Aug-26,O3
Dungarpur,114,9-Aug-26,CO
Durgapur,59,9-Aug-26,"NO2, PM10"
Eluru,61,9-Aug-26,O3
Faridabad,98,9-Aug-26,"PM2.5, PM10"
Fatehabad,52,9-Aug-26,CO
Fatehpur Sikri,29,9-Aug-26,O3
Firozabad,35,9-Aug-26,PM10
Gadag,82,9-Aug-26,PM10
Gajraula,50,9-Aug-26,PM10
Gandhinagar,96,9-Aug-26,PM10
Gaya,39,9-Aug-26,"PM10, CO"
Ghaziabad,82,9-Aug-26,"CO, PM10, PM2.5"
Greater Noida,133,9-Aug-26,PM10
Gummidipoondi,120,9-Aug-26,PM2.5
Guntur,86,9-Aug-26,NH3
Gurugram,117,9-Aug-26,PM2.5
Guwahati,38,9-Aug-26,"PM2.5, SO2"
Gwalior,80,9-Aug-26,"PM10, CO, PM2.5"
Hajipur,43,9-Aug-26,O3
Haldia,28,9-Aug-26,PM10
Hanumangarh,53,9-Aug-26,PM10
Hingoli,336,9-Aug-26,O3
Hisar,34,9-Aug-26,PM10
Howrah,47,9-Aug-26,"CO, NO2, O3"
Hubballi,55,9-Aug-26,PM10
Hyderabad,50,9-Aug-26,PM10
Indore,64,9-Aug-26,"PM10, PM2.5"
Jabalpur,50,9-Aug-26,"CO, PM10"
Jaipur,54,9-Aug-26,"CO, O3, PM2.5"
Jaisalmer,114,9-Aug-26,PM10
Jalandhar,59,9-Aug-26,PM2.5
Jalgaon,50,9-Aug-26,PM10
Jalna,58,9-Aug-26,PM10
Jalore,89,9-Aug-26,PM10
Jhalawar,72,9-Aug-26,PM10
Jhansi,71,9-Aug-26,PM10
Jhunjhunu,101,9-Aug-26,O3
Jind,39,9-Aug-26,PM2.5
Jodhpur,80,9-Aug-26,PM10
Jorapokhar,77,9-Aug-26,PM10
Kadapa,70,9-Aug-26,PM2.5
Kaithal,50,9-Aug-26,PM10
Kalaburagi,31,9-Aug-26,CO
Kalyan,50,9-Aug-26,PM2.5
Kannur,53,9-Aug-26,PM2.5
Kanpur,65,9-Aug-26,"PM10, PM2.5"
Karauli,36,9-Aug-26,NO2
Karnal,51,9-Aug-26,CO
Karwar,57,9-Aug-26,PM10
Khairthal,75,9-Aug-26,PM10
Khanna,65,9-Aug-26,PM10
Khora,106,9-Aug-26,PM2.5
Khurja,81,9-Aug-26,PM10
Kishanganj,42,9-Aug-26,PM2.5
Kohima,50,9-Aug-26,SO2
Kolhapur,36,9-Aug-26,PM10
Kolkata,57,9-Aug-26,"O3, PM10"
Korba,31,9-Aug-26,CO
Kota,77,9-Aug-26,PM10
Kunjemura,22,9-Aug-26,CO
Kurukshetra,47,9-Aug-26,PM2.5
Latur,71,9-Aug-26,PM10
Lucknow,61,9-Aug-26,"PM10, PM2.5"
Ludhiana,74,9-Aug-26,PM10
Machilipatnam,59,9-Aug-26,PM10
Madikeri,17,9-Aug-26,PM10
Mahad,56,9-Aug-26,PM10
Maihar,34,9-Aug-26,CO
Malegaon,55,9-Aug-26,PM10
Mandideep,83,9-Aug-26,PM10
Mandi Gobindgarh,119,9-Aug-26,PM10
Mandikhera,98,9-Aug-26,PM10
Manesar,54,9-Aug-26,PM2.5
Mangalore,37,9-Aug-26,O3
Manguraha,70,9-Aug-26,PM10
Mathura,63,9-Aug-26,PM2.5
Meerut,74,9-Aug-26,PM10
Mehsana,71,9-Aug-26,PM10
Milupara,37,9-Aug-26,O3
Mira-Bhayandar,34,9-Aug-26,PM10
Modinagar,24,9-Aug-26,PM2.5
Moradabad,49,9-Aug-26,"O3, PM2.5, SO2"
Mumbai,45,9-Aug-26,PM10
Muzaffarnagar,63,9-Aug-26,PM10
Muzaffarpur,43,9-Aug-26,PM10
Mysuru,57,9-Aug-26,PM10
Nagaur,59,9-Aug-26,PM10
Nagpur,56,9-Aug-26,PM10
Naharlagun,32,9-Aug-26,PM10
Nanded,51,9-Aug-26,PM10
Nandesari,61,9-Aug-26,PM10
Narnaul,67,9-Aug-26,PM10
Nashik,37,9-Aug-26,"PM10, O3"
Navi Mumbai,44,9-Aug-26,PM10
Nellore,56,9-Aug-26,PM10
Noida,83,9-Aug-26,"PM10, PM2.5"
Pali,149,9-Aug-26,PM10
Palwal,103,9-Aug-26,PM10
Pampore,27,9-Aug-26,PM10
Panchgaon,79,9-Aug-26,CO
Panchkula,36,9-Aug-26,O3
Panipat,94,9-Aug-26,PM10
Parbhani,30,9-Aug-26,PM10
Patiala,38,9-Aug-26,PM10
Patna,65,9-Aug-26,"PM10, O3"
Pimpri-Chinchwad,59,9-Aug-26,PM10
Pithampur,132,9-Aug-26,PM10
Pratapgarh,86,9-Aug-26,PM10
Prayagraj,44,9-Aug-26,"PM10, SO2"
Puducherry,42,9-Aug-26,O3
Pune,61,9-Aug-26,PM10
Purnia,55,9-Aug-26,CO
Raebareli,74,9-Aug-26,CO
Raipur,21,9-Aug-26,PM10
Rairangpur,23,9-Aug-26,PM10
Rajamahendravaram,56,9-Aug-26,PM10
Rajkot,76,9-Aug-26,PM10
Rajsamand,93,9-Aug-26,PM10
Ramanagara,44,9-Aug-26,PM10
Ratlam,51,9-Aug-26,PM2.5
Rishikesh,37,9-Aug-26,CO
Rohtak,43,9-Aug-26,PM2.5
Rourkela,43,9-Aug-26,"PM10, CO"
Sagar,40,9-Aug-26,O3
Saharsa,88,9-Aug-26,PM10
Samastipur,39,9-Aug-26,PM2.5
Sangli,52,9-Aug-26,PM10
Satara,63,9-Aug-26,PM10
Satna,70,9-Aug-26,PM10
Sawai Madhopur,60,9-Aug-26,PM10
Shamli,57,9-Aug-26,CO
Shillong,35,9-Aug-26,O3
Shivamogga,53,9-Aug-26,PM10
Sikar,46,9-Aug-26,PM10
Silchar,53,9-Aug-26,PM10
Siliguri,119,9-Aug-26,NO2
Singrauli,71,9-Aug-26,SO2
Sirohi,76,9-Aug-26,PM10
Sirsa,88,9-Aug-26,CO
Siwan,104,9-Aug-26,PM10
Solapur,45,9-Aug-26,PM10
Sonipat,90,9-Aug-26,PM10
Sri Ganganagar,86,9-Aug-26,NO2
Srinagar,30,9-Aug-26,PM10
Surat,57,9-Aug-26,PM10
Tensa,78,9-Aug-26,O3
Thane,48,9-Aug-26,PM10
Thiruvananthapuram,43,9-Aug-26,PM10
Thoothukudi,67,9-Aug-26,PM10
Thrissur,42,9-Aug-26,PM10
Tirumala,40,9-Aug-26,NO2
Tirupati,55,9-Aug-26,PM10
Tonk,88,9-Aug-26,PM10
Tumidih,40,9-Aug-26,NO2
Udaipur,101,9-Aug-26,PM10
Ujjain,88,9-Aug-26,PM2.5
Ulhasnagar,52,9-Aug-26,PM10
Vadodara,79,9-Aug-26,PM10
Vapi,48,9-Aug-26,PM10
Varanasi,56,9-Aug-26,PM10
Vatva,111,9-Aug-26,PM10
Vijayawada,69,9-Aug-26,"PM2.5, PM10"
Visakhapatnam,87,9-Aug-26,PM10
Vrindavan,49,9-Aug-26,PM10
Yadgir,50,9-Aug-26,PM10
Yamuna Nagar,83,9-Aug-26,PM2.5
Agartala,65,10-Aug-26,PM10
Agra,83,10-Aug-26,"PM2.5, PM10, SO2"
Ahmedabad,93,10-Aug-26,PM10
Ahmednagar,41,10-Aug-26,PM10
Aizawl,14,10-Aug-26,SO2
Ajmer,79,10-Aug-26,PM10
Akola,47,10-Aug-26,PM10
Alwar,97,10-Aug-26,"PM10, PM2.5"
Amaravati,79,10-Aug-26,PM10
Ambala,90,10-Aug-26,PM10
Ambernath,86,10-Aug-26,PM10
Amravati,62,10-Aug-26,PM10
Amritsar,64,10-Aug-26,PM2.5
Anantapur,63,10-Aug-26,PM10
Angul,77,10-Aug-26,O3
Ankleshwar,66,10-Aug-26,PM10
Araria,58,10-Aug-26,PM2.5
Arrah,53,10-Aug-26,CO
Asansol,55,10-Aug-26,"SO2, CO, PM10"
Aurangabad (Maharashtra),50,10-Aug-26,PM10
Baddi,102,10-Aug-26,CO
Badlapur,42,10-Aug-26,CO
Bagalkot,51,10-Aug-26,PM10
Baghpat,79,10-Aug-26,PM10
Bahadurgarh,82,10-Aug-26,PM10
Balasore,36,10-Aug-26,CO
Ballabgarh,130,10-Aug-26,PM10
Banswara,62,10-Aug-26,PM10
Baran,39,10-Aug-26,PM10
Barbil,65,10-Aug-26,PM10
Bareilly,47,10-Aug-26,"SO2, PM10"
Baripada,43,10-Aug-26,O3
Barmer,65,10-Aug-26,PM10
Barrackpore,41,10-Aug-26,CO
Bathinda,29,10-Aug-26,NO2
Beed,41,10-Aug-26,PM10
Begusarai,76,10-Aug-26,PM10
Belapur,23,10-Aug-26,CO
Belgaum,41,10-Aug-26,NO2
Bengaluru,54,10-Aug-26,"PM10, PM2.5"
Bettiah,27,10-Aug-26,NO2
Bhagalpur,74,10-Aug-26,"PM10, PM2.5"
Bharatpur,39,10-Aug-26,PM10
Bhavnagar,63,10-Aug-26,PM10
Bhilai,27,10-Aug-26,"PM10, CO"
Bhilwara,97,10-Aug-26,PM10
Bhiwadi,96,10-Aug-26,PM10
Bhiwandi,50,10-Aug-26,PM10
Bhiwani,73,10-Aug-26,PM2.5
Bhopal,58,10-Aug-26,"NO2, PM10"
Bhubaneswar,52,10-Aug-26,CO
Bikaner,61,10-Aug-26,PM10
Bilaspur,38,10-Aug-26,PM2.5
Boisar,51,10-Aug-26,PM10
Brajrajnagar,47,10-Aug-26,CO
Bulandshahr,60,10-Aug-26,PM10
Bundi,64,10-Aug-26,PM10
Byasanagar,46,10-Aug-26,PM2.5
Byrnihat (Assam),82,10-Aug-26,PM2.5
Byrnihat (Meghalaya),87,10-Aug-26,PM2.5
Chamarajanagar,37,10-Aug-26,PM10
Chandigarh,33,10-Aug-26,"NO2, O3"
Chandrapur,73,10-Aug-26,PM10
Charkhi Dadri,171,10-Aug-26,PM2.5
Chennai,66,10-Aug-26,PM10
Chhal,57,10-Aug-26,O3
Chhapra,114,10-Aug-26,PM10
Chikkaballapur,30,10-Aug-26,PM10
Chikkamagaluru,35,10-Aug-26,PM10
Chittoor,61,10-Aug-26,PM10
Chittorgarh,71,10-Aug-26,PM10
Churu,94,10-Aug-26,O3
Coimbatore,27,10-Aug-26,SO2
Cuttack,52,10-Aug-26,PM10
Damoh,49,10-Aug-26,SO2
Dausa,70,10-Aug-26,PM10
Dehradun,17,10-Aug-26,PM10
Delhi,89,10-Aug-26,"PM2.5, PM10"
Dewas,58,10-Aug-26,O3
Dharuhera,95,10-Aug-26,PM2.5
Dharwad,65,10-Aug-26,PM10
Dhule,41,10-Aug-26,PM10
Dombivli,35,10-Aug-26,O3
Dungarpur,81,10-Aug-26,PM10
Durgapur,64,10-Aug-26,"NO2, PM10, CO"
Eluru,56,10-Aug-26,PM10
Faridabad,119,10-Aug-26,"PM2.5, PM10"
Fatehabad,50,10-Aug-26,CO
Fatehpur Sikri,30,10-Aug-26,O3
Firozabad,33,10-Aug-26,PM10
Gajraula,50,10-Aug-26,PM10
Gandhinagar,90,10-Aug-26,PM10
Gaya,61,10-Aug-26,"CO, PM10"
Ghaziabad,95,10-Aug-26,"PM10, CO"
Greater Noida,201,10-Aug-26,O3
Gummidipoondi,97,10-Aug-26,PM2.5
Guntur,66,10-Aug-26,NH3
Gurugram,100,10-Aug-26,"PM2.5, PM10"
Guwahati,40,10-Aug-26,PM2.5
Gwalior,82,10-Aug-26,"PM10, CO"
Hajipur,53,10-Aug-26,PM10
Haldia,36,10-Aug-26,PM10
Hanumangarh,58,10-Aug-26,PM10
Hapur,57,10-Aug-26,PM10
Hingoli,105,10-Aug-26,O3
Hisar,61,10-Aug-26,PM10
Howrah,48,10-Aug-26,"CO, NO2, O3"
Hubballi,66,10-Aug-26,PM10
Hyderabad,47,10-Aug-26,PM10
Indore,51,10-Aug-26,"PM10, PM2.5"
Jabalpur,45,10-Aug-26,"CO, PM10"
Jaipur,69,10-Aug-26,"O3, PM2.5"
Jaisalmer,100,10-Aug-26,PM10
Jalandhar,100,10-Aug-26,PM2.5
Jalgaon,48,10-Aug-26,PM10
Jalna,71,10-Aug-26,PM10
Jalore,76,10-Aug-26,PM10
Jhalawar,47,10-Aug-26,PM10
Jhansi,59,10-Aug-26,PM10
Jind,59,10-Aug-26,PM2.5
Jodhpur,50,10-Aug-26,PM10
Jorapokhar,77,10-Aug-26,PM2.5
Kadapa,62,10-Aug-26,PM2.5
Kaithal,53,10-Aug-26,PM10
Kalaburagi,36,10-Aug-26,PM10
Kalyan,98,10-Aug-26,"PM10, PM2.5"
Kannur,58,10-Aug-26,PM2.5
Kanpur,78,10-Aug-26,"PM10, PM2.5"
Karauli,38,10-Aug-26,NO2
Karnal,50,10-Aug-26,CO
Karwar,38,10-Aug-26,PM10
Katni,36,10-Aug-26,PM10
Khanna,64,10-Aug-26,PM10
Khora,113,10-Aug-26,PM2.5
Kohima,41,10-Aug-26,SO2
Kolhapur,37,10-Aug-26,PM10
Kolkata,52,10-Aug-26,"O3, PM10, CO"
Korba,23,10-Aug-26,"PM10, CO"
Kota,73,10-Aug-26,PM10
Kunjemura,41,10-Aug-26,PM10
Kurukshetra,52,10-Aug-26,PM10
Latur,48,10-Aug-26,PM10
Lucknow,74,10-Aug-26,"PM10, PM2.5"
Ludhiana,75,10-Aug-26,PM10
Machilipatnam,59,10-Aug-26,PM10
Mahad,55,10-Aug-26,PM10
Maihar,32,10-Aug-26,CO
Malegaon,52,10-Aug-26,PM10
Mandideep,72,10-Aug-26,PM10
Mandi Gobindgarh,111,10-Aug-26,PM10
Mandikhera,98,10-Aug-26,PM10
Manesar,113,10-Aug-26,PM2.5
Mangalore,37,10-Aug-26,O3
Manguraha,72,10-Aug-26,PM10
Mathura,72,10-Aug-26,PM10
Meerut,90,10-Aug-26,PM10
Mehsana,72,10-Aug-26,PM10
Milupara,33,10-Aug-26,NO2
Mira-Bhayandar,32,10-Aug-26,PM10
Modinagar,25,10-Aug-26,PM2.5
Moradabad,47,10-Aug-26,"O3, PM2.5, SO2"
Mumbai,41,10-Aug-26,"PM10, CO"
Muzaffarnagar,47,10-Aug-26,PM10
Muzaffarpur,40,10-Aug-26,PM10
Mysuru,53,10-Aug-26,PM10
Nagaur,55,10-Aug-26,PM10
Nagpur,53,10-Aug-26,PM10
Naharlagun,37,10-Aug-26,PM10
Nanded,49,10-Aug-26,PM10
Nandesari,61,10-Aug-26,CO
Narnaul,82,10-Aug-26,PM10
Nashik,43,10-Aug-26,PM10
Navi Mumbai,38,10-Aug-26,PM10
Nellore,65,10-Aug-26,PM10
Noida,93,10-Aug-26,PM10
Pali,128,10-Aug-26,PM2.5
Palwal,113,10-Aug-26,PM10
Panchgaon,89,10-Aug-26,CO
Panchkula,35,10-Aug-26,O3
Parbhani,52,10-Aug-26,PM10
Patiala,35,10-Aug-26,O3
Patna,71,10-Aug-26,"PM2.5, PM10"
Pimpri-Chinchwad,51,10-Aug-26,PM10
Pithampur,106,10-Aug-26,PM10
Pratapgarh,56,10-Aug-26,PM10
Prayagraj,39,10-Aug-26,"PM10, SO2"
Puducherry,44,10-Aug-26,O3
Pune,61,10-Aug-26,PM10
Purnia,58,10-Aug-26,CO
Raebareli,66,10-Aug-26,"PM2.5, PM10"
Raipur,48,10-Aug-26,PM10
Rairangpur,26,10-Aug-26,PM10
Rajamahendravaram,64,10-Aug-26,PM10
Rajkot,78,10-Aug-26,PM10
Rajsamand,91,10-Aug-26,PM10
Ramanagara,41,10-Aug-26,PM10
Ratlam,39,10-Aug-26,PM2.5
Rishikesh,37,10-Aug-26,CO
Rohtak,80,10-Aug-26,PM2.5
Rourkela,44,10-Aug-26,PM10
Sagar,42,10-Aug-26,O3
Saharsa,78,10-Aug-26,PM10
Sangli,43,10-Aug-26,PM10
Satara,63,10-Aug-26,PM10
Satna,70,10-Aug-26,PM10
Sawai Madhopur,82,10-Aug-26,PM10
Shamli,65,10-Aug-26,CO
Shillong,33,10-Aug-26,O3
Shivamogga,52,10-Aug-26,PM10
Sikar,63,10-Aug-26,PM10
Silchar,54,10-Aug-26,PM10
Siliguri,121,10-Aug-26,NO2
Singrauli,46,10-Aug-26,NO2
Sirohi,78,10-Aug-26,PM10
Sirsa,86,10-Aug-26,CO
Solapur,45,10-Aug-26,PM10
Sonipat,124,10-Aug-26,PM10
Sri Ganganagar,83,10-Aug-26,NO2
Srinagar,46,10-Aug-26,PM10
Surat,53,10-Aug-26,PM10
Tensa,77,10-Aug-26,O3
Thane,48,10-Aug-26,PM10
Thiruvananthapuram,55,10-Aug-26,"PM10, CO"
Thoothukudi,65,10-Aug-26,PM10
Thrissur,44,10-Aug-26,PM10
Tirumala,121,10-Aug-26,PM10
Tonk,100,10-Aug-26,CO
Tumakuru,65,10-Aug-26,PM10
Tumidih,54,10-Aug-26,PM10
Udaipur,103,10-Aug-26,PM10
Ujjain,83,10-Aug-26,PM2.5
Ulhasnagar,54,10-Aug-26,PM10
Vadodara,74,10-Aug-26,PM10
Vapi,35,10-Aug-26,PM10
Varanasi,61,10-Aug-26,PM10
Vatva,115,10-Aug-26,PM10
Vijayawada,51,10-Aug-26,PM10
Virar,43,10-Aug-26,PM10
Visakhapatnam,105,10-Aug-26,PM10
Vrindavan,48,10-Aug-26,PM2.5
Yadgir,54,10-Aug-26,PM10
Yamuna Nagar,72,10-Aug-26,PM2.5
Agartala,54,11-Aug-26,PM10
Agra,81,11-Aug-26,"PM2.5, PM10"
Ahmedabad,68,11-Aug-26,PM10
Ahmednagar,43,11-Aug-26,PM10
Ajmer,91,11-Aug-26,PM10
Akola,48,11-Aug-26,PM10
Alwar,100,11-Aug-26,PM10
Amaravati,96,11-Aug-26,PM10
Ambala,96,11-Aug-26,PM10
Ambernath,72,11-Aug-26,PM10
Amravati,51,11-Aug-26,PM10
Amritsar,66,11-Aug-26,PM2.5
Anantapur,75,11-Aug-26,PM10
Angul,82,11-Aug-26,CO
Ankleshwar,75,11-Aug-26,O3
Araria,74,11-Aug-26,PM2.5
Arrah,56,11-Aug-26,CO
Asansol,59,11-Aug-26,"SO2, CO, PM10"
Aurangabad (Maharashtra),66,11-Aug-26,PM10
Baddi,103,11-Aug-26,PM10
Badlapur,22,11-Aug-26,NO2
Bagalkot,51,11-Aug-26,PM10
Baghpat,44,11-Aug-26,PM10
Bahadurgarh,69,11-Aug-26,PM10
Balasore,41,11-Aug-26,CO
Ballabgarh,133,11-Aug-26,PM10
Banswara,61,11-Aug-26,PM10
Barbil,55,11-Aug-26,PM2.5
Bareilly,41,11-Aug-26,"SO2, PM10"
Baripada,57,11-Aug-26,O3
Barmer,74,11-Aug-26,PM10
Barrackpore,46,11-Aug-26,CO
Bathinda,28,11-Aug-26,NO2
Beed,41,11-Aug-26,PM10
Begusarai,116,11-Aug-26,PM10
Belapur,40,11-Aug-26,PM10
Belgaum,24,11-Aug-26,SO2
Bengaluru,61,11-Aug-26,PM10
Bettiah,27,11-Aug-26,NO2
Bhagalpur,113,11-Aug-26,"PM10, PM2.5"
Bharatpur,56,11-Aug-26,PM10
Bhavnagar,62,11-Aug-26,PM10
Bhilai,28,11-Aug-26,"PM10, CO"
Bhilwara,92,11-Aug-26,PM10
Bhiwadi,90,11-Aug-26,PM10
Bhiwandi,43,11-Aug-26,PM10
Bhiwani,67,11-Aug-26,PM2.5
Bhopal,47,11-Aug-26,"NO2, CO, PM10"
Bhubaneswar,35,11-Aug-26,PM10
Bilaspur,29,11-Aug-26,PM10
Bileipada,70,11-Aug-26,PM10
Boisar,62,11-Aug-26,PM10
Brajrajnagar,50,11-Aug-26,CO
Bulandshahr,41,11-Aug-26,PM10
Bundi,57,11-Aug-26,PM10
Byasanagar,48,11-Aug-26,O3
Byrnihat (Assam),83,11-Aug-26,PM2.5
Byrnihat (Meghalaya),134,11-Aug-26,PM2.5
Chamarajanagar,45,11-Aug-26,PM10
Chandigarh,43,11-Aug-26,"CO, PM2.5"
Chandrapur,63,11-Aug-26,PM10
Charkhi Dadri,146,11-Aug-26,PM2.5
Chennai,59,11-Aug-26,PM10
Chhal,78,11-Aug-26,PM10
Chhapra,115,11-Aug-26,PM10
Chikkaballapur,36,11-Aug-26,PM10
Chittoor,71,11-Aug-26,PM2.5
Chittorgarh,52,11-Aug-26,PM10
Churu,55,11-Aug-26,PM10
Coimbatore,45,11-Aug-26,O3
Cuttack,45,11-Aug-26,PM10
Damoh,50,11-Aug-26,SO2
Dausa,71,11-Aug-26,PM10
Davanagere,21,11-Aug-26,PM2.5
Dehradun,43,11-Aug-26,PM2.5
Delhi,78,11-Aug-26,"PM2.5, NO2"
Dewas,58,11-Aug-26,O3
Dharuhera,97,11-Aug-26,PM2.5
Dholpur,98,11-Aug-26,PM10
Dhule,40,11-Aug-26,PM10
Dombivli,33,11-Aug-26,O3
Dungarpur,74,11-Aug-26,PM10
Durgapur,63,11-Aug-26,"NO2, PM10"
Eloor,115,11-Aug-26,CO
Eluru,56,11-Aug-26,PM10
Faridabad,118,11-Aug-26,"PM2.5, PM10"
Fatehabad,47,11-Aug-26,CO
Fatehpur Sikri,30,11-Aug-26,PM10
Firozabad,42,11-Aug-26,"PM10, CO"
Gajraula,44,11-Aug-26,PM2.5
Gandhinagar,75,11-Aug-26,PM10
Gaya,146,11-Aug-26,"PM2.5, PM10"
Ghaziabad,75,11-Aug-26,"CO, PM10"
Gorakhpur,214,11-Aug-26,PM2.5
Greater Noida,84,11-Aug-26,PM10
Gummidipoondi,88,11-Aug-26,PM2.5
Guntur,49,11-Aug-26,PM10
Gurugram,106,11-Aug-26,"PM2.5, PM10"
Guwahati,63,11-Aug-26,"CO, PM10, PM2.5"
Gwalior,82,11-Aug-26,"CO, PM10, O3"
Hajipur,45,11-Aug-26,O3
Haldia,31,11-Aug-26,PM10
Hanumangarh,53,11-Aug-26,PM10
Hapur,40,11-Aug-26,PM10
Hingoli,52,11-Aug-26,PM10
Hisar,50,11-Aug-26,PM10
Howrah,56,11-Aug-26,"NO2, CO"
Hubballi,61,11-Aug-26,PM10
Hyderabad,48,11-Aug-26,PM10
Indore,38,11-Aug-26,"PM10, PM2.5, SO2"
Jabalpur,52,11-Aug-26,"NO2, PM10"
Jaipur,66,11-Aug-26,"PM2.5, PM10"
Jaisalmer,102,11-Aug-26,PM10
Jalandhar,94,11-Aug-26,PM2.5
Jalgaon,48,11-Aug-26,PM10
Jalna,66,11-Aug-26,PM10
Jalore,76,11-Aug-26,PM10
Jhansi,61,11-Aug-26,PM10
Jhunjhunu,52,11-Aug-26,PM10
Jodhpur,67,11-Aug-26,PM10
Jorapokhar,71,11-Aug-26,PM10
Kaithal,99,11-Aug-26,SO2
Kalaburagi,33,11-Aug-26,CO
Kalyan,70,11-Aug-26,PM10
Kannur,73,11-Aug-26,PM2.5
Kanpur,80,11-Aug-26,"PM10, PM2.5"
Karnal,45,11-Aug-26,PM2.5
Karwar,25,11-Aug-26,PM10
Katni,46,11-Aug-26,PM10
Keonjhar,41,11-Aug-26,PM10
Khanna,70,11-Aug-26,PM10
Khora,118,11-Aug-26,PM2.5
Khurja,69,11-Aug-26,PM10
Kishanganj,56,11-Aug-26,PM2.5
Kohima,57,11-Aug-26,SO2
Kolhapur,38,11-Aug-26,PM10
Kolkata,68,11-Aug-26,"O3, PM10"
Korba,26,11-Aug-26,"SO2, PM10"
Kota,67,11-Aug-26,PM10
Kunjemura,55,11-Aug-26,PM10
Kurukshetra,43,11-Aug-26,PM2.5
Latur,42,11-Aug-26,PM10
Leh,183,11-Aug-26,CO
Lucknow,70,11-Aug-26,"PM10, PM2.5"
Ludhiana,67,11-Aug-26,PM10
Machilipatnam,62,11-Aug-26,PM10
Madikeri,29,11-Aug-26,PM10
Mahad,26,11-Aug-26,PM2.5
Malegaon,53,11-Aug-26,PM10
Mandideep,37,11-Aug-26,PM10
Mandi Gobindgarh,91,11-Aug-26,PM10
Mandikhera,71,11-Aug-26,PM10
Manesar,72,11-Aug-26,PM2.5
Mangalore,43,11-Aug-26,PM10
Manguraha,70,11-Aug-26,PM10
Mathura,72,11-Aug-26,PM10
Meerut,56,11-Aug-26,"PM10, PM2.5"
Mehsana,64,11-Aug-26,PM10
Mira-Bhayandar,30,11-Aug-26,PM10
Modinagar,23,11-Aug-26,PM2.5
Moradabad,46,11-Aug-26,"SO2, PM2.5, PM10"
Motihari,140,11-Aug-26,PM2.5
Mumbai,41,11-Aug-26,"PM10, O3"
Munger,57,11-Aug-26,PM2.5
Muzaffarnagar,32,11-Aug-26,PM10
Muzaffarpur,52,11-Aug-26,"PM10, O3"
Mysuru,56,11-Aug-26,PM10
Nagaon,58,11-Aug-26,PM2.5
Nagpur,50,11-Aug-26,PM10
Naharlagun,35,11-Aug-26,PM10
Nanded,49,11-Aug-26,PM10
Nandesari,66,11-Aug-26,CO
Narnaul,77,11-Aug-26,PM10
Nashik,34,11-Aug-26,"PM10, O3"
Navi Mumbai,41,11-Aug-26,"CO, PM10"
Nellore,62,11-Aug-26,PM10
Noida,68,11-Aug-26,"PM10, CO"
Pali,144,11-Aug-26,PM10
Palwal,103,11-Aug-26,PM10
Panchgaon,79,11-Aug-26,CO
Panchkula,33,11-Aug-26,O3
Panipat,82,11-Aug-26,PM10
Parbhani,39,11-Aug-26,NO2
Patiala,39,11-Aug-26,CO
Patna,78,11-Aug-26,"PM2.5, PM10"
Pimpri-Chinchwad,66,11-Aug-26,PM10
Pithampur,85,11-Aug-26,PM10
Pratapgarh,34,11-Aug-26,PM10
Prayagraj,31,11-Aug-26,SO2
Puducherry,47,11-Aug-26,O3
Pune,61,11-Aug-26,PM10
Purnia,59,11-Aug-26,CO
Raebareli,168,11-Aug-26,"PM2.5, PM10"
Raipur,47,11-Aug-26,PM10
Rairangpur,25,11-Aug-26,PM10
Rajamahendravaram,65,11-Aug-26,PM10
Rajkot,70,11-Aug-26,PM10
Rajsamand,79,11-Aug-26,PM10
Ramanagara,43,11-Aug-26,PM10
Ratlam,38,11-Aug-26,PM2.5
Rishikesh,37,11-Aug-26,CO
Rohtak,53,11-Aug-26,PM2.5
Rourkela,48,11-Aug-26,PM10
Rupnagar,54,11-Aug-26,CO
Sagar,29,11-Aug-26,O3
Saharsa,239,11-Aug-26,PM10
Samastipur,154,11-Aug-26,PM2.5
Sangli,28,11-Aug-26,PM10
Satara,61,11-Aug-26,PM10
Satna,70,11-Aug-26,PM10
Sawai Madhopur,55,11-Aug-26,O3
Shamli,126,11-Aug-26,CO
Shillong,24,11-Aug-26,SO2
Shivamogga,46,11-Aug-26,O3
Sikar,87,11-Aug-26,PM10
Silchar,52,11-Aug-26,PM10
Siliguri,117,11-Aug-26,NO2
Singrauli,45,11-Aug-26,NO2
Sirohi,66,11-Aug-26,PM10
Sirsa,92,11-Aug-26,CO
Siwan,105,11-Aug-26,PM10
Solapur,45,11-Aug-26,PM10
Sonipat,113,11-Aug-26,PM10
Sri Ganganagar,106,11-Aug-26,O3
Srinagar,51,11-Aug-26,PM10
Surat,46,11-Aug-26,"CO, PM10"
Talcher,78,11-Aug-26,SO2
Tensa,77,11-Aug-26,O3
Thiruvananthapuram,57,11-Aug-26,PM10
Thoothukudi,65,11-Aug-26,PM10
Thrissur,49,11-Aug-26,PM10
Tirumala,49,11-Aug-26,NO2
Tonk,77,11-Aug-26,PM10
Tumidih,36,11-Aug-26,PM10
Udaipur,86,11-Aug-26,PM10
Ujjain,47,11-Aug-26,PM2.5
Ulhasnagar,28,11-Aug-26,PM10
Vadodara,74,11-Aug-26,CO
Vapi,38,11-Aug-26,PM10
Varanasi,67,11-Aug-26,PM10
Vatva,112,11-Aug-26,PM2.5
Vijayapura,43,11-Aug-26,PM10
Vijayawada,64,11-Aug-26,"PM10, PM2.5"
Virar,33,11-Aug-26,PM10
Visakhapatnam,98,11-Aug-26,PM10
Vrindavan,41,11-Aug-26,PM2.5
Yadgir,42,11-Aug-26,PM10
Yamuna Nagar,83,11-Aug-26,PM2.5
Agartala,61,12-Aug-26,PM10
Agra,83,12-Aug-26,"PM2.5, PM10"
Ahmedabad,84,12-Aug-26,"PM10, PM2.5"
Ahmednagar,32,12-Aug-26,PM10
Aizawl,15,12-Aug-26,SO2
Ajmer,46,12-Aug-26,PM10
Akola,29,12-Aug-26,PM10
Alwar,99,12-Aug-26,PM10
Amaravati,94,12-Aug-26,PM10
Ambala,114,12-Aug-26,PM10
Ambernath,48,12-Aug-26,PM10
Amravati,29,12-Aug-26,PM10
Amritsar,76,12-Aug-26,PM10
Anantapur,73,12-Aug-26,PM10
Angul,102,12-Aug-26,CO
Ankleshwar,61,12-Aug-26,O3
Araria,68,12-Aug-26,PM10
Arrah,56,12-Aug-26,CO
Asansol,70,12-Aug-26,"CO, SO2"
Aurangabad (Maharashtra),38,12-Aug-26,PM10
Baddi,141,12-Aug-26,PM10
Badlapur,45,12-Aug-26,CO
Bagalkot,51,12-Aug-26,PM10
Baghpat,65,12-Aug-26,O3
Bahadurgarh,63,12-Aug-26,PM2.5
Balasore,43,12-Aug-26,CO
Ballabgarh,135,12-Aug-26,PM10
Banswara,69,12-Aug-26,PM10
Baran,42,12-Aug-26,O3
Barbil,70,12-Aug-26,PM2.5
Bareilly,66,12-Aug-26,"PM10, SO2"
Baripada,50,12-Aug-26,O3
Barmer,58,12-Aug-26,PM10
Barrackpore,52,12-Aug-26,CO
Bathinda,40,12-Aug-26,PM10
Beed,27,12-Aug-26,PM10
Begusarai,84,12-Aug-26,PM10
Belapur,39,12-Aug-26,PM10
Bengaluru,67,12-Aug-26,"PM10, PM2.5"
Bettiah,27,12-Aug-26,NO2
Bhagalpur,70,12-Aug-26,"PM10, PM2.5"
Bharatpur,105,12-Aug-26,PM10
Bhavnagar,60,12-Aug-26,PM10
Bhilai,25,12-Aug-26,"PM10, CO"
Bhilwara,41,12-Aug-26,PM2.5
Bhiwadi,114,12-Aug-26,PM2.5
Bhiwandi,41,12-Aug-26,PM10
Bhiwani,65,12-Aug-26,PM2.5
Bhopal,33,12-Aug-26,"CO, O3"
Bhubaneswar,66,12-Aug-26,"PM2.5, PM10"
Bikaner,101,12-Aug-26,PM10
Bilaspur,99,12-Aug-26,PM2.5
Boisar,51,12-Aug-26,PM10
Brajrajnagar,48,12-Aug-26,CO
Bulandshahr,70,12-Aug-26,PM10
Bundi,47,12-Aug-26,PM10
Buxar,168,12-Aug-26,PM2.5
Byasanagar,60,12-Aug-26,PM10
Byrnihat (Assam),82,12-Aug-26,PM2.5
Byrnihat (Meghalaya),161,12-Aug-26,PM2.5
Chamarajanagar,42,12-Aug-26,PM10
Chandigarh,36,12-Aug-26,"CO, PM10, NO2"
Chandrapur,34,12-Aug-26,"CO, PM10"
Charkhi Dadri,231,12-Aug-26,PM2.5
Chennai,62,12-Aug-26,PM10
Chhal,35,12-Aug-26,PM2.5
Chhapra,114,12-Aug-26,PM10
Chikkaballapur,49,12-Aug-26,PM10
Chittoor,75,12-Aug-26,PM2.5
Chittorgarh,33,12-Aug-26,PM10
Churu,59,12-Aug-26,PM10
Coimbatore,26,12-Aug-26,SO2
Cuddalore,23,12-Aug-26,PM2.5
Cuttack,64,12-Aug-26,PM10
Damoh,50,12-Aug-26,SO2
Dausa,59,12-Aug-26,PM10
Davanagere,22,12-Aug-26,CO
Dehradun,25,12-Aug-26,PM10
Delhi,92,12-Aug-26,"PM10, PM2.5, O3"
Dewas,60,12-Aug-26,O3
Dharuhera,126,12-Aug-26,PM2.5
Dhule,29,12-Aug-26,PM10
Dombivli,34,12-Aug-26,O3
Dungarpur,64,12-Aug-26,PM10
Durgapur,77,12-Aug-26,"NO2, PM10"
Eloor,125,12-Aug-26,CO
Eluru,63,12-Aug-26,PM10
Faridabad,88,12-Aug-26,PM10
Fatehabad,46,12-Aug-26,CO
Fatehpur Sikri,29,12-Aug-26,PM10
Firozabad,40,12-Aug-26,"PM10, CO"
Gadag,88,12-Aug-26,PM10
Gajraula,47,12-Aug-26,PM10
Gandhinagar,73,12-Aug-26,PM10
Gangtok,21,12-Aug-26,PM2.5
Gaya,117,12-Aug-26,PM2.5
Ghaziabad,79,12-Aug-26,"CO, O3, PM10"
Greater Noida,148,12-Aug-26,PM10
Gummidipoondi,129,12-Aug-26,PM2.5
Guntur,58,12-Aug-26,PM10
Gurugram,165,12-Aug-26,PM2.5
Guwahati,54,12-Aug-26,"CO, PM10, O3"
Gwalior,69,12-Aug-26,"PM10, PM2.5"
Hajipur,60,12-Aug-26,O3
Haldia,37,12-Aug-26,PM10
Hanumangarh,44,12-Aug-26,PM10
Hapur,96,12-Aug-26,PM10
Hisar,64,12-Aug-26,PM10
Howrah,62,12-Aug-26,"NO2, CO, PM10"
Hubballi,62,12-Aug-26,PM10
Hyderabad,44,12-Aug-26,PM10
Indore,39,12-Aug-26,"PM10, SO2, CO"
Jabalpur,56,12-Aug-26,"NO2, CO, PM10"
Jaipur,67,12-Aug-26,PM2.5
Jaisalmer,100,12-Aug-26,PM10
Jalandhar,56,12-Aug-26,PM2.5
Jalgaon,37,12-Aug-26,CO
Jalna,46,12-Aug-26,O3
Jalore,71,12-Aug-26,PM10
Jhansi,51,12-Aug-26,PM10
Jhunjhunu,50,12-Aug-26,O3
Jind,69,12-Aug-26,PM2.5
Jodhpur,57,12-Aug-26,PM10
Jorapokhar,59,12-Aug-26,PM2.5
Kaithal,100,12-Aug-26,SO2
Kalaburagi,31,12-Aug-26,CO
Kalyan,51,12-Aug-26,"PM2.5, PM10"
Kannur,73,12-Aug-26,PM2.5
Kanpur,64,12-Aug-26,"PM10, PM2.5"
Karauli,33,12-Aug-26,PM10
Karnal,61,12-Aug-26,PM10
Karwar,18,12-Aug-26,PM10
Katni,50,12-Aug-26,PM10
Keonjhar,60,12-Aug-26,PM10
Khanna,69,12-Aug-26,PM10
Khora,130,12-Aug-26,PM2.5
Khurja,73,12-Aug-26,PM10
Kishanganj,47,12-Aug-26,PM2.5
Kohima,58,12-Aug-26,SO2
Kolhapur,30,12-Aug-26,"NO2, PM10"
Kolkata,58,12-Aug-26,"PM10, CO"
Korba,31,12-Aug-26,"PM10, SO2"
Kota,43,12-Aug-26,"PM2.5, PM10"
Kunjemura,28,12-Aug-26,PM10
Kurukshetra,49,12-Aug-26,PM2.5
Latur,40,12-Aug-26,PM10
Leh,183,12-Aug-26,CO
Lucknow,66,12-Aug-26,"PM10, PM2.5"
Ludhiana,67,12-Aug-26,PM10
Machilipatnam,60,12-Aug-26,PM10
Madikeri,27,12-Aug-26,PM10
Mahad,30,12-Aug-26,PM2.5
Maihar,34,12-Aug-26,CO
Malegaon,43,12-Aug-26,PM10
Mandideep,35,12-Aug-26,PM10
Mandi Gobindgarh,102,12-Aug-26,PM10
Mandikhera,69,12-Aug-26,PM10
Manesar,92,12-Aug-26,PM2.5
Mangalore,48,12-Aug-26,PM10
Manguraha,79,12-Aug-26,PM10
Mathura,76,12-Aug-26,PM10
Meerut,51,12-Aug-26,"PM10, PM2.5, CO"
Mehsana,65,12-Aug-26,PM10
Mira-Bhayandar,27,12-Aug-26,PM2.5
Modinagar,20,12-Aug-26,PM10
Moradabad,44,12-Aug-26,"PM10, PM2.5"
Mumbai,34,12-Aug-26,PM10
Munger,66,12-Aug-26,PM2.5
Muzaffarnagar,33,12-Aug-26,O3
Muzaffarpur,47,12-Aug-26,"PM10, O3"
Mysuru,58,12-Aug-26,PM10
Nagaon,62,12-Aug-26,PM2.5
Nagaur,45,12-Aug-26,PM10
Nagpur,41,12-Aug-26,"PM10, CO"
Naharlagun,37,12-Aug-26,PM10
Nanded,38,12-Aug-26,PM10
Nandesari,52,12-Aug-26,PM10
Narnaul,93,12-Aug-26,PM10
Nashik,37,12-Aug-26,"PM10, O3"
Navi Mumbai,38,12-Aug-26,CO
Nellore,60,12-Aug-26,PM10
Noida,101,12-Aug-26,"O3, PM10"
Pali,78,12-Aug-26,PM10
Palwal,101,12-Aug-26,PM10
Panchgaon,82,12-Aug-26,CO
Panchkula,39,12-Aug-26,O3
Panipat,85,12-Aug-26,PM10
Parbhani,39,12-Aug-26,NO2
Patiala,43,12-Aug-26,CO
Patna,76,12-Aug-26,PM10
Pimpri-Chinchwad,39,12-Aug-26,"CO, PM10"
Pithampur,74,12-Aug-26,PM10
Prayagraj,47,12-Aug-26,"PM10, O3"
Puducherry,51,12-Aug-26,O3
Pune,63,12-Aug-26,CO
Purnia,58,12-Aug-26,CO
Raebareli,91,12-Aug-26,PM2.5
Raipur,40,12-Aug-26,PM10
Rairangpur,30,12-Aug-26,PM10
Rajamahendravaram,48,12-Aug-26,PM10
Rajkot,63,12-Aug-26,PM10
Rajsamand,38,12-Aug-26,PM10
Ramanagara,39,12-Aug-26,PM10
Ratlam,44,12-Aug-26,PM10
Rishikesh,37,12-Aug-26,CO
Rohtak,57,12-Aug-26,PM10
Rourkela,49,12-Aug-26,"PM10, PM2.5"
Rupnagar,54,12-Aug-26,CO
Sagar,35,12-Aug-26,O3
Saharsa,57,12-Aug-26,PM10
Samastipur,154,12-Aug-26,PM2.5
Satara,38,12-Aug-26,PM10
Satna,70,12-Aug-26,PM10
Sawai Madhopur,58,12-Aug-26,O3
Shamli,85,12-Aug-26,CO
Shillong,25,12-Aug-26,O3
Shivamogga,46,12-Aug-26,O3
Sikar,78,12-Aug-26,PM10
Silchar,56,12-Aug-26,PM10
Siliguri,119,12-Aug-26,NO2
Sirohi,56,12-Aug-26,PM10
Sivasagar,50,12-Aug-26,O3
Siwan,104,12-Aug-26,PM10
Solapur,45,12-Aug-26,"O3, PM10"
Sonipat,115,12-Aug-26,PM10
Sri Ganganagar,147,12-Aug-26,PM10
Srinagar,49,12-Aug-26,PM10
Surat,48,12-Aug-26,PM10
Talcher,78,12-Aug-26,SO2
Tensa,60,12-Aug-26,O3
Thane,27,12-Aug-26,"CO, O3"
Thiruvananthapuram,54,12-Aug-26,PM10
Thoothukudi,66,12-Aug-26,PM10
Thrissur,52,12-Aug-26,PM10
Tirumala,42,12-Aug-26,NO2
Tirupati,76,12-Aug-26,PM2.5
Tonk,60,12-Aug-26,CO
Tumidih,49,12-Aug-26,PM10
Udaipur,44,12-Aug-26,PM2.5
Ujjain,44,12-Aug-26,O3
Ulhasnagar,21,12-Aug-26,PM10
Vadodara,73,12-Aug-26,CO
Vapi,40,12-Aug-26,PM10
Varanasi,68,12-Aug-26,PM10
Vatva,114,12-Aug-26,PM10
Vijayapura,43,12-Aug-26,PM10
Vijayawada,57,12-Aug-26,"PM10, PM2.5"
Virar,24,12-Aug-26,PM10
Visakhapatnam,110,12-Aug-26,PM10
Vrindavan,42,12-Aug-26,PM2.5
Yadgir,30,12-Aug-26,PM10
Yamuna Nagar,74,12-Aug-26,PM2.5
Agartala,27,13-Aug-26,PM2.5
Agra,70,13-Aug-26,"PM2.5, PM10"
Ahmedabad,68,13-Aug-26,PM10
Ahmednagar,43,13-Aug-26,PM10
Aizawl,14,13-Aug-26,SO2
Ajmer,42,13-Aug-26,PM10
Akola,35,13-Aug-26,PM10
Alwar,96,13-Aug-26,PM10
Amaravati,66,13-Aug-26,PM10
Ambala,142,13-Aug-26,PM10
Ambernath,71,13-Aug-26,PM10
Amravati,37,13-Aug-26,PM10
Amritsar,71,13-Aug-26,PM10
Anantapur,62,13-Aug-26,PM10
Angul,103,13-Aug-26,CO
Ankleshwar,55,13-Aug-26,PM10
Araria,49,13-Aug-26,O3
Arrah,52,13-Aug-26,CO
Asansol,52,13-Aug-26,"SO2, PM10"
Aurangabad (Maharashtra),46,13-Aug-26,"CO, PM10"
Baddi,138,13-Aug-26,PM10
Badlapur,41,13-Aug-26,CO
Baghpat,154,13-Aug-26,PM10
Bahadurgarh,67,13-Aug-26,PM10
Balasore,43,13-Aug-26,CO
Ballabgarh,145,13-Aug-26,PM10
Banswara,51,13-Aug-26,PM10
Baran,28,13-Aug-26,O3
Bareilly,75,13-Aug-26,"O3, SO2"
Barmer,47,13-Aug-26,PM10
Barrackpore,48,13-Aug-26,CO
Bathinda,52,13-Aug-26,PM10
Beed,34,13-Aug-26,PM10
Begusarai,104,13-Aug-26,PM10
Belapur,47,13-Aug-26,PM10
Belgaum,38,13-Aug-26,NO2
Bengaluru,61,13-Aug-26,"PM10, PM2.5"
Bettiah,29,13-Aug-26,NO2
Bhagalpur,139,13-Aug-26,"PM2.5, PM10"
Bharatpur,44,13-Aug-26,O3
Bhavnagar,60,13-Aug-26,CO
Bhilai,21,13-Aug-26,"PM10, CO"
Bhilwara,63,13-Aug-26,PM10
Bhiwadi,79,13-Aug-26,PM10
Bhiwandi,44,13-Aug-26,PM10
Bhiwani,35,13-Aug-26,PM2.5
Bhopal,43,13-Aug-26,PM10
Bhubaneswar,55,13-Aug-26,"PM2.5, PM10"
Bikaner,38,13-Aug-26,O3
Bilaspur,57,13-Aug-26,PM10
Bileipada,68,13-Aug-26,PM10
Boisar,53,13-Aug-26,PM10
Brajrajnagar,47,13-Aug-26,PM10
Bulandshahr,98,13-Aug-26,PM10
Bundi,47,13-Aug-26,PM10
Byasanagar,54,13-Aug-26,PM10
Byrnihat (Assam),96,13-Aug-26,PM2.5
Byrnihat (Meghalaya),153,13-Aug-26,PM2.5
Chamarajanagar,43,13-Aug-26,PM10
Chandigarh,46,13-Aug-26,"PM10, NO2"
Chandrapur,41,13-Aug-26,PM10
Charkhi Dadri,99,13-Aug-26,PM2.5
Chennai,75,13-Aug-26,PM10
Chhal,45,13-Aug-26,PM10
Chhapra,115,13-Aug-26,PM10
Chikkaballapur,46,13-Aug-26,PM10
Chittorgarh,44,13-Aug-26,PM10
Churu,45,13-Aug-26,O3
Coimbatore,28,13-Aug-26,SO2
Cuddalore,24,13-Aug-26,PM2.5
Cuttack,41,13-Aug-26,PM10
Damoh,50,13-Aug-26,SO2
Dausa,63,13-Aug-26,PM10
Davanagere,22,13-Aug-26,CO
Delhi,105,13-Aug-26,"PM10, PM2.5"
Dewas,61,13-Aug-26,PM10
Dharuhera,87,13-Aug-26,PM2.5
Dholpur,34,13-Aug-26,CO
Dhule,29,13-Aug-26,PM10
Dombivli,33,13-Aug-26,O3
Dungarpur,49,13-Aug-26,PM10
Durgapur,55,13-Aug-26,"NO2, PM10, O3"
Eluru,52,13-Aug-26,PM10
Faridabad,131,13-Aug-26,"PM2.5, PM10"
Fatehabad,47,13-Aug-26,CO
Firozabad,30,13-Aug-26,"PM10, SO2"
Gadag,86,13-Aug-26,PM10
Gajraula,96,13-Aug-26,PM10
Gandhinagar,45,13-Aug-26,"PM10, PM2.5"
Gangtok,25,13-Aug-26,PM2.5
Gaya,63,13-Aug-26,"PM2.5, PM10"
Ghaziabad,118,13-Aug-26,"PM10, CO"
Gorakhpur,147,13-Aug-26,PM2.5
Greater Noida,157,13-Aug-26,PM10
Gummidipoondi,166,13-Aug-26,PM2.5
Guntur,64,13-Aug-26,PM10
Gurugram,131,13-Aug-26,PM2.5
Guwahati,59,13-Aug-26,"CO, PM10, PM2.5"
Gwalior,76,13-Aug-26,"PM2.5, O3, NO2"
Hajipur,48,13-Aug-26,O3
Haldia,31,13-Aug-26,PM2.5
Hanumangarh,39,13-Aug-26,PM10
Hapur,106,13-Aug-26,PM10
Hingoli,47,13-Aug-26,PM10
Hisar,66,13-Aug-26,PM10
Howrah,52,13-Aug-26,"NO2, CO"
Hubballi,53,13-Aug-26,PM10
Hyderabad,45,13-Aug-26,PM10
Indore,40,13-Aug-26,"PM10, SO2"
Jabalpur,45,13-Aug-26,"PM10, CO"
Jaipur,63,13-Aug-26,"CO, O3, PM2.5"
Jaisalmer,88,13-Aug-26,PM10
Jalandhar,73,13-Aug-26,PM2.5
Jalgaon,32,13-Aug-26,PM10
Jalore,65,13-Aug-26,PM10
Jhalawar,36,13-Aug-26,PM10
Jhansi,47,13-Aug-26,PM10
Jhunjhunu,63,13-Aug-26,O3
Jind,83,13-Aug-26,PM2.5
Jodhpur,45,13-Aug-26,"O3, PM10"
Jorapokhar,105,13-Aug-26,PM10
Kadapa,67,13-Aug-26,PM2.5
Kaithal,51,13-Aug-26,PM10
Kakinada,41,13-Aug-26,NO2
Kalaburagi,37,13-Aug-26,PM10
Kalyan,64,13-Aug-26,"PM10, PM2.5"
Kannur,73,13-Aug-26,PM2.5
Kanpur,79,13-Aug-26,"PM2.5, PM10"
Karauli,44,13-Aug-26,NO2
Karnal,83,13-Aug-26,PM10
Katni,53,13-Aug-26,PM10
Keonjhar,49,13-Aug-26,PM10
Khanna,66,13-Aug-26,PM10
Khurja,61,13-Aug-26,CO
Kishanganj,43,13-Aug-26,PM2.5
Kohima,57,13-Aug-26,SO2
Kolhapur,37,13-Aug-26,"PM10, NO2"
Kolkata,50,13-Aug-26,"PM10, CO"
Korba,33,13-Aug-26,PM10
Kota,34,13-Aug-26,PM10
Kunjemura,75,13-Aug-26,PM10
Kurnool,35,13-Aug-26,PM10
Kurukshetra,64,13-Aug-26,PM10
Latur,39,13-Aug-26,PM10
Leh,184,13-Aug-26,CO
Lucknow,76,13-Aug-26,"PM10, PM2.5"
Ludhiana,80,13-Aug-26,PM10
Machilipatnam,55,13-Aug-26,PM10
Mahad,37,13-Aug-26,PM10
Malegaon,44,13-Aug-26,PM10
Mandideep,52,13-Aug-26,PM2.5
Mandi Gobindgarh,93,13-Aug-26,PM10
Mandikhera,70,13-Aug-26,PM10
Manesar,99,13-Aug-26,PM2.5
Mangalore,37,13-Aug-26,PM10
Manguraha,80,13-Aug-26,PM10
Mathura,60,13-Aug-26,PM2.5
Meerut,115,13-Aug-26,"PM2.5, PM10"
Mehsana,61,13-Aug-26,PM10
Milupara,36,13-Aug-26,PM2.5
Mira-Bhayandar,32,13-Aug-26,PM10
Modinagar,190,13-Aug-26,PM10
Moradabad,57,13-Aug-26,"PM10, PM2.5"
Motihari,63,13-Aug-26,PM2.5
Mumbai,41,13-Aug-26,PM10
Muzaffarnagar,77,13-Aug-26,PM10
Muzaffarpur,56,13-Aug-26,O3
Mysuru,50,13-Aug-26,PM10
Nagaon,49,13-Aug-26,PM2.5
Nagaur,34,13-Aug-26,PM10
Nagpur,36,13-Aug-26,PM10
Naharlagun,31,13-Aug-26,PM10
Nanded,37,13-Aug-26,O3
Nandesari,89,13-Aug-26,PM2.5
Narnaul,73,13-Aug-26,PM10
Nashik,34,13-Aug-26,"PM2.5, PM10"
Navi Mumbai,38,13-Aug-26,"CO, PM10"
Nellore,64,13-Aug-26,PM10
Noida,119,13-Aug-26,"PM10, O3"
Pali,96,13-Aug-26,PM2.5
Palwal,100,13-Aug-26,PM10
Panchgaon,68,13-Aug-26,CO
Panchkula,62,13-Aug-26,PM2.5
Parbhani,29,13-Aug-26,NO2
Patiala,52,13-Aug-26,PM10
Patna,87,13-Aug-26,"PM2.5, PM10"
Pimpri-Chinchwad,46,13-Aug-26,"PM10, CO"
Pithampur,85,13-Aug-26,PM10
Pratapgarh,36,13-Aug-26,O3
Prayagraj,89,13-Aug-26,"PM10, PM2.5"
Puducherry,43,13-Aug-26,PM10
Pune,60,13-Aug-26,"CO, PM10"
Purnia,59,13-Aug-26,CO
Raebareli,86,13-Aug-26,"PM2.5, PM10"
Raipur,37,13-Aug-26,"PM10, O3"
Rairangpur,37,13-Aug-26,PM10
Rajamahendravaram,29,13-Aug-26,PM10
Rajkot,41,13-Aug-26,CO
Rajsamand,45,13-Aug-26,PM10
Ramanagara,46,13-Aug-26,PM10
Ratlam,55,13-Aug-26,NO2
Rishikesh,37,13-Aug-26,CO
Rohtak,56,13-Aug-26,PM10
Rourkela,44,13-Aug-26,PM10
Rupnagar,57,13-Aug-26,CO
Sagar,38,13-Aug-26,O3
Samastipur,140,13-Aug-26,PM2.5
Satara,58,13-Aug-26,PM10
Satna,70,13-Aug-26,PM10
Sawai Madhopur,60,13-Aug-26,O3
Shamli,93,13-Aug-26,CO
Shillong,23,13-Aug-26,SO2
Shivamogga,45,13-Aug-26,PM10
Sikar,45,13-Aug-26,PM10
Silchar,49,13-Aug-26,PM10
Siliguri,120,13-Aug-26,NO2
Sirohi,47,13-Aug-26,PM10
Sirsa,88,13-Aug-26,CO
Sivasagar,43,13-Aug-26,O3
Siwan,105,13-Aug-26,PM10
Solapur,34,13-Aug-26,PM10
Sonipat,106,13-Aug-26,PM10
Sri Ganganagar,74,13-Aug-26,PM10
Srikakulam,80,13-Aug-26,CO
Srinagar,42,13-Aug-26,PM10
Surat,46,13-Aug-26,"PM10, CO"
Talcher,78,13-Aug-26,NO2
Tensa,46,13-Aug-26,PM10
Thane,35,13-Aug-26,PM10
Thiruvananthapuram,58,13-Aug-26,PM10
Thoothukudi,66,13-Aug-26,PM10
Thrissur,51,13-Aug-26,PM10
Tirumala,45,13-Aug-26,NO2
Tirupati,79,13-Aug-26,PM10
Tonk,83,13-Aug-26,CO
Udaipur,44,13-Aug-26,PM10
Ulhasnagar,39,13-Aug-26,PM10
Vadodara,75,13-Aug-26,CO
Vapi,33,13-Aug-26,PM10
Varanasi,78,13-Aug-26,PM10
Vatva,107,13-Aug-26,PM10
Vijayapura,43,13-Aug-26,PM10
Vijayawada,60,13-Aug-26,"PM2.5, PM10"
Virar,30,13-Aug-26,PM10
Visakhapatnam,94,13-Aug-26,PM10
Vrindavan,41,13-Aug-26,PM2.5
Yamuna Nagar,96,13-Aug-26,PM2.5
